Região Administrativa;Região de Governo;Município;Núcleo Regional;Unidades do CEETEPS;Código;Tipo de Ensino;Eixo Tecnológico/Educação Básica;Área Profissional;Curso/Habilitação;Período;Inscritos;Vagas;Demanda
Araçatuba;Andradina;Andradina;Bauru/Araçatuba;Etec Sebastiana Augusta de Moraes;028;Técnico;Recursos Naturais;Agropecuária;Agronegócio;Noite;68;40;1,70;
Araçatuba;Andradina;Andradina;Bauru/Araçatuba;Etec Sebastiana Augusta de Moraes;028;Integrado;Recursos Naturais;Agropecuária;Agropecuária (Alternância) - MTec-PI ;Manhã e Tarde;50;40;1,25;
Araçatuba;Andradina;Andradina;Bauru/Araçatuba;Etec Sebastiana Augusta de Moraes;028;Integrado;Recursos Naturais;Agropecuária;Agropecuária - MTec-PI;Manhã e Tarde;63;40;1,57;
Araçatuba;Andradina;Andradina;Bauru/Araçatuba;Etec Sebastiana Augusta de Moraes (EE Alice Marques da Silva Rocha);028.01 - Ext/Etec;Técnico;Gestão e Negócios;Gestão;Administração;Noite;44;40;1,10;
Araçatuba;Andradina;Andradina;Bauru/Araçatuba;Etec Sebastiana Augusta de Moraes (EE Alice Marques da Silva Rocha);028.01 - Ext/Etec;Técnico;Gestão e Negócios;Gestão;Serviços Jurídicos;Noite;40;40;1,00;
Araçatuba;Andradina;Andradina;Bauru/Araçatuba;Etec Sebastiana Augusta de Moraes (EM Fundação Educacional de Andradina - Andradina);028.5 - Cd_Cps;Integrado;Gestão e Negócios;Gestão;Administração - MTec-N;Noite;52;40;1,30;
Araçatuba;Andradina;Ilha Solteira;Bauru/Araçatuba;Etec de Ilha Solteira;065;Médio;Educação Básica;Educação Básica - Ensino Médio;Ensino Médio com Itinerário Formativo de Ciências da Natureza e suas Tecnologias;Manhã;111;40;2,77;
Araçatuba;Andradina;Ilha Solteira;Bauru/Araçatuba;Etec de Ilha Solteira;065;Técnico;Informação e Comunicação;Informática;Desenvolvimento de Sistemas;Noite;68;40;1,70;
Araçatuba;Andradina;Ilha Solteira;Bauru/Araçatuba;Etec de Ilha Solteira;065;Técnico;Ambiente e Saúde;Saúde;Enfermagem;Noite;80;40;2,00;
Araçatuba;Andradina;Ilha Solteira;Bauru/Araçatuba;Etec de Ilha Solteira;065;Técnico;Controle e Processos Industriais;Indústria;Mecânica;Noite;113;40;2,82;
Araçatuba;Andradina;Ilha Solteira;Bauru/Araçatuba;Etec de Ilha Solteira;065;Técnico;Ambiente e Saúde;Meio Ambiente;Meio Ambiente;Noite;49;40;1,22;
Araçatuba;Andradina;Ilha Solteira;Bauru/Araçatuba;Etec de Ilha Solteira;065;Técnico;Segurança;Saúde;Segurança do Trabalho;Noite;99;40;2,47;
Araçatuba;Andradina;Ilha Solteira;Bauru/Araçatuba;Etec de Ilha Solteira;065;Integrado;Informação e Comunicação;Informática;Desenvolvimento de Sistemas - MTec-PI ;Manhã e Tarde;106;40;2,65;
Araçatuba;Andradina;Ilha Solteira;Bauru/Araçatuba;Etec de Ilha Solteira;065;Integrado;Controle e Processos Industriais;Indústria;Eletrotécnica - MTec;Manhã;149;40;3,72;
Araçatuba;Andradina;Ilha Solteira;Bauru/Araçatuba;Etec de Ilha Solteira (EE Urubupungá);065.02 - Ext/Etec;Técnico;Gestão e Negócios;Gestão;Administração;Noite;60;40;1,50;
Araçatuba;Andradina;Mirandópolis;Bauru/Araçatuba;Etec Sebastiana Augusta de Moraes (EE Dona Noemia Dias Perotti);028.02 - Ext/Etec;Técnico;Informação e Comunicação;Informática;Desenvolvimento de Sistemas;Noite;40;40;1,00;
Araçatuba;Andradina;Mirandópolis;Bauru/Araçatuba;Etec Sebastiana Augusta de Moraes (EE Dona Noemia Dias Perotti);028.02 - Ext/Etec;Técnico;Gestão e Negócios;Gestão;Logística;Noite;43;40;1,07;
Araçatuba;Araçatuba;Araçatuba;Bauru/Araçatuba;Etec de Araçatuba;165;Médio;Educação Básica;Educação Básica - Ensino Médio;Ensino Médio com Itinerário Formativo de Ciências da Natureza e suas Tecnologias;Manhã;252;40;6,30;
Araçatuba;Araçatuba;Araçatuba;Bauru/Araçatuba;Etec de Araçatuba;165;Médio;Educação Básica;Educação Básica - Ensino Médio;Ensino Médio com Itinerário Formativo de Matemática e suas Tecnologias;Manhã;137;40;3,42;
Araçatuba;Araçatuba;Araçatuba;Bauru/Araçatuba;Etec de Araçatuba;165;Técnico;Produção Industrial;Química;Química (MNP);Noite;60;40;1,50;
Araçatuba;Araçatuba;Araçatuba;Bauru/Araçatuba;Etec de Araçatuba;165;Integrado;Gestão e Negócios;Gestão;Administração - MTec-N;Noite;77;40;1,92;
Araçatuba;Araçatuba;Araçatuba;Bauru/Araçatuba;Etec de Araçatuba (EE Manoel Bento da Cruz);165.01 - Ext/Etec;Técnico;Gestão e Negócios;Gestão;Contabilidade;Noite;53;40;1,32;
Araçatuba;Araçatuba;Araçatuba;Bauru/Araçatuba;Etec de Araçatuba (EE Manoel Bento da Cruz);165.01 - Ext/Etec;Técnico;Informação e Comunicação;Informática;Manutenção e Suporte em Informática (MNP);Noite;57;40;1,42;
Araçatuba;Araçatuba;Araçatuba;Bauru/Araçatuba;Etec de Araçatuba / Faculdade de Tecnologia Professor Fernando Amaral de Almeida Prado;165/177 - Etec/Fatec;Integrado;Informação e Comunicação;Informática;Desenvolvimento de Sistemas - MTec-AMS;Tarde;137;40;3,42;
Araçatuba;Araçatuba;Auriflama;Bauru/Araçatuba;Etec de Araçatuba (EMEF Dona Conceição de Oliveira Moreira - Auriflama);165.2 - Cd_Cps;Técnico;Gestão e Negócios;Gestão;Administração;Noite;59;40;1,47;
Araçatuba;Araçatuba;Avanhandava;Bauru/Araçatuba;Etec João Jorge Geraissate (EMEF Prof. Victor Sansoni - Avanhandava);069.3 - Cd_Cps;Técnico;Informação e Comunicação;Informática;Informática;Noite;47;35;1,34;
Araçatuba;Araçatuba;Birigui;Bauru/Araçatuba;Etec Doutor Renato Cordeiro;123;Médio;Educação Básica;Educação Básica - Ensino Médio;Ensino Médio com Itinerário Formativo de Ciências da Natureza e suas Tecnologias;Manhã;89;40;2,22;
Araçatuba;Araçatuba;Birigui;Bauru/Araçatuba;Etec Doutor Renato Cordeiro;123;Técnico;Gestão e Negócios;Gestão;Administração;Noite;66;40;1,65;
Araçatuba;Araçatuba;Birigui;Bauru/Araçatuba;Etec Doutor Renato Cordeiro;123;Técnico;Informação e Comunicação;Informática;Desenvolvimento de Sistemas (MNP);Noite;62;40;1,55;
Araçatuba;Araçatuba;Birigui;Bauru/Araçatuba;Etec Doutor Renato Cordeiro;123;Técnico;Ambiente e Saúde;Saúde;Enfermagem;Noite;189;40;4,72;
Araçatuba;Araçatuba;Birigui;Bauru/Araçatuba;Etec Doutor Renato Cordeiro;123;Integrado;Gestão e Negócios;Gestão;Administração - MTec;Manhã;209;40;5,22;
Araçatuba;Araçatuba;Birigui;Bauru/Araçatuba;Etec Doutor Renato Cordeiro;123;Integrado;Gestão e Negócios;Gestão;Administração - MTec-N;Noite;64;40;1,60;
Araçatuba;Araçatuba;Birigui;Bauru/Araçatuba;Etec Doutor Renato Cordeiro;123;Integrado;Gestão e Negócios;Gestão;Contabilidade - MTec;Tarde;65;40;1,62;
Araçatuba;Araçatuba;Birigui;Bauru/Araçatuba;Etec Doutor Renato Cordeiro;123;Integrado;Gestão e Negócios;Comércio;Marketing - MTec;Manhã;128;40;3,20;
Araçatuba;Araçatuba;Guararapes;Bauru/Araçatuba;Etec de Araçatuba (EM Prof. Celso Geraldo Queiroz - Guararapes);165.3 - Cd_Cps;Técnico;Informação e Comunicação;Informática;Desenvolvimento de Sistemas (MNP);Noite;48;40;1,20;
Araçatuba;Araçatuba;Guararapes;Bauru/Araçatuba;Etec de Araçatuba (EM Prof. Celso Geraldo Queiroz - Guararapes);165.3 - Cd_Cps;Integrado;Gestão e Negócios;Gestão;Administração - MTec;Manhã;95;40;2,37;
Araçatuba;Araçatuba;Penápolis;Bauru/Araçatuba;Etec João Jorge Geraissate;069;Integrado;Recursos Naturais;Agropecuária;Agropecuária - MTec-PI;Manhã e Tarde;100;70;1,42;
Araçatuba;Araçatuba;Valparaíso;Bauru/Araçatuba;Etec Sebastiana Augusta de Moraes (EE Vicente Barbosa);028.03 - Ext/Etec;Técnico;Recursos Naturais;Agropecuária;Agronegócio;Noite;61;40;1,52;
Barretos;Barretos;Barretos;Ribeirão Preto/Franca/Barretos;Etec Coronel Raphael Brandão;108;Técnico;Ambiente e Saúde;Saúde;Enfermagem;Tarde;51;40;1,27;
Barretos;Barretos;Barretos;Ribeirão Preto/Franca/Barretos;Etec Coronel Raphael Brandão;108;Técnico;Turismo, Hospitalidade e Lazer;Turismo e Hospitalidade;Gastronomia;Noite;46;40;1,14;
Barretos;Barretos;Barretos;Ribeirão Preto/Franca/Barretos;Etec Coronel Raphael Brandão;108;Técnico;Controle e Processos Industriais;Indústria;Mecânica;Noite;56;40;1,40;
Barretos;Barretos;Barretos;Ribeirão Preto/Franca/Barretos;Etec Coronel Raphael Brandão;108;Técnico;Produção Industrial;Química;Química;Noite;47;40;1,17;
Barretos;Barretos;Barretos;Ribeirão Preto/Franca/Barretos;Etec Coronel Raphael Brandão;108;Técnico;Segurança;Saúde;Segurança do Trabalho;Noite;41;40;1,02;
Barretos;Barretos;Barretos;Ribeirão Preto/Franca/Barretos;Etec Coronel Raphael Brandão;108;Integrado;Gestão e Negócios;Gestão;Administração - MTec-N;Noite;43;40;1,07;
Barretos;Barretos;Barretos;Ribeirão Preto/Franca/Barretos;Etec Coronel Raphael Brandão;108;Integrado;Gestão e Negócios;Gestão;Administração - MTec-PI;Manhã e Tarde;139;40;3,47;
Barretos;Barretos;Barretos;Ribeirão Preto/Franca/Barretos;Etec Coronel Raphael Brandão;108;Integrado;Informação e Comunicação;Informática;Desenvolvimento de Sistemas - Mtec-N;Noite;45;40;1,12;
Barretos;Barretos;Barretos;Ribeirão Preto/Franca/Barretos;Etec Coronel Raphael Brandão;108;Integrado;Informação e Comunicação;Informática;Desenvolvimento de Sistemas - MTec-PI ;Manhã e Tarde;173;40;4,32;
Barretos;Barretos;Barretos;Ribeirão Preto/Franca/Barretos;Etec Coronel Raphael Brandão;108;Integrado;Ambiente e Saúde;Meio Ambiente;Meio Ambiente - MTec-PI;Manhã e Tarde;86;40;2,15;
Barretos;Barretos;Barretos;Ribeirão Preto/Franca/Barretos;Etec Coronel Raphael Brandão;108;Integrado;Ambiente e Saúde;Saúde;Nutrição e Dietética - Mtec-N;Noite;53;40;1,32;
Barretos;Barretos;Barretos;Ribeirão Preto/Franca/Barretos;Etec Coronel Raphael Brandão;108;Integrado;Ambiente e Saúde;Saúde;Nutrição e Dietética - MTec-PI;Manhã e Tarde;216;40;5,40;
Barretos;Barretos;Barretos;Ribeirão Preto/Franca/Barretos;Etec Coronel Raphael Brandão;108;Integrado;Produção Industrial;Química;Química - MTec-PI;Manhã e Tarde;62;40;1,55;
Barretos;Barretos;Barretos;Ribeirão Preto/Franca/Barretos;Etec Coronel Raphael Brandão (EE Doutor Antonio Olympio);108.01 - Ext/Etec;Técnico;Gestão e Negócios;Gestão;Administração;Noite;62;40;1,55;
Barretos;Barretos;Barretos;Ribeirão Preto/Franca/Barretos;Etec Coronel Raphael Brandão (EE Doutor Antonio Olympio);108.01 - Ext/Etec;Técnico;Gestão e Negócios;Gestão;Serviços Jurídicos;Noite;48;40;1,20;
Barretos;Barretos;Bebedouro;Ribeirão Preto/Franca/Barretos;Etec Professor Ídio Zucchi;151;Técnico;Gestão e Negócios;Gestão;Administração;Noite;62;40;1,55;
Barretos;Barretos;Bebedouro;Ribeirão Preto/Franca/Barretos;Etec Professor Ídio Zucchi;151;Técnico;Informação e Comunicação;Informática;Desenvolvimento de Sistemas;Noite;62;40;1,55;
Barretos;Barretos;Bebedouro;Ribeirão Preto/Franca/Barretos;Etec Professor Ídio Zucchi;151;Técnico;Ambiente e Saúde;Saúde;Enfermagem;Noite;91;40;2,27;
Barretos;Barretos;Bebedouro;Ribeirão Preto/Franca/Barretos;Etec Professor Ídio Zucchi;151;Técnico;Controle e Processos Industriais;Indústria;Manutenção de Máquinas Pesadas;Noite;63;40;1,57;
Barretos;Barretos;Bebedouro;Ribeirão Preto/Franca/Barretos;Etec Professor Ídio Zucchi;151;Técnico;Gestão e Negócios;Gestão;Serviços Jurídicos;Noite;58;40;1,45;
Barretos;Barretos;Bebedouro;Ribeirão Preto/Franca/Barretos;Etec Professor Ídio Zucchi;151;Integrado;Gestão e Negócios;Gestão;Administração - MTec-PI;Manhã e Tarde;126;40;3,15;
Barretos;Barretos;Bebedouro;Ribeirão Preto/Franca/Barretos;Etec Professor Ídio Zucchi;151;Integrado;Informação e Comunicação;Informática;Informática - MTec-PI;Manhã e Tarde;141;40;3,52;
Barretos;Barretos;Bebedouro;Ribeirão Preto/Franca/Barretos;Etec Professor Ídio Zucchi;151;Integrado;Gestão e Negócios;Comércio;Marketing - MTec;Manhã;221;40;5,52;
Barretos;Barretos;Bebedouro;Ribeirão Preto/Franca/Barretos;Etec Professor Ídio Zucchi;151;Integrado;Gestão e Negócios;Gestão;Recursos Humanos - MTec-N;Noite;93;40;2,32;
Barretos;Barretos;Bebedouro;Ribeirão Preto/Franca/Barretos;Etec Professor Ídio Zucchi;151;Integrado;Gestão e Negócios;Gestão;Serviços Jurídicos - MTec;Manhã;170;40;4,25;
Barretos;Barretos;Bebedouro;Ribeirão Preto/Franca/Barretos;Etec Professor Ídio Zucchi (Fundação Coopercitrus/Credicitrus - Bebedouro);151.8 - Cd_Cps;Técnico;Recursos Naturais;Agropecuária;Agronegócio;Noite;61;40;1,52;
Barretos;Barretos;Guaíra;Ribeirão Preto/Franca/Barretos;Etec de Guaíra;304;Técnico;Segurança;Saúde;Segurança do Trabalho;Noite;57;40;1,42;
Barretos;Barretos;Guaíra;Ribeirão Preto/Franca/Barretos;Etec de Guaíra;304;Integrado;Gestão e Negócios;Gestão;Administração - MTec-PI;Manhã e Tarde;53;40;1,32;
Barretos;Barretos;Guaíra;Ribeirão Preto/Franca/Barretos;Etec de Guaíra;304;Integrado;Gestão e Negócios;Gestão;Contabilidade - MTec-N;Noite;35;40;0,87;
Barretos;Barretos;Guaíra;Ribeirão Preto/Franca/Barretos;Etec de Guaíra;304;Integrado;Informação e Comunicação;Informática;Desenvolvimento de Sistemas - MTec-PI ;Manhã e Tarde;47;40;1,17;
Barretos;Barretos;Guaraci;Ribeirão Preto/Franca/Barretos;Etec Professor José Carlos Seno Junior (EMEB Profª Mercia Julia Barbosa Velho - Guaraci);232.2 - Cd_Cps;Técnico;Gestão e Negócios;Gestão;Logística;Noite;63;40;1,57;
Barretos;Barretos;Olímpia;Ribeirão Preto/Franca/Barretos;Etec Professor José Carlos Seno Junior;232;Integrado;Gestão e Negócios;Gestão;Administração - MTec-N;Noite;70;40;1,75;
Barretos;Barretos;Olímpia;Ribeirão Preto/Franca/Barretos;Etec Professor José Carlos Seno Junior;232;Integrado;Gestão e Negócios;Gestão;Administração - MTec-PI;Manhã e Tarde;188;40;4,70;
Barretos;Barretos;Olímpia;Ribeirão Preto/Franca/Barretos;Etec Professor José Carlos Seno Junior;232;Integrado;Informação e Comunicação;Informática;Desenvolvimento de Sistemas - Mtec-N;Noite;71;40;1,77;
Barretos;Barretos;Olímpia;Ribeirão Preto/Franca/Barretos;Etec Professor José Carlos Seno Junior;232;Integrado;Informação e Comunicação;Informática;Desenvolvimento de Sistemas - MTec-PI ;Manhã e Tarde;197;40;4,92;
Barretos;Barretos;Olímpia;Ribeirão Preto/Franca/Barretos;Etec Professor José Carlos Seno Junior;232;Integrado;Produção Industrial;Química;Química - Mtec-N;Noite;76;40;1,90;
Barretos;Barretos;Olímpia;Ribeirão Preto/Franca/Barretos;Etec Professor José Carlos Seno Junior;232;Integrado;Produção Industrial;Química;Química - MTec-PI;Manhã e Tarde;154;40;3,85;
Bauru;Bauru;Bauru;Bauru/Araçatuba;Etec Astor de Mattos Carvalho (EE Prof. Christino Cabral);038.01 - Ext/Etec;Técnico;Gestão e Negócios;Gestão;Administração;Noite;82;40;2,04;
Bauru;Bauru;Bauru;Bauru/Araçatuba;Etec Astor de Mattos Carvalho (EE Prof. Christino Cabral);038.01 - Ext/Etec;Técnico;Gestão e Negócios;Gestão;Contabilidade;Noite;52;40;1,30;
Bauru;Bauru;Bauru;Bauru/Araçatuba;Etec Astor de Mattos Carvalho (EE Prof. Christino Cabral);038.01 - Ext/Etec;Técnico;Informação e Comunicação;Informática;Informática;Noite;61;40;1,52;
Bauru;Bauru;Bauru;Bauru/Araçatuba;Etec Rodrigues de Abreu;135;Médio;Educação Básica;Educação Básica - Ensino Médio;Ensino Médio com Itinerário Formativo de Ciências Humanas e Sociais Aplicadas;Manhã;205;35;5,85;
Bauru;Bauru;Bauru;Bauru/Araçatuba;Etec Rodrigues de Abreu;135;Técnico;Informação e Comunicação;Informática;Desenvolvimento de Sistemas;Noite;87;40;2,17;
Bauru;Bauru;Bauru;Bauru/Araçatuba;Etec Rodrigues de Abreu;135;Técnico;Ambiente e Saúde;Saúde;Enfermagem;Tarde;92;40;2,29;
Bauru;Bauru;Bauru;Bauru/Araçatuba;Etec Rodrigues de Abreu;135;Técnico;Gestão e Negócios;Gestão;Logística;Noite;42;40;1,05;
Bauru;Bauru;Bauru;Bauru/Araçatuba;Etec Rodrigues de Abreu;135;Técnico;Gestão e Negócios;Gestão;Recursos Humanos;Noite;73;40;1,82;
Bauru;Bauru;Bauru;Bauru/Araçatuba;Etec Rodrigues de Abreu;135;Integrado;Gestão e Negócios;Gestão;Administração - MTec-N;Noite;91;40;2,27;
Bauru;Bauru;Bauru;Bauru/Araçatuba;Etec Rodrigues de Abreu;135;Integrado;Gestão e Negócios;Gestão;Administração - MTec-PI;Manhã e Tarde;254;40;6,35;
Bauru;Bauru;Bauru;Bauru/Araçatuba;Etec Rodrigues de Abreu;135;Integrado;Informação e Comunicação;Informática;Desenvolvimento de Sistemas - MTec-PI ;Manhã e Tarde;332;40;8,30;
Bauru;Bauru;Bauru;Bauru/Araçatuba;Etec Rodrigues de Abreu;135;Integrado;Informação e Comunicação;Informática;Informática para Internet - MTec;Tarde;206;40;5,15;
Bauru;Bauru;Bauru;Bauru/Araçatuba;Etec Rodrigues de Abreu;135;Integrado;Gestão e Negócios;Gestão;Serviços Jurídicos - MTec;Tarde;156;40;3,90;
Bauru;Bauru;Bauru;Bauru/Araçatuba;Etec Rodrigues de Abreu (EE Ernesto Monte);135.01 - Ext/Etec;Técnico;Gestão e Negócios;Gestão;Transações Imobiliárias;Noite;42;40;1,05;
Bauru;Bauru;Bauru;Bauru/Araçatuba;Etec Rodrigues de Abreu (EE Ernesto Monte);135.01 - Ext/Etec;Integrado;Gestão e Negócios;Gestão;Logística - Mtec-N;Noite;43;40;1,07;
Bauru;Bauru;Bauru;Bauru/Araçatuba;Etec Rodrigues de Abreu / Fatec de Bauru;135/196 - Etec/Fatec;Integrado;Informação e Comunicação;Informática;Desenvolvimento de Sistemas - MTec-AMS;Tarde;162;40;4,05;
Bauru;Bauru;Cabrália Paulista;Bauru/Araçatuba;Etec Astor de Mattos Carvalho;038;Técnico;Produção Alimentícia;Agropecuária;Agroindústria;Noite;53;35;1,51;
Bauru;Bauru;Cabrália Paulista;Bauru/Araçatuba;Etec Astor de Mattos Carvalho;038;Integrado;Gestão e Negócios;Gestão;Administração - MTec-PI;Manhã e Tarde;57;35;1,62;
Bauru;Bauru;Cabrália Paulista;Bauru/Araçatuba;Etec Astor de Mattos Carvalho;038;Integrado;Recursos Naturais;Agropecuária;Agropecuária - MTec-PI;Manhã e Tarde;102;35;2,91;
Bauru;Bauru;Cabrália Paulista;Bauru/Araçatuba;Etec Astor de Mattos Carvalho;038;Integrado;Informação e Comunicação;Informática;Informática para Internet - MTec-PI;Manhã e Tarde;55;35;1,57;
Bauru;Bauru;Lençóis Paulista;Bauru/Araçatuba;Etec Cidade do Livro;244;Técnico;Produção Industrial;Química;Química;Noite;124;40;3,10;
Bauru;Bauru;Lençóis Paulista;Bauru/Araçatuba;Etec Cidade do Livro;244;Integrado;Gestão e Negócios;Gestão;Administração - MTec-PI;Manhã e Tarde;153;40;3,82;
Bauru;Bauru;Lençóis Paulista;Bauru/Araçatuba;Etec Cidade do Livro;244;Integrado;Gestão e Negócios;Comércio;Marketing - MTec;Manhã;147;40;3,67;
Bauru;Bauru;Lençóis Paulista;Bauru/Araçatuba;Etec Cidade do Livro;244;Integrado;Produção Industrial;Química;Química - MTec-PI;Manhã e Tarde;154;40;3,85;
Bauru;Bauru;Lençóis Paulista;Bauru/Araçatuba;Etec Cidade do Livro (EE Virgilio Capoani);244.01 - Ext/Etec;Técnico;Gestão e Negócios;Gestão;Administração;Noite;83;35;2,37;
Bauru;Bauru;Pederneiras;Bauru/Araçatuba;Etec Professor Urias Ferreira (EE Anchieta);090.01 - Ext/Etec;Técnico;Gestão e Negócios;Gestão;Logística;Noite;43;40;1,07;
Bauru;Jaú;Bariri;Bauru/Araçatuba;Etec Joaquim Ferreira do Amaral (EMEF Prof. Eurico Acçolini - Bariri);070.2 - Cd_Cps;Técnico;Gestão e Negócios;Gestão;Logística;Noite;46;40;1,14;
Bauru;Jaú;Barra Bonita;Bauru/Araçatuba;Etec Comendador João Rays;040;Médio;Educação Básica;Educação Básica - Ensino Médio;Ensino Médio com Itinerário Formativo de Linguagens e suas Tecnologias;Manhã;196;35;5,60;
Bauru;Jaú;Barra Bonita;Bauru/Araçatuba;Etec Comendador João Rays;040;Técnico;Gestão e Negócios;Gestão;Administração;Noite;68;40;1,70;
Bauru;Jaú;Barra Bonita;Bauru/Araçatuba;Etec Comendador João Rays;040;Técnico;Informação e Comunicação;Informática;Desenvolvimento de Sistemas;Noite;95;40;2,37;
Bauru;Jaú;Barra Bonita;Bauru/Araçatuba;Etec Comendador João Rays;040;Técnico;Gestão e Negócios;Gestão;Logística;Noite;62;40;1,55;
Bauru;Jaú;Barra Bonita;Bauru/Araçatuba;Etec Comendador João Rays;040;Integrado;Informação e Comunicação;Informática;Informática para Internet - MTec-PI;Manhã e Tarde;164;35;4,68;
Bauru;Jaú;Barra Bonita;Bauru/Araçatuba;Etec Comendador João Rays;040;Integrado;Gestão e Negócios;Gestão;Secretariado - MTec-N;Noite;65;35;1,85;
Bauru;Jaú;Boracéia;Bauru/Araçatuba;Etec Professor Urias Ferreira (Centro de Treinamento Professora Djanir Sgavioli Sin - Boracéia);090.5 - Cd_Cps;Técnico;Gestão e Negócios;Gestão;Administração;Noite;59;40;1,47;
Bauru;Jaú;Dois Córregos;Bauru/Araçatuba;Etec Joaquim Ferreira do Amaral (EMEF Francisco Simões - Dois Córregos);070.3 - Cd_Cps;Técnico;Gestão e Negócios;Gestão;Recursos Humanos;Noite;32;40;0,80;
Bauru;Jaú;Jaú;Bauru/Araçatuba;Etec Joaquim Ferreira do Amaral;070;Técnico;Gestão e Negócios;Gestão;Administração;Noite;45;40;1,12;
Bauru;Jaú;Jaú;Bauru/Araçatuba;Etec Joaquim Ferreira do Amaral;070;Técnico;Informação e Comunicação;Informática;Desenvolvimento de Sistemas;Noite;100;40;2,50;
Bauru;Jaú;Jaú;Bauru/Araçatuba;Etec Joaquim Ferreira do Amaral;070;Técnico;Infraestrutura;Construção Civil;Edificações;Noite;52;40;1,30;
Bauru;Jaú;Jaú;Bauru/Araçatuba;Etec Joaquim Ferreira do Amaral;070;Técnico;Controle e Processos Industriais;Indústria;Eletrotécnica;Noite;59;40;1,47;
Bauru;Jaú;Jaú;Bauru/Araçatuba;Etec Joaquim Ferreira do Amaral;070;Técnico;Ambiente e Saúde;Saúde;Enfermagem;Noite;104;40;2,60;
Bauru;Jaú;Jaú;Bauru/Araçatuba;Etec Joaquim Ferreira do Amaral;070;Técnico;Ambiente e Saúde;Saúde;Nutrição e Dietética;Noite;39;40;0,97;
Bauru;Jaú;Jaú;Bauru/Araçatuba;Etec Joaquim Ferreira do Amaral;070;Técnico;Gestão e Negócios;Gestão;Recursos Humanos;Noite;39;40;0,97;
Bauru;Jaú;Jaú;Bauru/Araçatuba;Etec Joaquim Ferreira do Amaral;070;Técnico;Segurança;Saúde;Segurança do Trabalho;Noite;50;40;1,25;
Bauru;Jaú;Jaú;Bauru/Araçatuba;Etec Joaquim Ferreira do Amaral;070;Técnico;Controle e Processos Industriais;Indústria;Sistemas de Energia Renovável - Ead;On-line;41;40;1,02;
Bauru;Jaú;Jaú;Bauru/Araçatuba;Etec Joaquim Ferreira do Amaral;070;Técnico;Controle e Processos Industriais;Indústria;Soldagem;Noite;33;40;0,82;
Bauru;Jaú;Jaú;Bauru/Araçatuba;Etec Joaquim Ferreira do Amaral;070;Integrado;Gestão e Negócios;Gestão;Administração - MTec-PI;Manhã e Tarde;201;40;5,02;
Bauru;Jaú;Jaú;Bauru/Araçatuba;Etec Joaquim Ferreira do Amaral;070;Integrado;Informação e Comunicação;Informática;Desenvolvimento de Sistemas - MTec;Tarde;86;40;2,15;
Bauru;Jaú;Jaú;Bauru/Araçatuba;Etec Joaquim Ferreira do Amaral;070;Integrado;Infraestrutura;Construção Civil;Edificações - MTec-PI;Manhã e Tarde;128;40;3,20;
Bauru;Jaú;Jaú;Bauru/Araçatuba;Etec Joaquim Ferreira do Amaral;070;Integrado;Informação e Comunicação;Informática;Informática - MTec-PI;Manhã e Tarde;178;40;4,45;
Bauru;Jaú;Jaú;Bauru/Araçatuba;Etec Joaquim Ferreira do Amaral;070;Integrado;Controle e Processos Industriais;Indústria;Mecatrônica - MTec-PI;Manhã e Tarde;96;40;2,40;
Bauru;Jaú;Jaú;Bauru/Araçatuba;Etec Joaquim Ferreira do Amaral;070;Integrado;Controle e Processos Industriais;Indústria;Mecânica - Mtec-N;Noite;25;40;0,62;
Bauru;Jaú;Jaú;Bauru/Araçatuba;Etec Professor Urias Ferreira;090;Integrado;Recursos Naturais;Agropecuária;Agropecuária - MTec-PI;Manhã e Tarde;103;70;1,47;
Bauru;Lins;Cafelândia;Bauru/Araçatuba;Etec Professora Helcy Moreira Martins Aguiar;062;Médio;Educação Básica;Educação Básica - Ensino Médio;Ensino Médio com Itinerário Formativo de Ciências Humanas e Sociais Aplicadas;Manhã;49;40;1,22;
Bauru;Lins;Cafelândia;Bauru/Araçatuba;Etec Professora Helcy Moreira Martins Aguiar;062;Técnico;Gestão e Negócios;Gestão;Administração;Noite;67;40;1,67;
Bauru;Lins;Cafelândia;Bauru/Araçatuba;Etec Professora Helcy Moreira Martins Aguiar;062;Técnico;Recursos Naturais;Agropecuária;Agronegócio;Noite;32;40;0,80;
Bauru;Lins;Cafelândia;Bauru/Araçatuba;Etec Professora Helcy Moreira Martins Aguiar;062;Técnico;Ambiente e Saúde;Saúde;Enfermagem;Noite;91;40;2,27;
Bauru;Lins;Cafelândia;Bauru/Araçatuba;Etec Professora Helcy Moreira Martins Aguiar;062;Integrado;Gestão e Negócios;Gestão;Administração - MTec-N;Noite;66;40;1,65;
Bauru;Lins;Cafelândia;Bauru/Araçatuba;Etec Professora Helcy Moreira Martins Aguiar;062;Integrado;Recursos Naturais;Agropecuária;Agropecuária - MTec-PI;Manhã e Tarde;84;40;2,10;
Bauru;Lins;Cafelândia;Bauru/Araçatuba;Etec Professora Helcy Moreira Martins Aguiar;062;Integrado;Informação e Comunicação;Informática;Desenvolvimento de Sistemas - MTec;Manhã;103;40;2,57;
Bauru;Lins;Lins;Bauru/Araçatuba;Etec de Lins;148;;;;;Noite;81;30;2,70;
Bauru;Lins;Lins;Bauru/Araçatuba;Etec de Lins;148;Médio;Educação Básica;Educação Básica - Ensino Médio;Ensino Médio com Itinerário Formativo de Linguagens e suas Tecnologias;Manhã;131;40;3,27;
Bauru;Lins;Lins;Bauru/Araçatuba;Etec de Lins;148;Técnico;Gestão e Negócios;Gestão;Qualidade;Noite;78;40;1,95;
Bauru;Lins;Lins;Bauru/Araçatuba;Etec de Lins;148;Integrado;Gestão e Negócios;Gestão;Contabilidade - MTec;Tarde;80;40;2,00;
Bauru;Lins;Lins;Bauru/Araçatuba;Etec de Lins;148;Integrado;Informação e Comunicação;Informática;Desenvolvimento de Sistemas - MTec;Manhã;190;40;4,75;
Bauru;Lins;Lins;Bauru/Araçatuba;Etec de Lins;148;Integrado;Infraestrutura;Construção Civil;Edificações - MTec;Manhã;82;40;2,04;
Bauru;Lins;Lins;Bauru/Araçatuba;Etec de Lins;148;Integrado;Produção Industrial;Química;Química - Mtec-N;Noite;79;40;1,97;
Bauru;Lins;Lins;Bauru/Araçatuba;Etec de Lins;148;Integrado;Gestão e Negócios;Gestão;Recursos Humanos - MTec;Tarde;89;40;2,22;
Bauru;Lins;Lins;Bauru/Araçatuba;Etec de Lins (EE Fernando Costa);148.01 - Ext/Etec;Técnico;Gestão e Negócios;Gestão;Secretariado;Noite;45;40;1,12;
Bauru;Lins;Lins;Bauru/Araçatuba;Etec de Lins (EE Fernando Costa);148.01 - Ext/Etec;Integrado;Gestão e Negócios;Gestão;Serviços Jurídicos - MTec-N;Noite;126;40;3,15;
Bauru;Lins;Lins;Bauru/Araçatuba;Etec de Lins / Fatec Professor Antonio Seabra;148/192 - Etec/Fatec;Integrado;Informação e Comunicação;Informática;Desenvolvimento de Sistemas - MTec-AMS;Tarde;68;40;1,70;
Bauru;Lins;Promissão;Bauru/Araçatuba;Etec Professora Helcy Moreira Martins Aguiar (EMEF Colégio Xavier - Promissão);062.4 - Cd_Cps;Técnico;Ambiente e Saúde;Saúde;Enfermagem;Noite;116;40;2,90;
Central;Araraquara;Araraquara;São José do Rio Preto/Central;Etec Professora Anna de Oliveira Ferraz;029;Técnico;Gestão e Negócios;Gestão;Administração;Noite;116;40;2,90;
Central;Araraquara;Araraquara;São José do Rio Preto/Central;Etec Professora Anna de Oliveira Ferraz;029;Técnico;Ambiente e Saúde;Saúde;Enfermagem;Tarde;62;40;1,55;
Central;Araraquara;Araraquara;São José do Rio Preto/Central;Etec Professora Anna de Oliveira Ferraz;029;Técnico;Gestão e Negócios;Gestão;Logística;Noite;60;40;1,50;
Central;Araraquara;Araraquara;São José do Rio Preto/Central;Etec Professora Anna de Oliveira Ferraz;029;Técnico;Controle e Processos Industriais;Indústria;Mecatrônica;Noite;137;40;3,42;
Central;Araraquara;Araraquara;São José do Rio Preto/Central;Etec Professora Anna de Oliveira Ferraz;029;Técnico;Gestão e Negócios;Gestão;Transações Imobiliárias;Noite;54;40;1,35;
Central;Araraquara;Araraquara;São José do Rio Preto/Central;Etec Professora Anna de Oliveira Ferraz;029;Integrado;Gestão e Negócios;Gestão;Administração - MTec-PI;Manhã e Tarde;340;40;8,50;
Central;Araraquara;Araraquara;São José do Rio Preto/Central;Etec Professora Anna de Oliveira Ferraz;029;Integrado;Informação e Comunicação;Informática;Desenvolvimento de Sistemas - MTec-PI ;Manhã e Tarde;300;40;7,50;
Central;Araraquara;Araraquara;São José do Rio Preto/Central;Etec Professora Anna de Oliveira Ferraz;029;Integrado;Informação e Comunicação;Informática;Informática para Internet - MTec-PI;Manhã e Tarde;248;40;6,20;
Central;Araraquara;Araraquara;São José do Rio Preto/Central;Etec Professora Anna de Oliveira Ferraz;029;Integrado;Controle e Processos Industriais;Indústria;Mecatrônica - MTec-PI;Manhã e Tarde;254;40;6,35;
Central;Araraquara;Araraquara;São José do Rio Preto/Central;Etec Professora Anna de Oliveira Ferraz;029;Integrado;Controle e Processos Industriais;Indústria;Mecânica - Mtec-N;Noite;75;40;1,87;
Central;Araraquara;Araraquara;São José do Rio Preto/Central;Etec Professora Anna de Oliveira Ferraz;029;Integrado;Ambiente e Saúde;Saúde;Nutrição e Dietética - Mtec-N;Noite;48;40;1,20;
Central;Araraquara;Araraquara;São José do Rio Preto/Central;Etec Professora Anna de Oliveira Ferraz;029;Integrado;Gestão e Negócios;Gestão;Recursos Humanos - MTec-N;Noite;53;40;1,32;
Central;Araraquara;Araraquara;São José do Rio Preto/Central;Etec Professora Anna de Oliveira Ferraz;029;Especialização;Ambiente e Saúde;Saúde;Gastronomia Hospitalar;Noite;33;40;0,82;
Central;Araraquara;Borborema;São José do Rio Preto/Central;Etec Professora Marinês Teodoro de Freitas Almeida (EMEIF Profª Ana Rosa - Borborema);212.3 - Cd_Cps;Integrado;Gestão e Negócios;Gestão;Administração - MTec-N;Noite;44;40;1,10;
Central;Araraquara;Gavião Peixoto;São José do Rio Preto/Central;Etec Professora Anna de Oliveira Ferraz (EMEF Martha Ferreira da Cruz - Gavião Peixoto);029.4 - Cd_Cps;Técnico;Gestão e Negócios;Gestão;Logística;Noite;59;40;1,47;
Central;Araraquara;Ibitinga;São José do Rio Preto/Central;Etec Vereador e Vice Prefeito Sérgio da Fonseca;161;Técnico;Ambiente e Saúde;Saúde;Enfermagem;Tarde;49;40;1,22;
Central;Araraquara;Ibitinga;São José do Rio Preto/Central;Etec Vereador e Vice Prefeito Sérgio da Fonseca;161;Técnico;Informação e Comunicação;Informática;Informática para Internet;Noite;46;40;1,14;
Central;Araraquara;Ibitinga;São José do Rio Preto/Central;Etec Vereador e Vice Prefeito Sérgio da Fonseca;161;Técnico;Gestão e Negócios;Gestão;Logística;Noite;42;40;1,05;
Central;Araraquara;Ibitinga;São José do Rio Preto/Central;Etec Vereador e Vice Prefeito Sérgio da Fonseca;161;Integrado;Gestão e Negócios;Gestão;Administração - MTec;Manhã;94;40;2,35;
Central;Araraquara;Ibitinga;São José do Rio Preto/Central;Etec Vereador e Vice Prefeito Sérgio da Fonseca;161;Integrado;Gestão e Negócios;Gestão;Administração - MTec-N;Noite;42;40;1,05;
Central;Araraquara;Ibitinga;São José do Rio Preto/Central;Etec Vereador e Vice Prefeito Sérgio da Fonseca;161;Integrado;Informação e Comunicação;Informática;Desenvolvimento de Sistemas - MTec;Manhã;88;40;2,20;
Central;Araraquara;Matão;São José do Rio Preto/Central;Etec Sylvio de Mattos Carvalho;103;Técnico;Gestão e Negócios;Gestão;Administração;Noite;119;40;2,97;
Central;Araraquara;Matão;São José do Rio Preto/Central;Etec Sylvio de Mattos Carvalho;103;Técnico;Controle e Processos Industriais;Indústria;Eletrotécnica;Noite;82;40;2,04;
Central;Araraquara;Matão;São José do Rio Preto/Central;Etec Sylvio de Mattos Carvalho;103;Técnico;Ambiente e Saúde;Saúde;Enfermagem;Manhã;52;30;1,73;
Central;Araraquara;Matão;São José do Rio Preto/Central;Etec Sylvio de Mattos Carvalho;103;Técnico;Informação e Comunicação;Informática;Informática;Noite;73;40;1,82;
Central;Araraquara;Matão;São José do Rio Preto/Central;Etec Sylvio de Mattos Carvalho;103;Técnico;Controle e Processos Industriais;Indústria;Mecânica;Noite;70;40;1,75;
Central;Araraquara;Matão;São José do Rio Preto/Central;Etec Sylvio de Mattos Carvalho;103;Integrado;Informação e Comunicação;Informática;Informática para Internet - MTec;Tarde;68;40;1,70;
Central;Araraquara;Matão;São José do Rio Preto/Central;Etec Sylvio de Mattos Carvalho;103;Integrado;Informação e Comunicação;Informática;Informática para Internet - MTec;Manhã;395;80;4,93;
Central;Araraquara;Matão;São José do Rio Preto/Central;Etec Sylvio de Mattos Carvalho;103;Integrado;Controle e Processos Industriais;Indústria;Mecatrônica - MTec;Manhã;196;80;2,45;
Central;Araraquara;Matão;São José do Rio Preto/Central;Etec Sylvio de Mattos Carvalho;103;Integrado;Controle e Processos Industriais;Indústria;Mecatrônica - MTec-N;Noite;62;40;1,55;
Central;Araraquara;Taquaritinga;São José do Rio Preto/Central;Etec Doutor Adail Nunes da Silva;019;Técnico;Gestão e Negócios;Gestão;Administração (MNP);Noite;69;40;1,72;
Central;Araraquara;Taquaritinga;São José do Rio Preto/Central;Etec Doutor Adail Nunes da Silva;019;Técnico;Ambiente e Saúde;Saúde;Enfermagem;Manhã;64;40;1,60;
Central;Araraquara;Taquaritinga;São José do Rio Preto/Central;Etec Doutor Adail Nunes da Silva;019;Técnico;Informação e Comunicação;Informática;Informática para Internet (MNP);Noite;72;40;1,80;
Central;Araraquara;Taquaritinga;São José do Rio Preto/Central;Etec Doutor Adail Nunes da Silva;019;Técnico;Ambiente e Saúde;Saúde;Nutrição e Dietética (MNP);Noite;67;40;1,67;
Central;Araraquara;Taquaritinga;São José do Rio Preto/Central;Etec Doutor Adail Nunes da Silva;019;Técnico;Produção Industrial;Química;Química (MNP);Noite;63;40;1,57;
Central;Araraquara;Taquaritinga;São José do Rio Preto/Central;Etec Doutor Adail Nunes da Silva;019;Integrado;Gestão e Negócios;Gestão;Administração - MTec-PI;Manhã e Tarde;89;40;2,22;
Central;Araraquara;Taquaritinga;São José do Rio Preto/Central;Etec Doutor Adail Nunes da Silva;019;Integrado;Produção Alimentícia;Química;Alimentos - MTec-PI;Manhã e Tarde;81;40;2,02;
Central;Araraquara;Taquaritinga;São José do Rio Preto/Central;Etec Doutor Adail Nunes da Silva;019;Integrado;Informação e Comunicação;Informática;Informática para Internet - MTec-PI;Manhã e Tarde;85;40;2,12;
Central;Araraquara;Taquaritinga;São José do Rio Preto/Central;Etec Doutor Adail Nunes da Silva;019;Integrado;Produção Industrial;Química;Química - MTec-PI;Manhã e Tarde;70;40;1,75;
Central;Araraquara;Taquaritinga;São José do Rio Preto/Central;Etec Doutor Adail Nunes da Silva;019;Integrado;Gestão e Negócios;Gestão;Serviços Jurídicos - MTec-N;Noite;60;40;1,50;
Central;Araraquara;Taquaritinga;São José do Rio Preto/Central;Etec Doutor Adail Nunes da Silva / Fatec de Taquaritinga;019/022 - Etec/Fatec;Integrado;Informação e Comunicação;Informática;Desenvolvimento de Sistemas - MTec-AMS;Manhã;113;40;2,82;
Central;São Carlos;Ibaté;São José do Rio Preto/Central;Etec de Ibaté;263;Técnico;Gestão e Negócios;Gestão;Administração;Noite;66;40;1,65;
Central;São Carlos;Ibaté;São José do Rio Preto/Central;Etec de Ibaté;263;Integrado;Gestão e Negócios;Gestão;Administração - MTec-PI;Manhã e Tarde;123;40;3,07;
Central;São Carlos;Ibaté;São José do Rio Preto/Central;Etec de Ibaté;263;Integrado;Gestão e Negócios;Gestão;Logística - Mtec-N;Noite;46;40;1,14;
Central;São Carlos;Ibaté;São José do Rio Preto/Central;Etec de Ibaté;263;Integrado;Gestão e Negócios;Gestão;Serviços Jurídicos - MTec-PI;Manhã e Tarde;61;40;1,52;
Central;São Carlos;Porto Ferreira;Campinas Norte;Etec Professor Jadyr Salles;202;Técnico;Produção Industrial;Química;Açúcar e Álcool;Noite;53;35;1,51;
Central;São Carlos;Porto Ferreira;Campinas Norte;Etec Professor Jadyr Salles;202;Integrado;Gestão e Negócios;Gestão;Administração - MTec-N;Noite;60;35;1,71;
Central;São Carlos;Porto Ferreira;Campinas Norte;Etec Professor Jadyr Salles;202;Integrado;Gestão e Negócios;Gestão;Administração - MTec-PI;Manhã e Tarde;84;35;2,40;
Central;São Carlos;Porto Ferreira;Campinas Norte;Etec Professor Jadyr Salles;202;Integrado;Informação e Comunicação;Informática;Informática para Internet - MTec-PI;Manhã e Tarde;85;35;2,42;
Central;São Carlos;Santa Rita do Passa Quatro;Ribeirão Preto/Franca/Barretos;Etec Manoel dos Reis Araújo;083;Integrado;Recursos Naturais;Agropecuária;Agropecuária - MTec;Manhã;90;40;2,25;
Central;São Carlos;São Carlos;São José do Rio Preto/Central;Etec Paulino Botelho;091;;;;;Noite;57;30;1,90;
Central;São Carlos;São Carlos;São José do Rio Preto/Central;Etec Paulino Botelho;091;Médio;Educação Básica;Educação Básica - Ensino Médio;Ensino Médio com Itinerário Formativo de Matemática e suas Tecnologias;Manhã;82;40;2,04;
Central;São Carlos;São Carlos;São José do Rio Preto/Central;Etec Paulino Botelho;091;Técnico;Gestão e Negócios;Gestão;Administração;Noite;55;40;1,37;
Central;São Carlos;São Carlos;São José do Rio Preto/Central;Etec Paulino Botelho;091;Técnico;Informação e Comunicação;Informática;Desenvolvimento de Sistemas;Noite;57;40;1,42;
Central;São Carlos;São Carlos;São José do Rio Preto/Central;Etec Paulino Botelho;091;Técnico;Controle e Processos Industriais;Indústria;Mecânica;Noite;70;40;1,75;
Central;São Carlos;São Carlos;São José do Rio Preto/Central;Etec Paulino Botelho;091;Integrado;Gestão e Negócios;Gestão;Administração - MTec;Manhã;298;40;7,45;
Central;São Carlos;São Carlos;São José do Rio Preto/Central;Etec Paulino Botelho;091;Integrado;Informação e Comunicação;Informática;Desenvolvimento de Sistemas - Mtec-N;Noite;39;40;0,97;
Central;São Carlos;São Carlos;São José do Rio Preto/Central;Etec Paulino Botelho;091;Integrado;Controle e Processos Industriais;Indústria;Eletrônica - Mtec-N;Noite;16;40;0,40;
Central;São Carlos;São Carlos;São José do Rio Preto/Central;Etec Paulino Botelho;091;Integrado;Informação e Comunicação;Informática;Informática para Internet - MTec-PI;Manhã e Tarde;168;40;4,20;
Central;São Carlos;São Carlos;São José do Rio Preto/Central;Etec Paulino Botelho;091;Integrado;Controle e Processos Industriais;Indústria;Mecatrônica - MTec-PI;Manhã e Tarde;155;40;3,87;
Central;São Carlos;São Carlos;São José do Rio Preto/Central;Etec Paulino Botelho;091;Integrado;Controle e Processos Industriais;Indústria;Mecânica - Mtec-N;Noite;53;40;1,32;
Central;São Carlos;São Carlos;São José do Rio Preto/Central;Etec Paulino Botelho / Fatec de São Carlos;091/269 - Etec/Fatec;Integrado;Gestão e Negócios;Gestão;Administração - MTec-AMS;Manhã;73;40;1,82;
Franca;Franca;Batatais;Ribeirão Preto/Franca/Barretos;Etec Antonio de Pádua Cardoso;030;Médio;Educação Básica;Educação Básica - Ensino Médio;Ensino Médio com Itinerário Formativo de Matemática e suas Tecnologias;Manhã;96;40;2,40;
Franca;Franca;Batatais;Ribeirão Preto/Franca/Barretos;Etec Antonio de Pádua Cardoso;030;Técnico;Gestão e Negócios;Gestão;Administração;Noite;50;40;1,25;
Franca;Franca;Batatais;Ribeirão Preto/Franca/Barretos;Etec Antonio de Pádua Cardoso;030;Técnico;Informação e Comunicação;Informática;Desenvolvimento de Sistemas;Noite;38;40;0,95;
Franca;Franca;Batatais;Ribeirão Preto/Franca/Barretos;Etec Antonio de Pádua Cardoso;030;Técnico;Ambiente e Saúde;Saúde;Enfermagem;Tarde;67;40;1,67;
Franca;Franca;Batatais;Ribeirão Preto/Franca/Barretos;Etec Antonio de Pádua Cardoso;030;Técnico;Ambiente e Saúde;Saúde;Farmácia;Noite;60;40;1,50;
Franca;Franca;Batatais;Ribeirão Preto/Franca/Barretos;Etec Antonio de Pádua Cardoso;030;Técnico;Controle e Processos Industriais;Indústria;Mecânica;Noite;63;40;1,57;
Franca;Franca;Batatais;Ribeirão Preto/Franca/Barretos;Etec Antonio de Pádua Cardoso;030;Técnico;Gestão e Negócios;Gestão;Recursos Humanos;Noite;44;40;1,10;
Franca;Franca;Batatais;Ribeirão Preto/Franca/Barretos;Etec Antonio de Pádua Cardoso;030;Integrado;Gestão e Negócios;Gestão;Administração - MTec-PI;Manhã e Tarde;73;40;1,82;
Franca;Franca;Batatais;Ribeirão Preto/Franca/Barretos;Etec Antonio de Pádua Cardoso;030;Integrado;Informação e Comunicação;Informática;Desenvolvimento de Sistemas - MTec-PI ;Manhã e Tarde;63;40;1,57;
Franca;Franca;Batatais;Ribeirão Preto/Franca/Barretos;Etec Antonio de Pádua Cardoso;030;Integrado;Informação e Comunicação;Informática;Informática para Internet - MTec;Tarde;33;40;0,82;
Franca;Franca;Batatais;Ribeirão Preto/Franca/Barretos;Etec Antonio de Pádua Cardoso;030;Integrado;Controle e Processos Industriais;Indústria;Mecânica - MTec-PI ;Manhã e Tarde;80;40;2,00;
Franca;Franca;Batatais;Ribeirão Preto/Franca/Barretos;Etec Antonio de Pádua Cardoso;030;Integrado;Gestão e Negócios;Gestão;Recursos Humanos - MTec;Manhã;104;40;2,60;
Franca;Franca;Franca;Ribeirão Preto/Franca/Barretos;Etec Doutor Júlio Cardoso;078;;;;;Tarde;45;40;1,12;
Franca;Franca;Franca;Ribeirão Preto/Franca/Barretos;Etec Doutor Júlio Cardoso;078;Médio;Educação Básica;Educação Básica - Ensino Médio;Ensino Médio com Itinerário Formativo de Ciências Humanas e Sociais Aplicadas;Manhã;185;40;4,62;
Franca;Franca;Franca;Ribeirão Preto/Franca/Barretos;Etec Doutor Júlio Cardoso;078;Técnico;Gestão e Negócios;Gestão;Contabilidade;Noite;69;40;1,72;
Franca;Franca;Franca;Ribeirão Preto/Franca/Barretos;Etec Doutor Júlio Cardoso;078;Técnico;Controle e Processos Industriais;Indústria;Eletroeletrônica;Noite;31;40;0,77;
Franca;Franca;Franca;Ribeirão Preto/Franca/Barretos;Etec Doutor Júlio Cardoso;078;Técnico;Controle e Processos Industriais;Indústria;Eletrotécnica;Noite;61;40;1,52;
Franca;Franca;Franca;Ribeirão Preto/Franca/Barretos;Etec Doutor Júlio Cardoso;078;Técnico;Ambiente e Saúde;Saúde;Enfermagem;Manhã;101;40;2,52;
Franca;Franca;Franca;Ribeirão Preto/Franca/Barretos;Etec Doutor Júlio Cardoso;078;Integrado;Gestão e Negócios;Gestão;Administração - MTec-N;Noite;54;40;1,35;
Franca;Franca;Franca;Ribeirão Preto/Franca/Barretos;Etec Doutor Júlio Cardoso;078;Integrado;Gestão e Negócios;Gestão;Administração - MTec-PI;Manhã e Tarde;89;40;2,22;
Franca;Franca;Franca;Ribeirão Preto/Franca/Barretos;Etec Doutor Júlio Cardoso;078;Integrado;Gestão e Negócios;Gestão;Contabilidade - MTec;Tarde;78;40;1,95;
Franca;Franca;Franca;Ribeirão Preto/Franca/Barretos;Etec Doutor Júlio Cardoso;078;Integrado;Informação e Comunicação;Informática;Desenvolvimento de Sistemas - MTec-PI ;Manhã e Tarde;159;40;3,97;
Franca;Franca;Franca;Ribeirão Preto/Franca/Barretos;Etec Doutor Júlio Cardoso;078;Integrado;Gestão e Negócios;Comércio;Marketing - MTec;Manhã;268;40;6,70;
Franca;Franca;Franca;Ribeirão Preto/Franca/Barretos;Etec Doutor Júlio Cardoso;078;Integrado;Controle e Processos Industriais;Indústria;Mecatrônica - MTec;Tarde;67;40;1,67;
Franca;Franca;Franca;Ribeirão Preto/Franca/Barretos;Etec Doutor Júlio Cardoso;078;Integrado;Gestão e Negócios;Gestão;Recursos Humanos - MTec-N;Noite;21;40;0,52;
Franca;Franca;Franca;Ribeirão Preto/Franca/Barretos;Etec Doutor Júlio Cardoso / Faculdade de Tecnologia Doutor Thomaz Novelino;078/109 - Etec/Fatec;Integrado;Gestão e Negócios;Gestão;Administração - MTec-AMS;Manhã;72;40;1,80;
Franca;Franca;Franca;Ribeirão Preto/Franca/Barretos;Etec Professor Carmelino Correa Júnior;046;Técnico;Recursos Naturais;Agropecuária;Agropecuária;Tarde;45;40;1,12;
Franca;Franca;Franca;Ribeirão Preto/Franca/Barretos;Etec Professor Carmelino Correa Júnior;046;Técnico;Recursos Naturais;Agropecuária;Cafeicultura;Noite;53;40;1,32;
Franca;Franca;Franca;Ribeirão Preto/Franca/Barretos;Etec Professor Carmelino Correa Júnior;046;Integrado;Recursos Naturais;Agropecuária;Agronegócio - MTec-N;Noite;52;40;1,30;
Franca;Franca;Franca;Ribeirão Preto/Franca/Barretos;Etec Professor Carmelino Correa Júnior;046;Integrado;Recursos Naturais;Agropecuária;Agropecuária - MTec;Manhã;177;40;4,42;
Franca;Franca;Franca;Ribeirão Preto/Franca/Barretos;Etec Professor Carmelino Correa Júnior;046;Integrado;Recursos Naturais;Agropecuária;Agropecuária - MTec;Tarde;69;40;1,72;
Franca;Franca;Franca;Ribeirão Preto/Franca/Barretos;Etec Professor Carmelino Correa Júnior;046;Integrado;Produção Industrial;Meio Ambiente;Biotecnologia - MTec-PI;Manhã e Tarde;69;40;1,72;
Franca;Franca;Franca;Ribeirão Preto/Franca/Barretos;Etec Professor Carmelino Correa Júnior;046;Integrado;Produção Industrial;Química;Química - MTec;Manhã;85;40;2,12;
Franca;Franca;Franca;Ribeirão Preto/Franca/Barretos;Etec Professor Carmelino Correa Júnior / Fatec Dr. Thomaz Novelino);046/109 - Etec/Fatec;Integrado;Recursos Naturais;Agropecuária;Agronegócio - MTec-AMS;Manhã;48;40;1,20;
Franca;Franca;Igarapava;Ribeirão Preto/Franca/Barretos;Etec Antonio Junqueira da Veiga;033;Técnico;Gestão e Negócios;Gestão;Recursos Humanos;Noite;62;40;1,55;
Franca;Franca;Igarapava;Ribeirão Preto/Franca/Barretos;Etec Antonio Junqueira da Veiga;033;Integrado;Gestão e Negócios;Gestão;Administração - MTec-N;Noite;69;40;1,72;
Franca;Franca;Igarapava;Ribeirão Preto/Franca/Barretos;Etec Antonio Junqueira da Veiga;033;Integrado;Recursos Naturais;Agropecuária;Agropecuária - MTec-PI;Manhã e Tarde;99;40;2,47;
Franca;Franca;Igarapava;Ribeirão Preto/Franca/Barretos;Etec Antonio Junqueira da Veiga;033;Integrado;Informação e Comunicação;Informática;Informática para Internet - MTec;Tarde;103;40;2,57;
Franca;Franca;Igarapava;Ribeirão Preto/Franca/Barretos;Etec Antonio Junqueira da Veiga;033;Integrado;Ambiente e Saúde;Saúde;Nutrição e Dietética - MTec;Manhã;138;40;3,45;
Franca;Franca;Igarapava;Ribeirão Preto/Franca/Barretos;Etec Antonio Junqueira da Veiga;033;Integrado;Produção Industrial;Química;Química - MTec;Manhã;89;40;2,22;
Franca;Franca;Ituverava;Ribeirão Preto/Franca/Barretos;Etec Professor José Ignácio Azevedo Filho;233;Técnico;Gestão e Negócios;Gestão;Finanças;Noite;67;40;1,67;
Franca;Franca;Ituverava;Ribeirão Preto/Franca/Barretos;Etec Professor José Ignácio Azevedo Filho;233;Técnico;Informação e Comunicação;Informática;Manutenção e Suporte em Informática;Noite;66;40;1,65;
Franca;Franca;Ituverava;Ribeirão Preto/Franca/Barretos;Etec Professor José Ignácio Azevedo Filho;233;Integrado;Gestão e Negócios;Gestão;Administração - MTec-N;Noite;72;40;1,80;
Franca;Franca;Ituverava;Ribeirão Preto/Franca/Barretos;Etec Professor José Ignácio Azevedo Filho;233;Integrado;Informação e Comunicação;Informática;Desenvolvimento de Sistemas - Mtec-N;Noite;70;40;1,75;
Franca;Franca;Ituverava;Ribeirão Preto/Franca/Barretos;Etec Professor José Ignácio Azevedo Filho;233;Integrado;Informação e Comunicação;Informática;Desenvolvimento de Sistemas - MTec-PI ;Manhã e Tarde;140;40;3,50;
Franca;Franca;Ituverava;Ribeirão Preto/Franca/Barretos;Etec Professor José Ignácio Azevedo Filho;233;Integrado;Produção Industrial;Química;Química - MTec-PI;Manhã e Tarde;70;40;1,75;
Franca;Franca;Ituverava;Ribeirão Preto/Franca/Barretos;Etec Professor José Ignácio Azevedo Filho;233;Integrado;Gestão e Negócios;Gestão;Serviços Jurídicos - MTec-PI;Manhã e Tarde;86;40;2,15;
Franca;Franca;Miguelópolis;Ribeirão Preto/Franca/Barretos;Etec Laurindo Alves de Queiroz;079;Técnico;Recursos Naturais;Agropecuária;Agropecuária;Manhã;63;40;1,57;
Franca;Franca;Miguelópolis;Ribeirão Preto/Franca/Barretos;Etec Laurindo Alves de Queiroz;079;Técnico;Informação e Comunicação;Informática;Manutenção e Suporte em Informática;Noite;52;40;1,30;
Franca;Franca;Miguelópolis;Ribeirão Preto/Franca/Barretos;Etec Laurindo Alves de Queiroz;079;Integrado;Gestão e Negócios;Gestão;Administração - MTec-N;Noite;73;40;1,82;
Franca;Franca;Miguelópolis;Ribeirão Preto/Franca/Barretos;Etec Laurindo Alves de Queiroz;079;Integrado;Recursos Naturais;Agropecuária;Agropecuária - MTec-PI;Manhã e Tarde;120;40;3,00;
Franca;Franca;Miguelópolis;Ribeirão Preto/Franca/Barretos;Etec Laurindo Alves de Queiroz;079;Integrado;Gestão e Negócios;Gestão;Serviços Jurídicos - MTec;Manhã;110;40;2,75;
Franca;São Joaquim da Barra;Orlândia;Ribeirão Preto/Franca/Barretos;Etec Professor Alcídio de Souza Prado;025;Técnico;Gestão e Negócios;Gestão;Administração (MNP);Noite;68;40;1,70;
Franca;São Joaquim da Barra;Orlândia;Ribeirão Preto/Franca/Barretos;Etec Professor Alcídio de Souza Prado;025;Técnico;Gestão e Negócios;Gestão;Contabilidade;Noite;72;40;1,80;
Franca;São Joaquim da Barra;Orlândia;Ribeirão Preto/Franca/Barretos;Etec Professor Alcídio de Souza Prado;025;Técnico;Ambiente e Saúde;Saúde;Farmácia;Noite;79;40;1,97;
Franca;São Joaquim da Barra;Orlândia;Ribeirão Preto/Franca/Barretos;Etec Professor Alcídio de Souza Prado;025;Integrado;Gestão e Negócios;Gestão;Administração - MTec;Manhã;302;80;3,77;
Franca;São Joaquim da Barra;Orlândia;Ribeirão Preto/Franca/Barretos;Etec Professor Alcídio de Souza Prado;025;Integrado;Gestão e Negócios;Gestão;Administração - MTec;Tarde;95;40;2,37;
Franca;São Joaquim da Barra;Orlândia;Ribeirão Preto/Franca/Barretos;Etec Professor Alcídio de Souza Prado;025;Integrado;Informação e Comunicação;Informática;Desenvolvimento de Sistemas - MTec;Manhã;193;40;4,82;
Franca;São Joaquim da Barra;Orlândia;Ribeirão Preto/Franca/Barretos;Etec Professor Alcídio de Souza Prado;025;Integrado;Informação e Comunicação;Informática;Desenvolvimento de Sistemas - MTec-PI ;Manhã e Tarde;131;40;3,27;
Franca;São Joaquim da Barra;Orlândia;Ribeirão Preto/Franca/Barretos;Etec Professor Alcídio de Souza Prado;025;Integrado;Informação e Comunicação;Informática;Informática - MTec;Tarde;91;40;2,27;
Franca;São Joaquim da Barra;São Joaquim da Barra;Ribeirão Preto/Franca/Barretos;Etec Pedro Badran;094;Técnico;Gestão e Negócios;Gestão;Administração;Noite;79;40;1,97;
Franca;São Joaquim da Barra;São Joaquim da Barra;Ribeirão Preto/Franca/Barretos;Etec Pedro Badran;094;Técnico;Produção Industrial;Química;Química;Noite;68;40;1,70;
Franca;São Joaquim da Barra;São Joaquim da Barra;Ribeirão Preto/Franca/Barretos;Etec Pedro Badran;094;Técnico;Segurança;Saúde;Segurança do Trabalho;Noite;125;40;3,12;
Franca;São Joaquim da Barra;São Joaquim da Barra;Ribeirão Preto/Franca/Barretos;Etec Pedro Badran;094;Integrado;Gestão e Negócios;Gestão;Administração - MTec;Manhã;264;40;6,60;
Franca;São Joaquim da Barra;São Joaquim da Barra;Ribeirão Preto/Franca/Barretos;Etec Pedro Badran;094;Integrado;Informação e Comunicação;Informática;Desenvolvimento de Sistemas - MTec-PI ;Manhã e Tarde;154;40;3,85;
Franca;São Joaquim da Barra;São Joaquim da Barra;Ribeirão Preto/Franca/Barretos;Etec Pedro Badran;094;Integrado;Controle e Processos Industriais;Indústria;Eletrônica - Mtec-N;Noite;111;40;2,77;
Franca;São Joaquim da Barra;São Joaquim da Barra;Ribeirão Preto/Franca/Barretos;Etec Pedro Badran;094;Integrado;Informação e Comunicação;Informática;Informática para Internet - MTec-N;Noite;107;40;2,67;
Franca;São Joaquim da Barra;São Joaquim da Barra;Ribeirão Preto/Franca/Barretos;Etec Pedro Badran;094;Integrado;Gestão e Negócios;Comércio;Marketing - MTec;Manhã;198;40;4,95;
Franca;São Joaquim da Barra;São Joaquim da Barra;Ribeirão Preto/Franca/Barretos;Etec Pedro Badran;094;Integrado;Ambiente e Saúde;Meio Ambiente;Meio Ambiente - MTec-PI;Manhã e Tarde;166;40;4,15;
Franca;São Joaquim da Barra;São Joaquim da Barra;Ribeirão Preto/Franca/Barretos;Etec Pedro Badran;094;Integrado;Produção Industrial;Química;Química - MTec;Tarde;154;40;3,85;
Itapeva;Itapeva;Apiaí;Itapeva/Registro;Etec de Apiaí;281;Integrado;Gestão e Negócios;Gestão;Administração - MTec-N;Noite;40;35;1,14;
Itapeva;Itapeva;Apiaí;Itapeva/Registro;Etec de Apiaí;281;Integrado;Gestão e Negócios;Gestão;Administração - MTec-PI;Manhã e Tarde;59;35;1,68;
Itapeva;Itapeva;Apiaí;Itapeva/Registro;Etec de Apiaí;281;Integrado;Gestão e Negócios;Gestão;Recursos Humanos - MTec;Manhã;69;35;1,97;
Itapeva;Itapeva;Capão Bonito;Itapeva/Registro;Etec Doutor Celso Charuri;124;Integrado;Gestão e Negócios;Gestão;Administração - MTec;Manhã;162;35;4,62;
Itapeva;Itapeva;Capão Bonito;Itapeva/Registro;Etec Doutor Celso Charuri;124;Integrado;Infraestrutura;Construção Civil;Edificações - Mtec-N;Noite;70;35;2,00;
Itapeva;Itapeva;Capão Bonito;Itapeva/Registro;Etec Doutor Celso Charuri;124;Integrado;Turismo, Hospitalidade e Lazer;Turismo e Hospitalidade;Guia de Turismo - MTec;Manhã;80;35;2,28;
Itapeva;Itapeva;Capão Bonito;Itapeva/Registro;Etec Doutor Celso Charuri;124;Integrado;Gestão e Negócios;Gestão;Serviços Jurídicos - MTec-N;Noite;69;35;1,97;
Itapeva;Itapeva;Itapeva;Itapeva/Registro;Etec Doutor Demétrio Azevedo Júnior;050;;;;;Noite;73;40;1,82;
Itapeva;Itapeva;Itapeva;Itapeva/Registro;Etec Doutor Demétrio Azevedo Júnior;050;Técnico;Informação e Comunicação;Informática;Desenvolvimento de Sistemas;Noite;95;40;2,37;
Itapeva;Itapeva;Itapeva;Itapeva/Registro;Etec Doutor Demétrio Azevedo Júnior;050;Técnico;Infraestrutura;Construção Civil;Edificações (MNP);Noite;64;40;1,60;
Itapeva;Itapeva;Itapeva;Itapeva/Registro;Etec Doutor Demétrio Azevedo Júnior;050;Técnico;Controle e Processos Industriais;Indústria;Eletroeletrônica;Noite;125;40;3,12;
Itapeva;Itapeva;Itapeva;Itapeva/Registro;Etec Doutor Demétrio Azevedo Júnior;050;Técnico;Produção Industrial;Química;Química (MNP);Noite;76;40;1,90;
Itapeva;Itapeva;Itapeva;Itapeva/Registro;Etec Doutor Demétrio Azevedo Júnior;050;Integrado;Gestão e Negócios;Gestão;Administração - MTec;Tarde;122;40;3,05;
Itapeva;Itapeva;Itapeva;Itapeva/Registro;Etec Doutor Demétrio Azevedo Júnior;050;Integrado;Informação e Comunicação;Informática;Desenvolvimento de Sistemas - MTec;Manhã;192;40;4,80;
Itapeva;Itapeva;Itapeva;Itapeva/Registro;Etec Doutor Demétrio Azevedo Júnior;050;Integrado;Infraestrutura;Construção Civil;Edificações - MTec;Tarde;94;40;2,35;
Itapeva;Itapeva;Itapeva;Itapeva/Registro;Etec Doutor Demétrio Azevedo Júnior;050;Integrado;Recursos Naturais;Mineração;Mineração - MTec-N;Noite;80;40;2,00;
Itapeva;Itapeva;Itapeva;Itapeva/Registro;Etec Doutor Demétrio Azevedo Júnior;050;Integrado;Ambiente e Saúde;Saúde;Nutrição e Dietética - MTec;Tarde;131;40;3,27;
Itapeva;Itapeva;Itapeva;Itapeva/Registro;Etec Doutor Demétrio Azevedo Júnior;050;Integrado;Produção Industrial;Química;Química - MTec;Manhã;113;40;2,82;
Itapeva;Itapeva;Itapeva;Itapeva/Registro;Etec Doutor Demétrio Azevedo Júnior;050;Integrado;Gestão e Negócios;Gestão;Recursos Humanos - MTec-N;Noite;71;40;1,77;
Itapeva;Itapeva;Itapeva;Itapeva/Registro;Etec Doutor Demétrio Azevedo Júnior;050;Integrado;Gestão e Negócios;Gestão;Serviços Jurídicos - MTec;Manhã;181;40;4,52;
Itapeva;Itapeva;Itararé;Itapeva/Registro;Etec de Itararé;243;Integrado;Gestão e Negócios;Gestão;Administração - MTec-N;Noite;55;40;1,37;
Itapeva;Itapeva;Itararé;Itapeva/Registro;Etec de Itararé;243;Integrado;Gestão e Negócios;Gestão;Administração - MTec-PI;Manhã e Tarde;93;40;2,32;
Itapeva;Itapeva;Itararé;Itapeva/Registro;Etec de Itararé;243;Integrado;Gestão e Negócios;Gestão;Serviços Jurídicos - MTec-N;Noite;62;40;1,55;
Itapeva;Itapeva;Itararé;Itapeva/Registro;Etec de Itararé;243;Integrado;Gestão e Negócios;Gestão;Serviços Jurídicos - MTec-PI;Manhã e Tarde;76;40;1,90;
Itapeva;Itapeva;Piraju;Itapeva/Registro;Etec Waldyr Duron Junior;162;Técnico;Controle e Processos Industriais;Indústria;Eletrotécnica;Noite;60;40;1,50;
Itapeva;Itapeva;Piraju;Itapeva/Registro;Etec Waldyr Duron Junior;162;Integrado;Gestão e Negócios;Gestão;Administração - MTec;Manhã;63;40;1,57;
Itapeva;Itapeva;Piraju;Itapeva/Registro;Etec Waldyr Duron Junior;162;Integrado;Informação e Comunicação;Informática;Desenvolvimento de Sistemas - MTec;Manhã;71;40;1,77;
Itapeva;Itapeva;Taquarituba;Itapeva/Registro;Etec Professora Terezinha Monteiro dos Santos;140;Técnico;Recursos Naturais;Agropecuária;Agronegócio;Noite;56;40;1,40;
Itapeva;Itapeva;Taquarituba;Itapeva/Registro;Etec Professora Terezinha Monteiro dos Santos;140;Integrado;Gestão e Negócios;Gestão;Administração - MTec-PI;Manhã e Tarde;175;35;5,00;
Itapeva;Itapeva;Taquarituba;Itapeva/Registro;Etec Professora Terezinha Monteiro dos Santos;140;Integrado;Informação e Comunicação;Informática;Desenvolvimento de Sistemas - MTec-PI ;Manhã e Tarde;127;35;3,62;
Itapeva;Itapeva;Taquarituba;Itapeva/Registro;Etec Professora Terezinha Monteiro dos Santos;140;Integrado;Gestão e Negócios;Gestão;Marketing - MTec-PI;Manhã e Tarde;125;35;3,57;
Itapeva;Itapeva;Taquarituba;Itapeva/Registro;Etec Professora Terezinha Monteiro dos Santos;140;Integrado;Gestão e Negócios;Gestão;Recursos Humanos - MTec-N;Noite;43;35;1,22;
Itapeva;Itapeva;Taquarituba;Itapeva/Registro;Etec Professora Terezinha Monteiro dos Santos;140;Especialização;Gestão e Negócios;Gestão;Cálculos Trabalhistas;Noite;26;40;0,65;
Itapeva;Itapeva;Taquarivaí;Itapeva/Registro;Etec Doutor Dário Pacheco Pedroso;049;Técnico;Recursos Naturais;Agropecuária;Agronegócio;Noite;55;40;1,37;
Itapeva;Itapeva;Taquarivaí;Itapeva/Registro;Etec Doutor Dário Pacheco Pedroso;049;Técnico;Recursos Naturais;Agropecuária;Florestas;Noite;36;40;0,90;
Itapeva;Itapeva;Taquarivaí;Itapeva/Registro;Etec Doutor Dário Pacheco Pedroso;049;Integrado;Recursos Naturais;Agropecuária;Agronegócio - MTec-PI;Manhã e Tarde;80;40;2,00;
Itapeva;Itapeva;Taquarivaí;Itapeva/Registro;Etec Doutor Dário Pacheco Pedroso;049;Integrado;Recursos Naturais;Agropecuária;Agropecuária - MTec-PI;Manhã e Tarde;113;40;2,82;
Marília;Assis;Assis;Marília/Presidente Prudente;Etec Pedro D'Arcádia Neto;095;Técnico;Gestão e Negócios;Gestão;Administração;Noite;101;40;2,52;
Marília;Assis;Assis;Marília/Presidente Prudente;Etec Pedro D'Arcádia Neto;095;Técnico;Gestão e Negócios;Gestão;Contabilidade;Noite;78;40;1,95;
Marília;Assis;Assis;Marília/Presidente Prudente;Etec Pedro D'Arcádia Neto;095;Técnico;Informação e Comunicação;Informática;Desenvolvimento de Sistemas;Noite;85;40;2,12;
Marília;Assis;Assis;Marília/Presidente Prudente;Etec Pedro D'Arcádia Neto;095;Técnico;Ambiente e Saúde;Saúde;Enfermagem;Manhã;83;40;2,07;
Marília;Assis;Assis;Marília/Presidente Prudente;Etec Pedro D'Arcádia Neto;095;Técnico;Controle e Processos Industriais;Indústria;Mecânica;Noite;77;40;1,92;
Marília;Assis;Assis;Marília/Presidente Prudente;Etec Pedro D'Arcádia Neto;095;Técnico;Produção Industrial;Química;Química;Noite;50;30;1,66;
Marília;Assis;Assis;Marília/Presidente Prudente;Etec Pedro D'Arcádia Neto;095;Integrado;Gestão e Negócios;Gestão;Administração - MTec;Manhã;285;40;7,12;
Marília;Assis;Assis;Marília/Presidente Prudente;Etec Pedro D'Arcádia Neto;095;Integrado;Controle e Processos Industriais;Indústria;Mecânica - MTec;Manhã;126;40;3,15;
Marília;Assis;Assis;Marília/Presidente Prudente;Etec Pedro D'Arcádia Neto;095;Integrado;Produção Industrial;Química;Química - MTec;Manhã;120;40;3,00;
Marília;Assis;Cândido Mota;Marília/Presidente Prudente;Etec Professor Luiz Pires Barbosa;081;Médio;Educação Básica;Educação Básica - Ensino Médio;Ensino Médio com Itinerário Formativo de Ciências Humanas e Sociais Aplicadas;Manhã;125;40;3,12;
Marília;Assis;Cândido Mota;Marília/Presidente Prudente;Etec Professor Luiz Pires Barbosa;081;Técnico;Gestão e Negócios;Gestão;Administração;Noite;73;40;1,82;
Marília;Assis;Cândido Mota;Marília/Presidente Prudente;Etec Professor Luiz Pires Barbosa;081;Técnico;Recursos Naturais;Agropecuária;Agronegócio;Noite;49;40;1,22;
Marília;Assis;Cândido Mota;Marília/Presidente Prudente;Etec Professor Luiz Pires Barbosa;081;Técnico;Informação e Comunicação;Informática;Informática;Noite;74;40;1,85;
Marília;Assis;Cândido Mota;Marília/Presidente Prudente;Etec Professor Luiz Pires Barbosa;081;Integrado;Produção Industrial;Indústria;Açúcar e Álcool - MTec-N;Noite;63;40;1,57;
Marília;Assis;Cândido Mota;Marília/Presidente Prudente;Etec Professor Luiz Pires Barbosa;081;Integrado;Recursos Naturais;Agropecuária;Agropecuária - MTec-PI;Manhã e Tarde;138;80;1,72;
Marília;Assis;Palmital;Marília/Presidente Prudente;Etec Professor Mário Antônio Verza;164;Técnico;Gestão e Negócios;Gestão;Administração;Noite;66;40;1,65;
Marília;Assis;Palmital;Marília/Presidente Prudente;Etec Professor Mário Antônio Verza;164;Técnico;Ambiente e Saúde;Saúde;Enfermagem;Noite;71;40;1,77;
Marília;Assis;Palmital;Marília/Presidente Prudente;Etec Professor Mário Antônio Verza;164;Técnico;Informação e Comunicação;Informática;Informática para Internet;Noite;74;40;1,85;
Marília;Assis;Palmital;Marília/Presidente Prudente;Etec Professor Mário Antônio Verza;164;Integrado;Gestão e Negócios;Gestão;Administração - MTec-PI;Manhã e Tarde;68;40;1,70;
Marília;Assis;Palmital;Marília/Presidente Prudente;Etec Professor Mário Antônio Verza;164;Integrado;Informação e Comunicação;Informática;Informática para Internet - MTec-PI;Manhã e Tarde;70;40;1,75;
Marília;Assis;Paraguaçu Paulista;Marília/Presidente Prudente;Etec Augusto Tortolero Araújo;039;Médio;Educação Básica;Educação Básica - Ensino Médio;Ensino Médio com Itinerário Formativo de Linguagens e suas Tecnologias;Manhã;103;40;2,57;
Marília;Assis;Paraguaçu Paulista;Marília/Presidente Prudente;Etec Augusto Tortolero Araújo;039;Técnico;Gestão e Negócios;Gestão;Administração;Noite;82;40;2,04;
Marília;Assis;Paraguaçu Paulista;Marília/Presidente Prudente;Etec Augusto Tortolero Araújo;039;Técnico;Produção Alimentícia;Agropecuária;Agroindústria;Noite;67;40;1,67;
Marília;Assis;Paraguaçu Paulista;Marília/Presidente Prudente;Etec Augusto Tortolero Araújo;039;Integrado;Recursos Naturais;Agropecuária;Agropecuária - MTec-PI;Manhã e Tarde;114;40;2,85;
Marília;Assis;Paraguaçu Paulista;Marília/Presidente Prudente;Etec Augusto Tortolero Araújo;039;Integrado;Produção Alimentícia;Química;Alimentos - MTec ;Tarde;90;40;2,25;
Marília;Assis;Tarumã;Marília/Presidente Prudente;Etec Pedro D\'Arcádia Neto (Polo Universitário Odila Guedes Ribeiro - Tarumã);095.3 - Cd_Cps;Técnico;Produção Industrial;Química;Açúcar e Álcool;Noite;61;40;1,52;
Marília;Marilia;Garça;Marília/Presidente Prudente;Etec Deputado Paulo Ornellas Carvalho de Barros;093;Médio;Educação Básica;Educação Básica - Ensino Médio;Ensino Médio com Itinerário Formativo de Ciências da Natureza e suas Tecnologias;Manhã;52;35;1,48;
Marília;Marilia;Garça;Marília/Presidente Prudente;Etec Deputado Paulo Ornellas Carvalho de Barros;093;Técnico;Recursos Naturais;Agropecuária;Cafeicultura;Noite;52;35;1,48;
Marília;Marilia;Garça;Marília/Presidente Prudente;Etec Deputado Paulo Ornellas Carvalho de Barros;093;Técnico;Turismo, Hospitalidade e Lazer;Turismo e Hospitalidade;Gastronomia (MNP);Noite;75;35;2,14;
Marília;Marilia;Garça;Marília/Presidente Prudente;Etec Deputado Paulo Ornellas Carvalho de Barros;093;Técnico;Produção Industrial;Química;Química (MNP);Noite;52;35;1,48;
Marília;Marilia;Garça;Marília/Presidente Prudente;Etec Deputado Paulo Ornellas Carvalho de Barros;093;Integrado;Recursos Naturais;Agropecuária;Agropecuária - MTec-PI;Manhã e Tarde;69;35;1,97;
Marília;Marilia;Garça;Marília/Presidente Prudente;Etec Monsenhor Antônio Magliano;088;Médio;Educação Básica;Educação Básica - Ensino Médio;Ensino Médio com Itinerário Formativo de Linguagens e suas Tecnologias;Manhã;98;40;2,45;
Marília;Marilia;Garça;Marília/Presidente Prudente;Etec Monsenhor Antônio Magliano;088;Técnico;Gestão e Negócios;Gestão;Administração;Noite;59;40;1,47;
Marília;Marilia;Garça;Marília/Presidente Prudente;Etec Monsenhor Antônio Magliano;088;Técnico;Ambiente e Saúde;Saúde;Enfermagem;Noite;86;40;2,15;
Marília;Marilia;Garça;Marília/Presidente Prudente;Etec Monsenhor Antônio Magliano;088;Técnico;Informação e Comunicação;Informática;Informática;Noite;71;40;1,77;
Marília;Marilia;Garça;Marília/Presidente Prudente;Etec Monsenhor Antônio Magliano;088;Técnico;Controle e Processos Industriais;Indústria;Mecatrônica;Noite;67;40;1,67;
Marília;Marilia;Garça;Marília/Presidente Prudente;Etec Monsenhor Antônio Magliano;088;Técnico;Segurança;Saúde;Segurança do Trabalho;Noite;66;40;1,65;
Marília;Marilia;Garça;Marília/Presidente Prudente;Etec Monsenhor Antônio Magliano;088;Integrado;Informação e Comunicação;Informática;Desenvolvimento de Sistemas - MTec-PI ;Manhã e Tarde;130;40;3,25;
Marília;Marilia;Garça;Marília/Presidente Prudente;Etec Monsenhor Antônio Magliano;088;Integrado;Controle e Processos Industriais;Indústria;Eletrônica - Mtec-N;Noite;52;40;1,30;
Marília;Marilia;Garça;Marília/Presidente Prudente;Etec Monsenhor Antônio Magliano;088;Integrado;Controle e Processos Industriais;Indústria;Mecatrônica - MTec-PI;Manhã e Tarde;75;40;1,87;
Marília;Marilia;Garça;Marília/Presidente Prudente;Etec Monsenhor Antônio Magliano / Fatec Deputado Julio Julinho Marcondes de Moura;088/119 - Etec/Fatec;Integrado;Informação e Comunicação;Informática;Desenvolvimento de Sistemas - MTec-AMS;Tarde;84;40;2,10;
Marília;Marilia;Marília;Marília/Presidente Prudente;Etec Antonio Devisate;031;Técnico;Gestão e Negócios;Gestão;Administração;Noite;53;40;1,32;
Marília;Marilia;Marília;Marília/Presidente Prudente;Etec Antonio Devisate;031;Técnico;Informação e Comunicação;Informática;Desenvolvimento de Sistemas;Noite;63;40;1,57;
Marília;Marilia;Marília;Marília/Presidente Prudente;Etec Antonio Devisate;031;Técnico;Ambiente e Saúde;Saúde;Enfermagem;Tarde;50;40;1,25;
Marília;Marilia;Marília;Marília/Presidente Prudente;Etec Antonio Devisate;031;Técnico;Segurança;Saúde;Segurança do Trabalho;Noite;45;40;1,12;
Marília;Marilia;Marília;Marília/Presidente Prudente;Etec Antonio Devisate;031;Integrado;Gestão e Negócios;Gestão;Administração - MTec-PI;Manhã e Tarde;209;40;5,22;
Marília;Marilia;Marília;Marília/Presidente Prudente;Etec Antonio Devisate;031;Integrado;Gestão e Negócios;Gestão;Contabilidade - MTec-N;Noite;30;40;0,75;
Marília;Marilia;Marília;Marília/Presidente Prudente;Etec Antonio Devisate;031;Integrado;Informação e Comunicação;Informática;Desenvolvimento de Sistemas - MTec-PI ;Manhã e Tarde;273;40;6,82;
Marília;Marilia;Marília;Marília/Presidente Prudente;Etec Antonio Devisate (EE Monsenhor Bicudo);031.01 - Ext/Etec;Técnico;Gestão e Negócios;Gestão;Logística;Noite;52;40;1,30;
Marília;Marilia;Marília;Marília/Presidente Prudente;Etec Antonio Devisate (EE Monsenhor Bicudo);031.01 - Ext/Etec;Integrado;Gestão e Negócios;Gestão;Serviços Jurídicos - MTec-N;Noite;27;40;0,67;
Marília;Marilia;Pompéia;Marília/Presidente Prudente;Etec Antonio Devisate (EE Cultura  e Liberdade);031.03 - Ext/Etec;Técnico;Gestão e Negócios;Gestão;Administração;Noite;33;40;0,82;
Marília;Marilia;Vera Cruz;Marília/Presidente Prudente;Etec Paulo Guerreiro Franco;092;Integrado;Gestão e Negócios;Gestão;Administração - MTec-N;Noite;26;40;0,65;
Marília;Marilia;Vera Cruz;Marília/Presidente Prudente;Etec Paulo Guerreiro Franco;092;Integrado;Recursos Naturais;Agropecuária;Agropecuária - MTec-PI;Manhã e Tarde;107;40;2,67;
Marília;Ourinhos;Bernardino de Campos;Marília/Presidente Prudente;Etec Orlando Quagliato (EMEF Dr. Antonio Carlos de Abreu Sodré - Bernardino de Campos);084.1 - Cd_Cps;Técnico;Gestão e Negócios;Gestão;Administração;Noite;68;40;1,70;
Marília;Ourinhos;Canitar;Marília/Presidente Prudente;Etec Professor Pedro Leme Brisolla Sobrinho (EMEF Luiz Gimenez - Canitar);097.2 - Cd_Cps;Integrado;Gestão e Negócios;Gestão;Administração - MTec-N;Noite;47;30;1,56;
Marília;Ourinhos;Chavantes;Marília/Presidente Prudente;Etec Professor Pedro Leme Brisolla Sobrinho (EMEF Olegário Bueno - Chavantes);097.1 - Cd_Cps;Técnico;Gestão e Negócios;Comércio;Marketing;Noite;49;30;1,63;
Marília;Ourinhos;Ipaussu;Marília/Presidente Prudente;Etec Professor Pedro Leme Brisolla Sobrinho;097;Médio;Educação Básica;Educação Básica - Ensino Médio;Ensino Médio com Itinerário Formativo de Ciências Humanas e Sociais Aplicadas;Manhã;80;40;2,00;
Marília;Ourinhos;Ipaussu;Marília/Presidente Prudente;Etec Professor Pedro Leme Brisolla Sobrinho;097;Integrado;Gestão e Negócios;Gestão;Administração - MTec-PI;Manhã e Tarde;112;40;2,80;
Marília;Ourinhos;Ipaussu;Marília/Presidente Prudente;Etec Professor Pedro Leme Brisolla Sobrinho;097;Integrado;Informação e Comunicação;Informática;Desenvolvimento de Sistemas - MTec;Manhã;136;40;3,40;
Marília;Ourinhos;Ourinhos;Marília/Presidente Prudente;Etec Jacinto Ferreira de Sá;066;Médio;Educação Básica;Educação Básica - Ensino Médio;Ensino Médio com Itinerário Formativo de Ciências Humanas e Sociais Aplicadas;Manhã;131;40;3,27;
Marília;Ourinhos;Ourinhos;Marília/Presidente Prudente;Etec Jacinto Ferreira de Sá;066;Médio;Educação Básica;Educação Básica - Ensino Médio;Ensino Médio com Itinerário Formativo de Linguagens e suas Tecnologias;Manhã;141;40;3,52;
Marília;Ourinhos;Ourinhos;Marília/Presidente Prudente;Etec Jacinto Ferreira de Sá;066;Técnico;Infraestrutura;Construção Civil;Desenho de Construção Civil;Noite;57;40;1,42;
Marília;Ourinhos;Ourinhos;Marília/Presidente Prudente;Etec Jacinto Ferreira de Sá;066;Técnico;Controle e Processos Industriais;Indústria;Eletroeletrônica;Noite;65;40;1,62;
Marília;Ourinhos;Ourinhos;Marília/Presidente Prudente;Etec Jacinto Ferreira de Sá;066;Técnico;Ambiente e Saúde;Saúde;Enfermagem;Tarde;51;40;1,27;
Marília;Ourinhos;Ourinhos;Marília/Presidente Prudente;Etec Jacinto Ferreira de Sá;066;Técnico;Controle e Processos Industriais;Indústria;Mecânica;Noite;67;40;1,67;
Marília;Ourinhos;Ourinhos;Marília/Presidente Prudente;Etec Jacinto Ferreira de Sá;066;Técnico;Produção Cultural e Design;Artes;Regência;Noite;33;40;0,82;
Marília;Ourinhos;Ourinhos;Marília/Presidente Prudente;Etec Jacinto Ferreira de Sá;066;Integrado;Controle e Processos Industriais;Indústria;Automação Industrial - MTec;Tarde;58;40;1,45;
Marília;Ourinhos;Ourinhos;Marília/Presidente Prudente;Etec Jacinto Ferreira de Sá;066;Integrado;Infraestrutura;Construção Civil;Edificações - MTec-PI;Manhã e Tarde;106;40;2,65;
Marília;Ourinhos;Ourinhos;Marília/Presidente Prudente;Etec Jacinto Ferreira de Sá;066;Integrado;Controle e Processos Industriais;Indústria;Mecânica - MTec;Tarde;59;40;1,47;
Marília;Ourinhos;Ourinhos;Marília/Presidente Prudente;Etec Jacinto Ferreira de Sá (EE Virginia Ramalho);066.01 - Ext/Etec;Técnico;Gestão e Negócios;Gestão;Contabilidade;Noite;63;40;1,57;
Marília;Ourinhos;Ourinhos;Marília/Presidente Prudente;Etec Jacinto Ferreira de Sá (EE Virginia Ramalho);066.01 - Ext/Etec;Técnico;Gestão e Negócios;Gestão;Logística;Noite;53;40;1,32;
Marília;Ourinhos;Ourinhos;Marília/Presidente Prudente;Etec Jacinto Ferreira de Sá / Fatec de Ourinhos;066/021 - Etec/Fatec;Integrado;Informação e Comunicação;Informática;Desenvolvimento de Sistemas - MTec-AMS;Tarde;132;40;3,30;
Marília;Ourinhos;Santa Cruz do Rio Pardo;Marília/Presidente Prudente;Etec Orlando Quagliato;084;Médio;Educação Básica;Educação Básica - Ensino Médio;Ensino Médio com Itinerário Formativo de Ciências Humanas e Sociais Aplicadas;Manhã;128;30;4,26;
Marília;Ourinhos;Santa Cruz do Rio Pardo;Marília/Presidente Prudente;Etec Orlando Quagliato;084;Técnico;Informação e Comunicação;Informática;Desenvolvimento de Sistemas;Noite;59;40;1,47;
Marília;Ourinhos;Santa Cruz do Rio Pardo;Marília/Presidente Prudente;Etec Orlando Quagliato;084;Técnico;Ambiente e Saúde;Saúde;Enfermagem;Noite;75;40;1,87;
Marília;Ourinhos;Santa Cruz do Rio Pardo;Marília/Presidente Prudente;Etec Orlando Quagliato;084;Integrado;Gestão e Negócios;Gestão;Administração - MTec-N;Noite;44;40;1,10;
Marília;Ourinhos;Santa Cruz do Rio Pardo;Marília/Presidente Prudente;Etec Orlando Quagliato;084;Integrado;Recursos Naturais;Agropecuária;Agropecuária - MTec-PI;Manhã e Tarde;140;80;1,75;
Marília;Ourinhos;Santa Cruz do Rio Pardo;Marília/Presidente Prudente;Etec Orlando Quagliato;084;Integrado;Informação e Comunicação;Informática;Informática para Internet - MTec-PI;Manhã e Tarde;109;30;3,63;
Marília;Tupã;Bastos;Marília/Presidente Prudente;Etec Engenheiro Herval Bellusci (EE Águia de Haia);063.01 - Ext/Etec;Técnico;Gestão e Negócios;Gestão;Administração;Noite;61;40;1,52;
Marília;Tupã;Bastos;Marília/Presidente Prudente;Etec Engenheiro Herval Bellusci (EE Águia de Haia);063.01 - Ext/Etec;Técnico;Gestão e Negócios;Gestão;Logística;Noite;63;40;1,57;
Marília;Tupã;Bastos;Marília/Presidente Prudente;Etec Engenheiro Herval Bellusci (EMEF Dr. Irineu Buller Almeida - Bastos);063.3 - Cd_Cps;Integrado;Gestão e Negócios;Gestão;Administração - MTec-N;Noite;54;35;1,54;
Marília;Tupã;Parapuã;Marília/Presidente Prudente;Etec Amim Jundi (EMEF Profª Zizi Pereira de Souza - Parapuã);027.2 - Cd_Cps;Técnico;Gestão e Negócios;Comércio;Marketing;Noite;65;40;1,62;
Marília;Tupã;Quatá;Marília/Presidente Prudente;Etec Doutor Luiz Cesar Couto;080;Técnico;Produção Industrial;Química;Química;Noite;45;40;1,12;
Marília;Tupã;Quatá;Marília/Presidente Prudente;Etec Doutor Luiz Cesar Couto;080;Técnico;Segurança;Saúde;Segurança do Trabalho;Noite;49;40;1,22;
Marília;Tupã;Quatá;Marília/Presidente Prudente;Etec Doutor Luiz Cesar Couto;080;Integrado;Recursos Naturais;Agropecuária;Agropecuária - MTec;Manhã;110;35;3,14;
Marília;Tupã;Quatá;Marília/Presidente Prudente;Etec Doutor Luiz Cesar Couto;080;Integrado;Informação e Comunicação;Informática;Desenvolvimento de Sistemas - Mtec-N;Noite;40;35;1,14;
Marília;Tupã;Quatá;Marília/Presidente Prudente;Etec Doutor Luiz Cesar Couto;080;Integrado;Ambiente e Saúde;Meio Ambiente;Meio Ambiente - MTec;Manhã;63;35;1,80;
Marília;Tupã;Tupã;Marília/Presidente Prudente;Etec Professor Massuyuki Kawano;136;Médio;Educação Básica;Educação Básica - Ensino Médio;Ensino Médio com Itinerário Formativo de Ciências da Natureza e suas Tecnologias;Manhã;232;40;5,80;
Marília;Tupã;Tupã;Marília/Presidente Prudente;Etec Professor Massuyuki Kawano;136;Médio;Educação Básica;Educação Básica - Ensino Médio;Ensino Médio com Itinerário Formativo de Linguagens e suas Tecnologias;Manhã;152;40;3,80;
Marília;Tupã;Tupã;Marília/Presidente Prudente;Etec Professor Massuyuki Kawano;136;Médio;Educação Básica;Educação Básica - Ensino Médio;Ensino Médio com Itinerário Formativo de Matemática e suas Tecnologias;Manhã;120;40;3,00;
Marília;Tupã;Tupã;Marília/Presidente Prudente;Etec Professor Massuyuki Kawano;136;Técnico;Gestão e Negócios;Gestão;Administração;Noite;88;40;2,20;
Marília;Tupã;Tupã;Marília/Presidente Prudente;Etec Professor Massuyuki Kawano;136;Técnico;Gestão e Negócios;Gestão;Contabilidade;Noite;64;40;1,60;
Marília;Tupã;Tupã;Marília/Presidente Prudente;Etec Professor Massuyuki Kawano;136;Técnico;Infraestrutura;Construção Civil;Desenho de Construção Civil;Noite;62;40;1,55;
Marília;Tupã;Tupã;Marília/Presidente Prudente;Etec Professor Massuyuki Kawano;136;Técnico;Informação e Comunicação;Informática;Desenvolvimento de Sistemas;Noite;107;40;2,67;
Marília;Tupã;Tupã;Marília/Presidente Prudente;Etec Professor Massuyuki Kawano;136;Técnico;Ambiente e Saúde;Saúde;Enfermagem;Noite;141;40;3,52;
Marília;Tupã;Tupã;Marília/Presidente Prudente;Etec Professor Massuyuki Kawano;136;Técnico;Ambiente e Saúde;Saúde;Farmácia;Noite;73;40;1,82;
Marília;Tupã;Tupã;Marília/Presidente Prudente;Etec Professor Massuyuki Kawano;136;Integrado;Gestão e Negócios;Gestão;Administração - MTec;Manhã;152;40;3,80;
Marília;Tupã;Tupã;Marília/Presidente Prudente;Etec Professor Massuyuki Kawano;136;Integrado;Informação e Comunicação;Informática;Desenvolvimento de Sistemas - MTec-PI ;Manhã e Tarde;152;40;3,80;
Metropolitana da Baixada Santista;Metropolitana da Baixada Santista;Bertioga;Grande São Paulo Sul/Baixada Santista;Etec Alberto Santos Dumont (EM José de Oliveira Santos - Bertioga);152.1 - Cd_Cps;Integrado;Gestão e Negócios;Gestão;Administração - MTec-N;Noite;62;40;1,55;
Metropolitana da Baixada Santista;Metropolitana da Baixada Santista;Cubatão;Grande São Paulo Sul/Baixada Santista;Etec de Cubatão;181;Técnico;Informação e Comunicação;Informática;Informática;Noite;82;40;2,04;
Metropolitana da Baixada Santista;Metropolitana da Baixada Santista;Cubatão;Grande São Paulo Sul/Baixada Santista;Etec de Cubatão;181;Técnico;Gestão e Negócios;Gestão;Logística;Noite;110;40;2,75;
Metropolitana da Baixada Santista;Metropolitana da Baixada Santista;Cubatão;Grande São Paulo Sul/Baixada Santista;Etec de Cubatão;181;Integrado;Gestão e Negócios;Gestão;Administração - MTec;Manhã;219;40;5,47;
Metropolitana da Baixada Santista;Metropolitana da Baixada Santista;Cubatão;Grande São Paulo Sul/Baixada Santista;Etec de Cubatão;181;Integrado;Informação e Comunicação;Informática;Informática - MTec;Tarde;196;40;4,90;
Metropolitana da Baixada Santista;Metropolitana da Baixada Santista;Cubatão;Grande São Paulo Sul/Baixada Santista;Etec de Cubatão;181;Integrado;Gestão e Negócios;Gestão;Logística - MTec;Manhã;202;40;5,05;
Metropolitana da Baixada Santista;Metropolitana da Baixada Santista;Cubatão;Grande São Paulo Sul/Baixada Santista;Etec de Cubatão;181;Integrado;Ambiente e Saúde;Meio Ambiente;Meio Ambiente - MTec;Manhã;97;40;2,42;
Metropolitana da Baixada Santista;Metropolitana da Baixada Santista;Cubatão;Grande São Paulo Sul/Baixada Santista;Etec de Cubatão;181;Integrado;Gestão e Negócios;Gestão;Recursos Humanos - MTec;Tarde;89;40;2,22;
Metropolitana da Baixada Santista;Metropolitana da Baixada Santista;Cubatão;Grande São Paulo Sul/Baixada Santista;Etec de Cubatão (EE Afonso Schimidt);181.01 - Ext/Etec;Técnico;Gestão e Negócios;Gestão;Administração;Noite;92;40;2,29;
Metropolitana da Baixada Santista;Metropolitana da Baixada Santista;Guarujá;Grande São Paulo Sul/Baixada Santista;Etec Alberto Santos Dumont;152;;;;;Noite;177;40;4,42;
Metropolitana da Baixada Santista;Metropolitana da Baixada Santista;Guarujá;Grande São Paulo Sul/Baixada Santista;Etec Alberto Santos Dumont;152;Médio;Educação Básica;Educação Básica - Ensino Médio;Ensino Médio com Itinerário Formativo de Ciências da Natureza e suas Tecnologias;Manhã;186;40;4,65;
Metropolitana da Baixada Santista;Metropolitana da Baixada Santista;Guarujá;Grande São Paulo Sul/Baixada Santista;Etec Alberto Santos Dumont;152;Médio;Educação Básica;Educação Básica - Ensino Médio;Ensino Médio com Itinerário Formativo de Ciências Humanas e Sociais Aplicadas;Manhã;199;40;4,97;
Metropolitana da Baixada Santista;Metropolitana da Baixada Santista;Guarujá;Grande São Paulo Sul/Baixada Santista;Etec Alberto Santos Dumont;152;Médio;Educação Básica;Educação Básica - Ensino Médio;Ensino Médio com Itinerário Formativo de Matemática e suas Tecnologias;Manhã;130;40;3,25;
Metropolitana da Baixada Santista;Metropolitana da Baixada Santista;Guarujá;Grande São Paulo Sul/Baixada Santista;Etec Alberto Santos Dumont;152;Integrado;Turismo, Hospitalidade e Lazer;Lazer e Desenvolvimento Social;Eventos - MTec;Tarde;88;40;2,20;
Metropolitana da Baixada Santista;Metropolitana da Baixada Santista;Guarujá;Grande São Paulo Sul/Baixada Santista;Etec Alberto Santos Dumont;152;Integrado;Turismo, Hospitalidade e Lazer;Turismo e Hospitalidade;Gastronomia - MTec-N;Noite;58;40;1,45;
Metropolitana da Baixada Santista;Metropolitana da Baixada Santista;Guarujá;Grande São Paulo Sul/Baixada Santista;Etec Alberto Santos Dumont;152;Integrado;Turismo, Hospitalidade e Lazer;Turismo e Hospitalidade;Guia de Turismo - MTec;Tarde;82;40;2,04;
Metropolitana da Baixada Santista;Metropolitana da Baixada Santista;Guarujá;Grande São Paulo Sul/Baixada Santista;Etec Alberto Santos Dumont;152;Integrado;Gestão e Negócios;Gestão;Logística - Mtec-N;Noite;161;40;4,02;
Metropolitana da Baixada Santista;Metropolitana da Baixada Santista;Guarujá;Grande São Paulo Sul/Baixada Santista;Etec Alberto Santos Dumont;152;Integrado;Gestão e Negócios;Gestão;Secretariado - MTec;Tarde;137;40;3,42;
Metropolitana da Baixada Santista;Metropolitana da Baixada Santista;Itanhaém;Grande São Paulo Sul/Baixada Santista;Etec de Itanhaém;158;Técnico;Ambiente e Saúde;Saúde;Farmácia;Noite;132;40;3,30;
Metropolitana da Baixada Santista;Metropolitana da Baixada Santista;Itanhaém;Grande São Paulo Sul/Baixada Santista;Etec de Itanhaém;158;Integrado;Gestão e Negócios;Gestão;Administração - MTec-N;Noite;46;40;1,14;
Metropolitana da Baixada Santista;Metropolitana da Baixada Santista;Itanhaém;Grande São Paulo Sul/Baixada Santista;Etec de Itanhaém;158;Integrado;Gestão e Negócios;Gestão;Administração - MTec-PI;Manhã e Tarde;171;40;4,27;
Metropolitana da Baixada Santista;Metropolitana da Baixada Santista;Itanhaém;Grande São Paulo Sul/Baixada Santista;Etec de Itanhaém;158;Integrado;Informação e Comunicação;Informática;Desenvolvimento de Sistemas - Mtec-N;Noite;62;40;1,55;
Metropolitana da Baixada Santista;Metropolitana da Baixada Santista;Itanhaém;Grande São Paulo Sul/Baixada Santista;Etec de Itanhaém;158;Integrado;Informação e Comunicação;Informática;Informática para Internet - MTec-PI;Manhã e Tarde;257;40;6,42;
Metropolitana da Baixada Santista;Metropolitana da Baixada Santista;Itanhaém;Grande São Paulo Sul/Baixada Santista;Etec de Itanhaém;158;Integrado;Ambiente e Saúde;Meio Ambiente;Meio Ambiente - MTec-PI;Manhã e Tarde;182;40;4,55;
Metropolitana da Baixada Santista;Metropolitana da Baixada Santista;Mongaguá;Grande São Paulo Sul/Baixada Santista;Etec Adolpho Berezin;107;Médio;Educação Básica;Educação Básica - Ensino Médio;Ensino Médio com Itinerário Formativo de Ciências Humanas e Sociais Aplicadas;Manhã;147;35;4,20;
Metropolitana da Baixada Santista;Metropolitana da Baixada Santista;Mongaguá;Grande São Paulo Sul/Baixada Santista;Etec Adolpho Berezin;107;Médio;Educação Básica;Educação Básica - Ensino Médio;Ensino Médio com Itinerário Formativo de Matemática e suas Tecnologias;Manhã;120;35;3,42;
Metropolitana da Baixada Santista;Metropolitana da Baixada Santista;Mongaguá;Grande São Paulo Sul/Baixada Santista;Etec Adolpho Berezin;107;Técnico;Gestão e Negócios;Gestão;Administração;Noite;79;40;1,97;
Metropolitana da Baixada Santista;Metropolitana da Baixada Santista;Mongaguá;Grande São Paulo Sul/Baixada Santista;Etec Adolpho Berezin;107;Técnico;Ambiente e Saúde;Saúde;Enfermagem;Tarde;122;40;3,05;
Metropolitana da Baixada Santista;Metropolitana da Baixada Santista;Mongaguá;Grande São Paulo Sul/Baixada Santista;Etec Adolpho Berezin;107;Técnico;Informação e Comunicação;Informática;Informática;Noite;91;40;2,27;
Metropolitana da Baixada Santista;Metropolitana da Baixada Santista;Mongaguá;Grande São Paulo Sul/Baixada Santista;Etec Adolpho Berezin;107;Integrado;Gestão e Negócios;Gestão;Administração - MTec;Tarde;184;40;4,59;
Metropolitana da Baixada Santista;Metropolitana da Baixada Santista;Mongaguá;Grande São Paulo Sul/Baixada Santista;Etec Adolpho Berezin;107;Integrado;Informação e Comunicação;Informática;Desenvolvimento de Sistemas - MTec;Tarde;200;40;5,00;
Metropolitana da Baixada Santista;Metropolitana da Baixada Santista;Mongaguá;Grande São Paulo Sul/Baixada Santista;Etec Adolpho Berezin;107;Integrado;Infraestrutura;Construção Civil;Edificações - Mtec-N;Noite;66;40;1,65;
Metropolitana da Baixada Santista;Metropolitana da Baixada Santista;Mongaguá;Grande São Paulo Sul/Baixada Santista;Etec Adolpho Berezin;107;Integrado;Turismo, Hospitalidade e Lazer;Turismo e Hospitalidade;Turismo Receptivo - MTec-N;Noite;61;40;1,52;
Metropolitana da Baixada Santista;Metropolitana da Baixada Santista;Peruíbe;Grande São Paulo Sul/Baixada Santista;Etec de Peruíbe;266;Técnico;Gestão e Negócios;Gestão;Administração;Noite;43;40;1,07;
Metropolitana da Baixada Santista;Metropolitana da Baixada Santista;Peruíbe;Grande São Paulo Sul/Baixada Santista;Etec de Peruíbe;266;Técnico;Produção Cultural e Design;Design;Design de Interiores;Noite;50;40;1,25;
Metropolitana da Baixada Santista;Metropolitana da Baixada Santista;Peruíbe;Grande São Paulo Sul/Baixada Santista;Etec de Peruíbe;266;Integrado;Gestão e Negócios;Gestão;Administração - MTec-PI;Manhã e Tarde;103;40;2,57;
Metropolitana da Baixada Santista;Metropolitana da Baixada Santista;Peruíbe;Grande São Paulo Sul/Baixada Santista;Etec de Peruíbe;266;Integrado;Informação e Comunicação;Informática;Desenvolvimento de Sistemas - MTec-PI ;Manhã e Tarde;111;40;2,77;
Metropolitana da Baixada Santista;Metropolitana da Baixada Santista;Peruíbe;Grande São Paulo Sul/Baixada Santista;Etec de Peruíbe;266;Integrado;Produção Cultural e Design;Imagem Pessoal;Design de Interiores - MTec-PI;Manhã e Tarde;60;40;1,50;
Metropolitana da Baixada Santista;Metropolitana da Baixada Santista;Peruíbe;Grande São Paulo Sul/Baixada Santista;Etec de Peruíbe;266;Integrado;Infraestrutura;Construção Civil;Edificações - Mtec-N;Noite;20;40;0,50;
Metropolitana da Baixada Santista;Metropolitana da Baixada Santista;Peruíbe;Grande São Paulo Sul/Baixada Santista;Etec de Peruíbe;266;Integrado;Informação e Comunicação;Informática;Programação de Jogos Digitais - MTec;Manhã;123;40;3,07;
Metropolitana da Baixada Santista;Metropolitana da Baixada Santista;Praia Grande;Grande São Paulo Sul/Baixada Santista;Etec de Praia Grande;153;Técnico;Ambiente e Saúde;Saúde;Farmácia;Noite;157;40;3,92;
Metropolitana da Baixada Santista;Metropolitana da Baixada Santista;Praia Grande;Grande São Paulo Sul/Baixada Santista;Etec de Praia Grande;153;Técnico;Informação e Comunicação;Informática;Informática;Noite;74;40;1,85;
Metropolitana da Baixada Santista;Metropolitana da Baixada Santista;Praia Grande;Grande São Paulo Sul/Baixada Santista;Etec de Praia Grande;153;Técnico;Gestão e Negócios;Gestão;Logística;Noite;69;40;1,72;
Metropolitana da Baixada Santista;Metropolitana da Baixada Santista;Praia Grande;Grande São Paulo Sul/Baixada Santista;Etec de Praia Grande;153;Técnico;Gestão e Negócios;Gestão;Recursos Humanos;Noite;66;40;1,65;
Metropolitana da Baixada Santista;Metropolitana da Baixada Santista;Praia Grande;Grande São Paulo Sul/Baixada Santista;Etec de Praia Grande;153;Integrado;Gestão e Negócios;Gestão;Contabilidade - MTec;Tarde;153;40;3,82;
Metropolitana da Baixada Santista;Metropolitana da Baixada Santista;Praia Grande;Grande São Paulo Sul/Baixada Santista;Etec de Praia Grande;153;Integrado;Informação e Comunicação;Informática;Desenvolvimento de Sistemas - MTec;Manhã;533;40;13,32;
Metropolitana da Baixada Santista;Metropolitana da Baixada Santista;Praia Grande;Grande São Paulo Sul/Baixada Santista;Etec de Praia Grande;153;Integrado;Ambiente e Saúde;Saúde;Farmácia - MTec;Manhã;359;40;8,97;
Metropolitana da Baixada Santista;Metropolitana da Baixada Santista;Praia Grande;Grande São Paulo Sul/Baixada Santista;Etec de Praia Grande;153;Integrado;Gestão e Negócios;Gestão;Logística - MTec;Manhã;284;40;7,10;
Metropolitana da Baixada Santista;Metropolitana da Baixada Santista;Praia Grande;Grande São Paulo Sul/Baixada Santista;Etec de Praia Grande;153;Integrado;Produção Industrial;Química;Química - MTec;Tarde;132;40;3,30;
Metropolitana da Baixada Santista;Metropolitana da Baixada Santista;Praia Grande;Grande São Paulo Sul/Baixada Santista;Etec de Praia Grande (Escola Min. Paulo Renato Costa Souza - Balneário Maracanã - Praia Grande);153.3 - Cd_Cps;Técnico;Gestão e Negócios;Gestão;Administração;Noite;78;40;1,95;
Metropolitana da Baixada Santista;Metropolitana da Baixada Santista;Praia Grande;Grande São Paulo Sul/Baixada Santista;Etec de Praia Grande (Escola Min. Paulo Renato Costa Souza - Balneário Maracanã - Praia Grande);153.3 - Cd_Cps;Técnico;Informação e Comunicação;Informática;Informática para Internet;Noite;76;40;1,90;
Metropolitana da Baixada Santista;Metropolitana da Baixada Santista;Praia Grande;Grande São Paulo Sul/Baixada Santista;Etec de Praia Grande (Escola Min. Paulo Renato Costa Souza - Balneário Maracanã - Praia Grande);153.3 - Cd_Cps;Integrado;Gestão e Negócios;Gestão;Administração - MTec;Tarde;224;40;5,60;
Metropolitana da Baixada Santista;Metropolitana da Baixada Santista;Praia Grande;Grande São Paulo Sul/Baixada Santista;Etec de Praia Grande (Escola Min. Paulo Renato Costa Souza - Balneário Maracanã - Praia Grande);153.3 - Cd_Cps;Integrado;Informação e Comunicação;Informática;Informática para Internet - MTec;Tarde;221;40;5,52;
Metropolitana da Baixada Santista;Metropolitana da Baixada Santista;Praia Grande;Grande São Paulo Sul/Baixada Santista;Etec de Praia Grande (Escola Min. Paulo Renato Costa Souza - Balneário Maracanã - Praia Grande);153.3 - Cd_Cps;Integrado;Gestão e Negócios;Comércio;Marketing - MTec;Manhã;272;40;6,80;
Metropolitana da Baixada Santista;Metropolitana da Baixada Santista;Praia Grande;Grande São Paulo Sul/Baixada Santista;Etec de Praia Grande (Escola Min. Paulo Renato Costa Souza - Balneário Maracanã - Praia Grande);153.3 - Cd_Cps;Integrado;Segurança;Saúde;Segurança do Trabalho - MTec;Manhã;233;40;5,82;
Metropolitana da Baixada Santista;Metropolitana da Baixada Santista;Santos;Grande São Paulo Sul/Baixada Santista;Etec Aristóteles Ferreira;035;Técnico;Turismo, Hospitalidade e Lazer;Turismo e Hospitalidade;Agenciamento de Viagem;Noite;40;40;1,00;
Metropolitana da Baixada Santista;Metropolitana da Baixada Santista;Santos;Grande São Paulo Sul/Baixada Santista;Etec Aristóteles Ferreira;035;Técnico;Infraestrutura;Construção Civil;Desenho de Construção Civil;Noite;43;40;1,07;
Metropolitana da Baixada Santista;Metropolitana da Baixada Santista;Santos;Grande São Paulo Sul/Baixada Santista;Etec Aristóteles Ferreira;035;Técnico;Infraestrutura;Construção Civil;Edificações;Noite;53;40;1,32;
Metropolitana da Baixada Santista;Metropolitana da Baixada Santista;Santos;Grande São Paulo Sul/Baixada Santista;Etec Aristóteles Ferreira;035;Técnico;Controle e Processos Industriais;Indústria;Eletrotécnica;Noite;143;40;3,57;
Metropolitana da Baixada Santista;Metropolitana da Baixada Santista;Santos;Grande São Paulo Sul/Baixada Santista;Etec Aristóteles Ferreira;035;Técnico;Controle e Processos Industriais;Indústria;Eletrônica (MNP);Noite;51;40;1,27;
Metropolitana da Baixada Santista;Metropolitana da Baixada Santista;Santos;Grande São Paulo Sul/Baixada Santista;Etec Aristóteles Ferreira;035;Técnico;Informação e Comunicação;Informática;Informática;Tarde;74;40;1,85;
Metropolitana da Baixada Santista;Metropolitana da Baixada Santista;Santos;Grande São Paulo Sul/Baixada Santista;Etec Aristóteles Ferreira;035;Técnico;Controle e Processos Industriais;Indústria;Mecatrônica;Noite;65;40;1,62;
Metropolitana da Baixada Santista;Metropolitana da Baixada Santista;Santos;Grande São Paulo Sul/Baixada Santista;Etec Aristóteles Ferreira;035;Técnico;Controle e Processos Industriais;Indústria;Mecânica;Noite;104;40;2,60;
Metropolitana da Baixada Santista;Metropolitana da Baixada Santista;Santos;Grande São Paulo Sul/Baixada Santista;Etec Aristóteles Ferreira;035;Técnico;Controle e Processos Industriais;Indústria;Soldagem;Noite;66;40;1,65;
Metropolitana da Baixada Santista;Metropolitana da Baixada Santista;Santos;Grande São Paulo Sul/Baixada Santista;Etec Aristóteles Ferreira;035;Integrado;Controle e Processos Industriais;Indústria;Automação Industrial - MTec;Tarde;96;36;2,66;
Metropolitana da Baixada Santista;Metropolitana da Baixada Santista;Santos;Grande São Paulo Sul/Baixada Santista;Etec Aristóteles Ferreira;035;Integrado;Informação e Comunicação;Informática;Desenvolvimento de Sistemas - MTec-AMS;Manhã;361;36;10,02;
Metropolitana da Baixada Santista;Metropolitana da Baixada Santista;Santos;Grande São Paulo Sul/Baixada Santista;Etec Aristóteles Ferreira;035;Integrado;Infraestrutura;Construção Civil;Edificações - MTec;Tarde;95;36;2,63;
Metropolitana da Baixada Santista;Metropolitana da Baixada Santista;Santos;Grande São Paulo Sul/Baixada Santista;Etec Aristóteles Ferreira;035;Integrado;Controle e Processos Industriais;Indústria;Eletrotécnica - MTec;Manhã;102;36;2,83;
Metropolitana da Baixada Santista;Metropolitana da Baixada Santista;Santos;Grande São Paulo Sul/Baixada Santista;Etec Aristóteles Ferreira;035;Integrado;Controle e Processos Industriais;Indústria;Eletrônica - MTec;Manhã;88;36;2,44;
Metropolitana da Baixada Santista;Metropolitana da Baixada Santista;Santos;Grande São Paulo Sul/Baixada Santista;Etec Aristóteles Ferreira;035;Integrado;Informação e Comunicação;Informática;Informática para Internet - MTec;Manhã;367;36;10,19;
Metropolitana da Baixada Santista;Metropolitana da Baixada Santista;Santos;Grande São Paulo Sul/Baixada Santista;Etec Aristóteles Ferreira;035;Integrado;Controle e Processos Industriais;Indústria;Mecânica - Mtec-N;Noite;44;36;1,22;
Metropolitana da Baixada Santista;Metropolitana da Baixada Santista;Santos;Grande São Paulo Sul/Baixada Santista;Etec Aristóteles Ferreira;035;Integrado;Informação e Comunicação;Informática;Programação de Jogos Digitais - MTec;Tarde;187;36;5,19;
Metropolitana da Baixada Santista;Metropolitana da Baixada Santista;Santos;Grande São Paulo Sul/Baixada Santista;Etec Aristóteles Ferreira;035;Especialização;Turismo, Hospitalidade e Lazer;Turismo e Hospitalidade;Guia de Turismo Internacional ;Noite;49;36;1,36;
Metropolitana da Baixada Santista;Metropolitana da Baixada Santista;Santos;Grande São Paulo Sul/Baixada Santista;Etec Dona Escolástica Rosa;122;Técnico;Gestão e Negócios;Gestão;Administração;Tarde;58;40;1,45;
Metropolitana da Baixada Santista;Metropolitana da Baixada Santista;Santos;Grande São Paulo Sul/Baixada Santista;Etec Dona Escolástica Rosa;122;Técnico;Gestão e Negócios;Gestão;Administração;Noite;76;40;1,90;
Metropolitana da Baixada Santista;Metropolitana da Baixada Santista;Santos;Grande São Paulo Sul/Baixada Santista;Etec Dona Escolástica Rosa;122;Técnico;Gestão e Negócios;Gestão;Comércio Exterior;Noite;138;40;3,45;
Metropolitana da Baixada Santista;Metropolitana da Baixada Santista;Santos;Grande São Paulo Sul/Baixada Santista;Etec Dona Escolástica Rosa;122;Técnico;Gestão e Negócios;Gestão;Logística;Tarde;66;40;1,65;
Metropolitana da Baixada Santista;Metropolitana da Baixada Santista;Santos;Grande São Paulo Sul/Baixada Santista;Etec Dona Escolástica Rosa;122;Técnico;Segurança;Saúde;Segurança do Trabalho;Noite;116;40;2,90;
Metropolitana da Baixada Santista;Metropolitana da Baixada Santista;Santos;Grande São Paulo Sul/Baixada Santista;Etec Dona Escolástica Rosa;122;Integrado;Gestão e Negócios;Gestão;Administração - MTec;Manhã;292;40;7,30;
Metropolitana da Baixada Santista;Metropolitana da Baixada Santista;Santos;Grande São Paulo Sul/Baixada Santista;Etec Dona Escolástica Rosa;122;Integrado;Gestão e Negócios;Gestão;Comércio Exterior - MTec-N;Noite;81;40;2,02;
Metropolitana da Baixada Santista;Metropolitana da Baixada Santista;Santos;Grande São Paulo Sul/Baixada Santista;Etec Dona Escolástica Rosa;122;Integrado;Gestão e Negócios;Gestão;Logística - MTec;Manhã;203;40;5,07;
Metropolitana da Baixada Santista;Metropolitana da Baixada Santista;Santos;Grande São Paulo Sul/Baixada Santista;Etec Dona Escolástica Rosa;122;Integrado;Ambiente e Saúde;Saúde;Nutrição e Dietética - MTec;Manhã;271;40;6,77;
Metropolitana da Baixada Santista;Metropolitana da Baixada Santista;Santos;Grande São Paulo Sul/Baixada Santista;Etec Dona Escolástica Rosa;122;Integrado;Ambiente e Saúde;Saúde;Nutrição e Dietética - Mtec-N;Noite;35;40;0,87;
Metropolitana da Baixada Santista;Metropolitana da Baixada Santista;Santos;Grande São Paulo Sul/Baixada Santista;Etec Dona Escolástica Rosa;122;Integrado;Segurança;Saúde;Segurança do Trabalho - MTec;Manhã;146;40;3,65;
Metropolitana da Baixada Santista;Metropolitana da Baixada Santista;Santos;Grande São Paulo Sul/Baixada Santista;Etec Dona Escolástica Rosa (EE Prof.ª Zulmira Campos);122.01 - Ext/Etec;Técnico;Gestão e Negócios;Gestão;Administração;Noite;48;40;1,20;
Metropolitana da Baixada Santista;Metropolitana da Baixada Santista;Santos;Grande São Paulo Sul/Baixada Santista;Etec Dona Escolástica Rosa (EE Prof.ª Zulmira Campos);122.01 - Ext/Etec;Técnico;Gestão e Negócios;Gestão;Logística;Noite;59;40;1,47;
Metropolitana da Baixada Santista;Metropolitana da Baixada Santista;Santos;Grande São Paulo Sul/Baixada Santista;Etec Dona Escolástica Rosa (EE Prof.ª Zulmira Campos);122.01 - Ext/Etec;Técnico;Infraestrutura;Indústria;Portos;Noite;60;40;1,50;
Metropolitana da Baixada Santista;Metropolitana da Baixada Santista;Santos;Grande São Paulo Sul/Baixada Santista;Etec Dona Escolástica Rosa / Fatec Rubens Lara;122/005 - Etec/Fatec;Integrado;Gestão e Negócios;Gestão;Administração - MTec-AMS;Tarde;135;40;3,37;
Metropolitana da Baixada Santista;Metropolitana da Baixada Santista;Santos;Grande São Paulo Sul/Baixada Santista;Etec Dona Escolástica Rosa / Fatec Rubens Lara;122/005 - Etec/Fatec;Integrado;Gestão e Negócios;Gestão;Logística - MTec-AMS;Tarde;113;40;2,82;
Metropolitana da Baixada Santista;Metropolitana da Baixada Santista;São Vicente;Grande São Paulo Sul/Baixada Santista;Etec Doutora Ruth Cardoso;194;Médio;Educação Básica;Educação Básica - Ensino Médio;Ensino Médio com Itinerário Formativo de Ciências da Natureza e suas Tecnologias;Manhã;204;40;5,09;
Metropolitana da Baixada Santista;Metropolitana da Baixada Santista;São Vicente;Grande São Paulo Sul/Baixada Santista;Etec Doutora Ruth Cardoso;194;Médio;Educação Básica;Educação Básica - Ensino Médio;Ensino Médio com Itinerário Formativo de Linguagens e suas Tecnologias;Manhã;238;40;5,95;
Metropolitana da Baixada Santista;Metropolitana da Baixada Santista;São Vicente;Grande São Paulo Sul/Baixada Santista;Etec Doutora Ruth Cardoso;194;Técnico;Informação e Comunicação;Informática;Desenvolvimento de Sistemas;Noite;144;40;3,60;
Metropolitana da Baixada Santista;Metropolitana da Baixada Santista;São Vicente;Grande São Paulo Sul/Baixada Santista;Etec Doutora Ruth Cardoso;194;Técnico;Informação e Comunicação;Informática;Desenvolvimento de Sistemas;Tarde;124;40;3,10;
Metropolitana da Baixada Santista;Metropolitana da Baixada Santista;São Vicente;Grande São Paulo Sul/Baixada Santista;Etec Doutora Ruth Cardoso;194;Técnico;Infraestrutura;Construção Civil;Edificações;Noite;65;40;1,62;
Metropolitana da Baixada Santista;Metropolitana da Baixada Santista;São Vicente;Grande São Paulo Sul/Baixada Santista;Etec Doutora Ruth Cardoso;194;Técnico;Ambiente e Saúde;Saúde;Enfermagem;Tarde;125;40;3,12;
Metropolitana da Baixada Santista;Metropolitana da Baixada Santista;São Vicente;Grande São Paulo Sul/Baixada Santista;Etec Doutora Ruth Cardoso;194;Integrado;Infraestrutura;Construção Civil;Edificações - MTec;Tarde;313;40;7,82;
Metropolitana da Baixada Santista;Metropolitana da Baixada Santista;São Vicente;Grande São Paulo Sul/Baixada Santista;Etec Doutora Ruth Cardoso (EE Prof.ª Zulmira de Almeida Lambert);194.02 - Ext/Etec;Técnico;Gestão e Negócios;Gestão;Administração;Noite;58;40;1,45;
Metropolitana da Baixada Santista;Metropolitana da Baixada Santista;São Vicente;Grande São Paulo Sul/Baixada Santista;Etec Doutora Ruth Cardoso (EE Prof.ª Zulmira de Almeida Lambert);194.02 - Ext/Etec;Técnico;Gestão e Negócios;Gestão;Logística;Noite;55;40;1,37;
Metropolitana da Grande São Paulo;Metropolitana da Grande São Paulo;Arujá;Vale do Paraíba/Litoral Norte;Etec Professora Luzia Maria Machado;274;Técnico;Gestão e Negócios;Gestão;Administração;Noite;64;40;1,60;
Metropolitana da Grande São Paulo;Metropolitana da Grande São Paulo;Arujá;Vale do Paraíba/Litoral Norte;Etec Professora Luzia Maria Machado;274;Técnico;Gestão e Negócios;Gestão;Administração;Tarde;62;40;1,55;
Metropolitana da Grande São Paulo;Metropolitana da Grande São Paulo;Arujá;Vale do Paraíba/Litoral Norte;Etec Professora Luzia Maria Machado;274;Técnico;Gestão e Negócios;Gestão;Comércio Exterior;Manhã;66;40;1,65;
Metropolitana da Grande São Paulo;Metropolitana da Grande São Paulo;Arujá;Vale do Paraíba/Litoral Norte;Etec Professora Luzia Maria Machado;274;Técnico;Gestão e Negócios;Gestão;Logística;Noite;61;40;1,52;
Metropolitana da Grande São Paulo;Metropolitana da Grande São Paulo;Arujá;Vale do Paraíba/Litoral Norte;Etec Professora Luzia Maria Machado;274;Integrado;Gestão e Negócios;Gestão;Administração - MTec;Tarde;312;40;7,80;
Metropolitana da Grande São Paulo;Metropolitana da Grande São Paulo;Arujá;Vale do Paraíba/Litoral Norte;Etec Professora Luzia Maria Machado;274;Integrado;Gestão e Negócios;Gestão;Recursos Humanos - MTec;Manhã;297;40;7,42;
Metropolitana da Grande São Paulo;Metropolitana da Grande São Paulo;Barueri;Grande São Paulo Noroeste;Etec Antônio Furlan;245;Técnico;Informação e Comunicação;Informática;Desenvolvimento de Sistemas;Noite;181;40;4,52;
Metropolitana da Grande São Paulo;Metropolitana da Grande São Paulo;Barueri;Grande São Paulo Noroeste;Etec Antônio Furlan;245;Técnico;Ambiente e Saúde;Saúde;Enfermagem;Tarde;122;40;3,05;
Metropolitana da Grande São Paulo;Metropolitana da Grande São Paulo;Barueri;Grande São Paulo Noroeste;Etec Antônio Furlan;245;Integrado;Gestão e Negócios;Gestão;Administração - MTec;Manhã;550;40;13,75;
Metropolitana da Grande São Paulo;Metropolitana da Grande São Paulo;Barueri;Grande São Paulo Noroeste;Etec Antônio Furlan;245;Integrado;Gestão e Negócios;Gestão;Contabilidade - MTec;Manhã;171;40;4,27;
Metropolitana da Grande São Paulo;Metropolitana da Grande São Paulo;Barueri;Grande São Paulo Noroeste;Etec Antônio Furlan;245;Integrado;Informação e Comunicação;Informática;Informática para Internet - MTec;Manhã;724;40;18,10;
Metropolitana da Grande São Paulo;Metropolitana da Grande São Paulo;Barueri;Grande São Paulo Noroeste;Etec Antônio Furlan;245;Integrado;Gestão e Negócios;Gestão;Marketing - MTec-N;Noite;99;40;2,47;
Metropolitana da Grande São Paulo;Metropolitana da Grande São Paulo;Barueri;Grande São Paulo Noroeste;Etec Antônio Furlan;245;Integrado;Gestão e Negócios;Gestão;Recursos Humanos - MTec;Manhã;282;40;7,05;
Metropolitana da Grande São Paulo;Metropolitana da Grande São Paulo;Caieiras;Grande São Paulo Noroeste;Etec Paulo do Carmo Monteiro;279;Técnico;Gestão e Negócios;Gestão;Administração;Noite;46;40;1,14;
Metropolitana da Grande São Paulo;Metropolitana da Grande São Paulo;Caieiras;Grande São Paulo Noroeste;Etec Paulo do Carmo Monteiro;279;Técnico;Segurança;Saúde;Segurança do Trabalho;Noite;51;40;1,27;
Metropolitana da Grande São Paulo;Metropolitana da Grande São Paulo;Caieiras;Grande São Paulo Noroeste;Etec Paulo do Carmo Monteiro;279;Integrado;Gestão e Negócios;Gestão;Administração - MTec;Manhã;157;40;3,92;
Metropolitana da Grande São Paulo;Metropolitana da Grande São Paulo;Caieiras;Grande São Paulo Noroeste;Etec Paulo do Carmo Monteiro;279;Integrado;Informação e Comunicação;Informática;Informática para Internet - MTec;Tarde;84;40;2,10;
Metropolitana da Grande São Paulo;Metropolitana da Grande São Paulo;Caieiras;Grande São Paulo Noroeste;Etec Paulo do Carmo Monteiro;279;Integrado;Informação e Comunicação;Informática;Informática para Internet - MTec-N;Noite;57;40;1,42;
Metropolitana da Grande São Paulo;Metropolitana da Grande São Paulo;Caieiras;Grande São Paulo Noroeste;Etec Paulo do Carmo Monteiro;279;Integrado;Gestão e Negócios;Comércio;Marketing - MTec;Manhã;145;40;3,62;
Metropolitana da Grande São Paulo;Metropolitana da Grande São Paulo;Caieiras;Grande São Paulo Noroeste;Etec Paulo do Carmo Monteiro;279;Integrado;Gestão e Negócios;Comércio;Marketing - MTec;Tarde;41;40;1,02;
Metropolitana da Grande São Paulo;Metropolitana da Grande São Paulo;Cajamar;Grande São Paulo Noroeste;Etec Gino Rezaghi;191;Médio;Educação Básica;Educação Básica - Ensino Médio;Ensino Médio com Itinerário Formativo de Ciências Humanas e Sociais Aplicadas;Manhã;85;40;2,12;
Metropolitana da Grande São Paulo;Metropolitana da Grande São Paulo;Cajamar;Grande São Paulo Noroeste;Etec Gino Rezaghi;191;Técnico;Gestão e Negócios;Gestão;Comércio Exterior;Noite;56;40;1,40;
Metropolitana da Grande São Paulo;Metropolitana da Grande São Paulo;Cajamar;Grande São Paulo Noroeste;Etec Gino Rezaghi;191;Integrado;Gestão e Negócios;Gestão;Administração - MTec-PI;Manhã e Tarde;171;40;4,27;
Metropolitana da Grande São Paulo;Metropolitana da Grande São Paulo;Cajamar;Grande São Paulo Noroeste;Etec Gino Rezaghi;191;Integrado;Informação e Comunicação;Informática;Informática para Internet - MTec;Manhã;187;40;4,67;
Metropolitana da Grande São Paulo;Metropolitana da Grande São Paulo;Cajamar;Grande São Paulo Noroeste;Etec Gino Rezaghi;191;Integrado;Gestão e Negócios;Gestão;Logística - Mtec-N;Noite;74;40;1,85;
Metropolitana da Grande São Paulo;Metropolitana da Grande São Paulo;Cajamar;Grande São Paulo Noroeste;Etec Gino Rezaghi;191;Integrado;Gestão e Negócios;Comércio;Marketing - MTec;Tarde;118;40;2,95;
Metropolitana da Grande São Paulo;Metropolitana da Grande São Paulo;Cajamar;Grande São Paulo Noroeste;Etec Gino Rezaghi;191;Integrado;Gestão e Negócios;Gestão;Recursos Humanos - MTec-N;Noite;75;40;1,87;
Metropolitana da Grande São Paulo;Metropolitana da Grande São Paulo;Carapicuíba;Grande São Paulo Noroeste;Etec de Carapicuíba;144;Técnico;Gestão e Negócios;Gestão;Administração (MNP);Noite;54;40;1,35;
Metropolitana da Grande São Paulo;Metropolitana da Grande São Paulo;Carapicuíba;Grande São Paulo Noroeste;Etec de Carapicuíba;144;Técnico;Gestão e Negócios;Gestão;Contabilidade;Noite;40;40;1,00;
Metropolitana da Grande São Paulo;Metropolitana da Grande São Paulo;Carapicuíba;Grande São Paulo Noroeste;Etec de Carapicuíba;144;Técnico;Produção Cultural e Design;Design;Design Gráfico;Noite;71;40;1,77;
Metropolitana da Grande São Paulo;Metropolitana da Grande São Paulo;Carapicuíba;Grande São Paulo Noroeste;Etec de Carapicuíba;144;Técnico;Produção Cultural e Design;Design;Processos Fotográficos;Noite;71;40;1,77;
Metropolitana da Grande São Paulo;Metropolitana da Grande São Paulo;Carapicuíba;Grande São Paulo Noroeste;Etec de Carapicuíba;144;Integrado;Gestão e Negócios;Gestão;Administração - MTec;Manhã;324;40;8,10;
Metropolitana da Grande São Paulo;Metropolitana da Grande São Paulo;Carapicuíba;Grande São Paulo Noroeste;Etec de Carapicuíba;144;Integrado;Produção Cultural e Design;Design;Design Gráfico - MTec;Manhã;250;40;6,25;
Metropolitana da Grande São Paulo;Metropolitana da Grande São Paulo;Carapicuíba;Grande São Paulo Noroeste;Etec de Carapicuíba;144;Integrado;Gestão e Negócios;Comércio;Marketing - MTec;Manhã;175;40;4,37;
Metropolitana da Grande São Paulo;Metropolitana da Grande São Paulo;Carapicuíba;Grande São Paulo Noroeste;Etec de Carapicuíba;144;Integrado;Produção Cultural e Design;Design;Multimídia - MTec;Tarde;89;40;2,22;
Metropolitana da Grande São Paulo;Metropolitana da Grande São Paulo;Carapicuíba;Grande São Paulo Noroeste;Etec de Carapicuíba;144;Integrado;Produção Cultural e Design;Design;Processos Fotográficos - MTec;Tarde;81;40;2,02;
Metropolitana da Grande São Paulo;Metropolitana da Grande São Paulo;Carapicuíba;Grande São Paulo Noroeste;Etec de Carapicuíba;144;Integrado;Produção Cultural e Design;Comércio;Publicidade - MTec-N;Noite;31;40;0,77;
Metropolitana da Grande São Paulo;Metropolitana da Grande São Paulo;Carapicuíba;Grande São Paulo Noroeste;Etec de Carapicuíba / Fatec de Carapicuíba;144/143 - Etec/Fatec;Integrado;Informação e Comunicação;Informática;Desenvolvimento de Sistemas - MTec-AMS;Tarde;295;40;7,37;
Metropolitana da Grande São Paulo;Metropolitana da Grande São Paulo;Cotia;Grande São Paulo Sul/Baixada Santista;Etec de Cotia;222;Técnico;Gestão e Negócios;Gestão;Contabilidade;Noite;56;40;1,40;
Metropolitana da Grande São Paulo;Metropolitana da Grande São Paulo;Cotia;Grande São Paulo Sul/Baixada Santista;Etec de Cotia;222;Técnico;Gestão e Negócios;Gestão;Logística;Noite;66;40;1,65;
Metropolitana da Grande São Paulo;Metropolitana da Grande São Paulo;Cotia;Grande São Paulo Sul/Baixada Santista;Etec de Cotia;222;Integrado;Gestão e Negócios;Gestão;Administração - MTec-PI;Manhã e Tarde;561;80;7,01;
Metropolitana da Grande São Paulo;Metropolitana da Grande São Paulo;Cotia;Grande São Paulo Sul/Baixada Santista;Etec de Cotia;222;Integrado;Informação e Comunicação;Informática;Desenvolvimento de Sistemas - Mtec-N;Noite;378;40;9,44;
Metropolitana da Grande São Paulo;Metropolitana da Grande São Paulo;Diadema;Grande São Paulo Sul/Baixada Santista;Etec Juscelino Kubitschek de Oliveira;166;Médio;Educação Básica;Educação Básica - Ensino Médio;Ensino Médio com Itinerário Formativo de Ciências Humanas e Sociais Aplicadas;Manhã;140;40;3,50;
Metropolitana da Grande São Paulo;Metropolitana da Grande São Paulo;Diadema;Grande São Paulo Sul/Baixada Santista;Etec Juscelino Kubitschek de Oliveira;166;Técnico;Gestão e Negócios;Gestão;Administração;Tarde;72;40;1,80;
Metropolitana da Grande São Paulo;Metropolitana da Grande São Paulo;Diadema;Grande São Paulo Sul/Baixada Santista;Etec Juscelino Kubitschek de Oliveira;166;Técnico;Gestão e Negócios;Gestão;Administração;Noite;84;40;2,10;
Metropolitana da Grande São Paulo;Metropolitana da Grande São Paulo;Diadema;Grande São Paulo Sul/Baixada Santista;Etec Juscelino Kubitschek de Oliveira;166;Técnico;Informação e Comunicação;Informática;Desenvolvimento de Sistemas;Noite;94;40;2,35;
Metropolitana da Grande São Paulo;Metropolitana da Grande São Paulo;Diadema;Grande São Paulo Sul/Baixada Santista;Etec Juscelino Kubitschek de Oliveira;166;Técnico;Informação e Comunicação;Informática;Desenvolvimento de Sistemas;Tarde;89;40;2,22;
Metropolitana da Grande São Paulo;Metropolitana da Grande São Paulo;Diadema;Grande São Paulo Sul/Baixada Santista;Etec Juscelino Kubitschek de Oliveira;166;Técnico;Gestão e Negócios;Gestão;Logística;Noite;53;40;1,32;
Metropolitana da Grande São Paulo;Metropolitana da Grande São Paulo;Diadema;Grande São Paulo Sul/Baixada Santista;Etec Juscelino Kubitschek de Oliveira;166;Integrado;Gestão e Negócios;Gestão;Administração - MTec;Manhã;383;40;9,57;
Metropolitana da Grande São Paulo;Metropolitana da Grande São Paulo;Diadema;Grande São Paulo Sul/Baixada Santista;Etec Juscelino Kubitschek de Oliveira;166;Integrado;Gestão e Negócios;Gestão;Administração - MTec-PI;Manhã e Tarde;247;40;6,17;
Metropolitana da Grande São Paulo;Metropolitana da Grande São Paulo;Embu das Artes;Grande São Paulo Sul/Baixada Santista;Etec de Embu;241;Técnico;Gestão e Negócios;Gestão;Administração;Noite;92;40;2,29;
Metropolitana da Grande São Paulo;Metropolitana da Grande São Paulo;Embu das Artes;Grande São Paulo Sul/Baixada Santista;Etec de Embu;241;Técnico;Gestão e Negócios;Gestão;Contabilidade;Noite;49;40;1,22;
Metropolitana da Grande São Paulo;Metropolitana da Grande São Paulo;Embu das Artes;Grande São Paulo Sul/Baixada Santista;Etec de Embu;241;Técnico;Informação e Comunicação;Informática;Desenvolvimento de Sistemas;Noite;157;40;3,92;
Metropolitana da Grande São Paulo;Metropolitana da Grande São Paulo;Embu das Artes;Grande São Paulo Sul/Baixada Santista;Etec de Embu;241;Técnico;Controle e Processos Industriais;Indústria;Eletroeletrônica;Noite;74;40;1,85;
Metropolitana da Grande São Paulo;Metropolitana da Grande São Paulo;Embu das Artes;Grande São Paulo Sul/Baixada Santista;Etec de Embu;241;Técnico;Informação e Comunicação;Informática;Informática;Tarde;63;40;1,57;
Metropolitana da Grande São Paulo;Metropolitana da Grande São Paulo;Embu das Artes;Grande São Paulo Sul/Baixada Santista;Etec de Embu;241;Técnico;Gestão e Negócios;Gestão;Logística;Noite;31;40;0,77;
Metropolitana da Grande São Paulo;Metropolitana da Grande São Paulo;Embu das Artes;Grande São Paulo Sul/Baixada Santista;Etec de Embu;241;Integrado;Gestão e Negócios;Gestão;Administração - MTec;Manhã;571;40;14,27;
Metropolitana da Grande São Paulo;Metropolitana da Grande São Paulo;Embu das Artes;Grande São Paulo Sul/Baixada Santista;Etec de Embu;241;Integrado;Controle e Processos Industriais;Indústria;Automação Industrial - MTec;Manhã;198;40;4,95;
Metropolitana da Grande São Paulo;Metropolitana da Grande São Paulo;Embu das Artes;Grande São Paulo Sul/Baixada Santista;Etec de Embu;241;Integrado;Informação e Comunicação;Informática;Desenvolvimento de Sistemas - Mtec-N;Noite;166;40;4,15;
Metropolitana da Grande São Paulo;Metropolitana da Grande São Paulo;Embu das Artes;Grande São Paulo Sul/Baixada Santista;Etec de Embu;241;Integrado;Informação e Comunicação;Informática;Redes de Computadores - MTec;Manhã;323;40;8,07;
Metropolitana da Grande São Paulo;Metropolitana da Grande São Paulo;Ferraz de Vasconcelos;Grande São Paulo Leste;Etec de Ferraz de Vasconcelos;170;Técnico;Gestão e Negócios;Gestão;Administração (MNP);Noite;61;40;1,52;
Metropolitana da Grande São Paulo;Metropolitana da Grande São Paulo;Ferraz de Vasconcelos;Grande São Paulo Leste;Etec de Ferraz de Vasconcelos;170;Técnico;Segurança;Saúde;Segurança do Trabalho (MNP);Noite;52;40;1,30;
Metropolitana da Grande São Paulo;Metropolitana da Grande São Paulo;Ferraz de Vasconcelos;Grande São Paulo Leste;Etec de Ferraz de Vasconcelos;170;Integrado;Gestão e Negócios;Gestão;Administração - MTec;Manhã;545;120;4,54;
Metropolitana da Grande São Paulo;Metropolitana da Grande São Paulo;Ferraz de Vasconcelos;Grande São Paulo Leste;Etec de Ferraz de Vasconcelos;170;Integrado;Gestão e Negócios;Gestão;Administração - MTec-AMS;Manhã;119;40;2,97;
Metropolitana da Grande São Paulo;Metropolitana da Grande São Paulo;Ferraz de Vasconcelos;Grande São Paulo Leste;Etec de Ferraz de Vasconcelos;170;Integrado;Gestão e Negócios;Gestão;Administração - MTec-N;Noite;60;40;1,50;
Metropolitana da Grande São Paulo;Metropolitana da Grande São Paulo;Ferraz de Vasconcelos;Grande São Paulo Leste;Etec de Ferraz de Vasconcelos;170;Integrado;Informação e Comunicação;Informática;Desenvolvimento de Sistemas - MTec-AMS;Tarde;118;40;2,95;
Metropolitana da Grande São Paulo;Metropolitana da Grande São Paulo;Ferraz de Vasconcelos;Grande São Paulo Leste;Etec de Ferraz de Vasconcelos;170;Integrado;Gestão e Negócios;Comércio;Marketing - MTec;Tarde;181;40;4,52;
Metropolitana da Grande São Paulo;Metropolitana da Grande São Paulo;Ferraz de Vasconcelos;Grande São Paulo Leste;Etec de Ferraz de Vasconcelos;170;Integrado;Informação e Comunicação;Informática;Programação de Jogos Digitais - MTec;Tarde;189;40;4,72;
Metropolitana da Grande São Paulo;Metropolitana da Grande São Paulo;Francisco Morato;Grande São Paulo Noroeste;Etec de Francisco Morato;231;Técnico;Gestão e Negócios;Gestão;Administração;Noite;79;40;1,97;
Metropolitana da Grande São Paulo;Metropolitana da Grande São Paulo;Francisco Morato;Grande São Paulo Noroeste;Etec de Francisco Morato;231;Técnico;Gestão e Negócios;Gestão;Contabilidade;Noite;76;40;1,90;
Metropolitana da Grande São Paulo;Metropolitana da Grande São Paulo;Francisco Morato;Grande São Paulo Noroeste;Etec de Francisco Morato;231;Integrado;Gestão e Negócios;Gestão;Administração - MTec;Manhã;274;40;6,85;
Metropolitana da Grande São Paulo;Metropolitana da Grande São Paulo;Francisco Morato;Grande São Paulo Noroeste;Etec de Francisco Morato;231;Integrado;Gestão e Negócios;Gestão;Administração - MTec;Tarde;106;40;2,65;
Metropolitana da Grande São Paulo;Metropolitana da Grande São Paulo;Francisco Morato;Grande São Paulo Noroeste;Etec de Francisco Morato;231;Integrado;Informação e Comunicação;Informática;Informática para Internet - MTec;Tarde;121;40;3,02;
Metropolitana da Grande São Paulo;Metropolitana da Grande São Paulo;Francisco Morato;Grande São Paulo Noroeste;Etec de Francisco Morato;231;Integrado;Informação e Comunicação;Informática;Informática para Internet - MTec;Manhã;261;40;6,52;
Metropolitana da Grande São Paulo;Metropolitana da Grande São Paulo;Francisco Morato;Grande São Paulo Noroeste;Etec de Francisco Morato;231;Integrado;Gestão e Negócios;Gestão;Logística - MTec;Manhã;138;40;3,45;
Metropolitana da Grande São Paulo;Metropolitana da Grande São Paulo;Francisco Morato;Grande São Paulo Noroeste;Etec de Francisco Morato;231;Integrado;Gestão e Negócios;Comércio;Marketing - MTec;Manhã;220;40;5,50;
Metropolitana da Grande São Paulo;Metropolitana da Grande São Paulo;Franco da Rocha;Grande São Paulo Noroeste;Etec Doutor Emílio Hernandez Aguilar;142;Médio;Educação Básica;Educação Básica - Ensino Médio;Ensino Médio com Itinerário Formativo de Linguagens e suas Tecnologias;Tarde;119;40;2,97;
Metropolitana da Grande São Paulo;Metropolitana da Grande São Paulo;Franco da Rocha;Grande São Paulo Noroeste;Etec Doutor Emílio Hernandez Aguilar;142;Técnico;Gestão e Negócios;Gestão;Administração;Tarde;76;40;1,90;
Metropolitana da Grande São Paulo;Metropolitana da Grande São Paulo;Franco da Rocha;Grande São Paulo Noroeste;Etec Doutor Emílio Hernandez Aguilar;142;Técnico;Gestão e Negócios;Gestão;Administração;Noite;64;40;1,60;
Metropolitana da Grande São Paulo;Metropolitana da Grande São Paulo;Franco da Rocha;Grande São Paulo Noroeste;Etec Doutor Emílio Hernandez Aguilar;142;Técnico;Informação e Comunicação;Informática;Desenvolvimento de Sistemas;Tarde;88;40;2,20;
Metropolitana da Grande São Paulo;Metropolitana da Grande São Paulo;Franco da Rocha;Grande São Paulo Noroeste;Etec Doutor Emílio Hernandez Aguilar;142;Técnico;Informação e Comunicação;Informática;Desenvolvimento de Sistemas;Noite;76;40;1,90;
Metropolitana da Grande São Paulo;Metropolitana da Grande São Paulo;Franco da Rocha;Grande São Paulo Noroeste;Etec Doutor Emílio Hernandez Aguilar;142;Integrado;Gestão e Negócios;Gestão;Administração - MTec;Manhã;447;40;11,17;
Metropolitana da Grande São Paulo;Metropolitana da Grande São Paulo;Franco da Rocha;Grande São Paulo Noroeste;Etec Doutor Emílio Hernandez Aguilar;142;Integrado;Informação e Comunicação;Informática;Informática para Internet - MTec;Manhã;383;40;9,57;
Metropolitana da Grande São Paulo;Metropolitana da Grande São Paulo;Franco da Rocha;Grande São Paulo Noroeste;Etec Doutor Emílio Hernandez Aguilar;142;Integrado;Gestão e Negócios;Gestão;Logística - MTec;Manhã;169;40;4,22;
Metropolitana da Grande São Paulo;Metropolitana da Grande São Paulo;Franco da Rocha;Grande São Paulo Noroeste;Etec Doutor Emílio Hernandez Aguilar;142;Integrado;Gestão e Negócios;Gestão;Logística - Mtec-N;Noite;65;40;1,62;
Metropolitana da Grande São Paulo;Metropolitana da Grande São Paulo;Franco da Rocha;Grande São Paulo Noroeste;Etec Doutor Emílio Hernandez Aguilar;142;Integrado;Gestão e Negócios;Comércio;Marketing - MTec;Manhã;340;40;8,50;
Metropolitana da Grande São Paulo;Metropolitana da Grande São Paulo;Franco da Rocha;Grande São Paulo Noroeste;Etec Doutor Emílio Hernandez Aguilar;142;Integrado;Ambiente e Saúde;Meio Ambiente;Meio Ambiente - MTec;Tarde;121;40;3,02;
Metropolitana da Grande São Paulo;Metropolitana da Grande São Paulo;Guarulhos;Grande São Paulo Leste;Etec de Guarulhos;295;Técnico;Gestão e Negócios;Gestão;Administração (MNP);Noite;135;40;3,37;
Metropolitana da Grande São Paulo;Metropolitana da Grande São Paulo;Guarulhos;Grande São Paulo Leste;Etec de Guarulhos;295;Integrado;Gestão e Negócios;Gestão;Administração - MTec;Manhã;912;40;22,80;
Metropolitana da Grande São Paulo;Metropolitana da Grande São Paulo;Guarulhos;Grande São Paulo Leste;Etec de Guarulhos;295;Integrado;Informação e Comunicação;Informática;Desenvolvimento de Sistemas - MTec;Manhã;998;40;24,95;
Metropolitana da Grande São Paulo;Metropolitana da Grande São Paulo;Guarulhos;Grande São Paulo Leste;Etec de Guarulhos;295;Integrado;Informação e Comunicação;Informática;Desenvolvimento de Sistemas - Mtec-N;Noite;107;40;2,67;
Metropolitana da Grande São Paulo;Metropolitana da Grande São Paulo;Guarulhos;Grande São Paulo Leste;Etec de Guarulhos;295;Integrado;Gestão e Negócios;Gestão;Logística - MTec;Manhã;283;40;7,07;
Metropolitana da Grande São Paulo;Metropolitana da Grande São Paulo;Guarulhos;Grande São Paulo Leste;Etec Martin Luther King (EE João Crispiniano Soares);085.03 - Ext/Etec;Técnico;Gestão e Negócios;Gestão;Administração;Noite;42;35;1,20;
Metropolitana da Grande São Paulo;Metropolitana da Grande São Paulo;Guarulhos;Grande São Paulo Leste;Etec Martin Luther King (EE João Crispiniano Soares);085.03 - Ext/Etec;Técnico;Gestão e Negócios;Gestão;Contabilidade;Noite;41;35;1,17;
Metropolitana da Grande São Paulo;Metropolitana da Grande São Paulo;Guarulhos;Grande São Paulo Leste;Etec Martin Luther King (EE João Crispiniano Soares);085.03 - Ext/Etec;Integrado;Gestão e Negócios;Gestão;Recursos Humanos - MTec-N;Noite;78;35;2,22;
Metropolitana da Grande São Paulo;Metropolitana da Grande São Paulo;Guarulhos;Grande São Paulo Leste;Etec Professor Aprígio Gonzaga (EE Coronel Ary Gomes);034.02 - Ext/Etec;Técnico;Gestão e Negócios;Gestão;Administração;Noite;53;40;1,32;
Metropolitana da Grande São Paulo;Metropolitana da Grande São Paulo;Itapevi;Grande São Paulo Noroeste;Etec José Miguel Soares;300;Técnico;Gestão e Negócios;Gestão;Administração;Noite;92;40;2,29;
Metropolitana da Grande São Paulo;Metropolitana da Grande São Paulo;Itapevi;Grande São Paulo Noroeste;Etec José Miguel Soares;300;Técnico;Informação e Comunicação;Informática;Desenvolvimento de Sistemas;Noite;113;40;2,82;
Metropolitana da Grande São Paulo;Metropolitana da Grande São Paulo;Itapevi;Grande São Paulo Noroeste;Etec José Miguel Soares;300;Integrado;Gestão e Negócios;Gestão;Administração - MTec;Manhã;412;40;10,30;
Metropolitana da Grande São Paulo;Metropolitana da Grande São Paulo;Itapevi;Grande São Paulo Noroeste;Etec José Miguel Soares;300;Integrado;Gestão e Negócios;Gestão;Logística - MTec;Manhã;125;40;3,12;
Metropolitana da Grande São Paulo;Metropolitana da Grande São Paulo;Itaquaquecetuba;Grande São Paulo Leste;Etec de Itaquaquecetuba;249;Técnico;Informação e Comunicação;Informática;Informática;Noite;63;40;1,57;
Metropolitana da Grande São Paulo;Metropolitana da Grande São Paulo;Itaquaquecetuba;Grande São Paulo Leste;Etec de Itaquaquecetuba;249;Técnico;Segurança;Saúde;Segurança do Trabalho (MNP);Noite;65;40;1,62;
Metropolitana da Grande São Paulo;Metropolitana da Grande São Paulo;Itaquaquecetuba;Grande São Paulo Leste;Etec de Itaquaquecetuba;249;Integrado;Gestão e Negócios;Gestão;Administração - MTec;Manhã;392;40;9,80;
Metropolitana da Grande São Paulo;Metropolitana da Grande São Paulo;Itaquaquecetuba;Grande São Paulo Leste;Etec de Itaquaquecetuba;249;Integrado;Informação e Comunicação;Informática;Desenvolvimento de Sistemas - MTec;Manhã;501;40;12,52;
Metropolitana da Grande São Paulo;Metropolitana da Grande São Paulo;Itaquaquecetuba;Grande São Paulo Leste;Etec de Itaquaquecetuba;249;Integrado;Turismo, Hospitalidade e Lazer;Lazer e Desenvolvimento Social;Eventos - MTec;Tarde;119;40;2,97;
Metropolitana da Grande São Paulo;Metropolitana da Grande São Paulo;Itaquaquecetuba;Grande São Paulo Leste;Etec de Itaquaquecetuba;249;Integrado;Gestão e Negócios;Gestão;Recursos Humanos - MTec;Tarde;144;40;3,60;
Metropolitana da Grande São Paulo;Metropolitana da Grande São Paulo;Jandira;Grande São Paulo Noroeste;Etec Prefeito Braz Paschoalin;268;Técnico;Gestão e Negócios;Gestão;Administração;Noite;60;40;1,50;
Metropolitana da Grande São Paulo;Metropolitana da Grande São Paulo;Jandira;Grande São Paulo Noroeste;Etec Prefeito Braz Paschoalin;268;Técnico;Gestão e Negócios;Gestão;Serviços Jurídicos;Noite;44;40;1,10;
Metropolitana da Grande São Paulo;Metropolitana da Grande São Paulo;Jandira;Grande São Paulo Noroeste;Etec Prefeito Braz Paschoalin;268;Integrado;Gestão e Negócios;Gestão;Administração - MTec;Manhã;265;40;6,62;
Metropolitana da Grande São Paulo;Metropolitana da Grande São Paulo;Jandira;Grande São Paulo Noroeste;Etec Prefeito Braz Paschoalin;268;Integrado;Gestão e Negócios;Gestão;Administração - MTec;Tarde;92;40;2,29;
Metropolitana da Grande São Paulo;Metropolitana da Grande São Paulo;Jandira;Grande São Paulo Noroeste;Etec Prefeito Braz Paschoalin;268;Integrado;Gestão e Negócios;Gestão;Recursos Humanos - MTec;Manhã;104;40;2,60;
Metropolitana da Grande São Paulo;Metropolitana da Grande São Paulo;Mairiporã;Grande São Paulo Leste;Etec de Mairiporã;271;Integrado;Gestão e Negócios;Gestão;Administração - MTec-N;Noite;43;40;1,07;
Metropolitana da Grande São Paulo;Metropolitana da Grande São Paulo;Mairiporã;Grande São Paulo Leste;Etec de Mairiporã;271;Integrado;Gestão e Negócios;Gestão;Administração - MTec-PI;Manhã e Tarde;181;40;4,52;
Metropolitana da Grande São Paulo;Metropolitana da Grande São Paulo;Mairiporã;Grande São Paulo Leste;Etec de Mairiporã;271;Integrado;Gestão e Negócios;Gestão;Logística - MTec-PI;Manhã e Tarde;108;40;2,70;
Metropolitana da Grande São Paulo;Metropolitana da Grande São Paulo;Mauá;Grande São Paulo Sul/Baixada Santista;Etec de Mauá;128;Técnico;Gestão e Negócios;Gestão;Administração;Noite;119;40;2,97;
Metropolitana da Grande São Paulo;Metropolitana da Grande São Paulo;Mauá;Grande São Paulo Sul/Baixada Santista;Etec de Mauá;128;Técnico;Ambiente e Saúde;Saúde;Enfermagem;Manhã;99;40;2,47;
Metropolitana da Grande São Paulo;Metropolitana da Grande São Paulo;Mauá;Grande São Paulo Sul/Baixada Santista;Etec de Mauá;128;Técnico;Ambiente e Saúde;Saúde;Farmácia;Noite;167;40;4,17;
Metropolitana da Grande São Paulo;Metropolitana da Grande São Paulo;Mauá;Grande São Paulo Sul/Baixada Santista;Etec de Mauá;128;Técnico;Informação e Comunicação;Informática;Informática;Noite;104;40;2,60;
Metropolitana da Grande São Paulo;Metropolitana da Grande São Paulo;Mauá;Grande São Paulo Sul/Baixada Santista;Etec de Mauá;128;Integrado;Gestão e Negócios;Gestão;Administração - MTec;Manhã;290;40;7,25;
Metropolitana da Grande São Paulo;Metropolitana da Grande São Paulo;Mauá;Grande São Paulo Sul/Baixada Santista;Etec de Mauá;128;Integrado;Informação e Comunicação;Informática;Desenvolvimento de Sistemas - MTec;Manhã;387;40;9,67;
Metropolitana da Grande São Paulo;Metropolitana da Grande São Paulo;Mauá;Grande São Paulo Sul/Baixada Santista;Etec de Mauá;128;Integrado;Produção Industrial;Química;Química - MTec;Tarde;158;40;3,95;
Metropolitana da Grande São Paulo;Metropolitana da Grande São Paulo;Mauá;Grande São Paulo Sul/Baixada Santista;Etec de Mauá (EE João Paulo II);128.02 - Ext/Etec;Técnico;Gestão e Negócios;Gestão;Administração;Noite;68;40;1,70;
Metropolitana da Grande São Paulo;Metropolitana da Grande São Paulo;Mauá;Grande São Paulo Sul/Baixada Santista;Etec de Mauá (EE João Paulo II);128.02 - Ext/Etec;Técnico;Gestão e Negócios;Gestão;Logística;Noite;65;40;1,62;
Metropolitana da Grande São Paulo;Metropolitana da Grande São Paulo;Mogi das Cruzes;Vale do Paraíba/Litoral Norte;Etec Presidente Vargas;015;Técnico;Gestão e Negócios;Gestão;Administração;Noite;138;40;3,45;
Metropolitana da Grande São Paulo;Metropolitana da Grande São Paulo;Mogi das Cruzes;Vale do Paraíba/Litoral Norte;Etec Presidente Vargas;015;Técnico;Controle e Processos Industriais;Indústria;Automação Industrial;Noite;91;40;2,27;
Metropolitana da Grande São Paulo;Metropolitana da Grande São Paulo;Mogi das Cruzes;Vale do Paraíba/Litoral Norte;Etec Presidente Vargas;015;Técnico;Infraestrutura;Construção Civil;Edificações;Noite;75;40;1,87;
Metropolitana da Grande São Paulo;Metropolitana da Grande São Paulo;Mogi das Cruzes;Vale do Paraíba/Litoral Norte;Etec Presidente Vargas;015;Técnico;Controle e Processos Industriais;Indústria;Eletrotécnica;Noite;124;40;3,10;
Metropolitana da Grande São Paulo;Metropolitana da Grande São Paulo;Mogi das Cruzes;Vale do Paraíba/Litoral Norte;Etec Presidente Vargas;015;Técnico;Gestão e Negócios;Gestão;Logística;Noite;73;40;1,82;
Metropolitana da Grande São Paulo;Metropolitana da Grande São Paulo;Mogi das Cruzes;Vale do Paraíba/Litoral Norte;Etec Presidente Vargas;015;Técnico;Controle e Processos Industriais;Indústria;Mecânica;Noite;81;40;2,02;
Metropolitana da Grande São Paulo;Metropolitana da Grande São Paulo;Mogi das Cruzes;Vale do Paraíba/Litoral Norte;Etec Presidente Vargas;015;Técnico;Ambiente e Saúde;Saúde;Nutrição e Dietética;Noite;128;40;3,20;
Metropolitana da Grande São Paulo;Metropolitana da Grande São Paulo;Mogi das Cruzes;Vale do Paraíba/Litoral Norte;Etec Presidente Vargas;015;Técnico;Segurança;Saúde;Segurança do Trabalho;Noite;80;40;2,00;
Metropolitana da Grande São Paulo;Metropolitana da Grande São Paulo;Mogi das Cruzes;Vale do Paraíba/Litoral Norte;Etec Presidente Vargas;015;Integrado;Gestão e Negócios;Gestão;Administração - MTec;Manhã;592;40;14,80;
Metropolitana da Grande São Paulo;Metropolitana da Grande São Paulo;Mogi das Cruzes;Vale do Paraíba/Litoral Norte;Etec Presidente Vargas;015;Integrado;Controle e Processos Industriais;Indústria;Automação Industrial - MTec;Tarde;162;40;4,05;
Metropolitana da Grande São Paulo;Metropolitana da Grande São Paulo;Mogi das Cruzes;Vale do Paraíba/Litoral Norte;Etec Presidente Vargas;015;Integrado;Produção Cultural e Design;Design;Design de Interiores - MTec;Manhã;481;40;12,02;
Metropolitana da Grande São Paulo;Metropolitana da Grande São Paulo;Mogi das Cruzes;Vale do Paraíba/Litoral Norte;Etec Presidente Vargas;015;Integrado;Infraestrutura;Construção Civil;Edificações - MTec;Tarde;233;40;5,82;
Metropolitana da Grande São Paulo;Metropolitana da Grande São Paulo;Mogi das Cruzes;Vale do Paraíba/Litoral Norte;Etec Presidente Vargas;015;Integrado;Controle e Processos Industriais;Indústria;Eletroeletrônica  - MTec;Tarde;175;40;4,37;
Metropolitana da Grande São Paulo;Metropolitana da Grande São Paulo;Mogi das Cruzes;Vale do Paraíba/Litoral Norte;Etec Presidente Vargas;015;Integrado;Controle e Processos Industriais;Indústria;Eletrônica - MTec;Manhã;230;40;5,75;
Metropolitana da Grande São Paulo;Metropolitana da Grande São Paulo;Mogi das Cruzes;Vale do Paraíba/Litoral Norte;Etec Presidente Vargas;015;Integrado;Controle e Processos Industriais;Indústria;Mecatrônica - MTec;Manhã;507;40;12,67;
Metropolitana da Grande São Paulo;Metropolitana da Grande São Paulo;Mogi das Cruzes;Vale do Paraíba/Litoral Norte;Etec Presidente Vargas;015;Integrado;Controle e Processos Industriais;Indústria;Mecânica - MTec;Tarde;209;40;5,22;
Metropolitana da Grande São Paulo;Metropolitana da Grande São Paulo;Mogi das Cruzes;Vale do Paraíba/Litoral Norte;Etec Presidente Vargas;015;Integrado;Ambiente e Saúde;Saúde;Nutrição e Dietética - MTec;Tarde;447;40;11,17;
Metropolitana da Grande São Paulo;Metropolitana da Grande São Paulo;Mogi das Cruzes;Vale do Paraíba/Litoral Norte;Etec Presidente Vargas;015;Integrado;Produção Industrial;Química;Química - MTec;Manhã;370;40;9,25;
Metropolitana da Grande São Paulo;Metropolitana da Grande São Paulo;Mogi das Cruzes;Vale do Paraíba/Litoral Norte;Etec Presidente Vargas;015;Integrado;Gestão e Negócios;Gestão;Recursos Humanos - MTec;Tarde;199;40;4,97;
Metropolitana da Grande São Paulo;Metropolitana da Grande São Paulo;Mogi das Cruzes;Vale do Paraíba/Litoral Norte;Etec Presidente Vargas;015;Integrado;Gestão e Negócios;Gestão;Secretariado - MTec;Manhã;299;40;7,47;
Metropolitana da Grande São Paulo;Metropolitana da Grande São Paulo;Osasco;Grande São Paulo Noroeste;Etec Dr. Celso Giglio;242;Médio;Educação Básica;Educação Básica - Ensino Médio;Ensino Médio com Itinerário Formativo de Matemática e suas Tecnologias;Manhã;145;40;3,62;
Metropolitana da Grande São Paulo;Metropolitana da Grande São Paulo;Osasco;Grande São Paulo Noroeste;Etec Dr. Celso Giglio;242;Técnico;Ambiente e Saúde;Saúde;Nutrição e Dietética (MNP);Noite;56;40;1,40;
Metropolitana da Grande São Paulo;Metropolitana da Grande São Paulo;Osasco;Grande São Paulo Noroeste;Etec Dr. Celso Giglio;242;Técnico;Produção Industrial;Química;Química;Noite;64;40;1,60;
Metropolitana da Grande São Paulo;Metropolitana da Grande São Paulo;Osasco;Grande São Paulo Noroeste;Etec Dr. Celso Giglio;242;Integrado;Gestão e Negócios;Gestão;Administração - MTec-N;Noite;124;40;3,10;
Metropolitana da Grande São Paulo;Metropolitana da Grande São Paulo;Osasco;Grande São Paulo Noroeste;Etec Dr. Celso Giglio;242;Integrado;Produção Alimentícia;Indústria;Alimentos - MTec-N;Noite;19;40;0,47;
Metropolitana da Grande São Paulo;Metropolitana da Grande São Paulo;Osasco;Grande São Paulo Noroeste;Etec Dr. Celso Giglio;242;Integrado;Informação e Comunicação;Informática;Desenvolvimento de Sistemas - MTec-PI ;Manhã e Tarde;369;40;9,22;
Metropolitana da Grande São Paulo;Metropolitana da Grande São Paulo;Osasco;Grande São Paulo Noroeste;Etec Dr. Celso Giglio;242;Integrado;Turismo, Hospitalidade e Lazer;Turismo e Hospitalidade;Gastronomia - MTec;Tarde;105;40;2,62;
Metropolitana da Grande São Paulo;Metropolitana da Grande São Paulo;Osasco;Grande São Paulo Noroeste;Etec Dr. Celso Giglio;242;Integrado;Ambiente e Saúde;Meio Ambiente;Meio Ambiente - MTec-PI;Manhã e Tarde;78;40;1,95;
Metropolitana da Grande São Paulo;Metropolitana da Grande São Paulo;Osasco;Grande São Paulo Noroeste;Etec Dr. Celso Giglio;242;Integrado;Ambiente e Saúde;Saúde;Nutrição e Dietética - MTec-PI;Manhã e Tarde;173;40;4,32;
Metropolitana da Grande São Paulo;Metropolitana da Grande São Paulo;Osasco;Grande São Paulo Noroeste;Etec Dr. Celso Giglio;242;Integrado;Produção Industrial;Química;Química - MTec-PI;Manhã e Tarde;155;80;1,93;
Metropolitana da Grande São Paulo;Metropolitana da Grande São Paulo;Osasco;Grande São Paulo Noroeste;Etec Professor André Bogasian;149;Médio;Educação Básica;Educação Básica - Ensino Médio;Ensino Médio com Itinerário Formativo de Ciências Humanas e Sociais Aplicadas;Manhã;130;40;3,25;
Metropolitana da Grande São Paulo;Metropolitana da Grande São Paulo;Osasco;Grande São Paulo Noroeste;Etec Professor André Bogasian;149;Técnico;Gestão e Negócios;Gestão;Administração;Noite;70;40;1,75;
Metropolitana da Grande São Paulo;Metropolitana da Grande São Paulo;Osasco;Grande São Paulo Noroeste;Etec Professor André Bogasian;149;Técnico;Gestão e Negócios;Comércio;Marketing;Noite;57;40;1,42;
Metropolitana da Grande São Paulo;Metropolitana da Grande São Paulo;Osasco;Grande São Paulo Noroeste;Etec Professor André Bogasian;149;Integrado;Gestão e Negócios;Gestão;Administração - MTec;Tarde;141;40;3,52;
Metropolitana da Grande São Paulo;Metropolitana da Grande São Paulo;Osasco;Grande São Paulo Noroeste;Etec Professor André Bogasian;149;Integrado;Gestão e Negócios;Gestão;Administração - MTec-N;Noite;50;40;1,25;
Metropolitana da Grande São Paulo;Metropolitana da Grande São Paulo;Osasco;Grande São Paulo Noroeste;Etec Professor André Bogasian;149;Integrado;Gestão e Negócios;Gestão;Administração - MTec-PI;Manhã e Tarde;130;40;3,25;
Metropolitana da Grande São Paulo;Metropolitana da Grande São Paulo;Osasco;Grande São Paulo Noroeste;Etec Professor André Bogasian;149;Integrado;Gestão e Negócios;Gestão;Marketing - MTec-PI;Manhã e Tarde;139;40;3,47;
Metropolitana da Grande São Paulo;Metropolitana da Grande São Paulo;Osasco;Grande São Paulo Noroeste;Etec Professor André Bogasian;149;Integrado;Gestão e Negócios;Gestão;Recursos Humanos - MTec;Manhã;198;40;4,95;
Metropolitana da Grande São Paulo;Metropolitana da Grande São Paulo;Osasco;Grande São Paulo Noroeste;Etec Professor André Bogasian;149;Integrado;Gestão e Negócios;Gestão;Recursos Humanos - MTec;Tarde;69;40;1,72;
Metropolitana da Grande São Paulo;Metropolitana da Grande São Paulo;Osasco;Grande São Paulo Noroeste;Etec Professor André Bogasian;149;Integrado;Gestão e Negócios;Gestão;Recursos Humanos - MTec-N;Noite;43;40;1,07;
Metropolitana da Grande São Paulo;Metropolitana da Grande São Paulo;Poá;Grande São Paulo Leste;Etec de Poá;210;Integrado;Gestão e Negócios;Gestão;Administração - MTec;Manhã;327;40;8,17;
Metropolitana da Grande São Paulo;Metropolitana da Grande São Paulo;Poá;Grande São Paulo Leste;Etec de Poá;210;Integrado;Gestão e Negócios;Gestão;Administração - MTec-N;Noite;78;40;1,95;
Metropolitana da Grande São Paulo;Metropolitana da Grande São Paulo;Poá;Grande São Paulo Leste;Etec de Poá;210;Integrado;Informação e Comunicação;Informática;Desenvolvimento de Sistemas - MTec;Manhã;447;40;11,17;
Metropolitana da Grande São Paulo;Metropolitana da Grande São Paulo;Poá;Grande São Paulo Leste;Etec de Poá;210;Integrado;Informação e Comunicação;Informática;Desenvolvimento de Sistemas - Mtec-N;Noite;125;40;3,12;
Metropolitana da Grande São Paulo;Metropolitana da Grande São Paulo;Poá;Grande São Paulo Leste;Etec de Poá;210;Integrado;Informação e Comunicação;Informática;Informática para Internet - MTec;Tarde;185;40;4,62;
Metropolitana da Grande São Paulo;Metropolitana da Grande São Paulo;Poá;Grande São Paulo Leste;Etec de Poá;210;Integrado;Gestão e Negócios;Comércio;Marketing - MTec;Tarde;199;40;4,97;
Metropolitana da Grande São Paulo;Metropolitana da Grande São Paulo;Ribeirão Pires;Grande São Paulo Sul/Baixada Santista;Etec Professora Maria Cristina Medeiros;141;Técnico;Gestão e Negócios;Gestão;Administração;Noite;99;40;2,47;
Metropolitana da Grande São Paulo;Metropolitana da Grande São Paulo;Ribeirão Pires;Grande São Paulo Sul/Baixada Santista;Etec Professora Maria Cristina Medeiros;141;Técnico;Gestão e Negócios;Gestão;Logística;Noite;58;40;1,45;
Metropolitana da Grande São Paulo;Metropolitana da Grande São Paulo;Ribeirão Pires;Grande São Paulo Sul/Baixada Santista;Etec Professora Maria Cristina Medeiros;141;Técnico;Produção Industrial;Química;Química;Noite;93;40;2,32;
Metropolitana da Grande São Paulo;Metropolitana da Grande São Paulo;Ribeirão Pires;Grande São Paulo Sul/Baixada Santista;Etec Professora Maria Cristina Medeiros;141;Integrado;Gestão e Negócios;Gestão;Administração - MTec;Manhã;271;40;6,77;
Metropolitana da Grande São Paulo;Metropolitana da Grande São Paulo;Ribeirão Pires;Grande São Paulo Sul/Baixada Santista;Etec Professora Maria Cristina Medeiros;141;Integrado;Informação e Comunicação;Informática;Informática para Internet - MTec;Manhã;294;40;7,35;
Metropolitana da Grande São Paulo;Metropolitana da Grande São Paulo;Ribeirão Pires;Grande São Paulo Sul/Baixada Santista;Etec Professora Maria Cristina Medeiros;141;Integrado;Informação e Comunicação;Informática;Informática para Internet - MTec;Tarde;146;40;3,65;
Metropolitana da Grande São Paulo;Metropolitana da Grande São Paulo;Ribeirão Pires;Grande São Paulo Sul/Baixada Santista;Etec Professora Maria Cristina Medeiros;141;Integrado;Produção Industrial;Química;Química - MTec;Tarde;159;40;3,97;
Metropolitana da Grande São Paulo;Metropolitana da Grande São Paulo;Ribeirão Pires;Grande São Paulo Sul/Baixada Santista;Etec Professora Maria Cristina Medeiros;141;Integrado;Gestão e Negócios;Gestão;Recursos Humanos - MTec;Manhã;154;40;3,85;
Metropolitana da Grande São Paulo;Metropolitana da Grande São Paulo;Rio Grande da Serra;Grande São Paulo Sul/Baixada Santista;Etec de Rio Grande da Serra;282;Integrado;Gestão e Negócios;Gestão;Administração - MTec;Manhã;173;40;4,32;
Metropolitana da Grande São Paulo;Metropolitana da Grande São Paulo;Rio Grande da Serra;Grande São Paulo Sul/Baixada Santista;Etec de Rio Grande da Serra;282;Integrado;Gestão e Negócios;Gestão;Administração - MTec-N;Noite;51;40;1,27;
Metropolitana da Grande São Paulo;Metropolitana da Grande São Paulo;Rio Grande da Serra;Grande São Paulo Sul/Baixada Santista;Etec de Rio Grande da Serra;282;Integrado;Informação e Comunicação;Informática;Desenvolvimento de Sistemas - Mtec-N;Noite;78;40;1,95;
Metropolitana da Grande São Paulo;Metropolitana da Grande São Paulo;Rio Grande da Serra;Grande São Paulo Sul/Baixada Santista;Etec de Rio Grande da Serra;282;Integrado;Informação e Comunicação;Informática;Desenvolvimento de Sistemas - MTec-PI ;Manhã e Tarde;111;40;2,77;
Metropolitana da Grande São Paulo;Metropolitana da Grande São Paulo;Rio Grande da Serra;Grande São Paulo Sul/Baixada Santista;Etec de Rio Grande da Serra;282;Integrado;Infraestrutura;Construção Civil;Edificações - MTec;Manhã;100;40;2,50;
Metropolitana da Grande São Paulo;Metropolitana da Grande São Paulo;Rio Grande da Serra;Grande São Paulo Sul/Baixada Santista;Etec de Rio Grande da Serra;282;Integrado;Informação e Comunicação;Informática;Informática para Internet - MTec;Tarde;78;40;1,95;
Metropolitana da Grande São Paulo;Metropolitana da Grande São Paulo;Rio Grande da Serra;Grande São Paulo Sul/Baixada Santista;Etec de Rio Grande da Serra;282;Integrado;Gestão e Negócios;Gestão;Recursos Humanos - MTec-N;Noite;22;40;0,55;
Metropolitana da Grande São Paulo;Metropolitana da Grande São Paulo;Santa Isabel;Vale do Paraíba/Litoral Norte;Etec de Santa Isabel;219;Técnico;Gestão e Negócios;Gestão;Administração;Noite;43;35;1,22;
Metropolitana da Grande São Paulo;Metropolitana da Grande São Paulo;Santa Isabel;Vale do Paraíba/Litoral Norte;Etec de Santa Isabel;219;Integrado;Gestão e Negócios;Gestão;Administração - MTec-PI;Manhã e Tarde;174;35;4,97;
Metropolitana da Grande São Paulo;Metropolitana da Grande São Paulo;Santa Isabel;Vale do Paraíba/Litoral Norte;Etec de Santa Isabel;219;Integrado;Informação e Comunicação;Informática;Informática para Internet - MTec-PI;Manhã e Tarde;180;35;5,14;
Metropolitana da Grande São Paulo;Metropolitana da Grande São Paulo;Santa Isabel;Vale do Paraíba/Litoral Norte;Etec de Santa Isabel;219;Integrado;Gestão e Negócios;Gestão;Recursos Humanos - MTec-N;Noite;40;35;1,14;
Metropolitana da Grande São Paulo;Metropolitana da Grande São Paulo;Santana de Parnaíba;Grande São Paulo Noroeste;Etec Bartolomeu Bueno da Silva - Anhanguera;262;Técnico;Segurança;Saúde;Segurança do Trabalho;Noite;82;40;2,04;
Metropolitana da Grande São Paulo;Metropolitana da Grande São Paulo;Santana de Parnaíba;Grande São Paulo Noroeste;Etec Bartolomeu Bueno da Silva - Anhanguera;262;Integrado;Gestão e Negócios;Gestão;Administração - MTec-N;Noite;120;40;3,00;
Metropolitana da Grande São Paulo;Metropolitana da Grande São Paulo;Santana de Parnaíba;Grande São Paulo Noroeste;Etec Bartolomeu Bueno da Silva - Anhanguera;262;Integrado;Gestão e Negócios;Gestão;Contabilidade - MTec-N;Noite;26;40;0,65;
Metropolitana da Grande São Paulo;Metropolitana da Grande São Paulo;Santana de Parnaíba;Grande São Paulo Noroeste;Etec Bartolomeu Bueno da Silva - Anhanguera;262;Integrado;Informação e Comunicação;Informática;Informática para Internet - MTec-AMS;Manhã;223;40;5,57;
Metropolitana da Grande São Paulo;Metropolitana da Grande São Paulo;Santana de Parnaíba;Grande São Paulo Noroeste;Etec Bartolomeu Bueno da Silva - Anhanguera;262;Integrado;Informação e Comunicação;Informática;Informática para Internet - MTec-PI;Manhã e Tarde;201;40;5,02;
Metropolitana da Grande São Paulo;Metropolitana da Grande São Paulo;Santana de Parnaíba;Grande São Paulo Noroeste;Etec Bartolomeu Bueno da Silva - Anhanguera;262;Integrado;Gestão e Negócios;Gestão;Logística - MTec-PI;Manhã e Tarde;93;40;2,32;
Metropolitana da Grande São Paulo;Metropolitana da Grande São Paulo;Santana de Parnaíba;Grande São Paulo Noroeste;Etec Bartolomeu Bueno da Silva - Anhanguera;262;Integrado;Gestão e Negócios;Gestão;Recursos Humanos - MTec-PI;Manhã e Tarde;155;40;3,87;
Metropolitana da Grande São Paulo;Metropolitana da Grande São Paulo;Santana de Parnaíba;Grande São Paulo Noroeste;Etec Professora Ermelinda Giannini Teixeira;187;Técnico;Gestão e Negócios;Gestão;Administração (MNP);Noite;61;40;1,52;
Metropolitana da Grande São Paulo;Metropolitana da Grande São Paulo;Santana de Parnaíba;Grande São Paulo Noroeste;Etec Professora Ermelinda Giannini Teixeira;187;Técnico;Informação e Comunicação;Informática;Desenvolvimento de Sistemas (MNP);Noite;73;40;1,82;
Metropolitana da Grande São Paulo;Metropolitana da Grande São Paulo;Santana de Parnaíba;Grande São Paulo Noroeste;Etec Professora Ermelinda Giannini Teixeira;187;Integrado;Gestão e Negócios;Gestão;Administração - MTec;Manhã;251;40;6,27;
Metropolitana da Grande São Paulo;Metropolitana da Grande São Paulo;Santana de Parnaíba;Grande São Paulo Noroeste;Etec Professora Ermelinda Giannini Teixeira;187;Integrado;Informação e Comunicação;Informática;Desenvolvimento de Sistemas - MTec;Manhã;310;40;7,75;
Metropolitana da Grande São Paulo;Metropolitana da Grande São Paulo;Santana de Parnaíba;Grande São Paulo Noroeste;Etec Professora Ermelinda Giannini Teixeira;187;Integrado;Gestão e Negócios;Comércio;Marketing - MTec;Tarde;142;40;3,55;
Metropolitana da Grande São Paulo;Metropolitana da Grande São Paulo;Santana de Parnaíba;Grande São Paulo Noroeste;Etec Professora Ermelinda Giannini Teixeira;187;Integrado;Informação e Comunicação;Informática;Programação de Jogos Digitais - MTec;Tarde;86;40;2,15;
Metropolitana da Grande São Paulo;Metropolitana da Grande São Paulo;Santana de Parnaíba;Grande São Paulo Noroeste;Etec Professora Ermelinda Giannini Teixeira;187;Integrado;Gestão e Negócios;Gestão;Recursos Humanos - MTec-N;Noite;37;40;0,92;
Metropolitana da Grande São Paulo;Metropolitana da Grande São Paulo;Santo André;Grande São Paulo Sul/Baixada Santista;Etec Júlio de Mesquita;014;Técnico;Infraestrutura;Construção Civil;Edificações;Noite;87;40;2,17;
Metropolitana da Grande São Paulo;Metropolitana da Grande São Paulo;Santo André;Grande São Paulo Sul/Baixada Santista;Etec Júlio de Mesquita;014;Técnico;Turismo, Hospitalidade e Lazer;Turismo e Hospitalidade;Gastronomia;Noite;120;40;3,00;
Metropolitana da Grande São Paulo;Metropolitana da Grande São Paulo;Santo André;Grande São Paulo Sul/Baixada Santista;Etec Júlio de Mesquita;014;Técnico;Controle e Processos Industriais;Indústria;Mecatrônica;Noite;166;40;4,15;
Metropolitana da Grande São Paulo;Metropolitana da Grande São Paulo;Santo André;Grande São Paulo Sul/Baixada Santista;Etec Júlio de Mesquita;014;Técnico;Controle e Processos Industriais;Indústria;Mecânica;Noite;97;40;2,42;
Metropolitana da Grande São Paulo;Metropolitana da Grande São Paulo;Santo André;Grande São Paulo Sul/Baixada Santista;Etec Júlio de Mesquita;014;Técnico;Ambiente e Saúde;Saúde;Nutrição e Dietética (MNP);Noite;112;40;2,80;
Metropolitana da Grande São Paulo;Metropolitana da Grande São Paulo;Santo André;Grande São Paulo Sul/Baixada Santista;Etec Júlio de Mesquita;014;Técnico;Produção Industrial;Química;Química;Noite;86;40;2,15;
Metropolitana da Grande São Paulo;Metropolitana da Grande São Paulo;Santo André;Grande São Paulo Sul/Baixada Santista;Etec Júlio de Mesquita;014;Integrado;Gestão e Negócios;Gestão;Administração - MTec;Manhã;479;40;11,97;
Metropolitana da Grande São Paulo;Metropolitana da Grande São Paulo;Santo André;Grande São Paulo Sul/Baixada Santista;Etec Júlio de Mesquita;014;Integrado;Gestão e Negócios;Gestão;Administração - MTec;Tarde;86;40;2,15;
Metropolitana da Grande São Paulo;Metropolitana da Grande São Paulo;Santo André;Grande São Paulo Sul/Baixada Santista;Etec Júlio de Mesquita;014;Integrado;Controle e Processos Industriais;Indústria;Automação Industrial - MTec-N;Noite;50;40;1,25;
Metropolitana da Grande São Paulo;Metropolitana da Grande São Paulo;Santo André;Grande São Paulo Sul/Baixada Santista;Etec Júlio de Mesquita;014;Integrado;Controle e Processos Industriais;Indústria;Automação Industrial - MTec-PI;Manhã e Tarde;199;40;4,97;
Metropolitana da Grande São Paulo;Metropolitana da Grande São Paulo;Santo André;Grande São Paulo Sul/Baixada Santista;Etec Júlio de Mesquita;014;Integrado;Produção Cultural e Design;Imagem Pessoal;Design de Interiores - MTec-PI;Manhã e Tarde;268;40;6,70;
Metropolitana da Grande São Paulo;Metropolitana da Grande São Paulo;Santo André;Grande São Paulo Sul/Baixada Santista;Etec Júlio de Mesquita;014;Integrado;Infraestrutura;Construção Civil;Edificações - MTec-PI;Manhã e Tarde;131;40;3,27;
Metropolitana da Grande São Paulo;Metropolitana da Grande São Paulo;Santo André;Grande São Paulo Sul/Baixada Santista;Etec Júlio de Mesquita;014;Integrado;Controle e Processos Industriais;Indústria;Eletroeletrônica  - MTec;Tarde;56;40;1,40;
Metropolitana da Grande São Paulo;Metropolitana da Grande São Paulo;Santo André;Grande São Paulo Sul/Baixada Santista;Etec Júlio de Mesquita;014;Integrado;Controle e Processos Industriais;Indústria;Eletrônica - MTec;Manhã;176;40;4,40;
Metropolitana da Grande São Paulo;Metropolitana da Grande São Paulo;Santo André;Grande São Paulo Sul/Baixada Santista;Etec Júlio de Mesquita;014;Integrado;Controle e Processos Industriais;Indústria;Eletrônica - Mtec-N;Noite;23;40;0,57;
Metropolitana da Grande São Paulo;Metropolitana da Grande São Paulo;Santo André;Grande São Paulo Sul/Baixada Santista;Etec Júlio de Mesquita;014;Integrado;Controle e Processos Industriais;Indústria;Mecatrônica - MTec;Tarde;253;40;6,32;
Metropolitana da Grande São Paulo;Metropolitana da Grande São Paulo;Santo André;Grande São Paulo Sul/Baixada Santista;Etec Júlio de Mesquita;014;Integrado;Controle e Processos Industriais;Indústria;Mecânica - MTec;Manhã;122;40;3,05;
Metropolitana da Grande São Paulo;Metropolitana da Grande São Paulo;Santo André;Grande São Paulo Sul/Baixada Santista;Etec Júlio de Mesquita;014;Integrado;Ambiente e Saúde;Meio Ambiente;Meio Ambiente - MTec;Manhã;184;40;4,59;
Metropolitana da Grande São Paulo;Metropolitana da Grande São Paulo;Santo André;Grande São Paulo Sul/Baixada Santista;Etec Júlio de Mesquita;014;Integrado;Ambiente e Saúde;Saúde;Meio Ambiente - MTec-N;Noite;18;40;0,45;
Metropolitana da Grande São Paulo;Metropolitana da Grande São Paulo;Santo André;Grande São Paulo Sul/Baixada Santista;Etec Júlio de Mesquita;014;Integrado;Ambiente e Saúde;Saúde;Nutrição e Dietética - MTec;Tarde;84;40;2,10;
Metropolitana da Grande São Paulo;Metropolitana da Grande São Paulo;Santo André;Grande São Paulo Sul/Baixada Santista;Etec Júlio de Mesquita;014;Integrado;Ambiente e Saúde;Saúde;Nutrição e Dietética - MTec;Manhã;438;40;10,95;
Metropolitana da Grande São Paulo;Metropolitana da Grande São Paulo;Santo André;Grande São Paulo Sul/Baixada Santista;Etec Júlio de Mesquita;014;Integrado;Produção Industrial;Química;Química - MTec;Tarde;174;40;4,34;
Metropolitana da Grande São Paulo;Metropolitana da Grande São Paulo;Santo André;Grande São Paulo Sul/Baixada Santista;Etec Júlio de Mesquita (EE Américo Brasiliense);014.05 - Ext/Etec;Técnico;Gestão e Negócios;Gestão;Administração;Noite;110;80;1,37;
Metropolitana da Grande São Paulo;Metropolitana da Grande São Paulo;Santo André;Grande São Paulo Sul/Baixada Santista;Etec Júlio de Mesquita (EE Américo Brasiliense);014.05 - Ext/Etec;Integrado;Gestão e Negócios;Gestão;Recursos Humanos - MTec-N;Noite;52;40;1,30;
Metropolitana da Grande São Paulo;Metropolitana da Grande São Paulo;São Bernardo do Campo;Grande São Paulo Sul/Baixada Santista;Etec Juscelino Kubitschek de Oliveira (EE Senador Robert Kennedy);166.01 - Ext/Etec;Técnico;Gestão e Negócios;Gestão;Administração;Noite;40;40;1,00;
Metropolitana da Grande São Paulo;Metropolitana da Grande São Paulo;São Bernardo do Campo;Grande São Paulo Sul/Baixada Santista;Etec Juscelino Kubitschek de Oliveira (EE Senador Robert Kennedy);166.01 - Ext/Etec;Técnico;Gestão e Negócios;Gestão;Recursos Humanos;Noite;31;40;0,77;
Metropolitana da Grande São Paulo;Metropolitana da Grande São Paulo;São Bernardo do Campo;Grande São Paulo Sul/Baixada Santista;Etec Lauro Gomes;010;Médio;Educação Básica;Educação Básica - Ensino Médio;Ensino Médio com Itinerário Formativo de Ciências Humanas e Sociais Aplicadas;Manhã;300;40;7,50;
Metropolitana da Grande São Paulo;Metropolitana da Grande São Paulo;São Bernardo do Campo;Grande São Paulo Sul/Baixada Santista;Etec Lauro Gomes;010;Técnico;Gestão e Negócios;Gestão;Administração;Noite;135;80;1,68;
Metropolitana da Grande São Paulo;Metropolitana da Grande São Paulo;São Bernardo do Campo;Grande São Paulo Sul/Baixada Santista;Etec Lauro Gomes;010;Técnico;Controle e Processos Industriais;Indústria;Automação Industrial;Noite;104;40;2,60;
Metropolitana da Grande São Paulo;Metropolitana da Grande São Paulo;São Bernardo do Campo;Grande São Paulo Sul/Baixada Santista;Etec Lauro Gomes;010;Técnico;Gestão e Negócios;Gestão;Contabilidade;Noite;72;40;1,80;
Metropolitana da Grande São Paulo;Metropolitana da Grande São Paulo;São Bernardo do Campo;Grande São Paulo Sul/Baixada Santista;Etec Lauro Gomes;010;Técnico;Informação e Comunicação;Informática;Desenvolvimento de Sistemas;Tarde;187;40;4,67;
Metropolitana da Grande São Paulo;Metropolitana da Grande São Paulo;São Bernardo do Campo;Grande São Paulo Sul/Baixada Santista;Etec Lauro Gomes;010;Técnico;Controle e Processos Industriais;Indústria;Eletroeletrônica;Noite;91;40;2,27;
Metropolitana da Grande São Paulo;Metropolitana da Grande São Paulo;São Bernardo do Campo;Grande São Paulo Sul/Baixada Santista;Etec Lauro Gomes;010;Técnico;Informação e Comunicação;Informática;Informática para Internet;Noite;62;40;1,55;
Metropolitana da Grande São Paulo;Metropolitana da Grande São Paulo;São Bernardo do Campo;Grande São Paulo Sul/Baixada Santista;Etec Lauro Gomes;010;Técnico;Gestão e Negócios;Gestão;Logística;Tarde;45;40;1,12;
Metropolitana da Grande São Paulo;Metropolitana da Grande São Paulo;São Bernardo do Campo;Grande São Paulo Sul/Baixada Santista;Etec Lauro Gomes;010;Técnico;Gestão e Negócios;Gestão;Logística;Noite;64;40;1,60;
Metropolitana da Grande São Paulo;Metropolitana da Grande São Paulo;São Bernardo do Campo;Grande São Paulo Sul/Baixada Santista;Etec Lauro Gomes;010;Técnico;Controle e Processos Industriais;Indústria;Mecatrônica;Noite;140;40;3,50;
Metropolitana da Grande São Paulo;Metropolitana da Grande São Paulo;São Bernardo do Campo;Grande São Paulo Sul/Baixada Santista;Etec Lauro Gomes;010;Técnico;Informação e Comunicação;Informática;Programação de Jogos Digitais ;Noite;63;40;1,57;
Metropolitana da Grande São Paulo;Metropolitana da Grande São Paulo;São Bernardo do Campo;Grande São Paulo Sul/Baixada Santista;Etec Lauro Gomes;010;Técnico;Produção Industrial;Química;Química;Noite;95;40;2,37;
Metropolitana da Grande São Paulo;Metropolitana da Grande São Paulo;São Bernardo do Campo;Grande São Paulo Sul/Baixada Santista;Etec Lauro Gomes;010;Integrado;Gestão e Negócios;Gestão;Administração - MTec;Manhã;678;40;16,95;
Metropolitana da Grande São Paulo;Metropolitana da Grande São Paulo;São Bernardo do Campo;Grande São Paulo Sul/Baixada Santista;Etec Lauro Gomes;010;Integrado;Gestão e Negócios;Gestão;Administração - MTec;Tarde;130;40;3,25;
Metropolitana da Grande São Paulo;Metropolitana da Grande São Paulo;São Bernardo do Campo;Grande São Paulo Sul/Baixada Santista;Etec Lauro Gomes;010;Integrado;Controle e Processos Industriais;Indústria;Automação Industrial - MTec;Manhã;287;40;7,17;
Metropolitana da Grande São Paulo;Metropolitana da Grande São Paulo;São Bernardo do Campo;Grande São Paulo Sul/Baixada Santista;Etec Lauro Gomes;010;Integrado;Gestão e Negócios;Gestão;Comércio Exterior - MTec-N;Noite;88;40;2,20;
Metropolitana da Grande São Paulo;Metropolitana da Grande São Paulo;São Bernardo do Campo;Grande São Paulo Sul/Baixada Santista;Etec Lauro Gomes;010;Integrado;Informação e Comunicação;Informática;Desenvolvimento de Sistemas - MTec-PI ;Manhã e Tarde;538;40;13,45;
Metropolitana da Grande São Paulo;Metropolitana da Grande São Paulo;São Bernardo do Campo;Grande São Paulo Sul/Baixada Santista;Etec Lauro Gomes;010;Integrado;Controle e Processos Industriais;Indústria;Eletroeletrônica  - MTec;Tarde;66;40;1,65;
Metropolitana da Grande São Paulo;Metropolitana da Grande São Paulo;São Bernardo do Campo;Grande São Paulo Sul/Baixada Santista;Etec Lauro Gomes;010;Integrado;Controle e Processos Industriais;Indústria;Eletroeletrônica - MTec-N;Noite;23;40;0,57;
Metropolitana da Grande São Paulo;Metropolitana da Grande São Paulo;São Bernardo do Campo;Grande São Paulo Sul/Baixada Santista;Etec Lauro Gomes;010;Integrado;Controle e Processos Industriais;Indústria;Eletrônica - MTec;Manhã;145;40;3,62;
Metropolitana da Grande São Paulo;Metropolitana da Grande São Paulo;São Bernardo do Campo;Grande São Paulo Sul/Baixada Santista;Etec Lauro Gomes;010;Integrado;Controle e Processos Industriais;Indústria;Eletrônica - Mtec-N;Noite;31;40;0,77;
Metropolitana da Grande São Paulo;Metropolitana da Grande São Paulo;São Bernardo do Campo;Grande São Paulo Sul/Baixada Santista;Etec Lauro Gomes;010;Integrado;Informação e Comunicação;Informática;Informática para Internet - MTec-PI;Manhã e Tarde;233;40;5,82;
Metropolitana da Grande São Paulo;Metropolitana da Grande São Paulo;São Bernardo do Campo;Grande São Paulo Sul/Baixada Santista;Etec Lauro Gomes;010;Integrado;Controle e Processos Industriais;Indústria;Mecatrônica - MTec-N;Noite;84;40;2,10;
Metropolitana da Grande São Paulo;Metropolitana da Grande São Paulo;São Bernardo do Campo;Grande São Paulo Sul/Baixada Santista;Etec Lauro Gomes;010;Integrado;Controle e Processos Industriais;Indústria;Mecatrônica - MTec-PI;Manhã e Tarde;291;80;3,63;
Metropolitana da Grande São Paulo;Metropolitana da Grande São Paulo;São Bernardo do Campo;Grande São Paulo Sul/Baixada Santista;Etec Lauro Gomes;010;Integrado;Controle e Processos Industriais;Indústria;Mecânica - MTec;Manhã;145;40;3,62;
Metropolitana da Grande São Paulo;Metropolitana da Grande São Paulo;São Bernardo do Campo;Grande São Paulo Sul/Baixada Santista;Etec Lauro Gomes;010;Integrado;Ambiente e Saúde;Meio Ambiente;Meio Ambiente - MTec;Tarde;170;40;4,25;
Metropolitana da Grande São Paulo;Metropolitana da Grande São Paulo;São Bernardo do Campo;Grande São Paulo Sul/Baixada Santista;Etec Lauro Gomes;010;Integrado;Produção Industrial;Química;Química - Mtec-N;Noite;79;40;1,97;
Metropolitana da Grande São Paulo;Metropolitana da Grande São Paulo;São Bernardo do Campo;Grande São Paulo Sul/Baixada Santista;Etec Lauro Gomes;010;Integrado;Produção Industrial;Química;Química - MTec-PI;Manhã e Tarde;310;80;3,87;
Metropolitana da Grande São Paulo;Metropolitana da Grande São Paulo;São Bernardo do Campo;Grande São Paulo Sul/Baixada Santista;Etec Lauro Gomes;010;Integrado;Gestão e Negócios;Gestão;Secretariado - MTec;Tarde;88;40;2,20;
Metropolitana da Grande São Paulo;Metropolitana da Grande São Paulo;São Bernardo do Campo;Grande São Paulo Sul/Baixada Santista;Etec Lauro Gomes (EE Prof. Carlos Pezzolo);010.03 - Ext/Etec;Técnico;Gestão e Negócios;Gestão;Administração;Noite;47;40;1,17;
Metropolitana da Grande São Paulo;Metropolitana da Grande São Paulo;São Bernardo do Campo;Grande São Paulo Sul/Baixada Santista;Etec Lauro Gomes (EE Prof.ª Cynira Pires dos Santos);010.02 - Ext/Etec;Técnico;Gestão e Negócios;Gestão;Logística;Noite;51;40;1,27;
Metropolitana da Grande São Paulo;Metropolitana da Grande São Paulo;São Bernardo do Campo;Grande São Paulo Sul/Baixada Santista;Etec Lauro Gomes / Fatec Adib Moiseés Dib;010/126 - Etec/Fatec;Integrado;Controle e Processos Industriais;Indústria;Automação Industrial - MTec-AMS;Tarde;180;40;4,50;
Metropolitana da Grande São Paulo;Metropolitana da Grande São Paulo;São Caetano do Sul;Grande São Paulo Sul/Baixada Santista;Etec Jorge Street;011;Técnico;Controle e Processos Industriais;Indústria;Eletrotécnica;Noite;70;40;1,75;
Metropolitana da Grande São Paulo;Metropolitana da Grande São Paulo;São Caetano do Sul;Grande São Paulo Sul/Baixada Santista;Etec Jorge Street;011;Técnico;Controle e Processos Industriais;Indústria;Manutenção Automotiva;Noite;78;40;1,95;
Metropolitana da Grande São Paulo;Metropolitana da Grande São Paulo;São Caetano do Sul;Grande São Paulo Sul/Baixada Santista;Etec Jorge Street;011;Técnico;Controle e Processos Industriais;Indústria;Mecatrônica;Noite;78;40;1,95;
Metropolitana da Grande São Paulo;Metropolitana da Grande São Paulo;São Caetano do Sul;Grande São Paulo Sul/Baixada Santista;Etec Jorge Street;011;Integrado;Gestão e Negócios;Gestão;Administração - MTec;Manhã;360;40;9,00;
Metropolitana da Grande São Paulo;Metropolitana da Grande São Paulo;São Caetano do Sul;Grande São Paulo Sul/Baixada Santista;Etec Jorge Street;011;Integrado;Gestão e Negócios;Gestão;Administração - MTec;Tarde;92;40;2,29;
Metropolitana da Grande São Paulo;Metropolitana da Grande São Paulo;São Caetano do Sul;Grande São Paulo Sul/Baixada Santista;Etec Jorge Street;011;Integrado;Controle e Processos Industriais;Indústria;Automação Industrial - MTec;Tarde;80;40;2,00;
Metropolitana da Grande São Paulo;Metropolitana da Grande São Paulo;São Caetano do Sul;Grande São Paulo Sul/Baixada Santista;Etec Jorge Street;011;Integrado;Controle e Processos Industriais;Indústria;Automação Industrial - MTec-N;Noite;24;40;0,60;
Metropolitana da Grande São Paulo;Metropolitana da Grande São Paulo;São Caetano do Sul;Grande São Paulo Sul/Baixada Santista;Etec Jorge Street;011;Integrado;Informação e Comunicação;Informática;Desenvolvimento de Sistemas - MTec;Manhã;492;40;12,30;
Metropolitana da Grande São Paulo;Metropolitana da Grande São Paulo;São Caetano do Sul;Grande São Paulo Sul/Baixada Santista;Etec Jorge Street;011;Integrado;Controle e Processos Industriais;Indústria;Eletrônica - MTec;Manhã;103;40;2,57;
Metropolitana da Grande São Paulo;Metropolitana da Grande São Paulo;São Caetano do Sul;Grande São Paulo Sul/Baixada Santista;Etec Jorge Street;011;Integrado;Controle e Processos Industriais;Indústria;Eletrônica - Mtec-N;Noite;23;40;0,57;
Metropolitana da Grande São Paulo;Metropolitana da Grande São Paulo;São Caetano do Sul;Grande São Paulo Sul/Baixada Santista;Etec Jorge Street;011;Integrado;Informação e Comunicação;Informática;Informática - MTec;Tarde;139;40;3,47;
Metropolitana da Grande São Paulo;Metropolitana da Grande São Paulo;São Caetano do Sul;Grande São Paulo Sul/Baixada Santista;Etec Jorge Street;011;Integrado;Controle e Processos Industriais;Indústria;Mecatrônica - MTec;Tarde;91;40;2,27;
Metropolitana da Grande São Paulo;Metropolitana da Grande São Paulo;São Caetano do Sul;Grande São Paulo Sul/Baixada Santista;Etec Jorge Street;011;Integrado;Controle e Processos Industriais;Indústria;Mecatrônica - MTec;Manhã;237;40;5,92;
Metropolitana da Grande São Paulo;Metropolitana da Grande São Paulo;São Caetano do Sul;Grande São Paulo Sul/Baixada Santista;Etec Jorge Street;011;Integrado;Controle e Processos Industriais;Indústria;Mecânica - MTec;Manhã;105;40;2,62;
Metropolitana da Grande São Paulo;Metropolitana da Grande São Paulo;São Caetano do Sul;Grande São Paulo Sul/Baixada Santista;Etec Jorge Street;011;Integrado;Controle e Processos Industriais;Indústria;Mecânica - Mtec-N;Noite;21;40;0,52;
Metropolitana da Grande São Paulo;Metropolitana da Grande São Paulo;São Caetano do Sul;Grande São Paulo Sul/Baixada Santista;Etec Jorge Street (EE Prof.ª Maria Trujilo Torloni);011.02 - Ext/Etec;Técnico;Gestão e Negócios;Gestão;Serviços Jurídicos;Noite;44;35;1,25;
Metropolitana da Grande São Paulo;Metropolitana da Grande São Paulo;São Caetano do Sul;Grande São Paulo Sul/Baixada Santista;Etec Jorge Street / Fatec Antonio Russo;011/168 - Etec/Fatec;Integrado;Informação e Comunicação;Informática;Desenvolvimento de Sistemas - MTec-AMS;Tarde;287;40;7,17;
Metropolitana da Grande São Paulo;Metropolitana da Grande São Paulo;São Paulo;Grande São Paulo Noroeste;Etec Abdias do Nascimento;224;Técnico;Gestão e Negócios;Gestão;Administração (MNP);Noite;31;40;0,77;
Metropolitana da Grande São Paulo;Metropolitana da Grande São Paulo;São Paulo;Grande São Paulo Noroeste;Etec Abdias do Nascimento;224;Integrado;Gestão e Negócios;Gestão;Administração - MTec;Manhã;179;40;4,47;
Metropolitana da Grande São Paulo;Metropolitana da Grande São Paulo;São Paulo;Grande São Paulo Noroeste;Etec Abdias do Nascimento;224;Integrado;Gestão e Negócios;Gestão;Administração - MTec;Tarde;73;40;1,82;
Metropolitana da Grande São Paulo;Metropolitana da Grande São Paulo;São Paulo;Grande São Paulo Noroeste;Etec Abdias do Nascimento;224;Integrado;Informação e Comunicação;Informática;Desenvolvimento de Sistemas - MTec;Tarde;75;40;1,87;
Metropolitana da Grande São Paulo;Metropolitana da Grande São Paulo;São Paulo;Grande São Paulo Noroeste;Etec Abdias do Nascimento;224;Integrado;Informação e Comunicação;Informática;Desenvolvimento de Sistemas - MTec;Manhã;198;40;4,95;
Metropolitana da Grande São Paulo;Metropolitana da Grande São Paulo;São Paulo;Grande São Paulo Noroeste;Etec Abdias do Nascimento;224;Integrado;Gestão e Negócios;Gestão;Marketing - MTec-N;Noite;34;40;0,85;
Metropolitana da Grande São Paulo;Metropolitana da Grande São Paulo;São Paulo;Grande São Paulo Noroeste;Etec Abdias do Nascimento;224;Integrado;Gestão e Negócios;Gestão;Recursos Humanos - MTec;Manhã;78;40;1,95;
Metropolitana da Grande São Paulo;Metropolitana da Grande São Paulo;São Paulo;Grande São Paulo Noroeste;Etec Abdias do Nascimento;224;Integrado;Segurança;Saúde;Segurança do Trabalho - MTec;Manhã;47;40;1,17;
Metropolitana da Grande São Paulo;Metropolitana da Grande São Paulo;São Paulo;Grande São Paulo Noroeste;Etec Abdias do Nascimento (CEU Casa Blanca);224.02 - Etec/Ceu;Técnico;Gestão e Negócios;Gestão;Administração;Noite;48;30;1,60;
Metropolitana da Grande São Paulo;Metropolitana da Grande São Paulo;São Paulo;Grande São Paulo Noroeste;Etec Albert Einstein;023;Médio;Educação Básica;Educação Básica - Ensino Médio;Ensino Médio com Itinerário Formativo de Ciências da Natureza e suas Tecnologias;Manhã;175;40;4,37;
Metropolitana da Grande São Paulo;Metropolitana da Grande São Paulo;São Paulo;Grande São Paulo Noroeste;Etec Albert Einstein;023;Técnico;Gestão e Negócios;Gestão;Administração;Noite;68;40;1,70;
Metropolitana da Grande São Paulo;Metropolitana da Grande São Paulo;São Paulo;Grande São Paulo Noroeste;Etec Albert Einstein;023;Técnico;Gestão e Negócios;Gestão;Comércio Exterior;Noite;66;40;1,65;
Metropolitana da Grande São Paulo;Metropolitana da Grande São Paulo;São Paulo;Grande São Paulo Noroeste;Etec Albert Einstein;023;Técnico;Informação e Comunicação;Informática;Desenvolvimento de Sistemas;Noite;129;40;3,22;
Metropolitana da Grande São Paulo;Metropolitana da Grande São Paulo;São Paulo;Grande São Paulo Noroeste;Etec Albert Einstein;023;Técnico;Controle e Processos Industriais;Indústria;Eletrônica;Noite;56;40;1,40;
Metropolitana da Grande São Paulo;Metropolitana da Grande São Paulo;São Paulo;Grande São Paulo Noroeste;Etec Albert Einstein;023;Técnico;Gestão e Negócios;Gestão;Serviços Jurídicos;Noite;80;40;2,00;
Metropolitana da Grande São Paulo;Metropolitana da Grande São Paulo;São Paulo;Grande São Paulo Noroeste;Etec Albert Einstein;023;Integrado;Gestão e Negócios;Gestão;Administração - MTec;Tarde;83;40;2,07;
Metropolitana da Grande São Paulo;Metropolitana da Grande São Paulo;São Paulo;Grande São Paulo Noroeste;Etec Albert Einstein;023;Integrado;Gestão e Negócios;Gestão;Administração - MTec;Manhã;297;40;7,42;
Metropolitana da Grande São Paulo;Metropolitana da Grande São Paulo;São Paulo;Grande São Paulo Noroeste;Etec Albert Einstein;023;Integrado;Informação e Comunicação;Informática;Desenvolvimento de Sistemas - MTec;Manhã;479;40;11,97;
Metropolitana da Grande São Paulo;Metropolitana da Grande São Paulo;São Paulo;Grande São Paulo Noroeste;Etec Albert Einstein;023;Integrado;Produção Cultural e Design;Design;Design Gráfico - MTec;Manhã;291;40;7,27;
Metropolitana da Grande São Paulo;Metropolitana da Grande São Paulo;São Paulo;Grande São Paulo Noroeste;Etec Albert Einstein;023;Integrado;Produção Cultural e Design;Design;Design Gráfico - MTec;Tarde;115;40;2,87;
Metropolitana da Grande São Paulo;Metropolitana da Grande São Paulo;São Paulo;Grande São Paulo Noroeste;Etec Albert Einstein;023;Integrado;Controle e Processos Industriais;Indústria;Eletrônica - MTec;Manhã;124;40;3,10;
Metropolitana da Grande São Paulo;Metropolitana da Grande São Paulo;São Paulo;Grande São Paulo Noroeste;Etec Albert Einstein;023;Integrado;Controle e Processos Industriais;Indústria;Eletrônica - MTec;Tarde;46;40;1,14;
Metropolitana da Grande São Paulo;Metropolitana da Grande São Paulo;São Paulo;Grande São Paulo Noroeste;Etec Albert Einstein;023;Integrado;Informação e Comunicação;Informática;Informática para Internet - MTec;Tarde;100;40;2,50;
Metropolitana da Grande São Paulo;Metropolitana da Grande São Paulo;São Paulo;Grande São Paulo Noroeste;Etec Albert Einstein;023;Integrado;Gestão e Negócios;Gestão;Serviços Jurídicos - MTec;Manhã;396;40;9,90;
Metropolitana da Grande São Paulo;Metropolitana da Grande São Paulo;São Paulo;Grande São Paulo Leste;Etec Carlos de Campos;045;Técnico;Produção Cultural e Design;Design;Design Gráfico;Noite;94;40;2,35;
Metropolitana da Grande São Paulo;Metropolitana da Grande São Paulo;São Paulo;Grande São Paulo Leste;Etec Carlos de Campos;045;Técnico;Ambiente e Saúde;Saúde;Enfermagem;Manhã;246;40;6,15;
Metropolitana da Grande São Paulo;Metropolitana da Grande São Paulo;São Paulo;Grande São Paulo Leste;Etec Carlos de Campos;045;Técnico;Turismo, Hospitalidade e Lazer;Turismo e Hospitalidade;Gastronomia;Noite;72;40;1,80;
Metropolitana da Grande São Paulo;Metropolitana da Grande São Paulo;São Paulo;Grande São Paulo Leste;Etec Carlos de Campos;045;Técnico;Produção Cultural e Design;Design;Modelagem do Vestuário;Noite;144;40;3,60;
Metropolitana da Grande São Paulo;Metropolitana da Grande São Paulo;São Paulo;Grande São Paulo Leste;Etec Carlos de Campos;045;Técnico;Ambiente e Saúde;Saúde;Nutrição e Dietética;Noite;67;40;1,67;
Metropolitana da Grande São Paulo;Metropolitana da Grande São Paulo;São Paulo;Grande São Paulo Leste;Etec Carlos de Campos;045;Integrado;Produção Cultural e Design;Design;Design de Interiores - MTec;Manhã;128;40;3,20;
Metropolitana da Grande São Paulo;Metropolitana da Grande São Paulo;São Paulo;Grande São Paulo Leste;Etec Carlos de Campos;045;Integrado;Produção Cultural e Design;Design;Design de Interiores - MTec;Tarde;52;40;1,30;
Metropolitana da Grande São Paulo;Metropolitana da Grande São Paulo;São Paulo;Grande São Paulo Leste;Etec Carlos de Campos;045;Integrado;Produção Cultural e Design;Design;Design Gráfico - MTec;Tarde;107;40;2,67;
Metropolitana da Grande São Paulo;Metropolitana da Grande São Paulo;São Paulo;Grande São Paulo Leste;Etec Carlos de Campos;045;Integrado;Produção Cultural e Design;Design;Design Gráfico - MTec;Manhã;218;40;5,45;
Metropolitana da Grande São Paulo;Metropolitana da Grande São Paulo;São Paulo;Grande São Paulo Leste;Etec Carlos de Campos;045;Integrado;Infraestrutura;Construção Civil;Edificações - MTec;Manhã;104;40;2,60;
Metropolitana da Grande São Paulo;Metropolitana da Grande São Paulo;São Paulo;Grande São Paulo Leste;Etec Carlos de Campos;045;Integrado;Turismo, Hospitalidade e Lazer;Turismo e Hospitalidade;Gastronomia - MTec;Tarde;178;40;4,45;
Metropolitana da Grande São Paulo;Metropolitana da Grande São Paulo;São Paulo;Grande São Paulo Leste;Etec Carlos de Campos;045;Integrado;Produção Cultural e Design;Design;Modelagem do Vestuário - MTec;Tarde;169;40;4,22;
Metropolitana da Grande São Paulo;Metropolitana da Grande São Paulo;São Paulo;Grande São Paulo Leste;Etec Carlos de Campos;045;Integrado;Ambiente e Saúde;Saúde;Nutrição e Dietética - MTec;Manhã;211;40;5,27;
Metropolitana da Grande São Paulo;Metropolitana da Grande São Paulo;São Paulo;Grande São Paulo Leste;Etec Carlos de Campos (EE Presidente Roosevelt);045.01 - Ext/Etec;Técnico;Gestão e Negócios;Gestão;Recursos Humanos;Noite;39;35;1,11;
Metropolitana da Grande São Paulo;Metropolitana da Grande São Paulo;São Paulo;Grande São Paulo Leste;Etec Carlos de Campos / Fatec do Ipiranga Pastor Enéas Tognini;045/204 - Etec/Fatec;Integrado;Turismo, Hospitalidade e Lazer;Turismo e Hospitalidade;Agenciamento de Viagem - MTec-AMS;Tarde;41;40;1,02;
Metropolitana da Grande São Paulo;Metropolitana da Grande São Paulo;São Paulo;Grande São Paulo Sul/Baixada Santista;Etec Carolina Carinhato Sampaio;134;Técnico;Gestão e Negócios;Gestão;Administração;Tarde;69;40;1,72;
Metropolitana da Grande São Paulo;Metropolitana da Grande São Paulo;São Paulo;Grande São Paulo Sul/Baixada Santista;Etec Carolina Carinhato Sampaio;134;Técnico;Gestão e Negócios;Gestão;Administração;Noite;58;40;1,45;
Metropolitana da Grande São Paulo;Metropolitana da Grande São Paulo;São Paulo;Grande São Paulo Sul/Baixada Santista;Etec Carolina Carinhato Sampaio;134;Técnico;Ambiente e Saúde;Saúde;Enfermagem;Manhã;124;40;3,10;
Metropolitana da Grande São Paulo;Metropolitana da Grande São Paulo;São Paulo;Grande São Paulo Sul/Baixada Santista;Etec Carolina Carinhato Sampaio;134;Integrado;Gestão e Negócios;Gestão;Administração - MTec;Manhã;542;40;13,55;
Metropolitana da Grande São Paulo;Metropolitana da Grande São Paulo;São Paulo;Grande São Paulo Sul/Baixada Santista;Etec Carolina Carinhato Sampaio;134;Integrado;Gestão e Negócios;Gestão;Administração - MTec;Tarde;99;40;2,47;
Metropolitana da Grande São Paulo;Metropolitana da Grande São Paulo;São Paulo;Grande São Paulo Sul/Baixada Santista;Etec Carolina Carinhato Sampaio;134;Integrado;Controle e Processos Industriais;Indústria;Eletrônica - MTec;Manhã;169;40;4,22;
Metropolitana da Grande São Paulo;Metropolitana da Grande São Paulo;São Paulo;Grande São Paulo Sul/Baixada Santista;Etec Carolina Carinhato Sampaio;134;Integrado;Controle e Processos Industriais;Indústria;Eletrônica - MTec;Tarde;67;40;1,67;
Metropolitana da Grande São Paulo;Metropolitana da Grande São Paulo;São Paulo;Grande São Paulo Sul/Baixada Santista;Etec Carolina Carinhato Sampaio;134;Integrado;Controle e Processos Industriais;Indústria;Eletrônica - Mtec-N;Noite;41;40;1,02;
Metropolitana da Grande São Paulo;Metropolitana da Grande São Paulo;São Paulo;Grande São Paulo Sul/Baixada Santista;Etec Carolina Carinhato Sampaio;134;Integrado;Gestão e Negócios;Gestão;Recursos Humanos - MTec;Tarde;58;40;1,45;
Metropolitana da Grande São Paulo;Metropolitana da Grande São Paulo;São Paulo;Grande São Paulo Sul/Baixada Santista;Etec Carolina Carinhato Sampaio;134;Integrado;Gestão e Negócios;Gestão;Recursos Humanos - MTec;Manhã;189;40;4,72;
Metropolitana da Grande São Paulo;Metropolitana da Grande São Paulo;São Paulo;Grande São Paulo Sul/Baixada Santista;Etec Carolina Carinhato Sampaio (CEU Campo Limpo);134.09 - Etec/Ceu;Técnico;Gestão e Negócios;Gestão;Recursos Humanos;Noite;43;30;1,43;
Metropolitana da Grande São Paulo;Metropolitana da Grande São Paulo;São Paulo;Grande São Paulo Sul/Baixada Santista;Etec Carolina Carinhato Sampaio (CEU Cantos do Amanhecer);134.04 - Etec/Ceu;Técnico;Gestão e Negócios;Gestão;Logística;Noite;30;30;1,00;
Metropolitana da Grande São Paulo;Metropolitana da Grande São Paulo;São Paulo;Grande São Paulo Sul/Baixada Santista;Etec Carolina Carinhato Sampaio (CEU Cantos do Amanhecer);134.04 - Etec/Ceu;Integrado;Gestão e Negócios;Gestão;Administração - MTec-N;Noite;93;30;3,10;
Metropolitana da Grande São Paulo;Metropolitana da Grande São Paulo;São Paulo;Grande São Paulo Sul/Baixada Santista;Etec Carolina Carinhato Sampaio (CEU Capão Redondo);134.01 - Etec/Ceu;Técnico;Gestão e Negócios;Gestão;Administração;Noite;75;60;1,25;
Metropolitana da Grande São Paulo;Metropolitana da Grande São Paulo;São Paulo;Grande São Paulo Sul/Baixada Santista;Etec Carolina Carinhato Sampaio (CEU Capão Redondo);134.01 - Etec/Ceu;Integrado;Gestão e Negócios;Gestão;Logística - Mtec-N;Noite;77;30;2,56;
Metropolitana da Grande São Paulo;Metropolitana da Grande São Paulo;São Paulo;Grande São Paulo Sul/Baixada Santista;Etec Carolina Carinhato Sampaio (CEU Três Lagos);134.05 - Etec/Ceu;Técnico;Gestão e Negócios;Gestão;Administração;Noite;26;30;0,86;
Metropolitana da Grande São Paulo;Metropolitana da Grande São Paulo;São Paulo;Grande São Paulo Sul/Baixada Santista;Etec Carolina Carinhato Sampaio (CEU Três Lagos);134.05 - Etec/Ceu;Integrado;Gestão e Negócios;Gestão;Administração - MTec-N;Noite;80;30;2,66;
Metropolitana da Grande São Paulo;Metropolitana da Grande São Paulo;São Paulo;Grande São Paulo Noroeste;Etec Cepam;223;Técnico;Gestão e Negócios;Gestão;Serviços Públicos;Noite;60;40;1,50;
Metropolitana da Grande São Paulo;Metropolitana da Grande São Paulo;São Paulo;Grande São Paulo Noroeste;Etec Cepam;223;Integrado;Gestão e Negócios;Gestão;Serviços Jurídicos - MTec;Tarde;248;40;6,20;
Metropolitana da Grande São Paulo;Metropolitana da Grande São Paulo;São Paulo;Grande São Paulo Noroeste;Etec Cepam;223;Integrado;Gestão e Negócios;Gestão;Serviços Públicos - MTec;Manhã;236;40;5,90;
Metropolitana da Grande São Paulo;Metropolitana da Grande São Paulo;São Paulo;Grande São Paulo Noroeste;Etec Cepam;223;Integrado;Gestão e Negócios;Gestão;Serviços Públicos - MTec-N;Noite;79;40;1,97;
Metropolitana da Grande São Paulo;Metropolitana da Grande São Paulo;São Paulo;Grande São Paulo Noroeste;Etec de Artes;180;Técnico;Produção Cultural e Design;Artes;Canto;Noite;183;30;6,10;
Metropolitana da Grande São Paulo;Metropolitana da Grande São Paulo;São Paulo;Grande São Paulo Noroeste;Etec de Artes;180;Técnico;Produção Cultural e Design;Artes;Dança;Noite;92;30;3,06;
Metropolitana da Grande São Paulo;Metropolitana da Grande São Paulo;São Paulo;Grande São Paulo Noroeste;Etec de Artes;180;Técnico;Produção Cultural e Design;Artes;Dança;Tarde;65;30;2,16;
Metropolitana da Grande São Paulo;Metropolitana da Grande São Paulo;São Paulo;Grande São Paulo Noroeste;Etec de Artes;180;Técnico;Produção Cultural e Design;Artes;Teatro;Tarde;106;30;3,53;
Metropolitana da Grande São Paulo;Metropolitana da Grande São Paulo;São Paulo;Grande São Paulo Noroeste;Etec de Artes;180;Técnico;Produção Cultural e Design;Artes;Teatro;Manhã;180;30;6,00;
Metropolitana da Grande São Paulo;Metropolitana da Grande São Paulo;São Paulo;Grande São Paulo Noroeste;Etec de Artes;180;Integrado;Produção Cultural e Design;Design;Design de Interiores - MTec;Manhã;277;30;9,23;
Metropolitana da Grande São Paulo;Metropolitana da Grande São Paulo;São Paulo;Grande São Paulo Noroeste;Etec de Artes;180;Integrado;Turismo, Hospitalidade e Lazer;Lazer e Desenvolvimento Social;Eventos - MTec;Manhã;123;30;4,09;
Metropolitana da Grande São Paulo;Metropolitana da Grande São Paulo;São Paulo;Grande São Paulo Noroeste;Etec de Artes;180;Integrado;Produção Cultural e Design;Design;Processos Fotográficos - MTec;Tarde;245;30;8,16;
Metropolitana da Grande São Paulo;Metropolitana da Grande São Paulo;São Paulo;Grande São Paulo Noroeste;Etec de Artes;180;Especialização;Produção Cultural e Design;Artes;Composição e Arranjo;Noite;70;30;2,33;
Metropolitana da Grande São Paulo;Metropolitana da Grande São Paulo;São Paulo;Grande São Paulo Noroeste;Etec de Artes;180;Especialização;Produção Cultural e Design;Design;Danças a Dois;Tarde;39;30;1,30;
Metropolitana da Grande São Paulo;Metropolitana da Grande São Paulo;São Paulo;Grande São Paulo Leste;Etec de Cidade Tiradentes;199;Técnico;Gestão e Negócios;Gestão;Administração;Noite;60;40;1,50;
Metropolitana da Grande São Paulo;Metropolitana da Grande São Paulo;São Paulo;Grande São Paulo Leste;Etec de Cidade Tiradentes;199;Técnico;Gestão e Negócios;Gestão;Administração;Tarde;59;40;1,47;
Metropolitana da Grande São Paulo;Metropolitana da Grande São Paulo;São Paulo;Grande São Paulo Leste;Etec de Cidade Tiradentes;199;Técnico;Ambiente e Saúde;Saúde;Farmácia;Noite;150;40;3,75;
Metropolitana da Grande São Paulo;Metropolitana da Grande São Paulo;São Paulo;Grande São Paulo Leste;Etec de Cidade Tiradentes;199;Técnico;Ambiente e Saúde;Saúde;Nutrição e Dietética;Manhã;61;40;1,52;
Metropolitana da Grande São Paulo;Metropolitana da Grande São Paulo;São Paulo;Grande São Paulo Leste;Etec de Cidade Tiradentes;199;Técnico;Produção Industrial;Química;Química;Noite;51;40;1,27;
Metropolitana da Grande São Paulo;Metropolitana da Grande São Paulo;São Paulo;Grande São Paulo Leste;Etec de Cidade Tiradentes;199;Técnico;Segurança;Saúde;Segurança do Trabalho;Noite;76;40;1,90;
Metropolitana da Grande São Paulo;Metropolitana da Grande São Paulo;São Paulo;Grande São Paulo Leste;Etec de Cidade Tiradentes;199;Integrado;Gestão e Negócios;Gestão;Administração - MTec;Manhã;354;40;8,85;
Metropolitana da Grande São Paulo;Metropolitana da Grande São Paulo;São Paulo;Grande São Paulo Leste;Etec de Cidade Tiradentes;199;Integrado;Informação e Comunicação;Informática;Desenvolvimento de Sistemas - MTec;Manhã;303;40;7,57;
Metropolitana da Grande São Paulo;Metropolitana da Grande São Paulo;São Paulo;Grande São Paulo Leste;Etec de Cidade Tiradentes;199;Integrado;Informação e Comunicação;Informática;Informática para Internet - MTec;Tarde;124;40;3,10;
Metropolitana da Grande São Paulo;Metropolitana da Grande São Paulo;São Paulo;Grande São Paulo Leste;Etec de Cidade Tiradentes;199;Integrado;Ambiente e Saúde;Saúde;Nutrição e Dietética - MTec;Tarde;218;40;5,45;
Metropolitana da Grande São Paulo;Metropolitana da Grande São Paulo;São Paulo;Grande São Paulo Leste;Etec de Cidade Tiradentes;199;Integrado;Produção Industrial;Química;Química - MTec;Manhã;189;40;4,72;
Metropolitana da Grande São Paulo;Metropolitana da Grande São Paulo;São Paulo;Grande São Paulo Leste;Etec de Cidade Tiradentes;199;Integrado;Gestão e Negócios;Gestão;Recursos Humanos - MTec;Tarde;131;40;3,27;
Metropolitana da Grande São Paulo;Metropolitana da Grande São Paulo;São Paulo;Grande São Paulo Leste;Etec de Cidade Tiradentes (CEU Alto Alegre);199.01 - Etec/Ceu;Técnico;Gestão e Negócios;Gestão;Administração;Noite;33;30;1,10;
Metropolitana da Grande São Paulo;Metropolitana da Grande São Paulo;São Paulo;Grande São Paulo Leste;Etec de Cidade Tiradentes (CEU Alto Alegre);199.01 - Etec/Ceu;Técnico;Gestão e Negócios;Gestão;Recursos Humanos;Noite;24;30;0,80;
Metropolitana da Grande São Paulo;Metropolitana da Grande São Paulo;São Paulo;Grande São Paulo Leste;Etec de Cidade Tiradentes (CEU Água Azul);199.05 - Etec/Ceu;Técnico;Gestão e Negócios;Comércio;Marketing;Noite;48;30;1,60;
Metropolitana da Grande São Paulo;Metropolitana da Grande São Paulo;São Paulo;Grande São Paulo Leste;Etec de Cidade Tiradentes (CEU São Mateus);199.04 - Etec/Ceu;Técnico;Gestão e Negócios;Gestão;Logística (MNP);Noite;24;30;0,80;
Metropolitana da Grande São Paulo;Metropolitana da Grande São Paulo;São Paulo;Grande São Paulo Leste;Etec de Esportes Curt Walter Otto Baumgart;267;Técnico;Turismo, Hospitalidade e Lazer;Turismo e Hospitalidade;Organização Esportiva;Manhã;70;40;1,75;
Metropolitana da Grande São Paulo;Metropolitana da Grande São Paulo;São Paulo;Grande São Paulo Leste;Etec de Esportes Curt Walter Otto Baumgart;267;Integrado;Gestão e Negócios;Gestão;Administração - MTec;Manhã;93;40;2,32;
Metropolitana da Grande São Paulo;Metropolitana da Grande São Paulo;São Paulo;Grande São Paulo Leste;Etec de Esportes Curt Walter Otto Baumgart;267;Integrado;Turismo, Hospitalidade e Lazer;Turismo e Hospitalidade;Organização Esportiva - MTec;Tarde;184;40;4,59;
Metropolitana da Grande São Paulo;Metropolitana da Grande São Paulo;São Paulo;Grande São Paulo Leste;Etec de Guaianazes;118;Técnico;Gestão e Negócios;Gestão;Administração;Tarde;60;40;1,50;
Metropolitana da Grande São Paulo;Metropolitana da Grande São Paulo;São Paulo;Grande São Paulo Leste;Etec de Guaianazes;118;Técnico;Gestão e Negócios;Gestão;Administração;Noite;40;40;1,00;
Metropolitana da Grande São Paulo;Metropolitana da Grande São Paulo;São Paulo;Grande São Paulo Leste;Etec de Guaianazes;118;Técnico;Informação e Comunicação;Informática;Desenvolvimento de Sistemas;Tarde;107;40;2,67;
Metropolitana da Grande São Paulo;Metropolitana da Grande São Paulo;São Paulo;Grande São Paulo Leste;Etec de Guaianazes;118;Técnico;Infraestrutura;Construção Civil;Edificações;Noite;49;40;1,22;
Metropolitana da Grande São Paulo;Metropolitana da Grande São Paulo;São Paulo;Grande São Paulo Leste;Etec de Guaianazes;118;Técnico;Controle e Processos Industriais;Indústria;Eletrotécnica;Noite;86;40;2,15;
Metropolitana da Grande São Paulo;Metropolitana da Grande São Paulo;São Paulo;Grande São Paulo Leste;Etec de Guaianazes;118;Técnico;Controle e Processos Industriais;Indústria;Eletrônica;Noite;34;40;0,85;
Metropolitana da Grande São Paulo;Metropolitana da Grande São Paulo;São Paulo;Grande São Paulo Leste;Etec de Guaianazes;118;Técnico;Ambiente e Saúde;Saúde;Nutrição e Dietética;Noite;57;40;1,42;
Metropolitana da Grande São Paulo;Metropolitana da Grande São Paulo;São Paulo;Grande São Paulo Leste;Etec de Guaianazes;118;Técnico;Ambiente e Saúde;Saúde;Nutrição e Dietética;Tarde;54;40;1,35;
Metropolitana da Grande São Paulo;Metropolitana da Grande São Paulo;São Paulo;Grande São Paulo Leste;Etec de Guaianazes;118;Integrado;Informação e Comunicação;Informática;Desenvolvimento de Sistemas - MTec;Manhã;469;80;5,86;
Metropolitana da Grande São Paulo;Metropolitana da Grande São Paulo;São Paulo;Grande São Paulo Leste;Etec de Guaianazes;118;Integrado;Ambiente e Saúde;Saúde;Nutrição e Dietética - MTec;Manhã;385;40;9,62;
Metropolitana da Grande São Paulo;Metropolitana da Grande São Paulo;São Paulo;Grande São Paulo Leste;Etec de Guaianazes (CEU Jambeiro);118.02 - Etec/Ceu;Integrado;Gestão e Negócios;Gestão;Serviços Jurídicos - MTec-N;Noite;92;35;2,62;
Metropolitana da Grande São Paulo;Metropolitana da Grande São Paulo;São Paulo;Grande São Paulo Leste;Etec de Guaianazes (CEU Lajeado);118.01 - Etec/Ceu;Técnico;Gestão e Negócios;Gestão;Logística;Noite;28;35;0,80;
Metropolitana da Grande São Paulo;Metropolitana da Grande São Paulo;São Paulo;Grande São Paulo Leste;Etec de Guaianazes (CEU Lajeado);118.01 - Etec/Ceu;Técnico;Gestão e Negócios;Comércio;Marketing;Noite;27;35;0,77;
Metropolitana da Grande São Paulo;Metropolitana da Grande São Paulo;São Paulo;Grande São Paulo Leste;Etec de Guaianazes (CEU Lajeado);118.01 - Etec/Ceu;Técnico;Gestão e Negócios;Gestão;Recursos Humanos;Noite;31;35;0,88;
Metropolitana da Grande São Paulo;Metropolitana da Grande São Paulo;São Paulo;Grande São Paulo Sul/Baixada Santista;ETEC de Heliópolis - Arquiteto Ruy Ohtake;205;Técnico;Gestão e Negócios;Gestão;Administração;Noite;72;40;1,80;
Metropolitana da Grande São Paulo;Metropolitana da Grande São Paulo;São Paulo;Grande São Paulo Sul/Baixada Santista;ETEC de Heliópolis - Arquiteto Ruy Ohtake;205;Integrado;Gestão e Negócios;Gestão;Administração - MTec;Tarde;130;40;3,25;
Metropolitana da Grande São Paulo;Metropolitana da Grande São Paulo;São Paulo;Grande São Paulo Sul/Baixada Santista;ETEC de Heliópolis - Arquiteto Ruy Ohtake;205;Integrado;Informação e Comunicação;Informática;Desenvolvimento de Sistemas - MTec-AMS;Tarde;87;40;2,17;
Metropolitana da Grande São Paulo;Metropolitana da Grande São Paulo;São Paulo;Grande São Paulo Sul/Baixada Santista;ETEC de Heliópolis - Arquiteto Ruy Ohtake;205;Integrado;Produção Cultural e Design;Design;Design de Interiores - MTec;Manhã;100;40;2,50;
Metropolitana da Grande São Paulo;Metropolitana da Grande São Paulo;São Paulo;Grande São Paulo Sul/Baixada Santista;ETEC de Heliópolis - Arquiteto Ruy Ohtake;205;Integrado;Infraestrutura;Construção Civil;Edificações - Mtec-N;Noite;48;40;1,20;
Metropolitana da Grande São Paulo;Metropolitana da Grande São Paulo;São Paulo;Grande São Paulo Sul/Baixada Santista;ETEC de Heliópolis - Arquiteto Ruy Ohtake;205;Integrado;Informação e Comunicação;Informática;Informática para Internet - MTec;Manhã;174;40;4,34;
Metropolitana da Grande São Paulo;Metropolitana da Grande São Paulo;São Paulo;Grande São Paulo Sul/Baixada Santista;ETEC de Heliópolis - Arquiteto Ruy Ohtake;205;Integrado;Gestão e Negócios;Comércio;Marketing - MTec;Manhã;169;40;4,22;
Metropolitana da Grande São Paulo;Metropolitana da Grande São Paulo;São Paulo;Grande São Paulo Sul/Baixada Santista;ETEC de Heliópolis - Arquiteto Ruy Ohtake;205;Integrado;Ambiente e Saúde;Saúde;Nutrição e Dietética - MTec;Manhã;127;40;3,17;
Metropolitana da Grande São Paulo;Metropolitana da Grande São Paulo;São Paulo;Grande São Paulo Sul/Baixada Santista;ETEC de Heliópolis - Arquiteto Ruy Ohtake;205;Integrado;Ambiente e Saúde;Saúde;Nutrição e Dietética - Mtec-N;Noite;16;40;0,40;
Metropolitana da Grande São Paulo;Metropolitana da Grande São Paulo;São Paulo;Grande São Paulo Sul/Baixada Santista;ETEC de Heliópolis - Arquiteto Ruy Ohtake;205;Integrado;Informação e Comunicação;Informática;Programação de Jogos Digitais - MTec;Tarde;87;40;2,17;
Metropolitana da Grande São Paulo;Metropolitana da Grande São Paulo;São Paulo;Grande São Paulo Leste;Etec de Itaquaquecetuba (Ceu Três Pontes);249.08 - Etec/Ceu;Integrado;Gestão e Negócios;Gestão;Administração - MTec-N;Noite;38;30;1,26;
Metropolitana da Grande São Paulo;Metropolitana da Grande São Paulo;São Paulo;Grande São Paulo Leste;Etec de Itaquera;169;Técnico;Gestão e Negócios;Gestão;Administração;Tarde;78;40;1,95;
Metropolitana da Grande São Paulo;Metropolitana da Grande São Paulo;São Paulo;Grande São Paulo Leste;Etec de Itaquera;169;Técnico;Gestão e Negócios;Gestão;Administração;Noite;68;40;1,70;
Metropolitana da Grande São Paulo;Metropolitana da Grande São Paulo;São Paulo;Grande São Paulo Leste;Etec de Itaquera;169;Técnico;Gestão e Negócios;Gestão;Contabilidade;Noite;71;40;1,77;
Metropolitana da Grande São Paulo;Metropolitana da Grande São Paulo;São Paulo;Grande São Paulo Leste;Etec de Itaquera;169;Técnico;Informação e Comunicação;Informática;Desenvolvimento de Sistemas;Tarde;151;40;3,77;
Metropolitana da Grande São Paulo;Metropolitana da Grande São Paulo;São Paulo;Grande São Paulo Leste;Etec de Itaquera;169;Técnico;Informação e Comunicação;Informática;Desenvolvimento de Sistemas;Noite;176;40;4,40;
Metropolitana da Grande São Paulo;Metropolitana da Grande São Paulo;São Paulo;Grande São Paulo Leste;Etec de Itaquera;169;Integrado;Gestão e Negócios;Gestão;Administração - MTec;Tarde;198;40;4,95;
Metropolitana da Grande São Paulo;Metropolitana da Grande São Paulo;São Paulo;Grande São Paulo Leste;Etec de Itaquera;169;Integrado;Gestão e Negócios;Gestão;Administração - MTec;Manhã;609;40;15,22;
Metropolitana da Grande São Paulo;Metropolitana da Grande São Paulo;São Paulo;Grande São Paulo Leste;Etec de Itaquera;169;Integrado;Informação e Comunicação;Informática;Desenvolvimento de Sistemas - MTec;Manhã;779;80;9,73;
Metropolitana da Grande São Paulo;Metropolitana da Grande São Paulo;São Paulo;Grande São Paulo Leste;Etec de Itaquera (CEU Parque Veredas);169.02 - Etec/Ceu;Técnico;Gestão e Negócios;Gestão;Administração;Noite;31;30;1,03;
Metropolitana da Grande São Paulo;Metropolitana da Grande São Paulo;São Paulo;Grande São Paulo Leste;Etec de Itaquera (CEU Vila Curuçá);169.05 - Etec/Ceu;Técnico;Gestão e Negócios;Gestão;Administração;Noite;56;30;1,86;
Metropolitana da Grande São Paulo;Metropolitana da Grande São Paulo;São Paulo;Grande São Paulo Leste;Etec de Sapopemba;172;Técnico;Gestão e Negócios;Gestão;Administração;Noite;88;40;2,20;
Metropolitana da Grande São Paulo;Metropolitana da Grande São Paulo;São Paulo;Grande São Paulo Leste;Etec de Sapopemba;172;Técnico;Informação e Comunicação;Informática;Desenvolvimento de Sistemas;Tarde;120;40;3,00;
Metropolitana da Grande São Paulo;Metropolitana da Grande São Paulo;São Paulo;Grande São Paulo Leste;Etec de Sapopemba;172;Técnico;Gestão e Negócios;Comércio;Marketing;Noite;64;40;1,60;
Metropolitana da Grande São Paulo;Metropolitana da Grande São Paulo;São Paulo;Grande São Paulo Leste;Etec de Sapopemba;172;Integrado;Gestão e Negócios;Gestão;Administração - MTec;Manhã;337;40;8,42;
Metropolitana da Grande São Paulo;Metropolitana da Grande São Paulo;São Paulo;Grande São Paulo Leste;Etec de Sapopemba;172;Integrado;Gestão e Negócios;Gestão;Administração - MTec;Tarde;91;40;2,27;
Metropolitana da Grande São Paulo;Metropolitana da Grande São Paulo;São Paulo;Grande São Paulo Leste;Etec de Sapopemba;172;Integrado;Produção Alimentícia;Química;Alimentos - MTec ;Manhã;147;40;3,67;
Metropolitana da Grande São Paulo;Metropolitana da Grande São Paulo;São Paulo;Grande São Paulo Leste;Etec de Sapopemba;172;Integrado;Informação e Comunicação;Informática;Desenvolvimento de Sistemas - MTec;Manhã;428;40;10,70;
Metropolitana da Grande São Paulo;Metropolitana da Grande São Paulo;São Paulo;Grande São Paulo Leste;Etec de Sapopemba;172;Integrado;Turismo, Hospitalidade e Lazer;Turismo e Hospitalidade;Gastronomia - MTec-N;Noite;42;40;1,05;
Metropolitana da Grande São Paulo;Metropolitana da Grande São Paulo;São Paulo;Grande São Paulo Leste;Etec de Sapopemba;172;Integrado;Gestão e Negócios;Comércio;Marketing - MTec;Tarde;142;40;3,55;
Metropolitana da Grande São Paulo;Metropolitana da Grande São Paulo;São Paulo;Grande São Paulo Leste;Etec de Sapopemba;172;Integrado;Produção Industrial;Química;Química - MTec;Tarde;51;40;1,27;
Metropolitana da Grande São Paulo;Metropolitana da Grande São Paulo;São Paulo;Grande São Paulo Leste;Etec de Sapopemba (CEU Sapopemba);172.02 - Etec/Ceu;Técnico;Gestão e Negócios;Gestão;Serviços Jurídicos;Noite;48;30;1,60;
Metropolitana da Grande São Paulo;Metropolitana da Grande São Paulo;São Paulo;Grande São Paulo Leste;Etec de Sapopemba (CEU São Rafael);172.011 - Etec/Ceu;Técnico;Gestão e Negócios;Gestão;Recursos Humanos;Noite;67;30;2,23;
Metropolitana da Grande São Paulo;Metropolitana da Grande São Paulo;São Paulo;Grande São Paulo Noroeste;Etec de São Paulo;018;Técnico;Gestão e Negócios;Gestão;Administração (MNP);Noite;55;40;1,37;
Metropolitana da Grande São Paulo;Metropolitana da Grande São Paulo;São Paulo;Grande São Paulo Noroeste;Etec de São Paulo;018;Técnico;Informação e Comunicação;Informática;Desenvolvimento de Sistemas (MNP);Noite;115;40;2,87;
Metropolitana da Grande São Paulo;Metropolitana da Grande São Paulo;São Paulo;Grande São Paulo Noroeste;Etec de São Paulo;018;Técnico;Turismo, Hospitalidade e Lazer;Turismo e Hospitalidade;Guia de Turismo;Noite;48;40;1,20;
Metropolitana da Grande São Paulo;Metropolitana da Grande São Paulo;São Paulo;Grande São Paulo Noroeste;Etec de São Paulo;018;Integrado;Gestão e Negócios;Gestão;Administração - MTec-PI;Manhã e Tarde;364;40;9,10;
Metropolitana da Grande São Paulo;Metropolitana da Grande São Paulo;São Paulo;Grande São Paulo Noroeste;Etec de São Paulo;018;Integrado;Informação e Comunicação;Informática;Desenvolvimento de Sistemas - MTec-PI ;Manhã e Tarde;617;40;15,42;
Metropolitana da Grande São Paulo;Metropolitana da Grande São Paulo;São Paulo;Grande São Paulo Noroeste;Etec de São Paulo;018;Integrado;Infraestrutura;Construção Civil;Edificações - MTec-PI;Manhã e Tarde;207;40;5,17;
Metropolitana da Grande São Paulo;Metropolitana da Grande São Paulo;São Paulo;Grande São Paulo Noroeste;Etec de São Paulo;018;Integrado;Controle e Processos Industriais;Indústria;Eletrônica - MTec-PI;Manhã e Tarde;217;40;5,42;
Metropolitana da Grande São Paulo;Metropolitana da Grande São Paulo;São Paulo;Grande São Paulo Noroeste;Etec de São Paulo;018;Integrado;Ambiente e Saúde;Meio Ambiente;Meio Ambiente - MTec-PI;Manhã e Tarde;268;40;6,70;
Metropolitana da Grande São Paulo;Metropolitana da Grande São Paulo;São Paulo;Grande São Paulo Noroeste;Etec de São Paulo (CEU Butantã);018.02 - Etec/Ceu;Técnico;Gestão e Negócios;Gestão;Administração;Noite;51;30;1,70;
Metropolitana da Grande São Paulo;Metropolitana da Grande São Paulo;São Paulo;Grande São Paulo Noroeste;Etec de São Paulo (CEU Butantã);018.02 - Etec/Ceu;Integrado;Gestão e Negócios;Gestão;Marketing - MTec-N;Noite;53;30;1,76;
Metropolitana da Grande São Paulo;Metropolitana da Grande São Paulo;São Paulo;Grande São Paulo Leste;Etec de Tiquatira;208;Técnico;Produção Cultural e Design;Design;Design Gráfico;Tarde;76;40;1,90;
Metropolitana da Grande São Paulo;Metropolitana da Grande São Paulo;São Paulo;Grande São Paulo Leste;Etec de Tiquatira;208;Técnico;Produção Cultural e Design;Design;Design Gráfico;Noite;78;40;1,95;
Metropolitana da Grande São Paulo;Metropolitana da Grande São Paulo;São Paulo;Grande São Paulo Leste;Etec de Tiquatira;208;Técnico;Produção Cultural e Design;Design;Modelagem do Vestuário;Noite;67;40;1,67;
Metropolitana da Grande São Paulo;Metropolitana da Grande São Paulo;São Paulo;Grande São Paulo Leste;Etec de Tiquatira;208;Técnico;Produção Industrial;Química;Química;Noite;68;40;1,70;
Metropolitana da Grande São Paulo;Metropolitana da Grande São Paulo;São Paulo;Grande São Paulo Leste;Etec de Tiquatira;208;Integrado;Gestão e Negócios;Gestão;Administração - MTec;Tarde;132;40;3,30;
Metropolitana da Grande São Paulo;Metropolitana da Grande São Paulo;São Paulo;Grande São Paulo Leste;Etec de Tiquatira;208;Integrado;Produção Cultural e Design;Design;Design Gráfico - MTec;Manhã;380;40;9,50;
Metropolitana da Grande São Paulo;Metropolitana da Grande São Paulo;São Paulo;Grande São Paulo Leste;Etec de Tiquatira;208;Integrado;Gestão e Negócios;Comércio;Marketing - MTec;Manhã;304;40;7,60;
Metropolitana da Grande São Paulo;Metropolitana da Grande São Paulo;São Paulo;Grande São Paulo Leste;Etec de Tiquatira;208;Integrado;Produção Cultural e Design;Design;Modelagem do Vestuário - MTec;Manhã;194;40;4,84;
Metropolitana da Grande São Paulo;Metropolitana da Grande São Paulo;São Paulo;Grande São Paulo Leste;Etec de Tiquatira;208;Integrado;Produção Cultural e Design;Design;Modelagem do Vestuário - MTec;Tarde;85;40;2,12;
Metropolitana da Grande São Paulo;Metropolitana da Grande São Paulo;São Paulo;Grande São Paulo Leste;Etec de Tiquatira;208;Integrado;Produção Industrial;Química;Química - MTec;Manhã;234;40;5,85;
Metropolitana da Grande São Paulo;Metropolitana da Grande São Paulo;São Paulo;Grande São Paulo Leste;Etec de Tiquatira;208;Integrado;Produção Industrial;Química;Química - MTec;Tarde;57;40;1,42;
Metropolitana da Grande São Paulo;Metropolitana da Grande São Paulo;São Paulo;Grande São Paulo Leste;Etec de Tiquatira (Ceu Tiquatira);208.02 - Etec/Ceu;Integrado;Gestão e Negócios;Gestão;Logística - Mtec-N;Noite;18;30;0,60;
Metropolitana da Grande São Paulo;Metropolitana da Grande São Paulo;São Paulo;Grande São Paulo Leste;Etec de Vila Formosa;185;Integrado;Gestão e Negócios;Gestão;Administração - MTec;Manhã;133;40;3,32;
Metropolitana da Grande São Paulo;Metropolitana da Grande São Paulo;São Paulo;Grande São Paulo Leste;Etec de Vila Formosa;185;Integrado;Informação e Comunicação;Informática;Desenvolvimento de Sistemas - MTec;Manhã;229;40;5,72;
Metropolitana da Grande São Paulo;Metropolitana da Grande São Paulo;São Paulo;Grande São Paulo Leste;Etec de Vila Formosa;185;Integrado;Informação e Comunicação;Informática;Desenvolvimento de Sistemas - Mtec-N;Noite;33;40;0,82;
Metropolitana da Grande São Paulo;Metropolitana da Grande São Paulo;São Paulo;Grande São Paulo Leste;Etec de Vila Formosa;185;Integrado;Produção Cultural e Design;Design;Design Gráfico - Mtec-N;Noite;27;40;0,67;
Metropolitana da Grande São Paulo;Metropolitana da Grande São Paulo;São Paulo;Grande São Paulo Leste;Etec de Vila Formosa;185;Integrado;Informação e Comunicação;Informática;Informática - MTec;Tarde;92;40;2,29;
Metropolitana da Grande São Paulo;Metropolitana da Grande São Paulo;São Paulo;Grande São Paulo Leste;Etec de Vila Formosa;185;Integrado;Ambiente e Saúde;Meio Ambiente;Meio Ambiente - MTec;Manhã;76;40;1,90;
Metropolitana da Grande São Paulo;Metropolitana da Grande São Paulo;São Paulo;Grande São Paulo Leste;Etec de Vila Formosa;185;Integrado;Gestão e Negócios;Gestão;Recursos Humanos - MTec;Tarde;44;40;1,10;
Metropolitana da Grande São Paulo;Metropolitana da Grande São Paulo;São Paulo;Grande São Paulo Leste;Etec de Vila Formosa (CEU Aricanduva);185.03 - Etec/Ceu;Técnico;Gestão e Negócios;Comércio;Marketing (MNP);Noite;35;30;1,16;
Metropolitana da Grande São Paulo;Metropolitana da Grande São Paulo;São Paulo;Grande São Paulo Leste;Etec de Vila Formosa (CEU Aricanduva);185.03 - Etec/Ceu;Integrado;Turismo, Hospitalidade e Lazer;Turismo e Hospitalidade;Eventos - MTec-N;Noite;26;30;0,86;
Metropolitana da Grande São Paulo;Metropolitana da Grande São Paulo;São Paulo;Grande São Paulo Noroeste;Etec Doutora Maria Augusta Saraiva;154;Médio;Educação Básica;Educação Básica - Ensino Médio;Ensino Médio com Itinerário Formativo de Ciências Humanas e Sociais Aplicadas;Manhã;77;40;1,92;
Metropolitana da Grande São Paulo;Metropolitana da Grande São Paulo;São Paulo;Grande São Paulo Noroeste;Etec Doutora Maria Augusta Saraiva;154;Integrado;Gestão e Negócios;Gestão;Administração - MTec;Manhã;121;40;3,02;
Metropolitana da Grande São Paulo;Metropolitana da Grande São Paulo;São Paulo;Grande São Paulo Noroeste;Etec Doutora Maria Augusta Saraiva;154;Integrado;Produção Cultural e Design;Design;Design Gráfico - MTec;Tarde;58;40;1,45;
Metropolitana da Grande São Paulo;Metropolitana da Grande São Paulo;São Paulo;Grande São Paulo Noroeste;Etec Doutora Maria Augusta Saraiva;154;Integrado;Gestão e Negócios;Gestão;Marketing - MTec-N;Noite;33;40;0,82;
Metropolitana da Grande São Paulo;Metropolitana da Grande São Paulo;São Paulo;Grande São Paulo Noroeste;Etec Doutora Maria Augusta Saraiva;154;Integrado;Gestão e Negócios;Gestão;Recursos Humanos - MTec;Manhã;103;40;2,57;
Metropolitana da Grande São Paulo;Metropolitana da Grande São Paulo;São Paulo;Grande São Paulo Noroeste;Etec Doutora Maria Augusta Saraiva;154;Integrado;Gestão e Negócios;Gestão;Serviços Jurídicos - MTec;Tarde;115;40;2,87;
Metropolitana da Grande São Paulo;Metropolitana da Grande São Paulo;São Paulo;Grande São Paulo Sul/Baixada Santista;Etec Getúlio Vargas;013;Médio;Educação Básica;Educação Básica - Ensino Médio;Ensino Médio com Itinerário Formativo de Ciências Humanas e Sociais Aplicadas;Manhã;147;35;4,20;
Metropolitana da Grande São Paulo;Metropolitana da Grande São Paulo;São Paulo;Grande São Paulo Sul/Baixada Santista;Etec Getúlio Vargas;013;Técnico;Gestão e Negócios;Gestão;Administração;Tarde;49;40;1,22;
Metropolitana da Grande São Paulo;Metropolitana da Grande São Paulo;São Paulo;Grande São Paulo Sul/Baixada Santista;Etec Getúlio Vargas;013;Técnico;Produção Cultural e Design;Design;Design de Interiores;Noite;72;40;1,80;
Metropolitana da Grande São Paulo;Metropolitana da Grande São Paulo;São Paulo;Grande São Paulo Sul/Baixada Santista;Etec Getúlio Vargas;013;Técnico;Infraestrutura;Construção Civil;Edificações;Noite;68;40;1,70;
Metropolitana da Grande São Paulo;Metropolitana da Grande São Paulo;São Paulo;Grande São Paulo Sul/Baixada Santista;Etec Getúlio Vargas;013;Técnico;Controle e Processos Industriais;Indústria;Eletrotécnica;Noite;60;40;1,50;
Metropolitana da Grande São Paulo;Metropolitana da Grande São Paulo;São Paulo;Grande São Paulo Sul/Baixada Santista;Etec Getúlio Vargas;013;Técnico;Controle e Processos Industriais;Indústria;Mecatrônica;Noite;46;40;1,14;
Metropolitana da Grande São Paulo;Metropolitana da Grande São Paulo;São Paulo;Grande São Paulo Sul/Baixada Santista;Etec Getúlio Vargas;013;Técnico;Controle e Processos Industriais;Indústria;Mecânica;Noite;63;40;1,57;
Metropolitana da Grande São Paulo;Metropolitana da Grande São Paulo;São Paulo;Grande São Paulo Sul/Baixada Santista;Etec Getúlio Vargas;013;Técnico;Ambiente e Saúde;Saúde;Nutrição e Dietética;Noite;62;40;1,55;
Metropolitana da Grande São Paulo;Metropolitana da Grande São Paulo;São Paulo;Grande São Paulo Sul/Baixada Santista;Etec Getúlio Vargas;013;Técnico;Produção Industrial;Química;Química;Noite;46;40;1,14;
Metropolitana da Grande São Paulo;Metropolitana da Grande São Paulo;São Paulo;Grande São Paulo Sul/Baixada Santista;Etec Getúlio Vargas;013;Técnico;Informação e Comunicação;Informática;Redes de Computadores;Noite;59;40;1,47;
Metropolitana da Grande São Paulo;Metropolitana da Grande São Paulo;São Paulo;Grande São Paulo Sul/Baixada Santista;Etec Getúlio Vargas;013;Técnico;Controle e Processos Industriais;Indústria;Sistemas de Energia Renovável - Ead;On-line;74;40;1,85;
Metropolitana da Grande São Paulo;Metropolitana da Grande São Paulo;São Paulo;Grande São Paulo Sul/Baixada Santista;Etec Getúlio Vargas;013;Integrado;Gestão e Negócios;Gestão;Administração - MTec-PI;Manhã e Tarde;183;35;5,22;
Metropolitana da Grande São Paulo;Metropolitana da Grande São Paulo;São Paulo;Grande São Paulo Sul/Baixada Santista;Etec Getúlio Vargas;013;Integrado;Produção Alimentícia;Química;Alimentos - MTec ;Tarde;72;35;2,05;
Metropolitana da Grande São Paulo;Metropolitana da Grande São Paulo;São Paulo;Grande São Paulo Sul/Baixada Santista;Etec Getúlio Vargas;013;Integrado;Controle e Processos Industriais;Indústria;Automação Industrial - MTec;Manhã;114;35;3,25;
Metropolitana da Grande São Paulo;Metropolitana da Grande São Paulo;São Paulo;Grande São Paulo Sul/Baixada Santista;Etec Getúlio Vargas;013;Integrado;Produção Cultural e Design;Design;Design de Interiores - MTec;Manhã;258;35;7,37;
Metropolitana da Grande São Paulo;Metropolitana da Grande São Paulo;São Paulo;Grande São Paulo Sul/Baixada Santista;Etec Getúlio Vargas;013;Integrado;Produção Cultural e Design;Design;Design de Interiores - MTec;Tarde;82;35;2,34;
Metropolitana da Grande São Paulo;Metropolitana da Grande São Paulo;São Paulo;Grande São Paulo Sul/Baixada Santista;Etec Getúlio Vargas;013;Integrado;Infraestrutura;Construção Civil;Edificações - MTec;Tarde;89;35;2,54;
Metropolitana da Grande São Paulo;Metropolitana da Grande São Paulo;São Paulo;Grande São Paulo Sul/Baixada Santista;Etec Getúlio Vargas;013;Integrado;Infraestrutura;Construção Civil;Edificações - MTec;Manhã;117;35;3,34;
Metropolitana da Grande São Paulo;Metropolitana da Grande São Paulo;São Paulo;Grande São Paulo Sul/Baixada Santista;Etec Getúlio Vargas;013;Integrado;Controle e Processos Industriais;Indústria;Eletroeletrônica  - MTec;Tarde;37;35;1,05;
Metropolitana da Grande São Paulo;Metropolitana da Grande São Paulo;São Paulo;Grande São Paulo Sul/Baixada Santista;Etec Getúlio Vargas;013;Integrado;Controle e Processos Industriais;Indústria;Eletrotécnica - MTec;Manhã;53;35;1,51;
Metropolitana da Grande São Paulo;Metropolitana da Grande São Paulo;São Paulo;Grande São Paulo Sul/Baixada Santista;Etec Getúlio Vargas;013;Integrado;Controle e Processos Industriais;Indústria;Eletrônica - MTec;Manhã;90;35;2,57;
Metropolitana da Grande São Paulo;Metropolitana da Grande São Paulo;São Paulo;Grande São Paulo Sul/Baixada Santista;Etec Getúlio Vargas;013;Integrado;Gestão e Negócios;Comércio;Marketing - MTec;Tarde;209;35;5,97;
Metropolitana da Grande São Paulo;Metropolitana da Grande São Paulo;São Paulo;Grande São Paulo Sul/Baixada Santista;Etec Getúlio Vargas;013;Integrado;Controle e Processos Industriais;Indústria;Mecatrônica - MTec;Tarde;67;35;1,91;
Metropolitana da Grande São Paulo;Metropolitana da Grande São Paulo;São Paulo;Grande São Paulo Sul/Baixada Santista;Etec Getúlio Vargas;013;Integrado;Controle e Processos Industriais;Indústria;Mecatrônica - MTec;Manhã;186;35;5,31;
Metropolitana da Grande São Paulo;Metropolitana da Grande São Paulo;São Paulo;Grande São Paulo Sul/Baixada Santista;Etec Getúlio Vargas;013;Integrado;Controle e Processos Industriais;Indústria;Mecânica - MTec;Manhã;112;35;3,20;
Metropolitana da Grande São Paulo;Metropolitana da Grande São Paulo;São Paulo;Grande São Paulo Sul/Baixada Santista;Etec Getúlio Vargas;013;Integrado;Ambiente e Saúde;Meio Ambiente;Meio Ambiente - MTec-PI;Manhã e Tarde;103;35;2,94;
Metropolitana da Grande São Paulo;Metropolitana da Grande São Paulo;São Paulo;Grande São Paulo Sul/Baixada Santista;Etec Getúlio Vargas;013;Integrado;Ambiente e Saúde;Saúde;Nutrição e Dietética - MTec-PI;Manhã e Tarde;129;35;3,68;
Metropolitana da Grande São Paulo;Metropolitana da Grande São Paulo;São Paulo;Grande São Paulo Sul/Baixada Santista;Etec Getúlio Vargas;013;Integrado;Produção Industrial;Química;Química - MTec;Manhã;215;35;6,14;
Metropolitana da Grande São Paulo;Metropolitana da Grande São Paulo;São Paulo;Grande São Paulo Sul/Baixada Santista;Etec Getúlio Vargas;013;Integrado;Produção Industrial;Química;Química - MTec;Tarde;59;35;1,68;
Metropolitana da Grande São Paulo;Metropolitana da Grande São Paulo;São Paulo;Grande São Paulo Sul/Baixada Santista;Etec Getúlio Vargas;013;Integrado;Gestão e Negócios;Gestão;Serviços Jurídicos - MTec;Tarde;304;35;8,68;
Metropolitana da Grande São Paulo;Metropolitana da Grande São Paulo;São Paulo;Grande São Paulo Sul/Baixada Santista;Etec Getúlio Vargas;013;Especialização;Ambiente e Saúde;Saúde;Gestão de Unidades de Alimentação e Nutrição;Noite;28;25;1,12;
Metropolitana da Grande São Paulo;Metropolitana da Grande São Paulo;São Paulo;Grande São Paulo Sul/Baixada Santista;Etec Getúlio Vargas (EE Professor Roldão Lopes de Barros);013.05 - Ext/Etec;Técnico;Gestão e Negócios;Gestão;Administração;Noite;58;40;1,45;
Metropolitana da Grande São Paulo;Metropolitana da Grande São Paulo;São Paulo;Grande São Paulo Sul/Baixada Santista;Etec Getúlio Vargas (EE Professor Roldão Lopes de Barros);013.05 - Ext/Etec;Técnico;Gestão e Negócios;Gestão;Serviços Jurídicos;Noite;52;40;1,30;
Metropolitana da Grande São Paulo;Metropolitana da Grande São Paulo;São Paulo;Grande São Paulo Noroeste;Etec Gildo Marçal Bezerra Brandão;226;Técnico;Gestão e Negócios;Gestão;Administração;Noite;40;40;1,00;
Metropolitana da Grande São Paulo;Metropolitana da Grande São Paulo;São Paulo;Grande São Paulo Noroeste;Etec Gildo Marçal Bezerra Brandão;226;Integrado;Gestão e Negócios;Gestão;Administração - MTec;Manhã;353;40;8,82;
Metropolitana da Grande São Paulo;Metropolitana da Grande São Paulo;São Paulo;Grande São Paulo Noroeste;Etec Gildo Marçal Bezerra Brandão;226;Integrado;Controle e Processos Industriais;Indústria;Automação Industrial - MTec;Manhã;179;40;4,47;
Metropolitana da Grande São Paulo;Metropolitana da Grande São Paulo;São Paulo;Grande São Paulo Noroeste;Etec Gildo Marçal Bezerra Brandão;226;Integrado;Controle e Processos Industriais;Indústria;Automação Industrial - MTec-N;Noite;50;40;1,25;
Metropolitana da Grande São Paulo;Metropolitana da Grande São Paulo;São Paulo;Grande São Paulo Noroeste;Etec Gildo Marçal Bezerra Brandão;226;Integrado;Gestão e Negócios;Gestão;Recursos Humanos - MTec;Manhã;140;40;3,50;
Metropolitana da Grande São Paulo;Metropolitana da Grande São Paulo;São Paulo;Grande São Paulo Noroeste;Etec Gildo Marçal Bezerra Brandão (CEU Perus);226.02 - Etec/Ceu;Técnico;Gestão e Negócios;Gestão;Contabilidade;Noite;45;30;1,50;
Metropolitana da Grande São Paulo;Metropolitana da Grande São Paulo;São Paulo;Grande São Paulo Noroeste;Etec Gildo Marçal Bezerra Brandão (CEU Perus);226.02 - Etec/Ceu;Integrado;Gestão e Negócios;Gestão;Recursos Humanos - MTec-N;Noite;36;30;1,20;
Metropolitana da Grande São Paulo;Metropolitana da Grande São Paulo;São Paulo;Grande São Paulo Noroeste;Etec Guaracy Silveira;061;Médio;Educação Básica;Educação Básica - Ensino Médio;Ensino Médio com Itinerário Formativo de Ciências Humanas e Sociais Aplicadas;Manhã;261;40;6,52;
Metropolitana da Grande São Paulo;Metropolitana da Grande São Paulo;São Paulo;Grande São Paulo Noroeste;Etec Guaracy Silveira;061;Técnico;Gestão e Negócios;Gestão;Administração;Noite;28;40;0,70;
Metropolitana da Grande São Paulo;Metropolitana da Grande São Paulo;São Paulo;Grande São Paulo Noroeste;Etec Guaracy Silveira;061;Técnico;Infraestrutura;Construção Civil;Edificações;Noite;82;40;2,04;
Metropolitana da Grande São Paulo;Metropolitana da Grande São Paulo;São Paulo;Grande São Paulo Noroeste;Etec Guaracy Silveira;061;Técnico;Gestão e Negócios;Comércio;Marketing;Noite;50;40;1,25;
Metropolitana da Grande São Paulo;Metropolitana da Grande São Paulo;São Paulo;Grande São Paulo Noroeste;Etec Guaracy Silveira;061;Técnico;Produção Cultural e Design;Design;Paisagismo;Noite;47;40;1,17;
Metropolitana da Grande São Paulo;Metropolitana da Grande São Paulo;São Paulo;Grande São Paulo Noroeste;Etec Guaracy Silveira;061;Integrado;Gestão e Negócios;Gestão;Administração - MTec-PI;Manhã e Tarde;256;40;6,40;
Metropolitana da Grande São Paulo;Metropolitana da Grande São Paulo;São Paulo;Grande São Paulo Noroeste;Etec Guaracy Silveira;061;Integrado;Produção Cultural e Design;Design;Design de Interiores - MTec;Tarde;212;40;5,30;
Metropolitana da Grande São Paulo;Metropolitana da Grande São Paulo;São Paulo;Grande São Paulo Noroeste;Etec Guaracy Silveira;061;Integrado;Infraestrutura;Construção Civil;Edificações - MTec-PI;Manhã e Tarde;186;40;4,65;
Metropolitana da Grande São Paulo;Metropolitana da Grande São Paulo;São Paulo;Grande São Paulo Noroeste;Etec Guaracy Silveira;061;Integrado;Controle e Processos Industriais;Indústria;Eletrônica - Mtec-N;Noite;38;40;0,95;
Metropolitana da Grande São Paulo;Metropolitana da Grande São Paulo;São Paulo;Grande São Paulo Noroeste;Etec Guaracy Silveira;061;Integrado;Controle e Processos Industriais;Indústria;Eletrônica - MTec-PI;Manhã e Tarde;119;40;2,97;
Metropolitana da Grande São Paulo;Metropolitana da Grande São Paulo;São Paulo;Grande São Paulo Noroeste;Etec Guaracy Silveira;061;Integrado;Gestão e Negócios;Gestão;Marketing - MTec-PI;Manhã e Tarde;242;40;6,05;
Metropolitana da Grande São Paulo;Metropolitana da Grande São Paulo;São Paulo;Grande São Paulo Noroeste;Etec Guaracy Silveira;061;Integrado;Ambiente e Saúde;Saúde;Meio Ambiente - MTec-N;Noite;29;40;0,72;
Metropolitana da Grande São Paulo;Metropolitana da Grande São Paulo;São Paulo;Grande São Paulo Noroeste;Etec Guaracy Silveira;061;Integrado;Ambiente e Saúde;Meio Ambiente;Meio Ambiente - MTec-PI;Manhã e Tarde;140;40;3,50;
Metropolitana da Grande São Paulo;Metropolitana da Grande São Paulo;São Paulo;Grande São Paulo Sul/Baixada Santista;Etec Irmã Agostina;238;Técnico;Gestão e Negócios;Gestão;Administração;Noite;60;40;1,50;
Metropolitana da Grande São Paulo;Metropolitana da Grande São Paulo;São Paulo;Grande São Paulo Sul/Baixada Santista;Etec Irmã Agostina;238;Técnico;Informação e Comunicação;Informática;Desenvolvimento de Sistemas (MNP);Noite;133;40;3,32;
Metropolitana da Grande São Paulo;Metropolitana da Grande São Paulo;São Paulo;Grande São Paulo Sul/Baixada Santista;Etec Irmã Agostina;238;Técnico;Ambiente e Saúde;Saúde;Nutrição e Dietética;Noite;81;40;2,02;
Metropolitana da Grande São Paulo;Metropolitana da Grande São Paulo;São Paulo;Grande São Paulo Sul/Baixada Santista;Etec Irmã Agostina;238;Técnico;Produção Industrial;Química;Química;Noite;55;40;1,37;
Metropolitana da Grande São Paulo;Metropolitana da Grande São Paulo;São Paulo;Grande São Paulo Sul/Baixada Santista;Etec Irmã Agostina;238;Integrado;Gestão e Negócios;Gestão;Administração - MTec-PI;Manhã e Tarde;544;40;13,60;
Metropolitana da Grande São Paulo;Metropolitana da Grande São Paulo;São Paulo;Grande São Paulo Sul/Baixada Santista;Etec Irmã Agostina;238;Integrado;Ambiente e Saúde;Saúde;Nutrição e Dietética - MTec-PI;Manhã e Tarde;359;40;8,97;
Metropolitana da Grande São Paulo;Metropolitana da Grande São Paulo;São Paulo;Grande São Paulo Sul/Baixada Santista;Etec Irmã Agostina;238;Integrado;Produção Industrial;Química;Química - MTec-PI;Manhã e Tarde;270;40;6,75;
Metropolitana da Grande São Paulo;Metropolitana da Grande São Paulo;São Paulo;Grande São Paulo Sul/Baixada Santista;Etec Irmã Agostina (CEU Cidade Dutra);238.04 - Etec/Ceu;Técnico;Gestão e Negócios;Gestão;Administração;Noite;77;30;2,56;
Metropolitana da Grande São Paulo;Metropolitana da Grande São Paulo;São Paulo;Grande São Paulo Sul/Baixada Santista;Etec Irmã Agostina (CEU Cidade Dutra);238.04 - Etec/Ceu;Técnico;Gestão e Negócios;Gestão;Recursos Humanos;Noite;40;30;1,33;
Metropolitana da Grande São Paulo;Metropolitana da Grande São Paulo;São Paulo;Grande São Paulo Sul/Baixada Santista;Etec Irmã Agostina (CEU Navegantes);238.06 - Etec/Ceu;Técnico;Gestão e Negócios;Gestão;Administração;Noite;26;35;0,74;
Metropolitana da Grande São Paulo;Metropolitana da Grande São Paulo;São Paulo;Grande São Paulo Sul/Baixada Santista;Etec Irmã Agostina (CEU Navegantes);238.06 - Etec/Ceu;Integrado;Gestão e Negócios;Gestão;Administração - MTec-N;Noite;58;35;1,65;
Metropolitana da Grande São Paulo;Metropolitana da Grande São Paulo;São Paulo;Grande São Paulo Sul/Baixada Santista;Etec Irmã Agostina (CEU Vila Rubi - Jornalista Alexandre Kadunc);238.01 - Etec/Ceu;Técnico;Gestão e Negócios;Comércio;Marketing;Noite;42;30;1,40;
Metropolitana da Grande São Paulo;Metropolitana da Grande São Paulo;São Paulo;Grande São Paulo Sul/Baixada Santista;Etec Irmã Agostina (CEU Vila Rubi - Jornalista Alexandre Kadunc);238.01 - Etec/Ceu;Integrado;Gestão e Negócios;Gestão;Administração - MTec-N;Noite;70;30;2,33;
Metropolitana da Grande São Paulo;Metropolitana da Grande São Paulo;São Paulo;Grande São Paulo Sul/Baixada Santista;Etec Irmã Agostina (CEU Vila Rubi - Jornalista Alexandre Kadunc);238.01 - Etec/Ceu;Integrado;Gestão e Negócios;Gestão;Recursos Humanos - MTec-N;Noite;24;30;0,80;
Metropolitana da Grande São Paulo;Metropolitana da Grande São Paulo;São Paulo;Grande São Paulo Leste;Etec Itaquera II;285;Técnico;Gestão e Negócios;Gestão;Administração;Noite;49;40;1,22;
Metropolitana da Grande São Paulo;Metropolitana da Grande São Paulo;São Paulo;Grande São Paulo Leste;Etec Itaquera II;285;Técnico;Produção Cultural e Design;Design;Design de Interiores;Noite;79;40;1,97;
Metropolitana da Grande São Paulo;Metropolitana da Grande São Paulo;São Paulo;Grande São Paulo Leste;Etec Itaquera II;285;Técnico;Infraestrutura;Construção Civil;Edificações;Noite;98;40;2,45;
Metropolitana da Grande São Paulo;Metropolitana da Grande São Paulo;São Paulo;Grande São Paulo Leste;Etec Itaquera II;285;Integrado;Gestão e Negócios;Gestão;Administração - MTec;Manhã;705;80;8,81;
Metropolitana da Grande São Paulo;Metropolitana da Grande São Paulo;São Paulo;Grande São Paulo Leste;Etec Itaquera II;285;Integrado;Gestão e Negócios;Gestão;Administração - MTec;Tarde;225;40;5,62;
Metropolitana da Grande São Paulo;Metropolitana da Grande São Paulo;São Paulo;Grande São Paulo Leste;Etec Itaquera II;285;Integrado;Gestão e Negócios;Gestão;Administração - MTec-N;Noite;71;40;1,77;
Metropolitana da Grande São Paulo;Metropolitana da Grande São Paulo;São Paulo;Grande São Paulo Leste;Etec Itaquera II;285;Integrado;Produção Cultural e Design;Design;Design de Interiores - MTec;Manhã;505;80;6,31;
Metropolitana da Grande São Paulo;Metropolitana da Grande São Paulo;São Paulo;Grande São Paulo Leste;Etec Itaquera II;285;Integrado;Produção Cultural e Design;Design;Design de Interiores - MTec;Tarde;155;40;3,87;
Metropolitana da Grande São Paulo;Metropolitana da Grande São Paulo;São Paulo;Grande São Paulo Leste;Etec Itaquera II;285;Integrado;Infraestrutura;Construção Civil;Edificações - MTec;Manhã;293;40;7,32;
Metropolitana da Grande São Paulo;Metropolitana da Grande São Paulo;São Paulo;Grande São Paulo Leste;Etec Itaquera II;285;Integrado;Infraestrutura;Construção Civil;Edificações - MTec;Tarde;128;40;3,20;
Metropolitana da Grande São Paulo;Metropolitana da Grande São Paulo;São Paulo;Grande São Paulo Leste;Etec Itaquera II;285;Integrado;Infraestrutura;Construção Civil;Edificações - Mtec-N;Noite;18;40;0,45;
Metropolitana da Grande São Paulo;Metropolitana da Grande São Paulo;São Paulo;Grande São Paulo Noroeste;Etec Jaraguá;228;Técnico;Gestão e Negócios;Gestão;Administração;Noite;61;40;1,52;
Metropolitana da Grande São Paulo;Metropolitana da Grande São Paulo;São Paulo;Grande São Paulo Noroeste;Etec Jaraguá;228;Técnico;Gestão e Negócios;Gestão;Administração;Tarde;65;40;1,62;
Metropolitana da Grande São Paulo;Metropolitana da Grande São Paulo;São Paulo;Grande São Paulo Noroeste;Etec Jaraguá;228;Técnico;Controle e Processos Industriais;Indústria;Eletrotécnica;Noite;58;40;1,45;
Metropolitana da Grande São Paulo;Metropolitana da Grande São Paulo;São Paulo;Grande São Paulo Noroeste;Etec Jaraguá;228;Técnico;Gestão e Negócios;Gestão;Logística;Noite;50;40;1,25;
Metropolitana da Grande São Paulo;Metropolitana da Grande São Paulo;São Paulo;Grande São Paulo Noroeste;Etec Jaraguá;228;Técnico;Informação e Comunicação;Informática;Manutenção e Suporte em Informática;Noite;60;40;1,50;
Metropolitana da Grande São Paulo;Metropolitana da Grande São Paulo;São Paulo;Grande São Paulo Noroeste;Etec Jaraguá;228;Integrado;Controle e Processos Industriais;Indústria;Automação Industrial - MTec;Manhã;207;40;5,17;
Metropolitana da Grande São Paulo;Metropolitana da Grande São Paulo;São Paulo;Grande São Paulo Noroeste;Etec Jaraguá;228;Integrado;Informação e Comunicação;Informática;Desenvolvimento de Sistemas - MTec;Tarde;352;40;8,80;
Metropolitana da Grande São Paulo;Metropolitana da Grande São Paulo;São Paulo;Grande São Paulo Noroeste;Etec Jaraguá;228;Integrado;Controle e Processos Industriais;Indústria;Eletrotécnica - MTec-PI;Manhã e Tarde;111;40;2,77;
Metropolitana da Grande São Paulo;Metropolitana da Grande São Paulo;São Paulo;Grande São Paulo Noroeste;Etec Jaraguá;228;Integrado;Gestão e Negócios;Gestão;Logística - MTec-PI;Manhã e Tarde;149;40;3,72;
Metropolitana da Grande São Paulo;Metropolitana da Grande São Paulo;São Paulo;Grande São Paulo Noroeste;Etec Jaraguá;228;Integrado;Segurança;Saúde;Segurança do Trabalho - MTec;Manhã;202;40;5,05;
Metropolitana da Grande São Paulo;Metropolitana da Grande São Paulo;São Paulo;Grande São Paulo Sul/Baixada Santista;Etec Jardim Ângela;221;Técnico;Informação e Comunicação;Informática;Desenvolvimento de Sistemas;Noite;113;40;2,82;
Metropolitana da Grande São Paulo;Metropolitana da Grande São Paulo;São Paulo;Grande São Paulo Sul/Baixada Santista;Etec Jardim Ângela;221;Técnico;Gestão e Negócios;Gestão;Recursos Humanos;Noite;43;40;1,07;
Metropolitana da Grande São Paulo;Metropolitana da Grande São Paulo;São Paulo;Grande São Paulo Sul/Baixada Santista;Etec Jardim Ângela;221;Técnico;Segurança;Saúde;Segurança do Trabalho;Noite;48;40;1,20;
Metropolitana da Grande São Paulo;Metropolitana da Grande São Paulo;São Paulo;Grande São Paulo Sul/Baixada Santista;Etec Jardim Ângela;221;Integrado;Gestão e Negócios;Gestão;Administração - MTec-N;Noite;131;40;3,27;
Metropolitana da Grande São Paulo;Metropolitana da Grande São Paulo;São Paulo;Grande São Paulo Sul/Baixada Santista;Etec Jardim Ângela;221;Integrado;Gestão e Negócios;Gestão;Administração - MTec-PI;Manhã e Tarde;326;80;4,07;
Metropolitana da Grande São Paulo;Metropolitana da Grande São Paulo;São Paulo;Grande São Paulo Sul/Baixada Santista;Etec Jardim Ângela;221;Integrado;Informação e Comunicação;Informática;Desenvolvimento de Sistemas - MTec-PI ;Manhã e Tarde;517;80;6,46;
Metropolitana da Grande São Paulo;Metropolitana da Grande São Paulo;São Paulo;Grande São Paulo Sul/Baixada Santista;Etec Jardim Ângela (CEU Feitiço da Vila);221.04 - Etec/Ceu;Técnico;Gestão e Negócios;Gestão;Administração;Noite;41;30;1,36;
Metropolitana da Grande São Paulo;Metropolitana da Grande São Paulo;São Paulo;Grande São Paulo Sul/Baixada Santista;Etec Jardim Ângela (CEU Guarapiranga);221.05 - Etec/Ceu;Técnico;Gestão e Negócios;Gestão;Serviços Jurídicos;Noite;67;30;2,23;
Metropolitana da Grande São Paulo;Metropolitana da Grande São Paulo;São Paulo;Grande São Paulo Sul/Baixada Santista;Etec Jardim Ângela (CEU Vila do Sol);221.01 - Etec/Ceu;Técnico;Gestão e Negócios;Gestão;Administração;Noite;72;30;2,40;
Metropolitana da Grande São Paulo;Metropolitana da Grande São Paulo;São Paulo;Grande São Paulo Sul/Baixada Santista;Etec Jardim Ângela (CEU Vila do Sol);221.01 - Etec/Ceu;Técnico;Gestão e Negócios;Gestão;Recursos Humanos;Noite;33;30;1,10;
Metropolitana da Grande São Paulo;Metropolitana da Grande São Paulo;São Paulo;Grande São Paulo Sul/Baixada Santista;Etec Jorge Street (CEU Parque Bristol) ;011.03 - Etec/Ceu;Técnico;Gestão e Negócios;Gestão;Recursos Humanos;Noite;36;30;1,20;
Metropolitana da Grande São Paulo;Metropolitana da Grande São Paulo;São Paulo;Grande São Paulo Sul/Baixada Santista;Etec Jorge Street (CEU Parque Bristol) ;011.03 - Etec/Ceu;Integrado;Gestão e Negócios;Gestão;Administração - MTec-N;Noite;50;30;1,66;
Metropolitana da Grande São Paulo;Metropolitana da Grande São Paulo;São Paulo;Grande São Paulo Sul/Baixada Santista;Etec Jornalista Roberto Marinho;253;Técnico;Produção Cultural e Design;Design;Produção de Áudio e Vídeo;Noite;145;40;3,62;
Metropolitana da Grande São Paulo;Metropolitana da Grande São Paulo;São Paulo;Grande São Paulo Sul/Baixada Santista;Etec Jornalista Roberto Marinho;253;Integrado;Produção Cultural e Design;Design;Design Gráfico - MTec;Manhã;256;40;6,40;
Metropolitana da Grande São Paulo;Metropolitana da Grande São Paulo;São Paulo;Grande São Paulo Sul/Baixada Santista;Etec Jornalista Roberto Marinho;253;Integrado;Informação e Comunicação;Informática;Informática para Internet - MTec;Manhã;227;40;5,67;
Metropolitana da Grande São Paulo;Metropolitana da Grande São Paulo;São Paulo;Grande São Paulo Sul/Baixada Santista;Etec Jornalista Roberto Marinho;253;Integrado;Gestão e Negócios;Comércio;Marketing - MTec;Tarde;185;40;4,62;
Metropolitana da Grande São Paulo;Metropolitana da Grande São Paulo;São Paulo;Grande São Paulo Sul/Baixada Santista;Etec Jornalista Roberto Marinho;253;Integrado;Informação e Comunicação;Informática;Programação de Jogos Digitais - MTec;Tarde;159;40;3,97;
Metropolitana da Grande São Paulo;Metropolitana da Grande São Paulo;São Paulo;Grande São Paulo Sul/Baixada Santista;Etec Jornalista Roberto Marinho;253;Integrado;Produção Cultural e Design;Comércio;Publicidade - MTec-N;Noite;17;40;0,42;
Metropolitana da Grande São Paulo;Metropolitana da Grande São Paulo;São Paulo;Grande São Paulo Leste;Etec José Rocha Mendes;076;Médio;Educação Básica;Educação Básica - Ensino Médio;Ensino Médio com Itinerário Formativo de Ciências Humanas e Sociais Aplicadas;Tarde;51;40;1,27;
Metropolitana da Grande São Paulo;Metropolitana da Grande São Paulo;São Paulo;Grande São Paulo Leste;Etec José Rocha Mendes;076;Técnico;Produção Cultural e Design;Design;Design Gráfico;Noite;109;40;2,72;
Metropolitana da Grande São Paulo;Metropolitana da Grande São Paulo;São Paulo;Grande São Paulo Leste;Etec José Rocha Mendes;076;Técnico;Controle e Processos Industriais;Indústria;Eletrotécnica;Noite;55;40;1,37;
Metropolitana da Grande São Paulo;Metropolitana da Grande São Paulo;São Paulo;Grande São Paulo Leste;Etec José Rocha Mendes;076;Integrado;Gestão e Negócios;Gestão;Administração - MTec-PI;Manhã e Tarde;130;40;3,25;
Metropolitana da Grande São Paulo;Metropolitana da Grande São Paulo;São Paulo;Grande São Paulo Leste;Etec José Rocha Mendes;076;Integrado;Controle e Processos Industriais;Indústria;Automação Industrial - MTec;Tarde;66;40;1,65;
Metropolitana da Grande São Paulo;Metropolitana da Grande São Paulo;São Paulo;Grande São Paulo Leste;Etec José Rocha Mendes;076;Integrado;Produção Cultural e Design;Design;Design de Moda - MTec;Tarde;199;40;4,97;
Metropolitana da Grande São Paulo;Metropolitana da Grande São Paulo;São Paulo;Grande São Paulo Leste;Etec José Rocha Mendes;076;Integrado;Produção Cultural e Design;Imagem Pessoal;Design Gráfico - MTec-PI;Manhã e Tarde;202;40;5,05;
Metropolitana da Grande São Paulo;Metropolitana da Grande São Paulo;São Paulo;Grande São Paulo Leste;Etec José Rocha Mendes;076;Integrado;Controle e Processos Industriais;Indústria;Eletrotécnica - MTec-N;Noite;17;40;0,42;
Metropolitana da Grande São Paulo;Metropolitana da Grande São Paulo;São Paulo;Grande São Paulo Leste;Etec José Rocha Mendes;076;Integrado;Controle e Processos Industriais;Indústria;Eletrônica - MTec;Manhã;133;40;3,32;
Metropolitana da Grande São Paulo;Metropolitana da Grande São Paulo;São Paulo;Grande São Paulo Leste;Etec José Rocha Mendes;076;Integrado;Produção Cultural e Design;Design;Modelagem do Vestuário - MTec;Manhã;107;40;2,67;
Metropolitana da Grande São Paulo;Metropolitana da Grande São Paulo;São Paulo;Grande São Paulo Sul/Baixada Santista;Etec Juscelino Kubitschek de Oliveira (CEU Caminho do Mar);166.02 - Etec/Ceu;Técnico;Gestão e Negócios;Gestão;Administração;Noite;70;30;2,33;
Metropolitana da Grande São Paulo;Metropolitana da Grande São Paulo;São Paulo;Grande São Paulo Sul/Baixada Santista;Etec Juscelino Kubitschek de Oliveira (CEU Caminho do Mar);166.02 - Etec/Ceu;Técnico;Gestão e Negócios;Gestão;Finanças;Noite;36;30;1,20;
Metropolitana da Grande São Paulo;Metropolitana da Grande São Paulo;São Paulo;Grande São Paulo Sul/Baixada Santista;Etec Juscelino Kubitschek de Oliveira (CEU Caminho do Mar);166.02 - Etec/Ceu;Técnico;Gestão e Negócios;Gestão;Recursos Humanos;Noite;45;30;1,50;
Metropolitana da Grande São Paulo;Metropolitana da Grande São Paulo;São Paulo;Grande São Paulo Noroeste;Etec Mandaqui;247;Técnico;Infraestrutura;Construção Civil;Edificações;Noite;64;40;1,60;
Metropolitana da Grande São Paulo;Metropolitana da Grande São Paulo;São Paulo;Grande São Paulo Noroeste;Etec Mandaqui;247;Técnico;Ambiente e Saúde;Saúde;Enfermagem;Manhã;150;40;3,75;
Metropolitana da Grande São Paulo;Metropolitana da Grande São Paulo;São Paulo;Grande São Paulo Noroeste;Etec Mandaqui;247;Técnico;Ambiente e Saúde;Saúde;Nutrição e Dietética;Noite;61;40;1,52;
Metropolitana da Grande São Paulo;Metropolitana da Grande São Paulo;São Paulo;Grande São Paulo Noroeste;Etec Mandaqui;247;Técnico;Ambiente e Saúde;Saúde;Nutrição e Dietética;Tarde;64;40;1,60;
Metropolitana da Grande São Paulo;Metropolitana da Grande São Paulo;São Paulo;Grande São Paulo Noroeste;Etec Mandaqui;247;Integrado;Gestão e Negócios;Gestão;Administração - MTec-PI;Manhã e Tarde;317;40;7,92;
Metropolitana da Grande São Paulo;Metropolitana da Grande São Paulo;São Paulo;Grande São Paulo Noroeste;Etec Mandaqui;247;Integrado;Infraestrutura;Construção Civil;Edificações - MTec-PI;Manhã e Tarde;164;40;4,09;
Metropolitana da Grande São Paulo;Metropolitana da Grande São Paulo;São Paulo;Grande São Paulo Noroeste;Etec Mandaqui;247;Integrado;Ambiente e Saúde;Saúde;Nutrição e Dietética - MTec-PI;Manhã e Tarde;376;40;9,40;
Metropolitana da Grande São Paulo;Metropolitana da Grande São Paulo;São Paulo;Grande São Paulo Leste;Etec Martin Luther King;085;Técnico;Gestão e Negócios;Gestão;Administração;Noite;47;40;1,17;
Metropolitana da Grande São Paulo;Metropolitana da Grande São Paulo;São Paulo;Grande São Paulo Leste;Etec Martin Luther King;085;Técnico;Controle e Processos Industriais;Indústria;Automação Industrial;Noite;51;40;1,27;
Metropolitana da Grande São Paulo;Metropolitana da Grande São Paulo;São Paulo;Grande São Paulo Leste;Etec Martin Luther King;085;Técnico;Gestão e Negócios;Comércio;Marketing;Noite;70;40;1,75;
Metropolitana da Grande São Paulo;Metropolitana da Grande São Paulo;São Paulo;Grande São Paulo Leste;Etec Martin Luther King;085;Técnico;Controle e Processos Industriais;Indústria;Mecatrônica;Noite;79;40;1,97;
Metropolitana da Grande São Paulo;Metropolitana da Grande São Paulo;São Paulo;Grande São Paulo Leste;Etec Martin Luther King;085;Técnico;Controle e Processos Industriais;Indústria;Mecânica;Noite;82;40;2,04;
Metropolitana da Grande São Paulo;Metropolitana da Grande São Paulo;São Paulo;Grande São Paulo Leste;Etec Martin Luther King;085;Técnico;Gestão e Negócios;Gestão;Serviços Jurídicos;Noite;90;40;2,25;
Metropolitana da Grande São Paulo;Metropolitana da Grande São Paulo;São Paulo;Grande São Paulo Leste;Etec Martin Luther King;085;Integrado;Gestão e Negócios;Gestão;Administração - MTec-PI;Manhã e Tarde;255;40;6,37;
Metropolitana da Grande São Paulo;Metropolitana da Grande São Paulo;São Paulo;Grande São Paulo Leste;Etec Martin Luther King;085;Integrado;Controle e Processos Industriais;Indústria;Automação Industrial - MTec-PI;Manhã e Tarde;150;40;3,75;
Metropolitana da Grande São Paulo;Metropolitana da Grande São Paulo;São Paulo;Grande São Paulo Leste;Etec Martin Luther King;085;Integrado;Gestão e Negócios;Gestão;Marketing - MTec-PI;Manhã e Tarde;373;40;9,32;
Metropolitana da Grande São Paulo;Metropolitana da Grande São Paulo;São Paulo;Grande São Paulo Leste;Etec Martin Luther King;085;Integrado;Controle e Processos Industriais;Indústria;Mecatrônica - MTec;Tarde;259;40;6,47;
Metropolitana da Grande São Paulo;Metropolitana da Grande São Paulo;São Paulo;Grande São Paulo Leste;Etec Martin Luther King;085;Integrado;Controle e Processos Industriais;Indústria;Mecatrônica - MTec-PI;Manhã e Tarde;247;40;6,17;
Metropolitana da Grande São Paulo;Metropolitana da Grande São Paulo;São Paulo;Grande São Paulo Leste;Etec Martin Luther King;085;Integrado;Controle e Processos Industriais;Indústria;Mecânica - Mtec-N;Noite;61;40;1,52;
Metropolitana da Grande São Paulo;Metropolitana da Grande São Paulo;São Paulo;Grande São Paulo Leste;Etec Parque Belém;220;Técnico;Gestão e Negócios;Gestão;Administração (MNP);Noite;45;40;1,12;
Metropolitana da Grande São Paulo;Metropolitana da Grande São Paulo;São Paulo;Grande São Paulo Leste;Etec Parque Belém;220;Técnico;Informação e Comunicação;Informática;Informática para Internet;Tarde;56;40;1,40;
Metropolitana da Grande São Paulo;Metropolitana da Grande São Paulo;São Paulo;Grande São Paulo Leste;Etec Parque Belém;220;Técnico;Ambiente e Saúde;Saúde;Nutrição e Dietética (MNP);Noite;56;40;1,40;
Metropolitana da Grande São Paulo;Metropolitana da Grande São Paulo;São Paulo;Grande São Paulo Leste;Etec Parque Belém;220;Técnico;Produção Industrial;Química;Química (MNP);Noite;60;40;1,50;
Metropolitana da Grande São Paulo;Metropolitana da Grande São Paulo;São Paulo;Grande São Paulo Leste;Etec Parque Belém;220;Técnico;Segurança;Saúde;Segurança do Trabalho (MNP);Noite;55;40;1,37;
Metropolitana da Grande São Paulo;Metropolitana da Grande São Paulo;São Paulo;Grande São Paulo Leste;Etec Parque Belém;220;Integrado;Gestão e Negócios;Gestão;Administração - MTec;Tarde;127;40;3,17;
Metropolitana da Grande São Paulo;Metropolitana da Grande São Paulo;São Paulo;Grande São Paulo Leste;Etec Parque Belém;220;Integrado;Informação e Comunicação;Informática;Desenvolvimento de Sistemas - MTec;Tarde;293;40;7,32;
Metropolitana da Grande São Paulo;Metropolitana da Grande São Paulo;São Paulo;Grande São Paulo Leste;Etec Parque Belém;220;Integrado;Turismo, Hospitalidade e Lazer;Lazer e Desenvolvimento Social;Eventos - MTec;Manhã;124;40;3,10;
Metropolitana da Grande São Paulo;Metropolitana da Grande São Paulo;São Paulo;Grande São Paulo Leste;Etec Parque Belém;220;Integrado;Informação e Comunicação;Informática;Informática para Internet - MTec;Manhã;263;40;6,57;
Metropolitana da Grande São Paulo;Metropolitana da Grande São Paulo;São Paulo;Grande São Paulo Leste;Etec Parque Belém;220;Integrado;Ambiente e Saúde;Saúde;Nutrição e Dietética - MTec;Manhã;323;40;8,07;
Metropolitana da Grande São Paulo;Metropolitana da Grande São Paulo;São Paulo;Grande São Paulo Leste;Etec Parque Belém;220;Integrado;Ambiente e Saúde;Saúde;Nutrição e Dietética - MTec;Tarde;101;40;2,52;
Metropolitana da Grande São Paulo;Metropolitana da Grande São Paulo;São Paulo;Grande São Paulo Leste;Etec Parque Belém;220;Integrado;Produção Industrial;Química;Química - MTec;Tarde;140;40;3,50;
Metropolitana da Grande São Paulo;Metropolitana da Grande São Paulo;São Paulo;Grande São Paulo Noroeste;Etec Parque da Juventude;159;Técnico;Gestão e Negócios;Gestão;Administração;Noite;72;40;1,80;
Metropolitana da Grande São Paulo;Metropolitana da Grande São Paulo;São Paulo;Grande São Paulo Noroeste;Etec Parque da Juventude;159;Técnico;Desenvolvimento Educacional e Social;Lazer e Desenvolvimento Social;Biblioteconomia;Noite;97;40;2,42;
Metropolitana da Grande São Paulo;Metropolitana da Grande São Paulo;São Paulo;Grande São Paulo Noroeste;Etec Parque da Juventude;159;Técnico;Ambiente e Saúde;Saúde;Enfermagem;Tarde;115;40;2,87;
Metropolitana da Grande São Paulo;Metropolitana da Grande São Paulo;São Paulo;Grande São Paulo Noroeste;Etec Parque da Juventude;159;Técnico;Gestão e Negócios;Gestão;Finanças;Noite;74;40;1,85;
Metropolitana da Grande São Paulo;Metropolitana da Grande São Paulo;São Paulo;Grande São Paulo Noroeste;Etec Parque da Juventude;159;Técnico;Produção Cultural e Design;Design;Museologia;Noite;133;40;3,32;
Metropolitana da Grande São Paulo;Metropolitana da Grande São Paulo;São Paulo;Grande São Paulo Noroeste;Etec Parque da Juventude;159;Integrado;Gestão e Negócios;Gestão;Administração - MTec;Tarde;124;40;3,10;
Metropolitana da Grande São Paulo;Metropolitana da Grande São Paulo;São Paulo;Grande São Paulo Noroeste;Etec Parque da Juventude;159;Integrado;Gestão e Negócios;Gestão;Administração - MTec;Manhã;439;40;10,97;
Metropolitana da Grande São Paulo;Metropolitana da Grande São Paulo;São Paulo;Grande São Paulo Noroeste;Etec Parque da Juventude;159;Integrado;Informação e Comunicação;Informática;Desenvolvimento de Sistemas - MTec;Tarde;124;40;3,10;
Metropolitana da Grande São Paulo;Metropolitana da Grande São Paulo;São Paulo;Grande São Paulo Noroeste;Etec Parque da Juventude;159;Integrado;Informação e Comunicação;Informática;Desenvolvimento de Sistemas - MTec;Manhã;429;40;10,72;
Metropolitana da Grande São Paulo;Metropolitana da Grande São Paulo;São Paulo;Grande São Paulo Noroeste;Etec Parque da Juventude;159;Integrado;Produção Cultural e Design;Design;Design Gráfico - MTec;Manhã;269;40;6,72;
Metropolitana da Grande São Paulo;Metropolitana da Grande São Paulo;São Paulo;Grande São Paulo Noroeste;Etec Parque da Juventude;159;Integrado;Informação e Comunicação;Informática;Programação de Jogos Digitais - MTec;Manhã;269;40;6,72;
Metropolitana da Grande São Paulo;Metropolitana da Grande São Paulo;São Paulo;Grande São Paulo Noroeste;Etec Parque da Juventude (CEU Jaçanã);159.02 - Etec/Ceu;Técnico;Gestão e Negócios;Gestão;Administração;Noite;38;30;1,26;
Metropolitana da Grande São Paulo;Metropolitana da Grande São Paulo;São Paulo;Grande São Paulo Noroeste;Etec Parque da Juventude (EMEFM Prof. Derville Allegretti);159.04 - Ext/Etec;Técnico;Gestão e Negócios;Gestão;Serviços Jurídicos;Noite;42;30;1,40;
Metropolitana da Grande São Paulo;Metropolitana da Grande São Paulo;São Paulo;Grande São Paulo Noroeste;Etec Paulistano;229;Técnico;Gestão e Negócios;Gestão;Administração;Noite;58;40;1,45;
Metropolitana da Grande São Paulo;Metropolitana da Grande São Paulo;São Paulo;Grande São Paulo Noroeste;Etec Paulistano;229;Técnico;Informação e Comunicação;Informática;Desenvolvimento de Sistemas;Noite;79;40;1,97;
Metropolitana da Grande São Paulo;Metropolitana da Grande São Paulo;São Paulo;Grande São Paulo Noroeste;Etec Paulistano;229;Técnico;Produção Industrial;Química;Química;Noite;28;40;0,70;
Metropolitana da Grande São Paulo;Metropolitana da Grande São Paulo;São Paulo;Grande São Paulo Noroeste;Etec Paulistano;229;Integrado;Gestão e Negócios;Gestão;Administração - MTec;Tarde;149;40;3,72;
Metropolitana da Grande São Paulo;Metropolitana da Grande São Paulo;São Paulo;Grande São Paulo Noroeste;Etec Paulistano;229;Integrado;Informação e Comunicação;Informática;Desenvolvimento de Sistemas - MTec;Manhã;335;40;8,37;
Metropolitana da Grande São Paulo;Metropolitana da Grande São Paulo;São Paulo;Grande São Paulo Noroeste;Etec Paulistano;229;Integrado;Ambiente e Saúde;Meio Ambiente;Meio Ambiente - MTec;Manhã;108;40;2,70;
Metropolitana da Grande São Paulo;Metropolitana da Grande São Paulo;São Paulo;Grande São Paulo Noroeste;Etec Paulistano;229;Integrado;Produção Industrial;Química;Química - MTec;Tarde;74;40;1,85;
Metropolitana da Grande São Paulo;Metropolitana da Grande São Paulo;São Paulo;Grande São Paulo Noroeste;Etec Paulistano;229;Integrado;Gestão e Negócios;Gestão;Recursos Humanos - MTec;Tarde;83;40;2,07;
Metropolitana da Grande São Paulo;Metropolitana da Grande São Paulo;São Paulo;Grande São Paulo Noroeste;Etec Paulistano (Ceu Jardim Paulistano);229.02 - Etec/Ceu;Integrado;Gestão e Negócios;Gestão;Administração - MTec-N;Noite;130;30;4,33;
Metropolitana da Grande São Paulo;Metropolitana da Grande São Paulo;São Paulo;Grande São Paulo Leste;Etec Professor Adhemar Batista Heméritas;207;Técnico;Ambiente e Saúde;Saúde;Farmácia;Noite;89;40;2,22;
Metropolitana da Grande São Paulo;Metropolitana da Grande São Paulo;São Paulo;Grande São Paulo Leste;Etec Professor Adhemar Batista Heméritas;207;Integrado;Gestão e Negócios;Gestão;Administração - MTec;Tarde;44;40;1,10;
Metropolitana da Grande São Paulo;Metropolitana da Grande São Paulo;São Paulo;Grande São Paulo Leste;Etec Professor Adhemar Batista Heméritas;207;Integrado;Gestão e Negócios;Gestão;Administração - MTec-N;Noite;75;40;1,87;
Metropolitana da Grande São Paulo;Metropolitana da Grande São Paulo;São Paulo;Grande São Paulo Leste;Etec Professor Adhemar Batista Heméritas;207;Integrado;Informação e Comunicação;Informática;Desenvolvimento de Sistemas - Mtec-N;Noite;41;40;1,02;
Metropolitana da Grande São Paulo;Metropolitana da Grande São Paulo;São Paulo;Grande São Paulo Leste;Etec Professor Adhemar Batista Heméritas;207;Integrado;Controle e Processos Industriais;Indústria;Eletroeletrônica - MTec-N;Noite;41;40;1,02;
Metropolitana da Grande São Paulo;Metropolitana da Grande São Paulo;São Paulo;Grande São Paulo Leste;Etec Professor Adhemar Batista Heméritas;207;Integrado;Controle e Processos Industriais;Indústria;Eletrônica - MTec;Manhã;56;40;1,40;
Metropolitana da Grande São Paulo;Metropolitana da Grande São Paulo;São Paulo;Grande São Paulo Leste;Etec Professor Adhemar Batista Heméritas;207;Integrado;Ambiente e Saúde;Saúde;Farmácia - MTec;Tarde;165;40;4,12;
Metropolitana da Grande São Paulo;Metropolitana da Grande São Paulo;São Paulo;Grande São Paulo Leste;Etec Professor Adhemar Batista Heméritas;207;Integrado;Informação e Comunicação;Informática;Informática para Internet - MTec;Manhã;97;40;2,42;
Metropolitana da Grande São Paulo;Metropolitana da Grande São Paulo;São Paulo;Grande São Paulo Leste;Etec Professor Adhemar Batista Heméritas;207;Integrado;Gestão e Negócios;Comércio;Marketing - MTec;Manhã;168;40;4,20;
Metropolitana da Grande São Paulo;Metropolitana da Grande São Paulo;São Paulo;Grande São Paulo Leste;Etec Professor Adhemar Batista Heméritas;207;Integrado;Informação e Comunicação;Informática;Programação de Jogos Digitais - MTec;Tarde;86;40;2,15;
Metropolitana da Grande São Paulo;Metropolitana da Grande São Paulo;São Paulo;Grande São Paulo Leste;Etec Professor Adhemar Batista Heméritas;207;Integrado;Gestão e Negócios;Gestão;Recursos Humanos - MTec;Manhã;86;40;2,15;
Metropolitana da Grande São Paulo;Metropolitana da Grande São Paulo;São Paulo;Grande São Paulo Leste;Etec Professor Adhemar Batista Heméritas (Ceu Formosa);207.02 - Etec/Ceu;Técnico;Gestão e Negócios;Comércio;Marketing;Noite;40;30;1,33;
Metropolitana da Grande São Paulo;Metropolitana da Grande São Paulo;São Paulo;Grande São Paulo Noroeste;Etec Professor André Bogasian (CEU Jaguaré);149.02 - Etec/Ceu;Técnico;Gestão e Negócios;Gestão;Administração;Noite;33;30;1,10;
Metropolitana da Grande São Paulo;Metropolitana da Grande São Paulo;São Paulo;Grande São Paulo Noroeste;Etec Professor André Bogasian (CEU Jaguaré);149.02 - Etec/Ceu;Integrado;Gestão e Negócios;Gestão;Administração - MTec-N;Noite;62;30;2,06;
Metropolitana da Grande São Paulo;Metropolitana da Grande São Paulo;São Paulo;Grande São Paulo Leste;Etec Professor Aprígio Gonzaga;034;Técnico;Gestão e Negócios;Gestão;Administração;Noite;47;40;1,17;
Metropolitana da Grande São Paulo;Metropolitana da Grande São Paulo;São Paulo;Grande São Paulo Leste;Etec Professor Aprígio Gonzaga;034;Técnico;Segurança;Saúde;Segurança do Trabalho;Noite;68;40;1,70;
Metropolitana da Grande São Paulo;Metropolitana da Grande São Paulo;São Paulo;Grande São Paulo Leste;Etec Professor Aprígio Gonzaga;034;Integrado;Gestão e Negócios;Gestão;Administração - MTec;Manhã;290;40;7,25;
Metropolitana da Grande São Paulo;Metropolitana da Grande São Paulo;São Paulo;Grande São Paulo Leste;Etec Professor Aprígio Gonzaga;034;Integrado;Gestão e Negócios;Gestão;Administração - MTec;Tarde;69;40;1,72;
Metropolitana da Grande São Paulo;Metropolitana da Grande São Paulo;São Paulo;Grande São Paulo Leste;Etec Professor Aprígio Gonzaga;034;Integrado;Controle e Processos Industriais;Indústria;Eletromecânica - MTec;Tarde;97;40;2,42;
Metropolitana da Grande São Paulo;Metropolitana da Grande São Paulo;São Paulo;Grande São Paulo Leste;Etec Professor Aprígio Gonzaga;034;Integrado;Controle e Processos Industriais;Indústria;Eletrônica - MTec;Manhã;147;40;3,67;
Metropolitana da Grande São Paulo;Metropolitana da Grande São Paulo;São Paulo;Grande São Paulo Leste;Etec Professor Aprígio Gonzaga;034;Integrado;Controle e Processos Industriais;Indústria;Eletrônica - Mtec-N;Noite;14;40;0,35;
Metropolitana da Grande São Paulo;Metropolitana da Grande São Paulo;São Paulo;Grande São Paulo Leste;Etec Professor Aprígio Gonzaga;034;Integrado;Turismo, Hospitalidade e Lazer;Turismo e Hospitalidade;Guia de Turismo - MTec;Manhã;114;40;2,85;
Metropolitana da Grande São Paulo;Metropolitana da Grande São Paulo;São Paulo;Grande São Paulo Leste;Etec Professor Aprígio Gonzaga;034;Integrado;Gestão e Negócios;Gestão;Logística - MTec;Manhã;94;40;2,35;
Metropolitana da Grande São Paulo;Metropolitana da Grande São Paulo;São Paulo;Grande São Paulo Leste;Etec Professor Aprígio Gonzaga;034;Integrado;Gestão e Negócios;Gestão;Secretariado - MTec;Manhã;125;40;3,12;
Metropolitana da Grande São Paulo;Metropolitana da Grande São Paulo;São Paulo;Grande São Paulo Leste;Etec Professor Aprígio Gonzaga;034;Integrado;Segurança;Saúde;Segurança do Trabalho - MTec;Manhã;134;40;3,35;
Metropolitana da Grande São Paulo;Metropolitana da Grande São Paulo;São Paulo;Grande São Paulo Leste;Etec Professor Aprígio Gonzaga;034;Especialização;Segurança;Saúde;Higiene Ocupacional ;Noite;148;40;3,70;
Metropolitana da Grande São Paulo;Metropolitana da Grande São Paulo;São Paulo;Grande São Paulo Leste;Etec Professor Aprígio Gonzaga (CEU Quinta do Sol);034.03 - Etec/Ceu;Técnico;Gestão e Negócios;Gestão;Administração;Noite;49;35;1,40;
Metropolitana da Grande São Paulo;Metropolitana da Grande São Paulo;São Paulo;Grande São Paulo Leste;Etec Professor Aprígio Gonzaga (CEU Quinta do Sol);034.03 - Etec/Ceu;Técnico;Informação e Comunicação;Informática;Informática;Noite;66;35;1,88;
Metropolitana da Grande São Paulo;Metropolitana da Grande São Paulo;São Paulo;Grande São Paulo Leste;Etec Professor Aprígio Gonzaga (EE Esther Frankel Sampaio);034.05 - Ext/Etec;Técnico;Informação e Comunicação;Informática;Desenvolvimento de Sistemas;Noite;55;40;1,37;
Metropolitana da Grande São Paulo;Metropolitana da Grande São Paulo;São Paulo;Grande São Paulo Noroeste;Etec Professor Basílides de Godoy;041;Técnico;Gestão e Negócios;Gestão;Administração (MNP);Noite;48;40;1,20;
Metropolitana da Grande São Paulo;Metropolitana da Grande São Paulo;São Paulo;Grande São Paulo Noroeste;Etec Professor Basílides de Godoy;041;Técnico;Informação e Comunicação;Informática;Desenvolvimento de Sistemas (MNP);Noite;68;40;1,70;
Metropolitana da Grande São Paulo;Metropolitana da Grande São Paulo;São Paulo;Grande São Paulo Noroeste;Etec Professor Basílides de Godoy;041;Técnico;Informação e Comunicação;Informática;Desenvolvimento de Sistemas (MNP);Tarde;68;40;1,70;
Metropolitana da Grande São Paulo;Metropolitana da Grande São Paulo;São Paulo;Grande São Paulo Noroeste;Etec Professor Basílides de Godoy;041;Técnico;Controle e Processos Industriais;Indústria;Eletrotécnica;Noite;114;40;2,85;
Metropolitana da Grande São Paulo;Metropolitana da Grande São Paulo;São Paulo;Grande São Paulo Noroeste;Etec Professor Basílides de Godoy;041;Técnico;Controle e Processos Industriais;Indústria;Fabricação Mecânica;Noite;58;40;1,45;
Metropolitana da Grande São Paulo;Metropolitana da Grande São Paulo;São Paulo;Grande São Paulo Noroeste;Etec Professor Basílides de Godoy;041;Técnico;Controle e Processos Industriais;Indústria;Mecatrônica;Noite;68;40;1,70;
Metropolitana da Grande São Paulo;Metropolitana da Grande São Paulo;São Paulo;Grande São Paulo Noroeste;Etec Professor Basílides de Godoy;041;Integrado;Gestão e Negócios;Gestão;Administração - MTec;Manhã;348;40;8,69;
Metropolitana da Grande São Paulo;Metropolitana da Grande São Paulo;São Paulo;Grande São Paulo Noroeste;Etec Professor Basílides de Godoy;041;Integrado;Gestão e Negócios;Gestão;Administração - MTec;Tarde;103;40;2,57;
Metropolitana da Grande São Paulo;Metropolitana da Grande São Paulo;São Paulo;Grande São Paulo Noroeste;Etec Professor Basílides de Godoy;041;Integrado;Informação e Comunicação;Informática;Desenvolvimento de Sistemas - MTec;Manhã;514;40;12,85;
Metropolitana da Grande São Paulo;Metropolitana da Grande São Paulo;São Paulo;Grande São Paulo Noroeste;Etec Professor Basílides de Godoy;041;Integrado;Gestão e Negócios;Gestão;Logística - MTec;Manhã;121;40;3,02;
Metropolitana da Grande São Paulo;Metropolitana da Grande São Paulo;São Paulo;Grande São Paulo Noroeste;Etec Professor Basílides de Godoy;041;Integrado;Gestão e Negócios;Comércio;Marketing - MTec;Manhã;304;40;7,60;
Metropolitana da Grande São Paulo;Metropolitana da Grande São Paulo;São Paulo;Grande São Paulo Noroeste;Etec Professor Basílides de Godoy;041;Integrado;Controle e Processos Industriais;Indústria;Mecatrônica - MTec;Manhã;195;40;4,87;
Metropolitana da Grande São Paulo;Metropolitana da Grande São Paulo;São Paulo;Grande São Paulo Noroeste;Etec Professor Basílides de Godoy;041;Integrado;Controle e Processos Industriais;Indústria;Mecatrônica - MTec;Tarde;70;40;1,75;
Metropolitana da Grande São Paulo;Metropolitana da Grande São Paulo;São Paulo;Grande São Paulo Noroeste;Etec Professor Basílides de Godoy;041;Integrado;Informação e Comunicação;Informática;Programação de Jogos Digitais - MTec;Manhã;215;40;5,37;
Metropolitana da Grande São Paulo;Metropolitana da Grande São Paulo;São Paulo;Grande São Paulo Noroeste;Etec Professor Basílides de Godoy;041;Integrado;Gestão e Negócios;Gestão;Recursos Humanos - MTec;Tarde;123;40;3,07;
Metropolitana da Grande São Paulo;Metropolitana da Grande São Paulo;São Paulo;Grande São Paulo Noroeste;Etec Professor Basílides de Godoy (CEU Parque Anhanguera);041.03 - Etec/Ceu;Integrado;Gestão e Negócios;Gestão;Administração - MTec-N;Noite;55;35;1,57;
Metropolitana da Grande São Paulo;Metropolitana da Grande São Paulo;São Paulo;Grande São Paulo Noroeste;Etec Professor Basílides de Godoy (CEU Parque Anhanguera);041.03 - Etec/Ceu;Integrado;Gestão e Negócios;Gestão;Logística - Mtec-N;Noite;47;35;1,34;
Metropolitana da Grande São Paulo;Metropolitana da Grande São Paulo;São Paulo;Grande São Paulo Noroeste;Etec Professor Basílides de Godoy (CEU Parque Anhanguera);041.03 - Etec/Ceu;Integrado;Gestão e Negócios;Gestão;Recursos Humanos - MTec-N;Noite;42;35;1,20;
Metropolitana da Grande São Paulo;Metropolitana da Grande São Paulo;São Paulo;Grande São Paulo Leste;Etec Professor Camargo Aranha;012;Técnico;Informação e Comunicação;Informática;Desenvolvimento de Sistemas;Noite;108;40;2,70;
Metropolitana da Grande São Paulo;Metropolitana da Grande São Paulo;São Paulo;Grande São Paulo Leste;Etec Professor Camargo Aranha;012;Técnico;Turismo, Hospitalidade e Lazer;Turismo e Hospitalidade;Gastronomia;Noite;74;40;1,85;
Metropolitana da Grande São Paulo;Metropolitana da Grande São Paulo;São Paulo;Grande São Paulo Leste;Etec Professor Camargo Aranha;012;Técnico;Gestão e Negócios;Comércio;Marketing;Noite;53;40;1,32;
Metropolitana da Grande São Paulo;Metropolitana da Grande São Paulo;São Paulo;Grande São Paulo Leste;Etec Professor Camargo Aranha;012;Integrado;Gestão e Negócios;Gestão;Administração - MTec;Tarde;83;40;2,07;
Metropolitana da Grande São Paulo;Metropolitana da Grande São Paulo;São Paulo;Grande São Paulo Leste;Etec Professor Camargo Aranha;012;Integrado;Gestão e Negócios;Gestão;Administração - MTec;Manhã;266;40;6,65;
Metropolitana da Grande São Paulo;Metropolitana da Grande São Paulo;São Paulo;Grande São Paulo Leste;Etec Professor Camargo Aranha;012;Integrado;Gestão e Negócios;Gestão;Contabilidade - MTec;Manhã;138;40;3,45;
Metropolitana da Grande São Paulo;Metropolitana da Grande São Paulo;São Paulo;Grande São Paulo Leste;Etec Professor Camargo Aranha;012;Integrado;Informação e Comunicação;Informática;Desenvolvimento de Sistemas - MTec;Tarde;135;40;3,37;
Metropolitana da Grande São Paulo;Metropolitana da Grande São Paulo;São Paulo;Grande São Paulo Leste;Etec Professor Camargo Aranha;012;Integrado;Informação e Comunicação;Informática;Desenvolvimento de Sistemas - MTec;Manhã;486;40;12,15;
Metropolitana da Grande São Paulo;Metropolitana da Grande São Paulo;São Paulo;Grande São Paulo Leste;Etec Professor Camargo Aranha;012;Integrado;Turismo, Hospitalidade e Lazer;Lazer e Desenvolvimento Social;Eventos - MTec;Manhã;112;40;2,80;
Metropolitana da Grande São Paulo;Metropolitana da Grande São Paulo;São Paulo;Grande São Paulo Leste;Etec Professor Camargo Aranha;012;Integrado;Gestão e Negócios;Gestão;Finanças - MTec;Tarde;69;40;1,72;
Metropolitana da Grande São Paulo;Metropolitana da Grande São Paulo;São Paulo;Grande São Paulo Leste;Etec Professor Camargo Aranha;012;Integrado;Gestão e Negócios;Gestão;Finanças - MTec-N;Noite;20;40;0,50;
Metropolitana da Grande São Paulo;Metropolitana da Grande São Paulo;São Paulo;Grande São Paulo Leste;Etec Professor Camargo Aranha;012;Integrado;Turismo, Hospitalidade e Lazer;Turismo e Hospitalidade;Gastronomia - MTec;Tarde;197;40;4,92;
Metropolitana da Grande São Paulo;Metropolitana da Grande São Paulo;São Paulo;Grande São Paulo Leste;Etec Professor Camargo Aranha;012;Integrado;Turismo, Hospitalidade e Lazer;Turismo e Hospitalidade;Guia de Turismo - MTec;Manhã;90;40;2,25;
Metropolitana da Grande São Paulo;Metropolitana da Grande São Paulo;São Paulo;Grande São Paulo Leste;Etec Professor Camargo Aranha;012;Integrado;Gestão e Negócios;Comércio;Marketing - MTec;Manhã;336;40;8,40;
Metropolitana da Grande São Paulo;Metropolitana da Grande São Paulo;São Paulo;Grande São Paulo Leste;Etec Professor Camargo Aranha;012;Integrado;Ambiente e Saúde;Saúde;Nutrição e Dietética - MTec;Tarde;80;40;2,00;
Metropolitana da Grande São Paulo;Metropolitana da Grande São Paulo;São Paulo;Grande São Paulo Leste;Etec Professor Camargo Aranha;012;Integrado;Ambiente e Saúde;Saúde;Nutrição e Dietética - MTec;Manhã;298;40;7,45;
Metropolitana da Grande São Paulo;Metropolitana da Grande São Paulo;São Paulo;Grande São Paulo Leste;Etec Professor Camargo Aranha;012;Integrado;Ambiente e Saúde;Saúde;Nutrição e Dietética - Mtec-N;Noite;15;40;0,37;
Metropolitana da Grande São Paulo;Metropolitana da Grande São Paulo;São Paulo;Grande São Paulo Leste;Etec Professor Camargo Aranha;012;Integrado;Gestão e Negócios;Gestão;Serviços Públicos - MTec;Tarde;105;40;2,62;
Metropolitana da Grande São Paulo;Metropolitana da Grande São Paulo;São Paulo;Grande São Paulo Leste;Etec Professor Horácio Augusto da Silveira;064;Médio;Educação Básica;Educação Básica - Ensino Médio;Ensino Médio com Itinerário Formativo de Ciências Humanas e Sociais Aplicadas;Manhã;84;40;2,10;
Metropolitana da Grande São Paulo;Metropolitana da Grande São Paulo;São Paulo;Grande São Paulo Leste;Etec Professor Horácio Augusto da Silveira;064;Técnico;Gestão e Negócios;Gestão;Administração;Tarde;46;40;1,14;
Metropolitana da Grande São Paulo;Metropolitana da Grande São Paulo;São Paulo;Grande São Paulo Leste;Etec Professor Horácio Augusto da Silveira;064;Técnico;Informação e Comunicação;Informática;Desenvolvimento de Sistemas;Noite;106;40;2,65;
Metropolitana da Grande São Paulo;Metropolitana da Grande São Paulo;São Paulo;Grande São Paulo Leste;Etec Professor Horácio Augusto da Silveira;064;Técnico;Controle e Processos Industriais;Indústria;Eletromecânica;Noite;49;40;1,22;
Metropolitana da Grande São Paulo;Metropolitana da Grande São Paulo;São Paulo;Grande São Paulo Leste;Etec Professor Horácio Augusto da Silveira;064;Técnico;Controle e Processos Industriais;Indústria;Eletrotécnica;Noite;55;40;1,37;
Metropolitana da Grande São Paulo;Metropolitana da Grande São Paulo;São Paulo;Grande São Paulo Leste;Etec Professor Horácio Augusto da Silveira;064;Técnico;Ambiente e Saúde;Saúde;Equipamentos Biomédicos;Noite;46;40;1,14;
Metropolitana da Grande São Paulo;Metropolitana da Grande São Paulo;São Paulo;Grande São Paulo Leste;Etec Professor Horácio Augusto da Silveira;064;Integrado;Gestão e Negócios;Gestão;Administração - MTec;Tarde;87;40;2,17;
Metropolitana da Grande São Paulo;Metropolitana da Grande São Paulo;São Paulo;Grande São Paulo Leste;Etec Professor Horácio Augusto da Silveira;064;Integrado;Gestão e Negócios;Gestão;Administração - MTec;Manhã;293;40;7,32;
Metropolitana da Grande São Paulo;Metropolitana da Grande São Paulo;São Paulo;Grande São Paulo Leste;Etec Professor Horácio Augusto da Silveira;064;Integrado;Gestão e Negócios;Gestão;Administração - MTec-N;Noite;38;40;0,95;
Metropolitana da Grande São Paulo;Metropolitana da Grande São Paulo;São Paulo;Grande São Paulo Leste;Etec Professor Horácio Augusto da Silveira;064;Integrado;Gestão e Negócios;Gestão;Contabilidade - MTec-N;Noite;41;40;1,02;
Metropolitana da Grande São Paulo;Metropolitana da Grande São Paulo;São Paulo;Grande São Paulo Leste;Etec Professor Horácio Augusto da Silveira;064;Integrado;Informação e Comunicação;Informática;Desenvolvimento de Sistemas - MTec;Tarde;207;40;5,17;
Metropolitana da Grande São Paulo;Metropolitana da Grande São Paulo;São Paulo;Grande São Paulo Leste;Etec Professor Horácio Augusto da Silveira;064;Integrado;Informação e Comunicação;Informática;Desenvolvimento de Sistemas - MTec-PI ;Manhã e Tarde;195;40;4,87;
Metropolitana da Grande São Paulo;Metropolitana da Grande São Paulo;São Paulo;Grande São Paulo Leste;Etec Professor Horácio Augusto da Silveira;064;Integrado;Controle e Processos Industriais;Indústria;Eletrônica - MTec-PI;Manhã e Tarde;66;40;1,65;
Metropolitana da Grande São Paulo;Metropolitana da Grande São Paulo;São Paulo;Grande São Paulo Leste;Etec Professor Horácio Augusto da Silveira;064;Integrado;Gestão e Negócios;Gestão;Finanças - MTec-N;Noite;33;40;0,82;
Metropolitana da Grande São Paulo;Metropolitana da Grande São Paulo;São Paulo;Grande São Paulo Leste;Etec Professor Horácio Augusto da Silveira;064;Integrado;Gestão e Negócios;Gestão;Logística - MTec;Manhã;112;40;2,80;
Metropolitana da Grande São Paulo;Metropolitana da Grande São Paulo;São Paulo;Grande São Paulo Leste;Etec Professor Horácio Augusto da Silveira;064;Integrado;Controle e Processos Industriais;Indústria;Mecatrônica - MTec-N;Noite;17;40;0,42;
Metropolitana da Grande São Paulo;Metropolitana da Grande São Paulo;São Paulo;Grande São Paulo Leste;Etec Professor Horácio Augusto da Silveira;064;Integrado;Controle e Processos Industriais;Indústria;Mecatrônica - MTec-PI;Manhã e Tarde;97;40;2,42;
Metropolitana da Grande São Paulo;Metropolitana da Grande São Paulo;São Paulo;Grande São Paulo Leste;Etec Professor Horácio Augusto da Silveira;064;Integrado;Controle e Processos Industriais;Indústria;Mecânica - MTec;Manhã;138;40;3,45;
Metropolitana da Grande São Paulo;Metropolitana da Grande São Paulo;São Paulo;Grande São Paulo Leste;Etec Professor Horácio Augusto da Silveira;064;Integrado;Controle e Processos Industriais;Indústria;Mecânica - Mtec-N;Noite;12;40;0,30;
Metropolitana da Grande São Paulo;Metropolitana da Grande São Paulo;São Paulo;Grande São Paulo Leste;Etec Professor Horácio Augusto da Silveira (EE Albino César);064.05 - Ext/Etec;Técnico;Gestão e Negócios;Gestão;Administração;Noite;30;35;0,85;
Metropolitana da Grande São Paulo;Metropolitana da Grande São Paulo;São Paulo;Grande São Paulo Leste;Etec Professor Horácio Augusto da Silveira (EE Professora Carmosina Monteiro Vianna);064.01 - Ext/Etec;Técnico;Gestão e Negócios;Gestão;Administração;Noite;46;40;1,14;
Metropolitana da Grande São Paulo;Metropolitana da Grande São Paulo;São Paulo;Grande São Paulo Noroeste;Etec Professora Doutora Doroti Quiomi Kanashiro Toyohara;254;Técnico;Gestão e Negócios;Gestão;Administração;Noite;43;40;1,07;
Metropolitana da Grande São Paulo;Metropolitana da Grande São Paulo;São Paulo;Grande São Paulo Noroeste;Etec Professora Doutora Doroti Quiomi Kanashiro Toyohara;254;Técnico;Controle e Processos Industriais;Indústria;Eletrotécnica;Noite;60;40;1,50;
Metropolitana da Grande São Paulo;Metropolitana da Grande São Paulo;São Paulo;Grande São Paulo Noroeste;Etec Professora Doutora Doroti Quiomi Kanashiro Toyohara;254;Técnico;Segurança;Saúde;Segurança do Trabalho;Noite;86;40;2,15;
Metropolitana da Grande São Paulo;Metropolitana da Grande São Paulo;São Paulo;Grande São Paulo Noroeste;Etec Professora Doutora Doroti Quiomi Kanashiro Toyohara;254;Integrado;Gestão e Negócios;Gestão;Administração - MTec;Tarde;331;80;4,13;
Metropolitana da Grande São Paulo;Metropolitana da Grande São Paulo;São Paulo;Grande São Paulo Noroeste;Etec Professora Doutora Doroti Quiomi Kanashiro Toyohara;254;Integrado;Controle e Processos Industriais;Indústria;Eletrônica - MTec;Manhã;222;40;5,55;
Metropolitana da Grande São Paulo;Metropolitana da Grande São Paulo;São Paulo;Grande São Paulo Noroeste;Etec Professora Doutora Doroti Quiomi Kanashiro Toyohara;254;Integrado;Turismo, Hospitalidade e Lazer;Lazer e Desenvolvimento Social;Eventos - MTec;Manhã;247;40;6,17;
Metropolitana da Grande São Paulo;Metropolitana da Grande São Paulo;São Paulo;Grande São Paulo Noroeste;Etec Professora Doutora Doroti Quiomi Kanashiro Toyohara;254;Integrado;Gestão e Negócios;Gestão;Secretariado - MTec-PI;Manhã e Tarde;136;40;3,40;
Metropolitana da Grande São Paulo;Metropolitana da Grande São Paulo;São Paulo;Grande São Paulo Noroeste;Etec Professora Doutora Doroti Quiomi Kanashiro Toyohara (CEU Pêra-Marmelo);254.02 - Etec/Ceu;Integrado;Gestão e Negócios;Gestão;Administração - MTec-N;Noite;30;30;1,00;
Metropolitana da Grande São Paulo;Metropolitana da Grande São Paulo;São Paulo;Grande São Paulo Noroeste;Etec Raposo Tavares;225;Técnico;Gestão e Negócios;Gestão;Administração;Noite;69;40;1,72;
Metropolitana da Grande São Paulo;Metropolitana da Grande São Paulo;São Paulo;Grande São Paulo Noroeste;Etec Raposo Tavares;225;Técnico;Produção Industrial;Química;Química;Noite;70;40;1,75;
Metropolitana da Grande São Paulo;Metropolitana da Grande São Paulo;São Paulo;Grande São Paulo Noroeste;Etec Raposo Tavares;225;Integrado;Gestão e Negócios;Gestão;Administração - MTec;Manhã;323;40;8,07;
Metropolitana da Grande São Paulo;Metropolitana da Grande São Paulo;São Paulo;Grande São Paulo Noroeste;Etec Raposo Tavares;225;Integrado;Informação e Comunicação;Informática;Desenvolvimento de Sistemas - MTec;Manhã;363;40;9,07;
Metropolitana da Grande São Paulo;Metropolitana da Grande São Paulo;São Paulo;Grande São Paulo Noroeste;Etec Raposo Tavares;225;Integrado;Gestão e Negócios;Comércio;Marketing - MTec;Tarde;131;40;3,27;
Metropolitana da Grande São Paulo;Metropolitana da Grande São Paulo;São Paulo;Grande São Paulo Noroeste;Etec Raposo Tavares;225;Integrado;Produção Industrial;Química;Química - MTec;Tarde;126;40;3,15;
Metropolitana da Grande São Paulo;Metropolitana da Grande São Paulo;São Paulo;Grande São Paulo Noroeste;Etec Raposo Tavares;225;Integrado;Gestão e Negócios;Gestão;Recursos Humanos - MTec-N;Noite;38;40;0,95;
Metropolitana da Grande São Paulo;Metropolitana da Grande São Paulo;São Paulo;Grande São Paulo Noroeste;Etec Santa Ifigênia;260;Técnico;Turismo, Hospitalidade e Lazer;Turismo e Hospitalidade;Gastronomia;Noite;93;40;2,32;
Metropolitana da Grande São Paulo;Metropolitana da Grande São Paulo;São Paulo;Grande São Paulo Noroeste;Etec Santa Ifigênia;260;Integrado;Gestão e Negócios;Gestão;Administração - MTec-N;Noite;48;40;1,20;
Metropolitana da Grande São Paulo;Metropolitana da Grande São Paulo;São Paulo;Grande São Paulo Noroeste;Etec Santa Ifigênia;260;Integrado;Turismo, Hospitalidade e Lazer;Lazer e Desenvolvimento Social;Eventos - MTec;Manhã;122;40;3,05;
Metropolitana da Grande São Paulo;Metropolitana da Grande São Paulo;São Paulo;Grande São Paulo Noroeste;Etec Santa Ifigênia;260;Integrado;Turismo, Hospitalidade e Lazer;Turismo e Hospitalidade;Gastronomia - MTec;Manhã;220;40;5,50;
Metropolitana da Grande São Paulo;Metropolitana da Grande São Paulo;São Paulo;Grande São Paulo Noroeste;Etec Santa Ifigênia;260;Integrado;Turismo, Hospitalidade e Lazer;Turismo e Hospitalidade;Gastronomia - MTec;Tarde;85;40;2,12;
Metropolitana da Grande São Paulo;Metropolitana da Grande São Paulo;São Paulo;Grande São Paulo Noroeste;Etec Santa Ifigênia;260;Integrado;Turismo, Hospitalidade e Lazer;Turismo e Hospitalidade;Hospedagem - MTec;Manhã;70;40;1,75;
Metropolitana da Grande São Paulo;Metropolitana da Grande São Paulo;São Paulo;Grande São Paulo Noroeste;Etec Santa Ifigênia;260;Integrado;Ambiente e Saúde;Saúde;Nutrição e Dietética - MTec;Manhã;206;40;5,15;
Metropolitana da Grande São Paulo;Metropolitana da Grande São Paulo;São Paulo;Grande São Paulo Noroeste;Etec Santa Ifigênia;260;Integrado;Ambiente e Saúde;Saúde;Nutrição e Dietética - MTec;Tarde;81;40;2,02;
Metropolitana da Grande São Paulo;Metropolitana da Grande São Paulo;São Paulo;Grande São Paulo Noroeste;Etec Santa Ifigênia;260;Especialização;Turismo, Hospitalidade e Lazer;Turismo e Hospitalidade;Gastronomia Internacional;Noite;70;40;1,75;
Metropolitana da Grande São Paulo;Metropolitana da Grande São Paulo;São Paulo;Grande São Paulo Leste;Etec São Mateus;227;Técnico;Gestão e Negócios;Gestão;Administração;Noite;45;40;1,12;
Metropolitana da Grande São Paulo;Metropolitana da Grande São Paulo;São Paulo;Grande São Paulo Leste;Etec São Mateus;227;Técnico;Controle e Processos Industriais;Indústria;Eletrônica (MNP);Noite;47;40;1,17;
Metropolitana da Grande São Paulo;Metropolitana da Grande São Paulo;São Paulo;Grande São Paulo Leste;Etec São Mateus;227;Técnico;Ambiente e Saúde;Saúde;Nutrição e Dietética;Noite;74;40;1,85;
Metropolitana da Grande São Paulo;Metropolitana da Grande São Paulo;São Paulo;Grande São Paulo Leste;Etec São Mateus;227;Técnico;Segurança;Saúde;Segurança do Trabalho;Noite;51;40;1,27;
Metropolitana da Grande São Paulo;Metropolitana da Grande São Paulo;São Paulo;Grande São Paulo Leste;Etec São Mateus;227;Integrado;Gestão e Negócios;Gestão;Administração - MTec;Tarde;100;40;2,50;
Metropolitana da Grande São Paulo;Metropolitana da Grande São Paulo;São Paulo;Grande São Paulo Leste;Etec São Mateus;227;Integrado;Gestão e Negócios;Gestão;Administração - MTec;Manhã;295;40;7,37;
Metropolitana da Grande São Paulo;Metropolitana da Grande São Paulo;São Paulo;Grande São Paulo Leste;Etec São Mateus;227;Integrado;Informação e Comunicação;Informática;Desenvolvimento de Sistemas - MTec;Manhã;397;40;9,92;
Metropolitana da Grande São Paulo;Metropolitana da Grande São Paulo;São Paulo;Grande São Paulo Leste;Etec São Mateus;227;Integrado;Ambiente e Saúde;Meio Ambiente;Meio Ambiente - MTec;Tarde;80;40;2,00;
Metropolitana da Grande São Paulo;Metropolitana da Grande São Paulo;São Paulo;Grande São Paulo Leste;Etec São Mateus;227;Integrado;Ambiente e Saúde;Saúde;Nutrição e Dietética - MTec;Manhã;296;40;7,40;
Metropolitana da Grande São Paulo;Metropolitana da Grande São Paulo;São Paulo;Grande São Paulo Leste;Etec São Mateus;227;Integrado;Ambiente e Saúde;Saúde;Nutrição e Dietética - MTec;Tarde;111;40;2,77;
Metropolitana da Grande São Paulo;Metropolitana da Grande São Paulo;São Paulo;Grande São Paulo Noroeste;Etec Sebrae;273;Técnico;Informação e Comunicação;Informática;Informática para Internet;Noite;29;35;0,82;
Metropolitana da Grande São Paulo;Metropolitana da Grande São Paulo;São Paulo;Grande São Paulo Noroeste;Etec Sebrae;273;Integrado;Gestão e Negócios;Gestão;Administração - MTec-AMS;Manhã;74;35;2,11;
Metropolitana da Grande São Paulo;Metropolitana da Grande São Paulo;São Paulo;Grande São Paulo Noroeste;Etec Sebrae;273;Integrado;Informação e Comunicação;Informática;Desenvolvimento de Sistemas - MTec;Manhã;160;35;4,57;
Metropolitana da Grande São Paulo;Metropolitana da Grande São Paulo;São Paulo;Grande São Paulo Noroeste;Etec Sebrae;273;Integrado;Gestão e Negócios;Comércio;Marketing - MTec;Tarde;53;35;1,51;
Metropolitana da Grande São Paulo;Metropolitana da Grande São Paulo;São Paulo;Grande São Paulo Noroeste;Etec Takashi Morita;200;Técnico;Gestão e Negócios;Gestão;Administração;Noite;65;40;1,62;
Metropolitana da Grande São Paulo;Metropolitana da Grande São Paulo;São Paulo;Grande São Paulo Noroeste;Etec Takashi Morita;200;Técnico;Controle e Processos Industriais;Indústria;Automação Industrial;Noite;98;40;2,45;
Metropolitana da Grande São Paulo;Metropolitana da Grande São Paulo;São Paulo;Grande São Paulo Noroeste;Etec Takashi Morita;200;Técnico;Segurança;Saúde;Segurança do Trabalho;Noite;67;40;1,67;
Metropolitana da Grande São Paulo;Metropolitana da Grande São Paulo;São Paulo;Grande São Paulo Noroeste;Etec Takashi Morita;200;Integrado;Gestão e Negócios;Gestão;Administração - MTec;Tarde;444;40;11,10;
Metropolitana da Grande São Paulo;Metropolitana da Grande São Paulo;São Paulo;Grande São Paulo Noroeste;Etec Takashi Morita;200;Integrado;Gestão e Negócios;Gestão;Administração - MTec-PI;Manhã e Tarde;372;40;9,30;
Metropolitana da Grande São Paulo;Metropolitana da Grande São Paulo;São Paulo;Grande São Paulo Noroeste;Etec Takashi Morita;200;Integrado;Controle e Processos Industriais;Indústria;Automação Industrial - MTec;Manhã;361;40;9,02;
Metropolitana da Grande São Paulo;Metropolitana da Grande São Paulo;São Paulo;Grande São Paulo Noroeste;Etec Takashi Morita;200;Integrado;Controle e Processos Industriais;Indústria;Automação Industrial - MTec;Tarde;80;40;2,00;
Metropolitana da Grande São Paulo;Metropolitana da Grande São Paulo;São Paulo;Grande São Paulo Noroeste;Etec Takashi Morita;200;Integrado;Controle e Processos Industriais;Indústria;Eletroeletrônica - MTec-N;Noite;44;40;1,10;
Metropolitana da Grande São Paulo;Metropolitana da Grande São Paulo;São Paulo;Grande São Paulo Noroeste;Etec Takashi Morita;200;Integrado;Controle e Processos Industriais;Indústria;Eletrônica - MTec-PI;Manhã e Tarde;190;40;4,75;
Metropolitana da Grande São Paulo;Metropolitana da Grande São Paulo;São Paulo;Grande São Paulo Noroeste;Etec Takashi Morita (CEU Alvarenga);200.02 - Etec/Ceu;Técnico;Gestão e Negócios;Gestão;Administração;Noite;47;30;1,56;
Metropolitana da Grande São Paulo;Metropolitana da Grande São Paulo;São Paulo;Grande São Paulo Noroeste;Etec Takashi Morita (CEU Parelheiros);200.04 - Etec/Ceu;Técnico;Gestão e Negócios;Gestão;Administração;Noite;53;30;1,76;
Metropolitana da Grande São Paulo;Metropolitana da Grande São Paulo;São Paulo;Grande São Paulo Leste;Etec Tereza Aparecida Cardoso Nunes de Oliveira;186;Técnico;Controle e Processos Industriais;Indústria;Eletrotécnica;Noite;67;40;1,67;
Metropolitana da Grande São Paulo;Metropolitana da Grande São Paulo;São Paulo;Grande São Paulo Leste;Etec Tereza Aparecida Cardoso Nunes de Oliveira;186;Integrado;Gestão e Negócios;Gestão;Administração - MTec;Manhã;260;40;6,50;
Metropolitana da Grande São Paulo;Metropolitana da Grande São Paulo;São Paulo;Grande São Paulo Leste;Etec Tereza Aparecida Cardoso Nunes de Oliveira;186;Integrado;Gestão e Negócios;Gestão;Administração - MTec-N;Noite;26;40;0,65;
Metropolitana da Grande São Paulo;Metropolitana da Grande São Paulo;São Paulo;Grande São Paulo Leste;Etec Tereza Aparecida Cardoso Nunes de Oliveira;186;Integrado;Controle e Processos Industriais;Indústria;Automação Industrial - MTec;Tarde;64;40;1,60;
Metropolitana da Grande São Paulo;Metropolitana da Grande São Paulo;São Paulo;Grande São Paulo Leste;Etec Tereza Aparecida Cardoso Nunes de Oliveira;186;Integrado;Gestão e Negócios;Gestão;Comércio Exterior - MTec;Tarde;56;40;1,40;
Metropolitana da Grande São Paulo;Metropolitana da Grande São Paulo;São Paulo;Grande São Paulo Leste;Etec Tereza Aparecida Cardoso Nunes de Oliveira;186;Integrado;Controle e Processos Industriais;Indústria;Eletroeletrônica  - MTec;Manhã;94;40;2,35;
Metropolitana da Grande São Paulo;Metropolitana da Grande São Paulo;São Paulo;Grande São Paulo Leste;Etec Tereza Aparecida Cardoso Nunes de Oliveira;186;Integrado;Controle e Processos Industriais;Indústria;Eletrônica - MTec;Tarde;48;40;1,20;
Metropolitana da Grande São Paulo;Metropolitana da Grande São Paulo;São Paulo;Grande São Paulo Leste;Etec Tereza Aparecida Cardoso Nunes de Oliveira;186;Integrado;Gestão e Negócios;Gestão;Recursos Humanos - MTec;Tarde;78;40;1,95;
Metropolitana da Grande São Paulo;Metropolitana da Grande São Paulo;São Paulo;Grande São Paulo Leste;Etec Tereza Aparecida Cardoso Nunes de Oliveira;186;Integrado;Gestão e Negócios;Gestão;Secretariado - MTec;Manhã;102;40;2,54;
Metropolitana da Grande São Paulo;Metropolitana da Grande São Paulo;São Paulo;Grande São Paulo Leste;Etec Tereza Aparecida Cardoso Nunes de Oliveira;186;Integrado;Gestão e Negócios;Gestão;Serviços Jurídicos - MTec;Manhã;328;40;8,19;
Metropolitana da Grande São Paulo;Metropolitana da Grande São Paulo;São Paulo;Grande São Paulo Leste;Etec Tereza Aparecida Cardoso Nunes de Oliveira;186;Integrado;Gestão e Negócios;Gestão;Serviços Jurídicos - MTec-N;Noite;33;40;0,82;
Metropolitana da Grande São Paulo;Metropolitana da Grande São Paulo;São Paulo;Grande São Paulo Leste;Etec Tereza Aparecida Cardoso Nunes de Oliveira / Faculdade de Tecnologia de Itaquera - Professor Miguel Reale;186/257 - Etec/Fatec;Integrado;Controle e Processos Industriais;Indústria;Automação Industrial - MTec-AMS;Manhã;91;40;2,27;
Metropolitana da Grande São Paulo;Metropolitana da Grande São Paulo;São Paulo;Grande São Paulo Noroeste;Etec Uirapuru;230;Técnico;Informação e Comunicação;Informática;Desenvolvimento de Sistemas;Noite;97;40;2,42;
Metropolitana da Grande São Paulo;Metropolitana da Grande São Paulo;São Paulo;Grande São Paulo Noroeste;Etec Uirapuru;230;Técnico;Ambiente e Saúde;Saúde;Enfermagem;Manhã;102;40;2,54;
Metropolitana da Grande São Paulo;Metropolitana da Grande São Paulo;São Paulo;Grande São Paulo Noroeste;Etec Uirapuru;230;Técnico;Turismo, Hospitalidade e Lazer;Turismo e Hospitalidade;Gastronomia (MNP);Noite;53;40;1,32;
Metropolitana da Grande São Paulo;Metropolitana da Grande São Paulo;São Paulo;Grande São Paulo Noroeste;Etec Uirapuru;230;Técnico;Ambiente e Saúde;Saúde;Nutrição e Dietética (MNP);Noite;36;40;0,90;
Metropolitana da Grande São Paulo;Metropolitana da Grande São Paulo;São Paulo;Grande São Paulo Noroeste;Etec Uirapuru;230;Técnico;Segurança;Saúde;Segurança do Trabalho;Noite;46;40;1,14;
Metropolitana da Grande São Paulo;Metropolitana da Grande São Paulo;São Paulo;Grande São Paulo Noroeste;Etec Uirapuru;230;Integrado;Gestão e Negócios;Gestão;Administração - MTec;Manhã;235;40;5,87;
Metropolitana da Grande São Paulo;Metropolitana da Grande São Paulo;São Paulo;Grande São Paulo Noroeste;Etec Uirapuru;230;Integrado;Informação e Comunicação;Informática;Desenvolvimento de Sistemas - MTec;Tarde;188;40;4,70;
Metropolitana da Grande São Paulo;Metropolitana da Grande São Paulo;São Paulo;Grande São Paulo Noroeste;Etec Uirapuru;230;Integrado;Ambiente e Saúde;Saúde;Nutrição e Dietética - MTec;Tarde;139;40;3,47;
Metropolitana da Grande São Paulo;Metropolitana da Grande São Paulo;São Paulo;Grande São Paulo Noroeste;Etec Uirapuru;230;Integrado;Segurança;Saúde;Segurança do Trabalho - MTec-N;Noite;17;40;0,42;
Metropolitana da Grande São Paulo;Metropolitana da Grande São Paulo;São Paulo;Grande São Paulo Leste;Etec Zona Leste;211;Técnico;Gestão e Negócios;Gestão;Administração (MNP);Manhã;44;35;1,25;
Metropolitana da Grande São Paulo;Metropolitana da Grande São Paulo;São Paulo;Grande São Paulo Leste;Etec Zona Leste;211;Técnico;Gestão e Negócios;Gestão;Administração (MNP);Noite;53;70;0,75;
Metropolitana da Grande São Paulo;Metropolitana da Grande São Paulo;São Paulo;Grande São Paulo Leste;Etec Zona Leste;211;Técnico;Gestão e Negócios;Gestão;Contabilidade;Noite;53;35;1,51;
Metropolitana da Grande São Paulo;Metropolitana da Grande São Paulo;São Paulo;Grande São Paulo Leste;Etec Zona Leste;211;Técnico;Informação e Comunicação;Informática;Desenvolvimento de Sistemas (MNP);Noite;124;35;3,54;
Metropolitana da Grande São Paulo;Metropolitana da Grande São Paulo;São Paulo;Grande São Paulo Leste;Etec Zona Leste;211;Técnico;Gestão e Negócios;Gestão;Serviços Jurídicos (MNP);Noite;88;35;2,51;
Metropolitana da Grande São Paulo;Metropolitana da Grande São Paulo;São Paulo;Grande São Paulo Leste;Etec Zona Leste;211;Integrado;Gestão e Negócios;Gestão;Administração - MTec;Manhã;457;35;13,05;
Metropolitana da Grande São Paulo;Metropolitana da Grande São Paulo;São Paulo;Grande São Paulo Leste;Etec Zona Leste;211;Integrado;Gestão e Negócios;Gestão;Administração - MTec;Tarde;164;35;4,68;
Metropolitana da Grande São Paulo;Metropolitana da Grande São Paulo;São Paulo;Grande São Paulo Leste;Etec Zona Leste;211;Integrado;Informação e Comunicação;Informática;Desenvolvimento de Sistemas - MTec;Manhã;730;35;20,85;
Metropolitana da Grande São Paulo;Metropolitana da Grande São Paulo;São Paulo;Grande São Paulo Leste;Etec Zona Leste;211;Integrado;Gestão e Negócios;Gestão;Logística - MTec;Tarde;110;35;3,14;
Metropolitana da Grande São Paulo;Metropolitana da Grande São Paulo;São Paulo;Grande São Paulo Leste;Etec Zona Leste;211;Integrado;Gestão e Negócios;Gestão;Logística - Mtec-N;Noite;24;35;0,68;
Metropolitana da Grande São Paulo;Metropolitana da Grande São Paulo;São Paulo;Grande São Paulo Leste;Etec Zona Leste;211;Integrado;Gestão e Negócios;Gestão;Recursos Humanos - MTec;Manhã;272;35;7,77;
Metropolitana da Grande São Paulo;Metropolitana da Grande São Paulo;São Paulo;Grande São Paulo Leste;Etec Zona Leste (CEU Azul da Cor do Mar);211.01 - Etec/Ceu;Técnico;Gestão e Negócios;Comércio;Marketing;Noite;34;30;1,13;
Metropolitana da Grande São Paulo;Metropolitana da Grande São Paulo;São Paulo;Grande São Paulo Leste;Etec Zona Leste (CEU Parque São Carlos);211.02 - Etec/Ceu;Técnico;Gestão e Negócios;Gestão;Recursos Humanos;Noite;50;30;1,66;
Metropolitana da Grande São Paulo;Metropolitana da Grande São Paulo;São Paulo;Grande São Paulo Leste;Etec Zona Leste (CEU São Miguel - Luiz Melodia);211.04 - Etec/Ceu;Técnico;Gestão e Negócios;Gestão;Finanças;Noite;35;30;1,16;
Metropolitana da Grande São Paulo;Metropolitana da Grande São Paulo;São Paulo;Grande São Paulo Leste;Etec Zona Leste (CEU São Miguel - Luiz Melodia);211.04 - Etec/Ceu;Integrado;Gestão e Negócios;Gestão;Administração - MTec-N;Noite;56;30;1,86;
Metropolitana da Grande São Paulo;Metropolitana da Grande São Paulo;São Paulo;Grande São Paulo Leste;Etec Zona Leste / Fatec Zona Leste;211/111 - Etec/Fatec;Integrado;Informação e Comunicação;Informática;Desenvolvimento de Sistemas - MTec-AMS;Tarde;439;40;10,97;
Metropolitana da Grande São Paulo;Metropolitana da Grande São Paulo;Suzano;Grande São Paulo Leste;Etec de Suzano;190;Técnico;Gestão e Negócios;Gestão;Administração;Noite;134;40;3,35;
Metropolitana da Grande São Paulo;Metropolitana da Grande São Paulo;Suzano;Grande São Paulo Leste;Etec de Suzano;190;Técnico;Gestão e Negócios;Gestão;Comércio Exterior;Noite;42;40;1,05;
Metropolitana da Grande São Paulo;Metropolitana da Grande São Paulo;Suzano;Grande São Paulo Leste;Etec de Suzano;190;Técnico;Gestão e Negócios;Gestão;Contabilidade;Noite;64;40;1,60;
Metropolitana da Grande São Paulo;Metropolitana da Grande São Paulo;Suzano;Grande São Paulo Leste;Etec de Suzano;190;Técnico;Ambiente e Saúde;Saúde;Enfermagem;Tarde;97;40;2,42;
Metropolitana da Grande São Paulo;Metropolitana da Grande São Paulo;Suzano;Grande São Paulo Leste;Etec de Suzano;190;Técnico;Produção Industrial;Química;Química;Noite;120;40;3,00;
Metropolitana da Grande São Paulo;Metropolitana da Grande São Paulo;Suzano;Grande São Paulo Leste;Etec de Suzano;190;Integrado;Gestão e Negócios;Gestão;Administração - MTec;Tarde;155;40;3,87;
Metropolitana da Grande São Paulo;Metropolitana da Grande São Paulo;Suzano;Grande São Paulo Leste;Etec de Suzano;190;Integrado;Gestão e Negócios;Gestão;Administração - MTec;Manhã;477;40;11,92;
Metropolitana da Grande São Paulo;Metropolitana da Grande São Paulo;Suzano;Grande São Paulo Leste;Etec de Suzano;190;Integrado;Ambiente e Saúde;Meio Ambiente;Meio Ambiente - MTec;Manhã;232;40;5,80;
Metropolitana da Grande São Paulo;Metropolitana da Grande São Paulo;Suzano;Grande São Paulo Leste;Etec de Suzano;190;Integrado;Produção Industrial;Química;Química - MTec;Tarde;324;40;8,10;
Metropolitana da Grande São Paulo;Metropolitana da Grande São Paulo;Suzano;Grande São Paulo Leste;Etec de Suzano;190;Integrado;Gestão e Negócios;Gestão;Secretariado - MTec;Tarde;143;40;3,57;
Metropolitana da Grande São Paulo;Metropolitana da Grande São Paulo;Taboão da Serra;Grande São Paulo Sul/Baixada Santista;Etec de Taboão da Serra;293;Integrado;Informação e Comunicação;Informática;Desenvolvimento de Sistemas - MTec-PI ;Manhã e Tarde;610;80;7,62;
Metropolitana da Grande São Paulo;Metropolitana da Grande São Paulo;Taboão da Serra;Grande São Paulo Sul/Baixada Santista;Etec de Taboão da Serra;293;Integrado;Informação e Comunicação;Informática;Informática - MTec-N;Noite;133;40;3,32;
Metropolitana da Grande São Paulo;Metropolitana da Grande São Paulo;Taboão da Serra;Grande São Paulo Sul/Baixada Santista;Etec de Taboão da Serra;293;Integrado;Informação e Comunicação;Informática;Informática para Internet - MTec-N;Noite;79;40;1,97;
Metropolitana de Campinas;Bragança Paulista;Amparo;Campinas Sul;Etec João Belarmino;067;Médio;Educação Básica;Educação Básica - Ensino Médio;Ensino Médio com Itinerário Formativo de Ciências da Natureza e suas Tecnologias;Manhã;152;40;3,80;
Metropolitana de Campinas;Bragança Paulista;Amparo;Campinas Sul;Etec João Belarmino;067;Técnico;Gestão e Negócios;Gestão;Administração;Noite;155;40;3,87;
Metropolitana de Campinas;Bragança Paulista;Amparo;Campinas Sul;Etec João Belarmino;067;Técnico;Controle e Processos Industriais;Indústria;Eletrotécnica;Noite;106;40;2,65;
Metropolitana de Campinas;Bragança Paulista;Amparo;Campinas Sul;Etec João Belarmino;067;Técnico;Ambiente e Saúde;Saúde;Enfermagem;Tarde;73;30;2,43;
Metropolitana de Campinas;Bragança Paulista;Amparo;Campinas Sul;Etec João Belarmino;067;Técnico;Gestão e Negócios;Gestão;Finanças;Noite;50;40;1,25;
Metropolitana de Campinas;Bragança Paulista;Amparo;Campinas Sul;Etec João Belarmino;067;Técnico;Turismo, Hospitalidade e Lazer;Turismo e Hospitalidade;Gastronomia;Noite;74;40;1,85;
Metropolitana de Campinas;Bragança Paulista;Amparo;Campinas Sul;Etec João Belarmino;067;Técnico;Controle e Processos Industriais;Indústria;Mecânica;Noite;99;40;2,47;
Metropolitana de Campinas;Bragança Paulista;Amparo;Campinas Sul;Etec João Belarmino;067;Técnico;Segurança;Saúde;Segurança do Trabalho;Noite;78;40;1,95;
Metropolitana de Campinas;Bragança Paulista;Amparo;Campinas Sul;Etec João Belarmino;067;Integrado;Gestão e Negócios;Gestão;Administração - MTec;Tarde;123;40;3,07;
Metropolitana de Campinas;Bragança Paulista;Amparo;Campinas Sul;Etec João Belarmino;067;Integrado;Informação e Comunicação;Informática;Desenvolvimento de Sistemas - MTec;Manhã;286;40;7,15;
Metropolitana de Campinas;Bragança Paulista;Amparo;Campinas Sul;Etec João Belarmino;067;Integrado;Informação e Comunicação;Informática;Desenvolvimento de Sistemas - MTec;Tarde;50;40;1,25;
Metropolitana de Campinas;Bragança Paulista;Amparo;Campinas Sul;Etec João Belarmino;067;Integrado;Produção Cultural e Design;Design;Design de Interiores - MTec-N;Noite;44;40;1,10;
Metropolitana de Campinas;Bragança Paulista;Amparo;Campinas Sul;Etec João Belarmino;067;Integrado;Infraestrutura;Construção Civil;Edificações - MTec;Manhã;129;40;3,22;
Metropolitana de Campinas;Bragança Paulista;Amparo;Campinas Sul;Etec João Belarmino;067;Integrado;Controle e Processos Industriais;Indústria;Eletrônica - MTec;Manhã;156;40;3,90;
Metropolitana de Campinas;Bragança Paulista;Amparo;Campinas Sul;Etec João Belarmino;067;Integrado;Turismo, Hospitalidade e Lazer;Lazer e Desenvolvimento Social;Eventos - MTec;Manhã;184;40;4,59;
Metropolitana de Campinas;Bragança Paulista;Amparo;Campinas Sul;Etec João Belarmino;067;Integrado;Produção Industrial;Química;Química - MTec;Manhã;185;40;4,62;
Metropolitana de Campinas;Bragança Paulista;Amparo;Campinas Sul;Etec João Belarmino;067;Integrado;Produção Industrial;Química;Química - Mtec-N;Noite;28;40;0,70;
Metropolitana de Campinas;Bragança Paulista;Atibaia;Campinas Sul;Etec Professor Carmine Biagio Tundisi;147;Técnico;Ambiente e Saúde;Saúde;Enfermagem;Noite;131;40;3,27;
Metropolitana de Campinas;Bragança Paulista;Atibaia;Campinas Sul;Etec Professor Carmine Biagio Tundisi;147;Integrado;Gestão e Negócios;Gestão;Administração - MTec;Manhã;303;40;7,57;
Metropolitana de Campinas;Bragança Paulista;Atibaia;Campinas Sul;Etec Professor Carmine Biagio Tundisi;147;Integrado;Gestão e Negócios;Gestão;Administração - MTec;Tarde;120;40;3,00;
Metropolitana de Campinas;Bragança Paulista;Atibaia;Campinas Sul;Etec Professor Carmine Biagio Tundisi;147;Integrado;Informação e Comunicação;Informática;Desenvolvimento de Sistemas - MTec;Manhã;273;40;6,82;
Metropolitana de Campinas;Bragança Paulista;Atibaia;Campinas Sul;Etec Professor Carmine Biagio Tundisi;147;Integrado;Informação e Comunicação;Informática;Desenvolvimento de Sistemas - MTec;Tarde;98;40;2,45;
Metropolitana de Campinas;Bragança Paulista;Atibaia;Campinas Sul;Etec Professor Carmine Biagio Tundisi;147;Integrado;Produção Cultural e Design;Design;Design Gráfico - Mtec-N;Noite;67;40;1,67;
Metropolitana de Campinas;Bragança Paulista;Atibaia;Campinas Sul;Etec Professor Carmine Biagio Tundisi;147;Integrado;Gestão e Negócios;Comércio;Marketing - MTec;Manhã;235;40;5,87;
Metropolitana de Campinas;Bragança Paulista;Atibaia;Campinas Sul;Etec Professor Carmine Biagio Tundisi;147;Integrado;Gestão e Negócios;Comércio;Marketing - MTec;Tarde;129;40;3,22;
Metropolitana de Campinas;Bragança Paulista;Atibaia;Campinas Sul;Etec Professor Carmine Biagio Tundisi;147;Integrado;Gestão e Negócios;Gestão;Recursos Humanos - MTec-N;Noite;76;40;1,90;
Metropolitana de Campinas;Bragança Paulista;Bragança Paulista;Campinas Sul;Etec de Bragança Paulista;306;Integrado;Gestão e Negócios;Gestão;Administração - MTec;Tarde;120;40;3,00;
Metropolitana de Campinas;Bragança Paulista;Bragança Paulista;Campinas Sul;Etec de Bragança Paulista;306;Integrado;Informação e Comunicação;Informática;Desenvolvimento de Sistemas - MTec;Tarde;151;40;3,77;
Metropolitana de Campinas;Bragança Paulista;Bragança Paulista;Campinas Sul;Etec de Bragança Paulista;306;Integrado;Gestão e Negócios;Gestão;Recursos Humanos - MTec;Tarde;74;40;1,85;
Metropolitana de Campinas;Bragança Paulista;Bragança Paulista;Campinas Sul;Etec de Bragança Paulista (Polo Universidade Aberta do Brasil UAB - Bragança Paulista);306.1 - Cd_Cps;Técnico;Informação e Comunicação;Informática;Desenvolvimento de Sistemas;Noite;30;35;0,85;
Metropolitana de Campinas;Bragança Paulista;Bragança Paulista;Campinas Sul;Etec de Bragança Paulista / Fatec Jornalista Omair Fagundes de Oliveira;306/183 - Etec/Fatec;Integrado;Gestão e Negócios;Gestão;Logística - MTec-AMS;Manhã;158;40;3,95;
Metropolitana de Campinas;Jundiaí;Campo Limpo Paulista;Campinas Sul;Etec de Campo Limpo Paulista;201;Médio;Educação Básica;Educação Básica - Ensino Médio;Ensino Médio com Itinerário Formativo de Ciências Humanas e Sociais Aplicadas;Manhã;146;35;4,17;
Metropolitana de Campinas;Jundiaí;Campo Limpo Paulista;Campinas Sul;Etec de Campo Limpo Paulista;201;Técnico;Ambiente e Saúde;Saúde;Enfermagem;Tarde;96;40;2,40;
Metropolitana de Campinas;Jundiaí;Campo Limpo Paulista;Campinas Sul;Etec de Campo Limpo Paulista;201;Integrado;Gestão e Negócios;Gestão;Administração - MTec;Tarde;226;35;6,45;
Metropolitana de Campinas;Jundiaí;Campo Limpo Paulista;Campinas Sul;Etec de Campo Limpo Paulista;201;Integrado;Informação e Comunicação;Informática;Informática para Internet - MTec;Manhã;279;35;7,97;
Metropolitana de Campinas;Jundiaí;Campo Limpo Paulista;Campinas Sul;Etec de Campo Limpo Paulista;201;Integrado;Gestão e Negócios;Gestão;Logística - Mtec-N;Noite;123;35;3,51;
Metropolitana de Campinas;Jundiaí;Campo Limpo Paulista;Campinas Sul;Etec de Campo Limpo Paulista;201;Integrado;Gestão e Negócios;Gestão;Marketing - MTec-N;Noite;135;35;3,85;
Metropolitana de Campinas;Jundiaí;Itatiba;Campinas Sul;Etec Rosa Perrone Scavone;100;Técnico;Gestão e Negócios;Gestão;Administração;Noite;58;40;1,45;
Metropolitana de Campinas;Jundiaí;Itatiba;Campinas Sul;Etec Rosa Perrone Scavone;100;Técnico;Controle e Processos Industriais;Indústria;Automação Industrial;Noite;62;40;1,55;
Metropolitana de Campinas;Jundiaí;Itatiba;Campinas Sul;Etec Rosa Perrone Scavone;100;Técnico;Informação e Comunicação;Informática;Desenvolvimento de Sistemas;Tarde;54;40;1,35;
Metropolitana de Campinas;Jundiaí;Itatiba;Campinas Sul;Etec Rosa Perrone Scavone;100;Técnico;Controle e Processos Industriais;Indústria;Eletromecânica;Noite;61;40;1,52;
Metropolitana de Campinas;Jundiaí;Itatiba;Campinas Sul;Etec Rosa Perrone Scavone;100;Técnico;Gestão e Negócios;Gestão;Recursos Humanos;Noite;43;40;1,07;
Metropolitana de Campinas;Jundiaí;Itatiba;Campinas Sul;Etec Rosa Perrone Scavone;100;Integrado;Gestão e Negócios;Gestão;Administração - MTec-PI;Manhã e Tarde;199;40;4,97;
Metropolitana de Campinas;Jundiaí;Itatiba;Campinas Sul;Etec Rosa Perrone Scavone;100;Integrado;Controle e Processos Industriais;Indústria;Automação Industrial - MTec-PI;Manhã e Tarde;146;40;3,65;
Metropolitana de Campinas;Jundiaí;Itatiba;Campinas Sul;Etec Rosa Perrone Scavone;100;Integrado;Informação e Comunicação;Informática;Desenvolvimento de Sistemas - MTec-PI ;Manhã e Tarde;244;40;6,10;
Metropolitana de Campinas;Jundiaí;Itatiba;Campinas Sul;Etec Rosa Perrone Scavone;100;Integrado;Gestão e Negócios;Gestão;Logística - Mtec-N;Noite;60;40;1,50;
Metropolitana de Campinas;Jundiaí;Itatiba;Campinas Sul;Etec Rosa Perrone Scavone;100;Integrado;Gestão e Negócios;Gestão;Logística - MTec-PI;Manhã e Tarde;121;40;3,02;
Metropolitana de Campinas;Jundiaí;Itupeva;Campinas Sul;Etec Vasco Antonio Venchiarutti (CEMEB Victória Cômodo Raymundo Fernandes - Itupeva);008.2 - Cd_Cps;Técnico;Gestão e Negócios;Gestão;Administração;Noite;73;40;1,82;
Metropolitana de Campinas;Jundiaí;Jundiaí;Campinas Sul;Etec Benedito Storani;042;Técnico;Produção Alimentícia;Química;Alimentos (MNP);Noite;44;40;1,10;
Metropolitana de Campinas;Jundiaí;Jundiaí;Campinas Sul;Etec Benedito Storani;042;Técnico;Turismo, Hospitalidade e Lazer;Turismo e Hospitalidade;Gastronomia (MNP);Noite;89;40;2,22;
Metropolitana de Campinas;Jundiaí;Jundiaí;Campinas Sul;Etec Benedito Storani;042;Técnico;Ambiente e Saúde;Saúde;Nutrição e Dietética (MNP);Noite;53;40;1,32;
Metropolitana de Campinas;Jundiaí;Jundiaí;Campinas Sul;Etec Benedito Storani;042;Técnico;Produção Industrial;Química;Química;Noite;91;40;2,27;
Metropolitana de Campinas;Jundiaí;Jundiaí;Campinas Sul;Etec Benedito Storani;042;Técnico;Produção Alimentícia;Indústria;Viticultura e Enologia;Noite;53;40;1,32;
Metropolitana de Campinas;Jundiaí;Jundiaí;Campinas Sul;Etec Benedito Storani;042;Integrado;Gestão e Negócios;Gestão;Administração - MTec;Tarde;163;40;4,07;
Metropolitana de Campinas;Jundiaí;Jundiaí;Campinas Sul;Etec Benedito Storani;042;Integrado;Gestão e Negócios;Gestão;Administração - MTec-N;Noite;80;40;2,00;
Metropolitana de Campinas;Jundiaí;Jundiaí;Campinas Sul;Etec Benedito Storani;042;Integrado;Recursos Naturais;Agropecuária;Agropecuária - MTec-PI;Manhã e Tarde;234;40;5,85;
Metropolitana de Campinas;Jundiaí;Jundiaí;Campinas Sul;Etec Benedito Storani;042;Integrado;Produção Alimentícia;Química;Alimentos - MTec ;Manhã;193;40;4,82;
Metropolitana de Campinas;Jundiaí;Jundiaí;Campinas Sul;Etec Benedito Storani;042;Integrado;Turismo, Hospitalidade e Lazer;Turismo e Hospitalidade;Gastronomia - MTec;Tarde;128;40;3,20;
Metropolitana de Campinas;Jundiaí;Jundiaí;Campinas Sul;Etec Benedito Storani;042;Integrado;Ambiente e Saúde;Saúde;Nutrição e Dietética - MTec-PI;Manhã e Tarde;228;40;5,70;
Metropolitana de Campinas;Jundiaí;Jundiaí;Campinas Sul;Etec Benedito Storani;042;Integrado;Produção Industrial;Química;Química - MTec-PI;Manhã e Tarde;177;40;4,42;
Metropolitana de Campinas;Jundiaí;Jundiaí;Campinas Sul;Etec Vasco Antonio Venchiarutti;008;Técnico;Gestão e Negócios;Gestão;Administração;Noite;74;40;1,85;
Metropolitana de Campinas;Jundiaí;Jundiaí;Campinas Sul;Etec Vasco Antonio Venchiarutti;008;Técnico;Infraestrutura;Geomática;Agrimensura;Noite;51;40;1,27;
Metropolitana de Campinas;Jundiaí;Jundiaí;Campinas Sul;Etec Vasco Antonio Venchiarutti;008;Técnico;Informação e Comunicação;Informática;Desenvolvimento de Sistemas;Noite;113;40;2,82;
Metropolitana de Campinas;Jundiaí;Jundiaí;Campinas Sul;Etec Vasco Antonio Venchiarutti;008;Técnico;Infraestrutura;Construção Civil;Edificações;Noite;80;40;2,00;
Metropolitana de Campinas;Jundiaí;Jundiaí;Campinas Sul;Etec Vasco Antonio Venchiarutti;008;Técnico;Ambiente e Saúde;Meio Ambiente;Meio Ambiente;Noite;31;40;0,77;
Metropolitana de Campinas;Jundiaí;Jundiaí;Campinas Sul;Etec Vasco Antonio Venchiarutti;008;Técnico;Segurança;Saúde;Segurança do Trabalho;Noite;78;40;1,95;
Metropolitana de Campinas;Jundiaí;Jundiaí;Campinas Sul;Etec Vasco Antonio Venchiarutti;008;Integrado;Gestão e Negócios;Gestão;Administração - MTec;Tarde;203;40;5,07;
Metropolitana de Campinas;Jundiaí;Jundiaí;Campinas Sul;Etec Vasco Antonio Venchiarutti;008;Integrado;Informação e Comunicação;Informática;Desenvolvimento de Sistemas - MTec;Tarde;100;40;2,50;
Metropolitana de Campinas;Jundiaí;Jundiaí;Campinas Sul;Etec Vasco Antonio Venchiarutti;008;Integrado;Informação e Comunicação;Informática;Desenvolvimento de Sistemas - MTec;Manhã;446;40;11,15;
Metropolitana de Campinas;Jundiaí;Jundiaí;Campinas Sul;Etec Vasco Antonio Venchiarutti;008;Integrado;Produção Cultural e Design;Design;Design de Interiores - MTec-N;Noite;56;40;1,40;
Metropolitana de Campinas;Jundiaí;Jundiaí;Campinas Sul;Etec Vasco Antonio Venchiarutti;008;Integrado;Produção Cultural e Design;Imagem Pessoal;Design de Interiores - MTec-PI;Manhã e Tarde;238;40;5,95;
Metropolitana de Campinas;Jundiaí;Jundiaí;Campinas Sul;Etec Vasco Antonio Venchiarutti;008;Integrado;Infraestrutura;Construção Civil;Edificações - MTec-PI;Manhã e Tarde;195;40;4,87;
Metropolitana de Campinas;Jundiaí;Jundiaí;Campinas Sul;Etec Vasco Antonio Venchiarutti;008;Integrado;Informação e Comunicação;Informática;Informática para Internet - MTec;Manhã;227;40;5,67;
Metropolitana de Campinas;Jundiaí;Jundiaí;Campinas Sul;Etec Vasco Antonio Venchiarutti;008;Integrado;Gestão e Negócios;Gestão;Logística - MTec;Manhã;174;40;4,34;
Metropolitana de Campinas;Jundiaí;Jundiaí;Campinas Sul;Etec Vasco Antonio Venchiarutti;008;Integrado;Gestão e Negócios;Gestão;Logística - Mtec-N;Noite;28;40;0,70;
Metropolitana de Campinas;Jundiaí;Jundiaí;Campinas Sul;Etec Vasco Antonio Venchiarutti;008;Integrado;Ambiente e Saúde;Meio Ambiente;Meio Ambiente - MTec;Tarde;144;40;3,60;
Metropolitana de Campinas;Jundiaí;Jundiaí;Campinas Sul;Etec Vasco Antonio Venchiarutti;008;Integrado;Gestão e Negócios;Gestão;Recursos Humanos - MTec;Tarde;120;40;3,00;
Metropolitana de Campinas;Jundiaí;Jundiaí;Campinas Sul;Etec Vasco Antonio Venchiarutti;008;Integrado;Segurança;Saúde;Segurança do Trabalho - MTec;Tarde;116;40;2,90;
Metropolitana de Campinas;Jundiaí;Louveira;Campinas Sul;Etec Benedito Storani (EMEB José Odair Montelatto -  Louveira);042.5 - Cd_Cps;Técnico;Gestão e Negócios;Gestão;Administração;Noite;50;30;1,66;
Metropolitana de Campinas;Jundiaí;Morungaba;Campinas Sul;Etec Rosa Perrone Scavone (EMEF Antonio Rodrigues da Silva - Morungaba);100.1 - Cd_Cps;Técnico;Gestão e Negócios;Gestão;Administração;Noite;60;40;1,50;
Metropolitana de Campinas;Jundiaí;Várzea Paulista;Campinas Sul;Etec de Campo Limpo Paulista (EMEF Professora Edite Scheneider - Várzea Paulista);201.1 - Cd_Cps;Técnico;Gestão e Negócios;Gestão;Administração;Noite;35;40;0,87;
Metropolitana de Campinas;Limeira;Araras;Campinas Norte;Etec Prefeito Alberto Feres;024;Técnico;Produção Alimentícia;Química;Alimentos;Noite;45;40;1,12;
Metropolitana de Campinas;Limeira;Araras;Campinas Norte;Etec Prefeito Alberto Feres;024;Técnico;Controle e Processos Industriais;Indústria;Eletrotécnica;Noite;65;40;1,62;
Metropolitana de Campinas;Limeira;Araras;Campinas Norte;Etec Prefeito Alberto Feres;024;Técnico;Ambiente e Saúde;Saúde;Enfermagem;Noite;120;40;3,00;
Metropolitana de Campinas;Limeira;Araras;Campinas Norte;Etec Prefeito Alberto Feres;024;Técnico;Controle e Processos Industriais;Indústria;Mecânica;Noite;32;40;0,80;
Metropolitana de Campinas;Limeira;Araras;Campinas Norte;Etec Prefeito Alberto Feres;024;Técnico;Produção Industrial;Química;Química;Noite;63;40;1,57;
Metropolitana de Campinas;Limeira;Araras;Campinas Norte;Etec Prefeito Alberto Feres;024;Integrado;Produção Industrial;Indústria;Açúcar e Álcool - MTec-N;Noite;43;40;1,07;
Metropolitana de Campinas;Limeira;Araras;Campinas Norte;Etec Prefeito Alberto Feres;024;Integrado;Controle e Processos Industriais;Indústria;Mecatrônica - MTec-PI;Manhã e Tarde;186;40;4,65;
Metropolitana de Campinas;Limeira;Araras;Campinas Norte;Etec Prefeito Alberto Feres;024;Integrado;Ambiente e Saúde;Meio Ambiente;Meio Ambiente - MTec-PI;Manhã e Tarde;137;40;3,42;
Metropolitana de Campinas;Limeira;Araras;Campinas Norte;Etec Prefeito Alberto Feres;024;Integrado;Ambiente e Saúde;Saúde;Nutrição e Dietética - MTec-PI;Manhã e Tarde;161;40;4,02;
Metropolitana de Campinas;Limeira;Araras;Campinas Norte;Etec Prefeito Alberto Feres;024;Integrado;Produção Industrial;Química;Química - MTec-PI;Manhã e Tarde;133;40;3,32;
Metropolitana de Campinas;Limeira;Araras;Campinas Norte;Etec Prefeito Alberto Feres (EE Dr. Cesário Coimbra);024.01 - Ext/Etec;Técnico;Gestão e Negócios;Gestão;Administração;Noite;64;40;1,60;
Metropolitana de Campinas;Limeira;Araras;Campinas Norte;Etec Prefeito Alberto Feres (EE Dr. Cesário Coimbra);024.01 - Ext/Etec;Técnico;Informação e Comunicação;Informática;Desenvolvimento de Sistemas;Noite;60;40;1,50;
Metropolitana de Campinas;Limeira;Araras;Campinas Norte;Etec Prefeito Alberto Feres / Faculdade de Tecnologia Antonio Brambilla;024/290 - Etec/Fatec;Integrado;Gestão e Negócios;Gestão;Administração - MTec-AMS;Manhã;148;40;3,70;
Metropolitana de Campinas;Limeira;Araras;Campinas Norte;Etec Prefeito Alberto Feres / Faculdade de Tecnologia Antonio Brambilla;024/290 - Etec/Fatec;Integrado;Informação e Comunicação;Informática;Desenvolvimento de Sistemas - MTec-AMS;Manhã;149;40;3,72;
Metropolitana de Campinas;Limeira;Conchal;Campinas Norte;Etec Pedro Ferreira Alves (EMEF Alonso Ferreira de Camargo - Conchal);096.5 - Cd_Cps;Técnico;Gestão e Negócios;Gestão;Administração;Noite;45;40;1,12;
Metropolitana de Campinas;Limeira;Leme;Campinas Norte;Etec Deputado Salim Sedeh;110;Técnico;Gestão e Negócios;Gestão;Administração;Noite;73;40;1,82;
Metropolitana de Campinas;Limeira;Leme;Campinas Norte;Etec Deputado Salim Sedeh;110;Técnico;Informação e Comunicação;Informática;Desenvolvimento de Sistemas;Noite;76;40;1,90;
Metropolitana de Campinas;Limeira;Leme;Campinas Norte;Etec Deputado Salim Sedeh;110;Técnico;Ambiente e Saúde;Saúde;Farmácia;Noite;77;40;1,92;
Metropolitana de Campinas;Limeira;Leme;Campinas Norte;Etec Deputado Salim Sedeh;110;Integrado;Gestão e Negócios;Gestão;Administração - MTec;Manhã;162;40;4,05;
Metropolitana de Campinas;Limeira;Leme;Campinas Norte;Etec Deputado Salim Sedeh;110;Integrado;Informação e Comunicação;Informática;Desenvolvimento de Sistemas - MTec;Manhã;148;40;3,70;
Metropolitana de Campinas;Limeira;Leme;Campinas Norte;Etec Deputado Salim Sedeh;110;Integrado;Produção Cultural e Design;Design;Design Gráfico - MTec;Manhã;103;40;2,57;
Metropolitana de Campinas;Limeira;Leme;Campinas Norte;Etec Deputado Salim Sedeh;110;Integrado;Produção Cultural e Design;Design;Design Gráfico - Mtec-N;Noite;47;40;1,17;
Metropolitana de Campinas;Limeira;Leme;Campinas Norte;Etec Deputado Salim Sedeh;110;Integrado;Produção Industrial;Química;Química - MTec-PI;Manhã e Tarde;110;40;2,75;
Metropolitana de Campinas;Limeira;Limeira;Campinas Norte;Etec Trajano Camargo;104;Técnico;Controle e Processos Industriais;Indústria;Mecânica;Noite;77;40;1,92;
Metropolitana de Campinas;Limeira;Limeira;Campinas Norte;Etec Trajano Camargo;104;Técnico;Controle e Processos Industriais;Indústria;Metalurgia;Noite;72;40;1,80;
Metropolitana de Campinas;Limeira;Limeira;Campinas Norte;Etec Trajano Camargo;104;Técnico;Ambiente e Saúde;Saúde;Nutrição e Dietética;Noite;47;40;1,17;
Metropolitana de Campinas;Limeira;Limeira;Campinas Norte;Etec Trajano Camargo;104;Técnico;Produção Industrial;Química;Química;Noite;69;40;1,72;
Metropolitana de Campinas;Limeira;Limeira;Campinas Norte;Etec Trajano Camargo;104;Integrado;Gestão e Negócios;Gestão;Administração - MTec-PI;Manhã e Tarde;396;40;9,90;
Metropolitana de Campinas;Limeira;Limeira;Campinas Norte;Etec Trajano Camargo;104;Integrado;Turismo, Hospitalidade e Lazer;Turismo e Hospitalidade;Eventos - MTec-PI;Manhã e Tarde;235;40;5,87;
Metropolitana de Campinas;Limeira;Limeira;Campinas Norte;Etec Trajano Camargo;104;Integrado;Controle e Processos Industriais;Indústria;Mecânica - MTec-PI ;Manhã e Tarde;235;40;5,87;
Metropolitana de Campinas;Limeira;Limeira;Campinas Norte;Etec Trajano Camargo;104;Integrado;Produção Industrial;Química;Química - MTec-PI;Manhã e Tarde;204;40;5,09;
Metropolitana de Campinas;Limeira;Pirassununga;Campinas Norte;Etec Tenente Aviador Gustavo Klug;139;Técnico;Gestão e Negócios;Gestão;Administração;Noite;56;40;1,40;
Metropolitana de Campinas;Limeira;Pirassununga;Campinas Norte;Etec Tenente Aviador Gustavo Klug;139;Técnico;Ambiente e Saúde;Saúde;Enfermagem;Manhã;112;40;2,80;
Metropolitana de Campinas;Limeira;Pirassununga;Campinas Norte;Etec Tenente Aviador Gustavo Klug;139;Integrado;Gestão e Negócios;Gestão;Administração - MTec-PI;Manhã e Tarde;85;40;2,12;
Metropolitana de Campinas;Limeira;Pirassununga;Campinas Norte;Etec Tenente Aviador Gustavo Klug;139;Integrado;Informação e Comunicação;Informática;Desenvolvimento de Sistemas - MTec-PI ;Manhã e Tarde;117;40;2,92;
Metropolitana de Campinas;Limeira;Pirassununga;Campinas Norte;Etec Tenente Aviador Gustavo Klug;139;Integrado;Gestão e Negócios;Gestão;Marketing - MTec-PI;Manhã e Tarde;84;40;2,10;
Metropolitana de Campinas;Limeira;Pirassununga;Campinas Norte;Etec Tenente Aviador Gustavo Klug;139;Integrado;Gestão e Negócios;Gestão;Recursos Humanos - MTec;Manhã;165;40;4,12;
Metropolitana de Campinas;Limeira;Pirassununga;Campinas Norte;Etec Tenente Aviador Gustavo Klug;139;Integrado;Gestão e Negócios;Gestão;Recursos Humanos - MTec-N;Noite;28;40;0,70;
Metropolitana de Campinas;Metropolitana de Campinas;Americana;Campinas Sul;Etec Polivalente de Americana;006;Médio;Educação Básica;Educação Básica - Ensino Médio;Ensino Médio com Itinerário Formativo de Matemática e suas Tecnologias;Manhã;72;40;1,80;
Metropolitana de Campinas;Metropolitana de Campinas;Americana;Campinas Sul;Etec Polivalente de Americana;006;Técnico;Gestão e Negócios;Gestão;Administração;Noite;51;40;1,27;
Metropolitana de Campinas;Metropolitana de Campinas;Americana;Campinas Sul;Etec Polivalente de Americana;006;Técnico;Segurança;Saúde;Segurança do Trabalho;Noite;50;40;1,25;
Metropolitana de Campinas;Metropolitana de Campinas;Americana;Campinas Sul;Etec Polivalente de Americana;006;Integrado;Gestão e Negócios;Gestão;Administração - MTec;Manhã;175;40;4,37;
Metropolitana de Campinas;Metropolitana de Campinas;Americana;Campinas Sul;Etec Polivalente de Americana;006;Integrado;Gestão e Negócios;Gestão;Contabilidade - MTec-N;Noite;21;40;0,52;
Metropolitana de Campinas;Metropolitana de Campinas;Americana;Campinas Sul;Etec Polivalente de Americana;006;Integrado;Informação e Comunicação;Informática;Desenvolvimento de Sistemas - MTec;Manhã;213;40;5,32;
Metropolitana de Campinas;Metropolitana de Campinas;Americana;Campinas Sul;Etec Polivalente de Americana;006;Integrado;Produção Cultural e Design;Design;Design de Interiores - MTec;Manhã;143;40;3,57;
Metropolitana de Campinas;Metropolitana de Campinas;Americana;Campinas Sul;Etec Polivalente de Americana;006;Integrado;Produção Cultural e Design;Design;Design de Interiores - MTec-N;Noite;36;40;0,90;
Metropolitana de Campinas;Metropolitana de Campinas;Americana;Campinas Sul;Etec Polivalente de Americana;006;Integrado;Produção Cultural e Design;Design;Design Gráfico - MTec;Manhã;114;40;2,85;
Metropolitana de Campinas;Metropolitana de Campinas;Americana;Campinas Sul;Etec Polivalente de Americana;006;Integrado;Infraestrutura;Construção Civil;Edificações - MTec;Manhã;84;40;2,10;
Metropolitana de Campinas;Metropolitana de Campinas;Americana;Campinas Sul;Etec Polivalente de Americana;006;Integrado;Gestão e Negócios;Gestão;Logística - MTec;Manhã;54;40;1,35;
Metropolitana de Campinas;Metropolitana de Campinas;Americana;Campinas Sul;Etec Polivalente de Americana;006;Integrado;Controle e Processos Industriais;Indústria;Mecânica - MTec;Tarde;55;40;1,37;
Metropolitana de Campinas;Metropolitana de Campinas;Americana;Campinas Sul;Etec Polivalente de Americana;006;Integrado;Controle e Processos Industriais;Indústria;Mecânica - Mtec-N;Noite;35;40;0,87;
Metropolitana de Campinas;Metropolitana de Campinas;Americana;Campinas Sul;Etec Polivalente de Americana;006;Integrado;Produção Industrial;Química;Química - MTec;Tarde;61;40;1,52;
Metropolitana de Campinas;Metropolitana de Campinas;Americana;Campinas Sul;Etec Polivalente de Americana / Fatec Ministro Ralph Biasi;006/004 - Etec/Fatec;Integrado;Gestão e Negócios;Gestão;Administração - MTec-AMS;Tarde;31;40;0,77;
Metropolitana de Campinas;Metropolitana de Campinas;Americana;Campinas Sul;Etec Polivalente de Americana / Fatec Ministro Ralph Biasi;006/004 - Etec/Fatec;Integrado;Informação e Comunicação;Informática;Desenvolvimento de Sistemas - MTec-AMS;Tarde;114;40;2,85;
Metropolitana de Campinas;Metropolitana de Campinas;Campinas;Campinas Sul;Etec Bento Quirino;043;Técnico;Controle e Processos Industriais;Indústria;Eletrotécnica;Noite;76;35;2,17;
Metropolitana de Campinas;Metropolitana de Campinas;Campinas;Campinas Sul;Etec Bento Quirino;043;Técnico;Controle e Processos Industriais;Indústria;Eletrônica;Noite;60;35;1,71;
Metropolitana de Campinas;Metropolitana de Campinas;Campinas;Campinas Sul;Etec Bento Quirino;043;Técnico;Controle e Processos Industriais;Indústria;Mecânica;Noite;60;35;1,71;
Metropolitana de Campinas;Metropolitana de Campinas;Campinas;Campinas Sul;Etec Bento Quirino;043;Integrado;Gestão e Negócios;Gestão;Administração - MTec-N;Noite;118;35;3,37;
Metropolitana de Campinas;Metropolitana de Campinas;Campinas;Campinas Sul;Etec Bento Quirino;043;Integrado;Gestão e Negócios;Gestão;Administração - MTec-PI;Manhã e Tarde;432;35;12,34;
Metropolitana de Campinas;Metropolitana de Campinas;Campinas;Campinas Sul;Etec Bento Quirino;043;Integrado;Informação e Comunicação;Informática;Desenvolvimento de Sistemas - MTec;Manhã;611;35;17,45;
Metropolitana de Campinas;Metropolitana de Campinas;Campinas;Campinas Sul;Etec Bento Quirino;043;Integrado;Informação e Comunicação;Informática;Desenvolvimento de Sistemas - MTec-AMS;Tarde;287;35;8,19;
Metropolitana de Campinas;Metropolitana de Campinas;Campinas;Campinas Sul;Etec Bento Quirino;043;Integrado;Informação e Comunicação;Informática;Desenvolvimento de Sistemas - Mtec-N;Noite;92;35;2,62;
Metropolitana de Campinas;Metropolitana de Campinas;Campinas;Campinas Sul;Etec Bento Quirino;043;Integrado;Controle e Processos Industriais;Indústria;Eletrotécnica - MTec;Manhã;209;35;5,97;
Metropolitana de Campinas;Metropolitana de Campinas;Campinas;Campinas Sul;Etec Bento Quirino;043;Integrado;Controle e Processos Industriais;Indústria;Eletrônica - MTec-PI;Manhã e Tarde;291;35;8,31;
Metropolitana de Campinas;Metropolitana de Campinas;Campinas;Campinas Sul;Etec Bento Quirino;043;Integrado;Gestão e Negócios;Gestão;Logística - MTec-PI;Manhã e Tarde;193;35;5,51;
Metropolitana de Campinas;Metropolitana de Campinas;Campinas;Campinas Sul;Etec Bento Quirino;043;Integrado;Controle e Processos Industriais;Indústria;Mecânica - MTec-PI ;Manhã e Tarde;256;35;7,31;
Metropolitana de Campinas;Metropolitana de Campinas;Campinas;Campinas Sul;Etec Bento Quirino (EE Deputado Eduardo Barnabé);043.05 - Ext/Etec;Técnico;Gestão e Negócios;Gestão;Administração (MNP);Noite;29;35;0,82;
Metropolitana de Campinas;Metropolitana de Campinas;Campinas;Campinas Sul;Etec Bento Quirino (EE Francisco Glicério);043.04 - Ext/Etec;Técnico;Gestão e Negócios;Gestão;Recursos Humanos;Noite;43;35;1,22;
Metropolitana de Campinas;Metropolitana de Campinas;Campinas;Campinas Sul;Etec Bento Quirino (EE Hercy Moraes);043.01 - Ext/Etec;Técnico;Gestão e Negócios;Gestão;Administração;Noite;52;35;1,48;
Metropolitana de Campinas;Metropolitana de Campinas;Campinas;Campinas Sul;Etec Conselheiro Antonio Prado;007;Técnico;Produção Industrial;Meio Ambiente;Biotecnologia;Noite;77;40;1,92;
Metropolitana de Campinas;Metropolitana de Campinas;Campinas;Campinas Sul;Etec Conselheiro Antonio Prado;007;Técnico;Ambiente e Saúde;Saúde;Farmácia;Noite;88;40;2,20;
Metropolitana de Campinas;Metropolitana de Campinas;Campinas;Campinas Sul;Etec Conselheiro Antonio Prado;007;Técnico;Produção Industrial;Química;Química;Noite;71;40;1,77;
Metropolitana de Campinas;Metropolitana de Campinas;Campinas;Campinas Sul;Etec Conselheiro Antonio Prado;007;Integrado;Produção Alimentícia;Indústria;Alimentos - MTec-N;Noite;87;40;2,17;
Metropolitana de Campinas;Metropolitana de Campinas;Campinas;Campinas Sul;Etec Conselheiro Antonio Prado;007;Integrado;Produção Alimentícia;Química;Alimentos - MTec-PI;Manhã e Tarde;363;40;9,07;
Metropolitana de Campinas;Metropolitana de Campinas;Campinas;Campinas Sul;Etec Conselheiro Antonio Prado;007;Integrado;Produção Industrial;Meio Ambiente;Biotecnologia - MTec-PI;Manhã e Tarde;681;80;8,51;
Metropolitana de Campinas;Metropolitana de Campinas;Campinas;Campinas Sul;Etec Conselheiro Antonio Prado;007;Integrado;Ambiente e Saúde;Meio Ambiente;Meio Ambiente - MTec-PI;Manhã e Tarde;354;80;4,42;
Metropolitana de Campinas;Metropolitana de Campinas;Campinas;Campinas Sul;Etec Conselheiro Antonio Prado;007;Integrado;Produção Industrial;Química;Química - MTec-AMS;Manhã;189;40;4,72;
Metropolitana de Campinas;Metropolitana de Campinas;Campinas;Campinas Sul;Etec Conselheiro Antonio Prado;007;Integrado;Produção Industrial;Química;Química - MTec-PI;Manhã e Tarde;409;80;5,11;
Metropolitana de Campinas;Metropolitana de Campinas;Hortolândia;Campinas Sul;Etec de Hortolândia;115;Técnico;Gestão e Negócios;Gestão;Administração;Noite;105;40;2,62;
Metropolitana de Campinas;Metropolitana de Campinas;Hortolândia;Campinas Sul;Etec de Hortolândia;115;Técnico;Informação e Comunicação;Informática;Informática;Noite;107;40;2,67;
Metropolitana de Campinas;Metropolitana de Campinas;Hortolândia;Campinas Sul;Etec de Hortolândia;115;Técnico;Gestão e Negócios;Comércio;Marketing;Noite;75;40;1,87;
Metropolitana de Campinas;Metropolitana de Campinas;Hortolândia;Campinas Sul;Etec de Hortolândia;115;Integrado;Gestão e Negócios;Gestão;Administração - MTec-PI;Manhã e Tarde;504;80;6,30;
Metropolitana de Campinas;Metropolitana de Campinas;Hortolândia;Campinas Sul;Etec de Hortolândia;115;Integrado;Informação e Comunicação;Informática;Desenvolvimento de Sistemas - MTec-PI ;Manhã e Tarde;677;80;8,46;
Metropolitana de Campinas;Metropolitana de Campinas;Hortolândia;Campinas Sul;Etec de Hortolândia;115;Integrado;Informação e Comunicação;Informática;Informática para Internet - MTec-N;Noite;179;40;4,47;
Metropolitana de Campinas;Metropolitana de Campinas;Hortolândia;Campinas Sul;Etec de Hortolândia;115;Integrado;Ambiente e Saúde;Saúde;Nutrição e Dietética - Mtec-N;Noite;106;40;2,65;
Metropolitana de Campinas;Metropolitana de Campinas;Hortolândia;Campinas Sul;Etec de Hortolândia;115;Integrado;Ambiente e Saúde;Saúde;Nutrição e Dietética - MTec-PI;Manhã e Tarde;403;40;10,07;
Metropolitana de Campinas;Metropolitana de Campinas;Itapira;Campinas Norte;Etec João Maria Stevanatto;218;Médio;Educação Básica;Educação Básica - Ensino Médio;Ensino Médio com Itinerário Formativo de Ciências Humanas e Sociais Aplicadas;Manhã;104;40;2,60;
Metropolitana de Campinas;Metropolitana de Campinas;Itapira;Campinas Norte;Etec João Maria Stevanatto;218;Técnico;Ambiente e Saúde;Saúde;Farmácia;Noite;59;40;1,47;
Metropolitana de Campinas;Metropolitana de Campinas;Itapira;Campinas Norte;Etec João Maria Stevanatto;218;Integrado;Informação e Comunicação;Informática;Desenvolvimento de Sistemas - MTec-PI ;Manhã e Tarde;127;40;3,17;
Metropolitana de Campinas;Metropolitana de Campinas;Itapira;Campinas Norte;Etec João Maria Stevanatto;218;Integrado;Informação e Comunicação;Informática;Informática para Internet - MTec-N;Noite;35;40;0,87;
Metropolitana de Campinas;Metropolitana de Campinas;Itapira;Campinas Norte;Etec João Maria Stevanatto;218;Integrado;Produção Industrial;Química;Química - MTec-PI;Manhã e Tarde;126;40;3,15;
Metropolitana de Campinas;Metropolitana de Campinas;Itapira;Campinas Norte;Etec João Maria Stevanatto / Fatec Ogali de Castro Pacheco;218/278 - Etec/Fatec;Integrado;Gestão e Negócios;Gestão;Administração - MTec-AMS;Tarde;37;40;0,92;
Metropolitana de Campinas;Metropolitana de Campinas;Jaguariúna;Campinas Norte;Etec Euro Albino de Souza (EM Professor José Roberto Chiavegato - Bita - Jaguariúna);206.1 - Cd_Cps;Integrado;Gestão e Negócios;Gestão;Administração - MTec-N;Noite;58;40;1,45;
Metropolitana de Campinas;Metropolitana de Campinas;Mogi Guaçu;Campinas Norte;Etec Euro Albino de Souza;206;Técnico;Gestão e Negócios;Gestão;Administração;Noite;64;40;1,60;
Metropolitana de Campinas;Metropolitana de Campinas;Mogi Guaçu;Campinas Norte;Etec Euro Albino de Souza;206;Integrado;Gestão e Negócios;Gestão;Administração - MTec-PI;Manhã e Tarde;158;40;3,95;
Metropolitana de Campinas;Metropolitana de Campinas;Mogi Guaçu;Campinas Norte;Etec Euro Albino de Souza;206;Integrado;Controle e Processos Industriais;Indústria;Automação Industrial - MTec;Manhã;169;40;4,22;
Metropolitana de Campinas;Metropolitana de Campinas;Mogi Guaçu;Campinas Norte;Etec Euro Albino de Souza;206;Integrado;Informação e Comunicação;Informática;Desenvolvimento de Sistemas - MTec-PI ;Manhã e Tarde;179;40;4,47;
Metropolitana de Campinas;Metropolitana de Campinas;Mogi Guaçu;Campinas Norte;Etec Euro Albino de Souza;206;Integrado;Controle e Processos Industriais;Indústria;Eletrônica - Mtec-N;Noite;67;40;1,67;
Metropolitana de Campinas;Metropolitana de Campinas;Mogi Mirim;Campinas Norte;Etec Pedro Ferreira Alves;096;Técnico;Gestão e Negócios;Gestão;Administração;Noite;77;40;1,92;
Metropolitana de Campinas;Metropolitana de Campinas;Mogi Mirim;Campinas Norte;Etec Pedro Ferreira Alves;096;Técnico;Informação e Comunicação;Informática;Desenvolvimento de Sistemas;Noite;69;40;1,72;
Metropolitana de Campinas;Metropolitana de Campinas;Mogi Mirim;Campinas Norte;Etec Pedro Ferreira Alves;096;Técnico;Ambiente e Saúde;Saúde;Enfermagem;Noite;80;40;2,00;
Metropolitana de Campinas;Metropolitana de Campinas;Mogi Mirim;Campinas Norte;Etec Pedro Ferreira Alves;096;Técnico;Gestão e Negócios;Gestão;Logística;Noite;60;40;1,50;
Metropolitana de Campinas;Metropolitana de Campinas;Mogi Mirim;Campinas Norte;Etec Pedro Ferreira Alves;096;Integrado;Gestão e Negócios;Gestão;Administração - MTec;Manhã;216;40;5,40;
Metropolitana de Campinas;Metropolitana de Campinas;Mogi Mirim;Campinas Norte;Etec Pedro Ferreira Alves;096;Integrado;Gestão e Negócios;Gestão;Administração - MTec-N;Noite;71;40;1,77;
Metropolitana de Campinas;Metropolitana de Campinas;Mogi Mirim;Campinas Norte;Etec Pedro Ferreira Alves;096;Integrado;Informação e Comunicação;Informática;Desenvolvimento de Sistemas - MTec;Manhã;192;40;4,80;
Metropolitana de Campinas;Metropolitana de Campinas;Mogi Mirim;Campinas Norte;Etec Pedro Ferreira Alves;096;Integrado;Informação e Comunicação;Informática;Informática para Internet - MTec;Manhã;109;40;2,72;
Metropolitana de Campinas;Metropolitana de Campinas;Mogi Mirim;Campinas Norte;Etec Pedro Ferreira Alves;096;Integrado;Gestão e Negócios;Gestão;Logística - MTec;Manhã;110;40;2,75;
Metropolitana de Campinas;Metropolitana de Campinas;Mogi Mirim;Campinas Norte;Etec Pedro Ferreira Alves;096;Integrado;Controle e Processos Industriais;Indústria;Mecatrônica - MTec;Manhã;121;40;3,02;
Metropolitana de Campinas;Metropolitana de Campinas;Mogi Mirim;Campinas Norte;Etec Pedro Ferreira Alves;096;Integrado;Ambiente e Saúde;Meio Ambiente;Meio Ambiente - MTec;Tarde;122;40;3,05;
Metropolitana de Campinas;Metropolitana de Campinas;Mogi Mirim;Campinas Norte;Etec Pedro Ferreira Alves / Fatec Arthur de Azevedo;096/163 - Etec/Fatec;Integrado;Informação e Comunicação;Informática;Desenvolvimento de Sistemas - MTec-AMS;Tarde;87;40;2,17;
Metropolitana de Campinas;Metropolitana de Campinas;Mogi Mirim;Campinas Norte;Etec Pedro Ferreira Alves / Fatec Arthur de Azevedo;096/163 - Etec/Fatec;Integrado;Controle e Processos Industriais;Indústria;Mecatrônica - MTec-AMS;Tarde;71;40;1,77;
Metropolitana de Campinas;Metropolitana de Campinas;Monte Mor;Campinas Sul;Etec de Monte Mor;198;Técnico;Gestão e Negócios;Gestão;Administração;Noite;58;35;1,65;
Metropolitana de Campinas;Metropolitana de Campinas;Monte Mor;Campinas Sul;Etec de Monte Mor;198;Técnico;Gestão e Negócios;Gestão;Qualidade;Noite;54;35;1,54;
Metropolitana de Campinas;Metropolitana de Campinas;Monte Mor;Campinas Sul;Etec de Monte Mor;198;Integrado;Gestão e Negócios;Gestão;Administração - MTec;Tarde;110;35;3,14;
Metropolitana de Campinas;Metropolitana de Campinas;Monte Mor;Campinas Sul;Etec de Monte Mor;198;Integrado;Gestão e Negócios;Gestão;Administração - MTec-N;Noite;55;35;1,57;
Metropolitana de Campinas;Metropolitana de Campinas;Monte Mor;Campinas Sul;Etec de Monte Mor;198;Integrado;Informação e Comunicação;Informática;Desenvolvimento de Sistemas - MTec;Tarde;68;35;1,94;
Metropolitana de Campinas;Metropolitana de Campinas;Monte Mor;Campinas Sul;Etec de Monte Mor;198;Integrado;Informação e Comunicação;Informática;Desenvolvimento de Sistemas - MTec;Manhã;213;35;6,08;
Metropolitana de Campinas;Metropolitana de Campinas;Monte Mor;Campinas Sul;Etec de Monte Mor;198;Integrado;Gestão e Negócios;Gestão;Logística - MTec;Manhã;110;35;3,14;
Metropolitana de Campinas;Metropolitana de Campinas;Nova Odessa;Campinas Sul;Etec Ferrucio Humberto Gazzetta;234;Médio;Educação Básica;Educação Básica - Ensino Médio;Ensino Médio com Itinerário Formativo de Ciências Humanas e Sociais Aplicadas;Manhã;77;40;1,92;
Metropolitana de Campinas;Metropolitana de Campinas;Nova Odessa;Campinas Sul;Etec Ferrucio Humberto Gazzetta;234;Técnico;Gestão e Negócios;Gestão;Administração;Noite;43;40;1,07;
Metropolitana de Campinas;Metropolitana de Campinas;Nova Odessa;Campinas Sul;Etec Ferrucio Humberto Gazzetta;234;Técnico;Informação e Comunicação;Informática;Desenvolvimento de Sistemas;Noite;36;40;0,90;
Metropolitana de Campinas;Metropolitana de Campinas;Nova Odessa;Campinas Sul;Etec Ferrucio Humberto Gazzetta;234;Integrado;Gestão e Negócios;Gestão;Administração - MTec-N;Noite;73;40;1,82;
Metropolitana de Campinas;Metropolitana de Campinas;Nova Odessa;Campinas Sul;Etec Ferrucio Humberto Gazzetta;234;Integrado;Gestão e Negócios;Gestão;Administração - MTec-PI;Manhã e Tarde;174;40;4,34;
Metropolitana de Campinas;Metropolitana de Campinas;Nova Odessa;Campinas Sul;Etec Ferrucio Humberto Gazzetta;234;Integrado;Gestão e Negócios;Gestão;Comércio Exterior - MTec-N;Noite;34;40;0,85;
Metropolitana de Campinas;Metropolitana de Campinas;Nova Odessa;Campinas Sul;Etec Ferrucio Humberto Gazzetta;234;Integrado;Informação e Comunicação;Informática;Desenvolvimento de Sistemas - MTec-PI ;Manhã e Tarde;181;40;4,52;
Metropolitana de Campinas;Metropolitana de Campinas;Nova Odessa;Campinas Sul;Etec Ferrucio Humberto Gazzetta;234;Integrado;Gestão e Negócios;Gestão;Marketing - MTec-PI;Manhã e Tarde;147;40;3,67;
Metropolitana de Campinas;Metropolitana de Campinas;Nova Odessa;Campinas Sul;Etec Ferrucio Humberto Gazzetta;234;Integrado;Gestão e Negócios;Gestão;Recursos Humanos - MTec;Manhã;162;40;4,05;
Metropolitana de Campinas;Metropolitana de Campinas;Santa Bárbara d'Oeste;Campinas Sul;Etec Professor Doutor José Dagnoni;117;Técnico;Gestão e Negócios;Gestão;Administração;Noite;76;40;1,90;
Metropolitana de Campinas;Metropolitana de Campinas;Santa Bárbara d'Oeste;Campinas Sul;Etec Professor Doutor José Dagnoni;117;Técnico;Ambiente e Saúde;Saúde;Enfermagem;Tarde;85;40;2,12;
Metropolitana de Campinas;Metropolitana de Campinas;Santa Bárbara d'Oeste;Campinas Sul;Etec Professor Doutor José Dagnoni;117;Técnico;Produção Industrial;Química;Química;Noite;77;40;1,92;
Metropolitana de Campinas;Metropolitana de Campinas;Santa Bárbara d'Oeste;Campinas Sul;Etec Professor Doutor José Dagnoni;117;Integrado;Gestão e Negócios;Gestão;Administração - MTec;Manhã;174;36;4,83;
Metropolitana de Campinas;Metropolitana de Campinas;Santa Bárbara d'Oeste;Campinas Sul;Etec Professor Doutor José Dagnoni;117;Integrado;Gestão e Negócios;Gestão;Contabilidade - MTec-N;Noite;21;36;0,58;
Metropolitana de Campinas;Metropolitana de Campinas;Santa Bárbara d'Oeste;Campinas Sul;Etec Professor Doutor José Dagnoni;117;Integrado;Informação e Comunicação;Informática;Desenvolvimento de Sistemas - MTec;Tarde;175;36;4,86;
Metropolitana de Campinas;Metropolitana de Campinas;Santa Bárbara d'Oeste;Campinas Sul;Etec Professor Doutor José Dagnoni;117;Integrado;Gestão e Negócios;Gestão;Logística - MTec;Manhã;76;36;2,11;
Metropolitana de Campinas;Metropolitana de Campinas;Santa Bárbara d'Oeste;Campinas Sul;Etec Professor Doutor José Dagnoni;117;Integrado;Gestão e Negócios;Comércio;Marketing - MTec;Manhã;206;36;5,72;
Metropolitana de Campinas;Metropolitana de Campinas;Santa Bárbara d'Oeste;Campinas Sul;Etec Professor Doutor José Dagnoni;117;Integrado;Produção Industrial;Química;Química - MTec;Manhã;130;36;3,61;
Metropolitana de Campinas;Metropolitana de Campinas;Santa Bárbara d'Oeste;Campinas Sul;Etec Professor Doutor José Dagnoni;117;Integrado;Gestão e Negócios;Gestão;Recursos Humanos - MTec;Manhã;114;36;3,16;
Metropolitana de Campinas;Metropolitana de Campinas;Santa Bárbara d'Oeste;Campinas Sul;Etec Professor Doutor José Dagnoni;117;Integrado;Gestão e Negócios;Gestão;Serviços Jurídicos - MTec;Tarde;99;36;2,75;
Metropolitana de Campinas;Metropolitana de Campinas;Sumaré;Campinas Sul;Etec Sumaré Cidade Orquídea;302;Técnico;Gestão e Negócios;Gestão;Administração (MNP);Noite;65;40;1,62;
Metropolitana de Campinas;Metropolitana de Campinas;Sumaré;Campinas Sul;Etec Sumaré Cidade Orquídea;302;Integrado;Gestão e Negócios;Gestão;Administração - MTec;Manhã;270;40;6,75;
Metropolitana de Campinas;Metropolitana de Campinas;Sumaré;Campinas Sul;Etec Sumaré Cidade Orquídea;302;Integrado;Informação e Comunicação;Informática;Informática para Internet - MTec;Manhã;255;40;6,37;
Metropolitana de Campinas;Metropolitana de Campinas;Sumaré;Campinas Sul;Etec Sumaré Cidade Orquídea;302;Integrado;Ambiente e Saúde;Meio Ambiente;Meio Ambiente - MTec;Manhã;160;40;4,00;
Metropolitana de Campinas;Metropolitana de Campinas;Vinhedo;Campinas Sul;Etec Benedito Storani (Centro de Educação Profissional de Vinhedo - Vinhedo);042.6 - Cd_Cps;Integrado;Gestão e Negócios;Gestão;Administração - MTec-N;Noite;140;40;3,50;
Metropolitana de Campinas;Piracicaba;Piracicaba;Campinas Sul;Etec Coronel Fernando Febeliano da Costa;056;Técnico;Gestão e Negócios;Gestão;Administração;Noite;83;36;2,30;
Metropolitana de Campinas;Piracicaba;Piracicaba;Campinas Sul;Etec Coronel Fernando Febeliano da Costa;056;Técnico;Controle e Processos Industriais;Indústria;Eletrotécnica;Noite;73;36;2,02;
Metropolitana de Campinas;Piracicaba;Piracicaba;Campinas Sul;Etec Coronel Fernando Febeliano da Costa;056;Técnico;Ambiente e Saúde;Saúde;Enfermagem;Manhã;86;40;2,15;
Metropolitana de Campinas;Piracicaba;Piracicaba;Campinas Sul;Etec Coronel Fernando Febeliano da Costa;056;Técnico;Ambiente e Saúde;Saúde;Nutrição e Dietética;Noite;42;36;1,16;
Metropolitana de Campinas;Piracicaba;Piracicaba;Campinas Sul;Etec Coronel Fernando Febeliano da Costa;056;Integrado;Gestão e Negócios;Gestão;Administração - MTec;Tarde;95;36;2,63;
Metropolitana de Campinas;Piracicaba;Piracicaba;Campinas Sul;Etec Coronel Fernando Febeliano da Costa;056;Integrado;Gestão e Negócios;Gestão;Administração - MTec;Manhã;337;36;9,36;
Metropolitana de Campinas;Piracicaba;Piracicaba;Campinas Sul;Etec Coronel Fernando Febeliano da Costa;056;Integrado;Gestão e Negócios;Gestão;Logística - Mtec-N;Noite;46;40;1,14;
Metropolitana de Campinas;Piracicaba;Piracicaba;Campinas Sul;Etec Coronel Fernando Febeliano da Costa;056;Integrado;Controle e Processos Industriais;Indústria;Mecatrônica - MTec;Tarde;152;36;4,22;
Metropolitana de Campinas;Piracicaba;Piracicaba;Campinas Sul;Etec Coronel Fernando Febeliano da Costa;056;Integrado;Controle e Processos Industriais;Indústria;Mecânica - MTec;Manhã;208;36;5,77;
Metropolitana de Campinas;Piracicaba;Piracicaba;Campinas Sul;Etec Coronel Fernando Febeliano da Costa;056;Integrado;Ambiente e Saúde;Meio Ambiente;Meio Ambiente - MTec;Manhã;141;36;3,91;
Metropolitana de Campinas;Piracicaba;Piracicaba;Campinas Sul;Etec Coronel Fernando Febeliano da Costa;056;Integrado;Ambiente e Saúde;Saúde;Nutrição e Dietética - MTec;Manhã;287;36;7,97;
Metropolitana de Campinas;Piracicaba;Piracicaba;Campinas Sul;Etec Coronel Fernando Febeliano da Costa;056;Integrado;Ambiente e Saúde;Saúde;Nutrição e Dietética - MTec;Tarde;78;36;2,16;
Metropolitana de Campinas;Piracicaba;Piracicaba;Campinas Sul;Etec Coronel Fernando Febeliano da Costa;056;Integrado;Produção Industrial;Química;Química - MTec;Manhã;158;36;4,38;
Metropolitana de Campinas;Piracicaba;Piracicaba;Campinas Sul;Etec Coronel Fernando Febeliano da Costa / Fatec Deputado Roque Trevisan;056/175 - Etec/Fatec;Integrado;Produção Industrial;Química;Química - MTec-AMS;Tarde;103;40;2,57;
Metropolitana de Campinas;Piracicaba;Piracicaba;Campinas Sul;Etec Deputado Ary de Camargo Pedroso;193;Técnico;Gestão e Negócios;Gestão;Administração;Noite;87;40;2,17;
Metropolitana de Campinas;Piracicaba;Piracicaba;Campinas Sul;Etec Deputado Ary de Camargo Pedroso;193;Técnico;Controle e Processos Industriais;Indústria;Automação Industrial;Noite;82;40;2,04;
Metropolitana de Campinas;Piracicaba;Piracicaba;Campinas Sul;Etec Deputado Ary de Camargo Pedroso;193;Técnico;Controle e Processos Industriais;Indústria;Eletroeletrônica;Noite;38;40;0,95;
Metropolitana de Campinas;Piracicaba;Piracicaba;Campinas Sul;Etec Deputado Ary de Camargo Pedroso;193;Integrado;Gestão e Negócios;Gestão;Administração - MTec;Manhã;229;40;5,72;
Metropolitana de Campinas;Piracicaba;Piracicaba;Campinas Sul;Etec Deputado Ary de Camargo Pedroso;193;Integrado;Gestão e Negócios;Gestão;Administração - MTec-N;Noite;55;40;1,37;
Metropolitana de Campinas;Piracicaba;Piracicaba;Campinas Sul;Etec Deputado Ary de Camargo Pedroso;193;Integrado;Controle e Processos Industriais;Indústria;Automação Industrial - MTec;Tarde;106;40;2,65;
Metropolitana de Campinas;Piracicaba;Piracicaba;Campinas Sul;Etec Deputado Ary de Camargo Pedroso;193;Integrado;Informação e Comunicação;Informática;Desenvolvimento de Sistemas - MTec;Manhã;217;40;5,42;
Metropolitana de Campinas;Piracicaba;Piracicaba;Campinas Sul;Etec Deputado Ary de Camargo Pedroso;193;Integrado;Informação e Comunicação;Informática;Desenvolvimento de Sistemas - MTec;Tarde;51;40;1,27;
Metropolitana de Campinas;Piracicaba;Piracicaba;Campinas Sul;Etec Deputado Ary de Camargo Pedroso;193;Integrado;Gestão e Negócios;Gestão;Logística - MTec;Manhã;131;40;3,27;
Metropolitana de Campinas;Piracicaba;Rio das Pedras;Campinas Sul;Etec Doutor José Coury;071;Técnico;Gestão e Negócios;Gestão;Administração (MNP);Noite;34;35;0,97;
Metropolitana de Campinas;Piracicaba;Rio das Pedras;Campinas Sul;Etec Doutor José Coury;071;Integrado;Gestão e Negócios;Gestão;Administração - MTec;Manhã;146;70;2,08;
Metropolitana de Campinas;Piracicaba;Rio das Pedras;Campinas Sul;Etec Doutor José Coury;071;Integrado;Gestão e Negócios;Gestão;Administração - MTec-N;Noite;54;35;1,54;
Metropolitana de Campinas;Piracicaba;Rio das Pedras;Campinas Sul;Etec Doutor José Coury;071;Integrado;Recursos Naturais;Agropecuária;Agropecuária - MTec;Manhã;122;35;3,48;
Metropolitana de Campinas;Piracicaba;Rio das Pedras;Campinas Sul;Etec Doutor José Coury;071;Integrado;Gestão e Negócios;Gestão;Logística - Mtec-N;Noite;55;35;1,57;
Metropolitana de Campinas;Piracicaba;São Pedro;Campinas Norte;Etec Gustavo Teixeira;236;Técnico;Gestão e Negócios;Gestão;Logística;Noite;28;40;0,70;
Metropolitana de Campinas;Piracicaba;São Pedro;Campinas Norte;Etec Gustavo Teixeira;236;Integrado;Gestão e Negócios;Gestão;Administração - MTec-N;Noite;36;40;0,90;
Metropolitana de Campinas;Piracicaba;São Pedro;Campinas Norte;Etec Gustavo Teixeira;236;Integrado;Gestão e Negócios;Gestão;Contabilidade - MTec;Manhã;86;40;2,15;
Metropolitana de Campinas;Piracicaba;São Pedro;Campinas Norte;Etec Gustavo Teixeira;236;Integrado;Gestão e Negócios;Gestão;Marketing - MTec-PI;Manhã e Tarde;86;40;2,15;
Metropolitana de Campinas;Piracicaba;São Pedro;Campinas Norte;Etec Gustavo Teixeira;236;Integrado;Ambiente e Saúde;Saúde;Nutrição e Dietética - MTec;Manhã;118;40;2,95;
Metropolitana de Campinas;Rio Claro;Rio Claro;Campinas Norte;Etec Professor Armando Bayeux da Silva;036;Médio;Educação Básica;Educação Básica - Ensino Médio;Ensino Médio com Itinerário Formativo de Ciências Humanas e Sociais Aplicadas;Manhã;242;40;6,05;
Metropolitana de Campinas;Rio Claro;Rio Claro;Campinas Norte;Etec Professor Armando Bayeux da Silva;036;Técnico;Gestão e Negócios;Gestão;Administração;Noite;113;40;2,82;
Metropolitana de Campinas;Rio Claro;Rio Claro;Campinas Norte;Etec Professor Armando Bayeux da Silva;036;Técnico;Controle e Processos Industriais;Indústria;Eletromecânica;Noite;164;40;4,09;
Metropolitana de Campinas;Rio Claro;Rio Claro;Campinas Norte;Etec Professor Armando Bayeux da Silva;036;Técnico;Controle e Processos Industriais;Indústria;Mecatrônica;Noite;91;40;2,27;
Metropolitana de Campinas;Rio Claro;Rio Claro;Campinas Norte;Etec Professor Armando Bayeux da Silva;036;Integrado;Gestão e Negócios;Gestão;Administração - MTec;Tarde;203;40;5,07;
Metropolitana de Campinas;Rio Claro;Rio Claro;Campinas Norte;Etec Professor Armando Bayeux da Silva;036;Integrado;Controle e Processos Industriais;Indústria;Automação Industrial - MTec;Manhã;112;40;2,80;
Metropolitana de Campinas;Rio Claro;Rio Claro;Campinas Norte;Etec Professor Armando Bayeux da Silva;036;Integrado;Informação e Comunicação;Informática;Desenvolvimento de Sistemas - Mtec-N;Noite;119;40;2,97;
Metropolitana de Campinas;Rio Claro;Rio Claro;Campinas Norte;Etec Professor Armando Bayeux da Silva;036;Integrado;Informação e Comunicação;Informática;Desenvolvimento de Sistemas - MTec-PI ;Manhã e Tarde;152;40;3,80;
Metropolitana de Campinas;Rio Claro;Rio Claro;Campinas Norte;Etec Professor Armando Bayeux da Silva;036;Integrado;Gestão e Negócios;Gestão;Logística - Mtec-N;Noite;72;40;1,80;
Metropolitana de Campinas;Rio Claro;Rio Claro;Campinas Norte;Etec Professor Armando Bayeux da Silva;036;Integrado;Controle e Processos Industriais;Indústria;Mecatrônica - MTec;Tarde;75;40;1,87;
Metropolitana de Campinas;Rio Claro;Rio Claro;Campinas Norte;Etec Professor Armando Bayeux da Silva (EE Joaquim Ribeiro);036.02 - Ext/Etec;Técnico;Gestão e Negócios;Gestão;Contabilidade;Noite;42;40;1,05;
Metropolitana de Campinas;Rio Claro;Rio Claro;Campinas Norte;Etec Professor Armando Bayeux da Silva (EE Joaquim Ribeiro);036.02 - Ext/Etec;Técnico;Gestão e Negócios;Gestão;Recursos Humanos;Noite;33;40;0,82;
Metropolitana de Campinas;São João da Boa Vista;Aguaí;Campinas Norte;Etec Arnaldo Pereira Cheregatti;215;Técnico;Recursos Naturais;Agropecuária;Agronegócio;Noite;62;40;1,55;
Metropolitana de Campinas;São João da Boa Vista;Aguaí;Campinas Norte;Etec Arnaldo Pereira Cheregatti;215;Integrado;Gestão e Negócios;Gestão;Administração - MTec-N;Noite;17;40;0,42;
Metropolitana de Campinas;São João da Boa Vista;Aguaí;Campinas Norte;Etec Arnaldo Pereira Cheregatti;215;Integrado;Gestão e Negócios;Gestão;Administração - MTec-PI;Manhã e Tarde;61;40;1,52;
Metropolitana de Campinas;São João da Boa Vista;Aguaí;Campinas Norte;Etec Arnaldo Pereira Cheregatti;215;Integrado;Informação e Comunicação;Informática;Informática - MTec;Manhã;66;40;1,65;
Metropolitana de Campinas;São João da Boa Vista;Aguaí;Campinas Norte;Etec Arnaldo Pereira Cheregatti;215;Integrado;Gestão e Negócios;Comércio;Marketing - MTec;Manhã;82;40;2,04;
Metropolitana de Campinas;São João da Boa Vista;Casa Branca;Campinas Norte;Etec Doutor Francisco Nogueira de Lima;059;Médio;Educação Básica;Educação Básica - Ensino Médio;Ensino Médio com Itinerário Formativo de Ciências da Natureza e suas Tecnologias;Manhã;78;40;1,95;
Metropolitana de Campinas;São João da Boa Vista;Casa Branca;Campinas Norte;Etec Doutor Francisco Nogueira de Lima;059;Técnico;Ambiente e Saúde;Saúde;Enfermagem;Noite;91;30;3,03;
Metropolitana de Campinas;São João da Boa Vista;Casa Branca;Campinas Norte;Etec Doutor Francisco Nogueira de Lima;059;Técnico;Ambiente e Saúde;Saúde;Farmácia;Noite;44;40;1,10;
Metropolitana de Campinas;São João da Boa Vista;Casa Branca;Campinas Norte;Etec Doutor Francisco Nogueira de Lima;059;Técnico;Segurança;Saúde;Segurança do Trabalho;Noite;56;40;1,40;
Metropolitana de Campinas;São João da Boa Vista;Casa Branca;Campinas Norte;Etec Doutor Francisco Nogueira de Lima;059;Integrado;Gestão e Negócios;Gestão;Administração - MTec-N;Noite;41;40;1,02;
Metropolitana de Campinas;São João da Boa Vista;Casa Branca;Campinas Norte;Etec Doutor Francisco Nogueira de Lima;059;Integrado;Gestão e Negócios;Gestão;Administração - MTec-PI;Manhã e Tarde;60;40;1,50;
Metropolitana de Campinas;São João da Boa Vista;Casa Branca;Campinas Norte;Etec Doutor Francisco Nogueira de Lima;059;Integrado;Informação e Comunicação;Informática;Desenvolvimento de Sistemas - MTec-PI ;Manhã e Tarde;56;40;1,40;
Metropolitana de Campinas;São João da Boa Vista;Espírito Santo do Pinhal;Campinas Norte;Etec Doutor Carolino da Motta e Silva;047;Técnico;Turismo, Hospitalidade e Lazer;Turismo e Hospitalidade;Guia de Turismo;Noite;33;40;0,82;
Metropolitana de Campinas;São João da Boa Vista;Espírito Santo do Pinhal;Campinas Norte;Etec Doutor Carolino da Motta e Silva;047;Integrado;Recursos Naturais;Agropecuária;Agropecuária - MTec-PI;Manhã e Tarde;157;80;1,96;
Metropolitana de Campinas;São João da Boa Vista;Espírito Santo do Pinhal;Campinas Norte;Etec Doutor Carolino da Motta e Silva;047;Integrado;Informação e Comunicação;Informática;Informática para Internet - MTec-PI;Manhã e Tarde;89;40;2,22;
Metropolitana de Campinas;São João da Boa Vista;Mococa;Ribeirão Preto/Franca/Barretos;Etec Francisco Garcia;060;Técnico;Gestão e Negócios;Gestão;Administração;Noite;73;40;1,82;
Metropolitana de Campinas;São João da Boa Vista;Mococa;Ribeirão Preto/Franca/Barretos;Etec Francisco Garcia;060;Técnico;Ambiente e Saúde;Saúde;Farmácia;Noite;62;40;1,55;
Metropolitana de Campinas;São João da Boa Vista;Mococa;Ribeirão Preto/Franca/Barretos;Etec Francisco Garcia;060;Técnico;Turismo, Hospitalidade e Lazer;Turismo e Hospitalidade;Gastronomia;Noite;85;40;2,12;
Metropolitana de Campinas;São João da Boa Vista;Mococa;Ribeirão Preto/Franca/Barretos;Etec Francisco Garcia;060;Técnico;Informação e Comunicação;Informática;Informática;Noite;52;40;1,30;
Metropolitana de Campinas;São João da Boa Vista;Mococa;Ribeirão Preto/Franca/Barretos;Etec Francisco Garcia;060;Técnico;Controle e Processos Industriais;Indústria;Mecânica;Noite;65;40;1,62;
Metropolitana de Campinas;São João da Boa Vista;Mococa;Ribeirão Preto/Franca/Barretos;Etec Francisco Garcia;060;Técnico;Segurança;Saúde;Segurança do Trabalho;Noite;72;40;1,80;
Metropolitana de Campinas;São João da Boa Vista;Mococa;Ribeirão Preto/Franca/Barretos;Etec Francisco Garcia;060;Integrado;Gestão e Negócios;Gestão;Administração - MTec-PI;Manhã e Tarde;138;40;3,45;
Metropolitana de Campinas;São João da Boa Vista;Mococa;Ribeirão Preto/Franca/Barretos;Etec Francisco Garcia;060;Integrado;Gestão e Negócios;Gestão;Contabilidade - MTec-PI;Manhã e Tarde;53;40;1,32;
Metropolitana de Campinas;São João da Boa Vista;Mococa;Ribeirão Preto/Franca/Barretos;Etec Francisco Garcia;060;Integrado;Informação e Comunicação;Informática;Informática para Internet - MTec-PI;Manhã e Tarde;99;40;2,47;
Metropolitana de Campinas;São João da Boa Vista;Mococa;Ribeirão Preto/Franca/Barretos;Etec Francisco Garcia;060;Integrado;Controle e Processos Industriais;Indústria;Mecânica - MTec-PI ;Manhã e Tarde;72;40;1,80;
Metropolitana de Campinas;São João da Boa Vista;Mococa;Ribeirão Preto/Franca/Barretos;Etec Francisco Garcia;060;Integrado;Produção Industrial;Química;Química - MTec-PI;Manhã e Tarde;94;40;2,35;
Metropolitana de Campinas;São João da Boa Vista;Mococa;Ribeirão Preto/Franca/Barretos;Etec Francisco Garcia / Fatec Mococa - Mário Roberson de Sylos;060/120 - Etec/Fatec;Integrado;Gestão e Negócios;Gestão;Administração - MTec-AMS;Manhã;65;40;1,62;
Metropolitana de Campinas;São João da Boa Vista;Mococa;Ribeirão Preto/Franca/Barretos;Etec João Baptista de Lima Figueiredo;009;Técnico;Controle e Processos Industriais;Indústria;Eletrotécnica;Noite;63;36;1,75;
Metropolitana de Campinas;São João da Boa Vista;Mococa;Ribeirão Preto/Franca/Barretos;Etec João Baptista de Lima Figueiredo;009;Técnico;Controle e Processos Industriais;Indústria;Mecatrônica;Noite;58;36;1,61;
Metropolitana de Campinas;São João da Boa Vista;Mococa;Ribeirão Preto/Franca/Barretos;Etec João Baptista de Lima Figueiredo;009;Integrado;Informação e Comunicação;Informática;Desenvolvimento de Sistemas - MTec-PI ;Manhã e Tarde;73;36;2,02;
Metropolitana de Campinas;São João da Boa Vista;Mococa;Ribeirão Preto/Franca/Barretos;Etec João Baptista de Lima Figueiredo;009;Integrado;Controle e Processos Industriais;Indústria;Eletrotécnica - MTec-PI;Manhã e Tarde;55;36;1,52;
Metropolitana de Campinas;São João da Boa Vista;Mococa;Ribeirão Preto/Franca/Barretos;Etec João Baptista de Lima Figueiredo;009;Integrado;Controle e Processos Industriais;Indústria;Eletrônica - Mtec-N;Noite;56;36;1,55;
Metropolitana de Campinas;São João da Boa Vista;Mococa;Ribeirão Preto/Franca/Barretos;Etec João Baptista de Lima Figueiredo;009;Integrado;Controle e Processos Industriais;Indústria;Mecatrônica - MTec-PI;Manhã e Tarde;63;36;1,75;
Metropolitana de Campinas;São João da Boa Vista;Mococa;Ribeirão Preto/Franca/Barretos;Etec João Batista de Lima Figueiredo / Fatec Mococa - Mário Roberson de Sylos;009/120 - Etec/Fatec;Integrado;Controle e Processos Industriais;Indústria;Automação Industrial - MTec-AMS;Manhã;57;36;1,58;
Metropolitana de Campinas;São João da Boa Vista;Mococa;Ribeirão Preto/Franca/Barretos;Etec João Batista de Lima Figueiredo / Fatec Mococa - Mário Roberson de Sylos;009/120 - Etec/Fatec;Integrado;Informação e Comunicação;Informática;Desenvolvimento de Sistemas - MTec-AMS;Manhã;75;36;2,08;
Metropolitana de Campinas;São João da Boa Vista;Santa Cruz das Palmeiras;Campinas Norte;Etec João Elias Margutti;287;Técnico;Gestão e Negócios;Gestão;Recursos Humanos;Noite;49;35;1,40;
Metropolitana de Campinas;São João da Boa Vista;Santa Cruz das Palmeiras;Campinas Norte;Etec João Elias Margutti;287;Técnico;Segurança;Saúde;Segurança do Trabalho;Noite;64;35;1,82;
Metropolitana de Campinas;São João da Boa Vista;Santa Cruz das Palmeiras;Campinas Norte;Etec João Elias Margutti;287;Integrado;Gestão e Negócios;Gestão;Administração - MTec;Tarde;44;35;1,25;
Metropolitana de Campinas;São João da Boa Vista;Santa Cruz das Palmeiras;Campinas Norte;Etec João Elias Margutti;287;Integrado;Gestão e Negócios;Gestão;Logística - Mtec-N;Noite;74;35;2,11;
Metropolitana de Campinas;São João da Boa Vista;Santa Cruz das Palmeiras;Campinas Norte;Etec João Elias Margutti;287;Integrado;Gestão e Negócios;Gestão;Recursos Humanos - MTec;Manhã;82;35;2,34;
Metropolitana de Campinas;São João da Boa Vista;São João da Boa Vista;Campinas Norte;Etec Doutor Carolino da Motta e Silva (EMEB Cidinha Corso);047.5 - Cd_Cps;Técnico;Gestão e Negócios;Gestão;Contabilidade;Noite;50;40;1,25;
Metropolitana de Campinas;São João da Boa Vista;São José do Rio Pardo;Campinas Norte;Etec Professor Rodolpho José Del Guerra;150;Médio;Educação Básica;Educação Básica - Ensino Médio;Ensino Médio com Itinerário Formativo de Ciências Humanas e Sociais Aplicadas;Manhã;151;40;3,77;
Metropolitana de Campinas;São João da Boa Vista;São José do Rio Pardo;Campinas Norte;Etec Professor Rodolpho José Del Guerra;150;Técnico;Gestão e Negócios;Gestão;Administração;Noite;63;40;1,57;
Metropolitana de Campinas;São João da Boa Vista;São José do Rio Pardo;Campinas Norte;Etec Professor Rodolpho José Del Guerra;150;Técnico;Informação e Comunicação;Informática;Informática;Noite;54;40;1,35;
Metropolitana de Campinas;São João da Boa Vista;São José do Rio Pardo;Campinas Norte;Etec Professor Rodolpho José Del Guerra;150;Integrado;Gestão e Negócios;Gestão;Administração - MTec-N;Noite;34;40;0,85;
Metropolitana de Campinas;São João da Boa Vista;São José do Rio Pardo;Campinas Norte;Etec Professor Rodolpho José Del Guerra;150;Integrado;Informação e Comunicação;Informática;Desenvolvimento de Sistemas - MTec;Tarde;79;40;1,97;
Metropolitana de Campinas;São João da Boa Vista;São José do Rio Pardo;Campinas Norte;Etec Professor Rodolpho José Del Guerra;150;Integrado;Informação e Comunicação;Informática;Informática para Internet - MTec-PI;Manhã e Tarde;163;40;4,07;
Metropolitana de Campinas;São João da Boa Vista;São José do Rio Pardo;Campinas Norte;Etec Professor Rodolpho José Del Guerra;150;Integrado;Produção Industrial;Química;Química - MTec-PI;Manhã e Tarde;120;40;3,00;
Metropolitana de Campinas;São João da Boa Vista;Vargem Grande do Sul;Campinas Norte;Etec de Vargem Grande do Sul;179;Médio;Educação Básica;Educação Básica - Ensino Médio;Ensino Médio com Itinerário Formativo de Linguagens e suas Tecnologias;Manhã;98;40;2,45;
Metropolitana de Campinas;São João da Boa Vista;Vargem Grande do Sul;Campinas Norte;Etec de Vargem Grande do Sul;179;Técnico;Turismo, Hospitalidade e Lazer;Turismo e Hospitalidade;Gastronomia;Noite;55;40;1,37;
Metropolitana de Campinas;São João da Boa Vista;Vargem Grande do Sul;Campinas Norte;Etec de Vargem Grande do Sul;179;Técnico;Informação e Comunicação;Informática;Informática;Noite;63;40;1,57;
Metropolitana de Campinas;São João da Boa Vista;Vargem Grande do Sul;Campinas Norte;Etec de Vargem Grande do Sul;179;Integrado;Gestão e Negócios;Gestão;Administração - MTec;Manhã;155;40;3,87;
Metropolitana de Campinas;São João da Boa Vista;Vargem Grande do Sul;Campinas Norte;Etec de Vargem Grande do Sul;179;Integrado;Informação e Comunicação;Informática;Informática para Internet - MTec;Manhã;123;40;3,07;
Metropolitana de Campinas;São João da Boa Vista;Vargem Grande do Sul;Campinas Norte;Etec de Vargem Grande do Sul;179;Integrado;Gestão e Negócios;Gestão;Recursos Humanos - MTec-N;Noite;41;40;1,02;
Presidente Prudente;Adamantina;Adamantina;Marília/Presidente Prudente;Etec Engenheiro Herval Bellusci;063;Técnico;Recursos Naturais;Agropecuária;Zootecnia;Noite;60;40;1,50;
Presidente Prudente;Adamantina;Adamantina;Marília/Presidente Prudente;Etec Engenheiro Herval Bellusci;063;Integrado;Recursos Naturais;Agropecuária;Agropecuária - MTec-PI;Manhã e Tarde;84;35;2,40;
Presidente Prudente;Adamantina;Adamantina;Marília/Presidente Prudente;Etec Engenheiro Herval Bellusci / Fatec de Adamantina;063/291 - Etec/Fatec;Integrado;Recursos Naturais;Agropecuária;Agronegócio - MTec-AMS;Tarde;57;35;1,62;
Presidente Prudente;Adamantina;Adamantina;Marília/Presidente Prudente;Etec Professor Eudécio Luiz Vicente;055;Médio;Educação Básica;Educação Básica - Ensino Médio;Ensino Médio com Itinerário Formativo de Ciências Humanas e Sociais Aplicadas;Manhã;100;40;2,50;
Presidente Prudente;Adamantina;Adamantina;Marília/Presidente Prudente;Etec Professor Eudécio Luiz Vicente;055;Técnico;Gestão e Negócios;Gestão;Contabilidade;Noite;56;40;1,40;
Presidente Prudente;Adamantina;Adamantina;Marília/Presidente Prudente;Etec Professor Eudécio Luiz Vicente;055;Técnico;Ambiente e Saúde;Saúde;Enfermagem;Noite;81;30;2,70;
Presidente Prudente;Adamantina;Adamantina;Marília/Presidente Prudente;Etec Professor Eudécio Luiz Vicente;055;Integrado;Gestão e Negócios;Gestão;Administração - MTec-PI;Manhã e Tarde;113;40;2,82;
Presidente Prudente;Adamantina;Adamantina;Marília/Presidente Prudente;Etec Professor Eudécio Luiz Vicente;055;Integrado;Informação e Comunicação;Informática;Desenvolvimento de Sistemas - MTec;Manhã;148;40;3,70;
Presidente Prudente;Adamantina;Adamantina;Marília/Presidente Prudente;Etec Professor Eudécio Luiz Vicente;055;Integrado;Informação e Comunicação;Informática;Informática para Internet - MTec-PI;Manhã e Tarde;67;40;1,67;
Presidente Prudente;Adamantina;Adamantina;Marília/Presidente Prudente;Etec Professor Eudécio Luiz Vicente / Fatec de Adamantina;055/291 - Etec/Fatec;Integrado;Informação e Comunicação;Informática;Desenvolvimento de Sistemas - MTec-AMS;Tarde;39;35;1,11;
Presidente Prudente;Adamantina;Adamantina;Marília/Presidente Prudente;Etec Professor Eudécio Luiz Vicente / Fatec de Adamantina;055/291 - Etec/Fatec;Integrado;Gestão e Negócios;Gestão;Logística - MTec-AMS;Tarde;49;35;1,40;
Presidente Prudente;Adamantina;Osvaldo Cruz;Marília/Presidente Prudente;Etec Amim Jundi;027;Médio;Educação Básica;Educação Básica - Ensino Médio;Ensino Médio com Itinerário Formativo de Ciências Humanas e Sociais Aplicadas;Manhã;155;40;3,87;
Presidente Prudente;Adamantina;Osvaldo Cruz;Marília/Presidente Prudente;Etec Amim Jundi;027;Técnico;Produção Industrial;Química;Açúcar e Álcool;Noite;66;40;1,65;
Presidente Prudente;Adamantina;Osvaldo Cruz;Marília/Presidente Prudente;Etec Amim Jundi;027;Técnico;Ambiente e Saúde;Saúde;Enfermagem;Noite;77;40;1,92;
Presidente Prudente;Adamantina;Osvaldo Cruz;Marília/Presidente Prudente;Etec Amim Jundi;027;Técnico;Ambiente e Saúde;Saúde;Farmácia;Noite;97;40;2,42;
Presidente Prudente;Adamantina;Osvaldo Cruz;Marília/Presidente Prudente;Etec Amim Jundi;027;Técnico;Informação e Comunicação;Informática;Informática;Noite;88;40;2,20;
Presidente Prudente;Adamantina;Osvaldo Cruz;Marília/Presidente Prudente;Etec Amim Jundi;027;Técnico;Gestão e Negócios;Gestão;Logística;Noite;62;40;1,55;
Presidente Prudente;Adamantina;Osvaldo Cruz;Marília/Presidente Prudente;Etec Amim Jundi;027;Técnico;Ambiente e Saúde;Meio Ambiente;Meio Ambiente;Noite;62;40;1,55;
Presidente Prudente;Adamantina;Osvaldo Cruz;Marília/Presidente Prudente;Etec Amim Jundi;027;Técnico;Informação e Comunicação;Informática;Redes de Computadores;Noite;60;40;1,50;
Presidente Prudente;Adamantina;Osvaldo Cruz;Marília/Presidente Prudente;Etec Amim Jundi;027;Técnico;Segurança;Saúde;Segurança do Trabalho;Noite;77;40;1,92;
Presidente Prudente;Adamantina;Osvaldo Cruz;Marília/Presidente Prudente;Etec Amim Jundi;027;Integrado;Gestão e Negócios;Gestão;Administração - MTec;Manhã;206;40;5,15;
Presidente Prudente;Adamantina;Osvaldo Cruz;Marília/Presidente Prudente;Etec Amim Jundi;027;Integrado;Informação e Comunicação;Informática;Desenvolvimento de Sistemas - MTec;Manhã;166;40;4,15;
Presidente Prudente;Adamantina;Osvaldo Cruz;Marília/Presidente Prudente;Etec Amim Jundi;027;Integrado;Produção Industrial;Química;Química - MTec;Manhã;145;40;3,62;
Presidente Prudente;Adamantina;Osvaldo Cruz;Marília/Presidente Prudente;Etec Amim Jundi;027;Integrado;Gestão e Negócios;Gestão;Recursos Humanos - MTec;Manhã;165;40;4,12;
Presidente Prudente;Dracena;Dracena;Marília/Presidente Prudente;Etec Professora Carmelina Barbosa;052;;;;;Noite;78;40;1,95;
Presidente Prudente;Dracena;Dracena;Marília/Presidente Prudente;Etec Professora Carmelina Barbosa;052;Técnico;Ambiente e Saúde;Saúde;Enfermagem;Noite;140;40;3,50;
Presidente Prudente;Dracena;Dracena;Marília/Presidente Prudente;Etec Professora Carmelina Barbosa;052;Técnico;Ambiente e Saúde;Saúde;Farmácia;Noite;49;40;1,22;
Presidente Prudente;Dracena;Dracena;Marília/Presidente Prudente;Etec Professora Carmelina Barbosa;052;Integrado;Recursos Naturais;Agropecuária;Agropecuária - MTec-PI;Manhã e Tarde;120;40;3,00;
Presidente Prudente;Dracena;Dracena;Marília/Presidente Prudente;Etec Professora Carmelina Barbosa;052;Integrado;Informação e Comunicação;Informática;Programação de Jogos Digitais - MTec-PI;Manhã e Tarde;85;40;2,12;
Presidente Prudente;Dracena;Dracena;Marília/Presidente Prudente;Etec Professora Carmelina Barbosa;052;Integrado;Produção Industrial;Química;Química - MTec-PI;Manhã e Tarde;85;40;2,12;
Presidente Prudente;Dracena;Junqueirópolis;Marília/Presidente Prudente;Etec Professora Carmelina Barbosa (EM Professor Jair Luiz da Silva - Junqueirópolis);052.6 - Cd_Cps;Técnico;Informação e Comunicação;Informática;Informática;Noite;45;40;1,12;
Presidente Prudente;Dracena;Santa Mercedes;Marília/Presidente Prudente;Etec Professora Carmelina Barbosa (EE Ministro Oscar Pedroso Horta - Santa Mercedes);052.3 - Cd_Cps;Técnico;Produção Industrial;Química;Química;Noite;61;40;1,52;
Presidente Prudente;Presidente Prudente;Álvares Machado;Marília/Presidente Prudente;Etec Professor Adolpho Arruda Mello (EMEIF Álvares Machado - Álvares Machado);252.4 - Cd_Cps;Técnico;Gestão e Negócios;Gestão;Administração;Noite;52;40;1,30;
Presidente Prudente;Presidente Prudente;Martinópolis;Marília/Presidente Prudente;Etec Professor Adolpho Arruda Mello (EM Francisco Marques Bonilha - Martinópolis);252.3 - Cd_Cps;Técnico;Gestão e Negócios;Gestão;Administração;Noite;65;40;1,62;
Presidente Prudente;Presidente Prudente;Pirapozinho;Marília/Presidente Prudente;Etec Professor Adolpho Arruda Mello (EMEIF Professor Celestino Martins Padovan - Pirapozinho);252.1 - Cd_Cps;Técnico;Gestão e Negócios;Gestão;Administração;Noite;46;40;1,14;
Presidente Prudente;Presidente Prudente;Presidente Prudente;Marília/Presidente Prudente;Etec Professor Adolpho Arruda Mello;252;Técnico;Gestão e Negócios;Gestão;Administração;Noite;61;35;1,74;
Presidente Prudente;Presidente Prudente;Presidente Prudente;Marília/Presidente Prudente;Etec Professor Adolpho Arruda Mello;252;Técnico;Gestão e Negócios;Gestão;Contabilidade;Noite;44;35;1,25;
Presidente Prudente;Presidente Prudente;Presidente Prudente;Marília/Presidente Prudente;Etec Professor Adolpho Arruda Mello;252;Técnico;Gestão e Negócios;Comércio;Marketing;Noite;53;35;1,51;
Presidente Prudente;Presidente Prudente;Presidente Prudente;Marília/Presidente Prudente;Etec Professor Adolpho Arruda Mello;252;Técnico;Produção Cultural e Design;Design;Multimídia;Noite;55;35;1,57;
Presidente Prudente;Presidente Prudente;Presidente Prudente;Marília/Presidente Prudente;Etec Professor Adolpho Arruda Mello;252;Integrado;Gestão e Negócios;Gestão;Administração - MTec;Manhã;161;35;4,59;
Presidente Prudente;Presidente Prudente;Presidente Prudente;Marília/Presidente Prudente;Etec Professor Adolpho Arruda Mello;252;Integrado;Gestão e Negócios;Gestão;Administração - MTec-N;Noite;39;35;1,11;
Presidente Prudente;Presidente Prudente;Presidente Prudente;Marília/Presidente Prudente;Etec Professor Adolpho Arruda Mello;252;Integrado;Informação e Comunicação;Informática;Informática para Internet - MTec;Tarde;91;35;2,60;
Presidente Prudente;Presidente Prudente;Presidente Prudente;Marília/Presidente Prudente;Etec Professor Adolpho Arruda Mello;252;Integrado;Gestão e Negócios;Comércio;Marketing - MTec;Manhã;147;35;4,20;
Presidente Prudente;Presidente Prudente;Presidente Prudente;Marília/Presidente Prudente;Etec Professor Adolpho Arruda Mello / Fatec de Presidente Prudente;252/157 - Etec/Fatec;Integrado;Gestão e Negócios;Gestão;Administração - MTec-AMS;Tarde;53;35;1,51;
Presidente Prudente;Presidente Prudente;Presidente Prudente;Marília/Presidente Prudente;Etec Professor Doutor Antonio Eufrásio Toledo;032;Técnico;Recursos Naturais;Agropecuária;Agropecuária;Noite;46;40;1,14;
Presidente Prudente;Presidente Prudente;Presidente Prudente;Marília/Presidente Prudente;Etec Professor Doutor Antonio Eufrásio Toledo;032;Técnico;Informação e Comunicação;Informática;Desenvolvimento de Sistemas;Noite;51;40;1,27;
Presidente Prudente;Presidente Prudente;Presidente Prudente;Marília/Presidente Prudente;Etec Professor Doutor Antonio Eufrásio Toledo;032;Integrado;Recursos Naturais;Agropecuária;Agropecuária - MTec-PI;Manhã e Tarde;225;120;1,87;
Presidente Prudente;Presidente Prudente;Presidente Prudente;Marília/Presidente Prudente;Etec Professor Doutor Antonio Eufrásio Toledo / Fatec de Presidente Prudente;032/157 - Etec/Fatec;Integrado;Recursos Naturais;Agropecuária;Agronegócio - MTec-AMS;Tarde;56;40;1,40;
Presidente Prudente;Presidente Prudente;Presidente Prudente;Marília/Presidente Prudente;Etec Professor Doutor Antonio Eufrásio Toledo / Fatec de Presidente Prudente;032/157 - Etec/Fatec;Integrado;Informação e Comunicação;Informática;Desenvolvimento de Sistemas - MTec-AMS;Tarde;54;40;1,35;
Presidente Prudente;Presidente Prudente;Presidente Venceslau;Marília/Presidente Prudente;Etec Professor Milton Gazzetti;099;Médio;Educação Básica;Educação Básica - Ensino Médio;Ensino Médio com Itinerário Formativo de Ciências da Natureza e suas Tecnologias;Manhã;81;35;2,31;
Presidente Prudente;Presidente Prudente;Presidente Venceslau;Marília/Presidente Prudente;Etec Professor Milton Gazzetti;099;Técnico;Informação e Comunicação;Informática;Programação de Jogos Digitais ;Noite;51;35;1,45;
Presidente Prudente;Presidente Prudente;Presidente Venceslau;Marília/Presidente Prudente;Etec Professor Milton Gazzetti;099;Técnico;Gestão e Negócios;Gestão;Recursos Humanos;Noite;48;35;1,37;
Presidente Prudente;Presidente Prudente;Presidente Venceslau;Marília/Presidente Prudente;Etec Professor Milton Gazzetti;099;Integrado;Gestão e Negócios;Gestão;Administração - MTec;Manhã;115;35;3,28;
Presidente Prudente;Presidente Prudente;Presidente Venceslau;Marília/Presidente Prudente;Etec Professor Milton Gazzetti;099;Integrado;Recursos Naturais;Agropecuária;Agropecuária - MTec;Manhã;65;40;1,62;
Presidente Prudente;Presidente Prudente;Presidente Venceslau;Marília/Presidente Prudente;Etec Professor Milton Gazzetti;099;Integrado;Informação e Comunicação;Informática;Informática para Internet - MTec-PI;Manhã e Tarde;72;35;2,05;
Presidente Prudente;Presidente Prudente;Rancharia;Marília/Presidente Prudente;Etec Deputado Francisco Franco;058;Médio;Educação Básica;Educação Básica - Ensino Médio;Ensino Médio com Itinerário Formativo de Linguagens e suas Tecnologias;Manhã;155;40;3,87;
Presidente Prudente;Presidente Prudente;Rancharia;Marília/Presidente Prudente;Etec Deputado Francisco Franco;058;Técnico;Gestão e Negócios;Gestão;Administração;Noite;55;40;1,37;
Presidente Prudente;Presidente Prudente;Rancharia;Marília/Presidente Prudente;Etec Deputado Francisco Franco;058;Integrado;Recursos Naturais;Agropecuária;Agropecuária - MTec-PI;Manhã e Tarde;172;80;2,15;
Presidente Prudente;Presidente Prudente;Santo Anastácio;Marília/Presidente Prudente;Etec Professor Milton Gazzetti (EMEF Enrico Bertoni - Santo Anastácio);099.2 - Cd_Cps;Técnico;Gestão e Negócios;Gestão;Recursos Humanos;Noite;61;40;1,52;
Presidente Prudente;Presidente Prudente;Teodoro Sampaio;Marília/Presidente Prudente;Etec Professora Nair Luccas Ribeiro;156;Técnico;Recursos Naturais;Agropecuária;Agropecuária;Tarde;63;35;1,80;
Presidente Prudente;Presidente Prudente;Teodoro Sampaio;Marília/Presidente Prudente;Etec Professora Nair Luccas Ribeiro;156;Técnico;Segurança;Saúde;Segurança do Trabalho;Noite;78;35;2,22;
Presidente Prudente;Presidente Prudente;Teodoro Sampaio;Marília/Presidente Prudente;Etec Professora Nair Luccas Ribeiro;156;Integrado;Gestão e Negócios;Gestão;Administração - MTec-N;Noite;55;35;1,57;
Presidente Prudente;Presidente Prudente;Teodoro Sampaio;Marília/Presidente Prudente;Etec Professora Nair Luccas Ribeiro;156;Integrado;Gestão e Negócios;Gestão;Logística - MTec;Manhã;89;35;2,54;
Presidente Prudente;Presidente Prudente;Teodoro Sampaio;Marília/Presidente Prudente;Etec Professora Nair Luccas Ribeiro;156;Integrado;Gestão e Negócios;Gestão;Recursos Humanos - MTec;Manhã;74;35;2,11;
Registro;Registro;Iguape;Itapeva/Registro;Etec Engenheiro Agrônomo Narciso de Medeiros;089;Integrado;Recursos Naturais;Agropecuária;Agropecuária - MTec-PI;Manhã e Tarde;92;40;2,29;
Registro;Registro;Iguape;Itapeva/Registro;Etec Engenheiro Agrônomo Narciso de Medeiros;089;Integrado;Informação e Comunicação;Informática;Informática - MTec;Manhã;99;40;2,47;
Registro;Registro;Iguape;Itapeva/Registro;Etec Engenheiro Agrônomo Narciso de Medeiros (Cozinha Escola de Alimentos da Prefeitura de Iguape - Iguape);089.6 - Cd_Cps;Técnico;Turismo, Hospitalidade e Lazer;Turismo e Hospitalidade;Gastronomia;Noite;65;30;2,16;
Registro;Registro;Jacupiranga;Itapeva/Registro;Etec de Registro (EM Prof. Carlos Alberto Vigneron - Jacupiranga);239.2 - Cd_Cps;Técnico;Informação e Comunicação;Informática;Informática para Internet;Noite;59;40;1,47;
Registro;Registro;Miracatu;Itapeva/Registro;Etec Engenheiro Agrônomo Narciso de Medeiros (EMEF Diogo Ribeiro - Miracatu);089.4 - Cd_Cps;Técnico;Gestão e Negócios;Gestão;Administração;Noite;38;30;1,26;
Registro;Registro;Registro;Itapeva/Registro;Etec de Registro;239;Integrado;Gestão e Negócios;Gestão;Administração - MTec-N;Noite;22;35;0,62;
Registro;Registro;Registro;Itapeva/Registro;Etec de Registro;239;Integrado;Gestão e Negócios;Gestão;Administração - MTec-PI;Manhã e Tarde;195;35;5,57;
Registro;Registro;Registro;Itapeva/Registro;Etec de Registro;239;Integrado;Informação e Comunicação;Informática;Desenvolvimento de Sistemas - MTec-PI ;Manhã e Tarde;203;35;5,80;
Registro;Registro;Registro;Itapeva/Registro;Etec de Registro / Faculdade de Tecnologia de Registro;239/299 - Etec/Fatec;Integrado;Informação e Comunicação;Informática;Desenvolvimento de Sistemas - MTec-AMS;Tarde;111;35;3,17;
Ribeirão Preto;Ribeirão Preto;Barrinha;Ribeirão Preto/Franca/Barretos;Etec José Martimiano da Silva (EM Armínio Giraldi - Barrinha);074.6 - Cd_Cps;Técnico;Gestão e Negócios;Gestão;Contabilidade;Noite;42;40;1,05;
Ribeirão Preto;Ribeirão Preto;Cravinhos;Ribeirão Preto/Franca/Barretos;Etec de Cravinhos;303;Técnico;Gestão e Negócios;Gestão;Administração;Noite;58;40;1,45;
Ribeirão Preto;Ribeirão Preto;Cravinhos;Ribeirão Preto/Franca/Barretos;Etec de Cravinhos;303;Integrado;Gestão e Negócios;Gestão;Administração - MTec;Manhã;101;40;2,52;
Ribeirão Preto;Ribeirão Preto;Cravinhos;Ribeirão Preto/Franca/Barretos;Etec de Cravinhos;303;Integrado;Gestão e Negócios;Gestão;Logística - MTec;Manhã;36;40;0,90;
Ribeirão Preto;Ribeirão Preto;Guariba;Ribeirão Preto/Franca/Barretos;Etec Bento Carlos Botelho do Amaral;256;Integrado;Gestão e Negócios;Gestão;Administração - MTec;Manhã;183;35;5,22;
Ribeirão Preto;Ribeirão Preto;Guariba;Ribeirão Preto/Franca/Barretos;Etec Bento Carlos Botelho do Amaral;256;Integrado;Informação e Comunicação;Informática;Desenvolvimento de Sistemas - MTec;Manhã;151;35;4,31;
Ribeirão Preto;Ribeirão Preto;Guariba;Ribeirão Preto/Franca/Barretos;Etec Bento Carlos Botelho do Amaral;256;Integrado;Informação e Comunicação;Informática;Informática - MTec;Tarde;81;35;2,31;
Ribeirão Preto;Ribeirão Preto;Guariba;Ribeirão Preto/Franca/Barretos;Etec Bento Carlos Botelho do Amaral;256;Integrado;Ambiente e Saúde;Meio Ambiente;Meio Ambiente - MTec;Tarde;59;35;1,68;
Ribeirão Preto;Ribeirão Preto;Guariba;Ribeirão Preto/Franca/Barretos;Etec Bento Carlos Botelho do Amaral;256;Integrado;Produção Industrial;Química;Química - MTec;Manhã;99;35;2,82;
Ribeirão Preto;Ribeirão Preto;Guariba;Ribeirão Preto/Franca/Barretos;Etec Bento Carlos Botelho do Amaral;256;Integrado;Gestão e Negócios;Gestão;Recursos Humanos - MTec-N;Noite;60;35;1,71;
Ribeirão Preto;Ribeirão Preto;Jaboticabal;Ribeirão Preto/Franca/Barretos;Etec Bento Carlos Botelho do Amaral (EE Aurélio Arrobas Martins);256.04 - Ext/Etec;Integrado;Gestão e Negócios;Gestão;Administração - MTec-N;Noite;26;30;0,86;
Ribeirão Preto;Ribeirão Preto;Jaboticabal;Ribeirão Preto/Franca/Barretos;Etec Bento Carlos Botelho do Amaral / Faculdade de Tecnologia Nilo de Stéfani;256/173 - Etec/Fatec;Integrado;Gestão e Negócios;Gestão;Administração - MTec-AMS;Tarde;61;35;1,74;
Ribeirão Preto;Ribeirão Preto;Jaboticabal;Ribeirão Preto/Franca/Barretos;Etec Bento Carlos Botelho do Amaral / Faculdade de Tecnologia Nilo de Stéfani;256/173 - Etec/Fatec;Integrado;Produção Industrial;Química;Química - MTec-AMS;Tarde;53;35;1,51;
Ribeirão Preto;Ribeirão Preto;Luís Antonio;Ribeirão Preto/Franca/Barretos;Etec de Cravinhos (EMEF e Técnica de Química de Luiz Antônio - Luis Antônio);303.1 - Cd_Cps;Técnico;Gestão e Negócios;Gestão;Administração;Noite;106;40;2,65;
Ribeirão Preto;Ribeirão Preto;Monte Alto;Ribeirão Preto/Franca/Barretos;Etec Alcides Cestari;255;Técnico;Gestão e Negócios;Gestão;Qualidade;Noite;63;40;1,57;
Ribeirão Preto;Ribeirão Preto;Monte Alto;Ribeirão Preto/Franca/Barretos;Etec Alcides Cestari;255;Integrado;Gestão e Negócios;Gestão;Administração - MTec;Tarde;70;40;1,75;
Ribeirão Preto;Ribeirão Preto;Monte Alto;Ribeirão Preto/Franca/Barretos;Etec Alcides Cestari;255;Integrado;Gestão e Negócios;Comércio;Marketing - MTec;Manhã;91;40;2,27;
Ribeirão Preto;Ribeirão Preto;Monte Alto;Ribeirão Preto/Franca/Barretos;Etec Alcides Cestari;255;Integrado;Gestão e Negócios;Gestão;Recursos Humanos - MTec;Manhã;81;40;2,02;
Ribeirão Preto;Ribeirão Preto;Ribeirão Preto;Ribeirão Preto/Franca/Barretos;Etec José Martimiano da Silva;074;Técnico;Gestão e Negócios;Gestão;Administração;Tarde;58;40;1,45;
Ribeirão Preto;Ribeirão Preto;Ribeirão Preto;Ribeirão Preto/Franca/Barretos;Etec José Martimiano da Silva;074;Técnico;Infraestrutura;Construção Civil;Edificações;Noite;66;40;1,65;
Ribeirão Preto;Ribeirão Preto;Ribeirão Preto;Ribeirão Preto/Franca/Barretos;Etec José Martimiano da Silva;074;Técnico;Controle e Processos Industriais;Indústria;Eletrotécnica;Noite;133;40;3,32;
Ribeirão Preto;Ribeirão Preto;Ribeirão Preto;Ribeirão Preto/Franca/Barretos;Etec José Martimiano da Silva;074;Técnico;Controle e Processos Industriais;Indústria;Eletrônica;Noite;72;40;1,80;
Ribeirão Preto;Ribeirão Preto;Ribeirão Preto;Ribeirão Preto/Franca/Barretos;Etec José Martimiano da Silva;074;Técnico;Controle e Processos Industriais;Indústria;Mecânica;Noite;83;40;2,07;
Ribeirão Preto;Ribeirão Preto;Ribeirão Preto;Ribeirão Preto/Franca/Barretos;Etec José Martimiano da Silva;074;Técnico;Ambiente e Saúde;Saúde;Nutrição e Dietética;Noite;61;40;1,52;
Ribeirão Preto;Ribeirão Preto;Ribeirão Preto;Ribeirão Preto/Franca/Barretos;Etec José Martimiano da Silva;074;Técnico;Gestão e Negócios;Gestão;Recursos Humanos;Noite;88;40;2,20;
Ribeirão Preto;Ribeirão Preto;Ribeirão Preto;Ribeirão Preto/Franca/Barretos;Etec José Martimiano da Silva;074;Técnico;Ambiente e Saúde;Saúde;Saúde Bucal;Noite;87;40;2,17;
Ribeirão Preto;Ribeirão Preto;Ribeirão Preto;Ribeirão Preto/Franca/Barretos;Etec José Martimiano da Silva;074;Integrado;Gestão e Negócios;Gestão;Administração - MTec-PI;Manhã e Tarde;229;40;5,72;
Ribeirão Preto;Ribeirão Preto;Ribeirão Preto;Ribeirão Preto/Franca/Barretos;Etec José Martimiano da Silva;074;Integrado;Controle e Processos Industriais;Indústria;Automação Industrial - MTec-PI;Manhã e Tarde;101;40;2,52;
Ribeirão Preto;Ribeirão Preto;Ribeirão Preto;Ribeirão Preto/Franca/Barretos;Etec José Martimiano da Silva;074;Integrado;Produção Cultural e Design;Design;Design de Interiores - MTec-N;Noite;20;40;0,50;
Ribeirão Preto;Ribeirão Preto;Ribeirão Preto;Ribeirão Preto/Franca/Barretos;Etec José Martimiano da Silva;074;Integrado;Produção Cultural e Design;Imagem Pessoal;Design de Interiores - MTec-PI;Manhã e Tarde;132;40;3,30;
Ribeirão Preto;Ribeirão Preto;Ribeirão Preto;Ribeirão Preto/Franca/Barretos;Etec José Martimiano da Silva;074;Integrado;Infraestrutura;Construção Civil;Edificações - MTec-PI;Manhã e Tarde;45;40;1,12;
Ribeirão Preto;Ribeirão Preto;Ribeirão Preto;Ribeirão Preto/Franca/Barretos;Etec José Martimiano da Silva;074;Integrado;Controle e Processos Industriais;Indústria;Eletrotécnica - MTec-PI;Manhã e Tarde;90;40;2,25;
Ribeirão Preto;Ribeirão Preto;Ribeirão Preto;Ribeirão Preto/Franca/Barretos;Etec José Martimiano da Silva;074;Integrado;Turismo, Hospitalidade e Lazer;Turismo e Hospitalidade;Gastronomia - MTec;Manhã;151;40;3,77;
Ribeirão Preto;Ribeirão Preto;Ribeirão Preto;Ribeirão Preto/Franca/Barretos;Etec José Martimiano da Silva;074;Integrado;Controle e Processos Industriais;Indústria;Mecatrônica - MTec;Tarde;115;40;2,87;
Ribeirão Preto;Ribeirão Preto;Ribeirão Preto;Ribeirão Preto/Franca/Barretos;Etec José Martimiano da Silva;074;Integrado;Ambiente e Saúde;Saúde;Nutrição e Dietética - MTec;Tarde;89;40;2,22;
Ribeirão Preto;Ribeirão Preto;Ribeirão Preto;Ribeirão Preto/Franca/Barretos;Etec José Martimiano da Silva;074;Integrado;Gestão e Negócios;Gestão;Recursos Humanos - MTec;Manhã;177;40;4,42;
Ribeirão Preto;Ribeirão Preto;Ribeirão Preto;Ribeirão Preto/Franca/Barretos;Etec José Martimiano da Silva;074;Integrado;Gestão e Negócios;Gestão;Secretariado - MTec;Manhã;79;40;1,97;
Ribeirão Preto;Ribeirão Preto;Ribeirão Preto;Ribeirão Preto/Franca/Barretos;Etec José Martimiano da Silva (EE Prof.ª Amélia dos Santos Musa);074.04 - Ext/Etec;Técnico;Gestão e Negócios;Gestão;Administração;Noite;62;40;1,55;
Ribeirão Preto;Ribeirão Preto;Ribeirão Preto;Ribeirão Preto/Franca/Barretos;Etec José Martimiano da Silva (EE Prof.ª Amélia dos Santos Musa);074.04 - Ext/Etec;Técnico;Informação e Comunicação;Informática;Desenvolvimento de Sistemas;Noite;70;40;1,75;
Ribeirão Preto;Ribeirão Preto;Ribeirão Preto;Ribeirão Preto/Franca/Barretos;Etec José Martimiano da Silva (EE Prof.ª Amélia dos Santos Musa);074.04 - Ext/Etec;Técnico;Gestão e Negócios;Gestão;Serviços Jurídicos;Noite;73;40;1,82;
Ribeirão Preto;Ribeirão Preto;Santa Rosa de Viterbo;Ribeirão Preto/Franca/Barretos;Etec de Santa Rosa de Viterbo;237;Integrado;Gestão e Negócios;Gestão;Administração - MTec-N;Noite;56;40;1,40;
Ribeirão Preto;Ribeirão Preto;Santa Rosa de Viterbo;Ribeirão Preto/Franca/Barretos;Etec de Santa Rosa de Viterbo;237;Integrado;Gestão e Negócios;Gestão;Logística - MTec;Manhã;75;40;1,87;
Ribeirão Preto;Ribeirão Preto;Santa Rosa de Viterbo;Ribeirão Preto/Franca/Barretos;Etec de Santa Rosa de Viterbo;237;Integrado;Informação e Comunicação;Informática;Programação de Jogos Digitais - MTec;Manhã;83;40;2,07;
Ribeirão Preto;Ribeirão Preto;São Simão;Ribeirão Preto/Franca/Barretos;Etec Professor Francisco dos Santos;057;Técnico;Segurança;Saúde;Segurança do Trabalho;Noite;76;40;1,90;
Ribeirão Preto;Ribeirão Preto;São Simão;Ribeirão Preto/Franca/Barretos;Etec Professor Francisco dos Santos;057;Integrado;Recursos Naturais;Agropecuária;Agropecuária - MTec-PI;Manhã e Tarde;198;80;2,47;
Ribeirão Preto;Ribeirão Preto;São Simão;Ribeirão Preto/Franca/Barretos;Etec Professor Francisco dos Santos;057;Integrado;Informação e Comunicação;Informática;Desenvolvimento de Sistemas - Mtec-N;Noite;49;40;1,22;
Ribeirão Preto;Ribeirão Preto;São Simão;Ribeirão Preto/Franca/Barretos;Etec Professor Francisco dos Santos;057;Integrado;Gestão e Negócios;Gestão;Logística - Mtec-N;Noite;50;40;1,25;
Ribeirão Preto;Ribeirão Preto;Serrana;Ribeirão Preto/Franca/Barretos;Etec Ângelo Cavalheiro;214;Técnico;Gestão e Negócios;Gestão;Administração;Noite;47;40;1,17;
Ribeirão Preto;Ribeirão Preto;Serrana;Ribeirão Preto/Franca/Barretos;Etec Ângelo Cavalheiro;214;Técnico;Ambiente e Saúde;Saúde;Farmácia;Noite;53;40;1,32;
Ribeirão Preto;Ribeirão Preto;Serrana;Ribeirão Preto/Franca/Barretos;Etec Ângelo Cavalheiro;214;Integrado;Gestão e Negócios;Gestão;Administração - MTec;Manhã;225;80;2,81;
Ribeirão Preto;Ribeirão Preto;Serrana;Ribeirão Preto/Franca/Barretos;Etec Ângelo Cavalheiro;214;Integrado;Produção Industrial;Química;Química - MTec;Tarde;127;80;1,58;
Ribeirão Preto;Ribeirão Preto;Sertãozinho;Ribeirão Preto/Franca/Barretos;Etec José Martimiano da Silva (EE Winston Churchill);074.02 - Ext/Etec;Técnico;Gestão e Negócios;Gestão;Finanças;Noite;63;40;1,57;
Ribeirão Preto;Ribeirão Preto;Sertãozinho;Ribeirão Preto/Franca/Barretos;Etec José Martimiano da Silva (EE Winston Churchill);074.02 - Ext/Etec;Técnico;Gestão e Negócios;Gestão;Recursos Humanos;Noite;66;40;1,65;
Ribeirão Preto;Ribeirão Preto;Sertãozinho;Ribeirão Preto/Franca/Barretos;Etec José Martimiano da Silva (EE Winston Churchill);074.02 - Ext/Etec;Integrado;Gestão e Negócios;Gestão;Administração - MTec-N;Noite;80;40;2,00;
Ribeirão Preto;Ribeirão Preto;Sertãozinho;Ribeirão Preto/Franca/Barretos;Etec José Martimiano da Silva / Fatec de Tecnologia Deputado Waldyr Alceu Trigo;074/176 - Etec/Fatec;Integrado;Gestão e Negócios;Gestão;Administração - MTec-AMS;Manhã;219;40;5,47;
Ribeirão Preto;Ribeirão Preto;Sertãozinho;Ribeirão Preto/Franca/Barretos;Etec José Martimiano da Silva / Fatec de Tecnologia Deputado Waldyr Alceu Trigo;074/176 - Etec/Fatec;Integrado;Controle e Processos Industriais;Indústria;Mecatrônica - MTec-AMS;Manhã;172;40;4,30;
São José do Rio Preto;Catanduva;Catanduva;São José do Rio Preto/Central;Etec Elias Nechar;054;Técnico;Gestão e Negócios;Gestão;Administração (MNP);Noite;54;40;1,35;
São José do Rio Preto;Catanduva;Catanduva;São José do Rio Preto/Central;Etec Elias Nechar;054;Técnico;Infraestrutura;Construção Civil;Edificações (MNP);Noite;42;40;1,05;
São José do Rio Preto;Catanduva;Catanduva;São José do Rio Preto/Central;Etec Elias Nechar;054;Técnico;Ambiente e Saúde;Saúde;Enfermagem;Tarde;41;40;1,02;
São José do Rio Preto;Catanduva;Catanduva;São José do Rio Preto/Central;Etec Elias Nechar;054;Técnico;Controle e Processos Industriais;Indústria;Soldagem;Noite;45;40;1,12;
São José do Rio Preto;Catanduva;Catanduva;São José do Rio Preto/Central;Etec Elias Nechar;054;Integrado;Gestão e Negócios;Gestão;Administração - MTec;Manhã;258;40;6,45;
São José do Rio Preto;Catanduva;Catanduva;São José do Rio Preto/Central;Etec Elias Nechar;054;Integrado;Gestão e Negócios;Gestão;Administração - MTec-N;Noite;32;40;0,80;
São José do Rio Preto;Catanduva;Catanduva;São José do Rio Preto/Central;Etec Elias Nechar;054;Integrado;Informação e Comunicação;Informática;Desenvolvimento de Sistemas - MTec;Manhã;167;40;4,17;
São José do Rio Preto;Catanduva;Catanduva;São José do Rio Preto/Central;Etec Elias Nechar;054;Integrado;Informação e Comunicação;Informática;Desenvolvimento de Sistemas - Mtec-N;Noite;39;40;0,97;
São José do Rio Preto;Catanduva;Catanduva;São José do Rio Preto/Central;Etec Elias Nechar;054;Integrado;Infraestrutura;Construção Civil;Edificações - MTec;Manhã;128;40;3,20;
São José do Rio Preto;Catanduva;Catanduva;São José do Rio Preto/Central;Etec Elias Nechar;054;Integrado;Informação e Comunicação;Informática;Informática para Internet - MTec;Tarde;64;40;1,60;
São José do Rio Preto;Catanduva;Catanduva;São José do Rio Preto/Central;Etec Elias Nechar;054;Integrado;Ambiente e Saúde;Saúde;Meio Ambiente - MTec-N;Noite;22;40;0,55;
São José do Rio Preto;Catanduva;Catanduva;São José do Rio Preto/Central;Etec Elias Nechar;054;Integrado;Produção Industrial;Química;Química - MTec-PI;Manhã e Tarde;145;40;3,62;
São José do Rio Preto;Catanduva;Novo Horizonte;São José do Rio Preto/Central;Etec Professora Marinês Teodoro de Freitas (EMEF Manoel Roque - Novo Horizonte);212.8 - Cd_Cps;Integrado;Recursos Naturais;Agropecuária;Agropecuária (Alternância) - MTec-PI ;Manhã e Tarde;87;30;2,90;
São José do Rio Preto;Catanduva;Novo Horizonte;São José do Rio Preto/Central;Etec Professora Marinês Teodoro de Freitas Almeida;212;Integrado;Gestão e Negócios;Gestão;Administração - MTec-N;Noite;128;40;3,20;
São José do Rio Preto;Catanduva;Novo Horizonte;São José do Rio Preto/Central;Etec Professora Marinês Teodoro de Freitas Almeida;212;Integrado;Informação e Comunicação;Informática;Desenvolvimento de Sistemas - MTec-PI ;Manhã e Tarde;151;40;3,77;
São José do Rio Preto;Catanduva;Novo Horizonte;São José do Rio Preto/Central;Etec Professora Marinês Teodoro de Freitas Almeida;212;Integrado;Ambiente e Saúde;Meio Ambiente;Meio Ambiente - MTec-PI;Manhã e Tarde;164;40;4,09;
São José do Rio Preto;Catanduva;Novo Horizonte;São José do Rio Preto/Central;Etec Professora Marinês Teodoro de Freitas Almeida;212;Especialização;Gestão e Negócios;Gestão;Cálculos Trabalhistas;Noite;26;40;0,65;
São José do Rio Preto;Fernandópolis;Fernandópolis;São José do Rio Preto/Central;Etec Professor Armando José Farinazzo;138;Médio;Educação Básica;Educação Básica - Ensino Médio;Ensino Médio com Itinerário Formativo de Linguagens e suas Tecnologias;Manhã;190;40;4,75;
São José do Rio Preto;Fernandópolis;Fernandópolis;São José do Rio Preto/Central;Etec Professor Armando José Farinazzo;138;Médio;Educação Básica;Educação Básica - Ensino Médio;Ensino Médio com Itinerário Formativo de Matemática e suas Tecnologias;Manhã;153;40;3,82;
São José do Rio Preto;Fernandópolis;Fernandópolis;São José do Rio Preto/Central;Etec Professor Armando José Farinazzo;138;Técnico;Gestão e Negócios;Gestão;Contabilidade;Noite;64;40;1,60;
São José do Rio Preto;Fernandópolis;Fernandópolis;São José do Rio Preto/Central;Etec Professor Armando José Farinazzo;138;Técnico;Informação e Comunicação;Informática;Informática para Internet;Noite;60;40;1,50;
São José do Rio Preto;Fernandópolis;Fernandópolis;São José do Rio Preto/Central;Etec Professor Armando José Farinazzo;138;Técnico;Gestão e Negócios;Comércio;Marketing;Noite;71;40;1,77;
São José do Rio Preto;Fernandópolis;Fernandópolis;São José do Rio Preto/Central;Etec Professor Armando José Farinazzo;138;Técnico;Segurança;Saúde;Segurança do Trabalho;Noite;61;40;1,52;
São José do Rio Preto;Fernandópolis;Fernandópolis;São José do Rio Preto/Central;Etec Professor Armando José Farinazzo;138;Integrado;Informação e Comunicação;Informática;Informática para Internet - MTec;Tarde;140;40;3,50;
São José do Rio Preto;Fernandópolis;Fernandópolis;São José do Rio Preto/Central;Etec Professor Armando José Farinazzo;138;Integrado;Produção Industrial;Química;Química - MTec-PI;Manhã e Tarde;142;40;3,55;
São José do Rio Preto;Fernandópolis;Fernandópolis;São José do Rio Preto/Central;Etec Professor Armando José Farinazzo;138;Integrado;Gestão e Negócios;Gestão;Serviços Jurídicos - MTec;Tarde;141;40;3,52;
São José do Rio Preto;Jales;Jales;São José do Rio Preto/Central;Etec Doutor José Luiz Viana Coutinho;073;Técnico;Produção Alimentícia;Química;Alimentos;Noite;62;40;1,55;
São José do Rio Preto;Jales;Jales;São José do Rio Preto/Central;Etec Doutor José Luiz Viana Coutinho;073;Técnico;Ambiente e Saúde;Saúde;Veterinária;Noite;63;40;1,57;
São José do Rio Preto;Jales;Jales;São José do Rio Preto/Central;Etec Doutor José Luiz Viana Coutinho;073;Integrado;Gestão e Negócios;Gestão;Administração - MTec;Manhã;172;40;4,30;
São José do Rio Preto;Jales;Jales;São José do Rio Preto/Central;Etec Doutor José Luiz Viana Coutinho;073;Integrado;Gestão e Negócios;Gestão;Administração - MTec-AMS;Tarde;26;40;0,65;
São José do Rio Preto;Jales;Jales;São José do Rio Preto/Central;Etec Doutor José Luiz Viana Coutinho;073;Integrado;Gestão e Negócios;Gestão;Administração - MTec-N;Noite;71;40;1,77;
São José do Rio Preto;Jales;Jales;São José do Rio Preto/Central;Etec Doutor José Luiz Viana Coutinho;073;Integrado;Recursos Naturais;Agropecuária;Agropecuária - MTec-N;Noite;23;40;0,57;
São José do Rio Preto;Jales;Jales;São José do Rio Preto/Central;Etec Doutor José Luiz Viana Coutinho;073;Integrado;Recursos Naturais;Agropecuária;Agropecuária - MTec-PI;Manhã e Tarde;167;80;2,08;
São José do Rio Preto;Jales;Jales;São José do Rio Preto/Central;Etec Doutor José Luiz Viana Coutinho;073;Integrado;Informação e Comunicação;Informática;Desenvolvimento de Sistemas - MTec;Manhã;131;40;3,27;
São José do Rio Preto;Jales;Jales;São José do Rio Preto/Central;Etec Doutor José Luiz Viana Coutinho;073;Integrado;Informação e Comunicação;Informática;Desenvolvimento de Sistemas - MTec-AMS;Tarde;46;40;1,14;
São José do Rio Preto;Jales;Jales;São José do Rio Preto/Central;Etec Doutor José Luiz Viana Coutinho;073;Integrado;Gestão e Negócios;Gestão;Serviços Jurídicos - MTec;Manhã;67;40;1,67;
São José do Rio Preto;Jales;Santa Fé do Sul;São José do Rio Preto/Central;Etec de Santa Fé do Sul;277;Técnico;Gestão e Negócios;Gestão;Contabilidade;Noite;63;40;1,57;
São José do Rio Preto;Jales;Santa Fé do Sul;São José do Rio Preto/Central;Etec de Santa Fé do Sul;277;Integrado;Gestão e Negócios;Gestão;Administração - MTec;Manhã;224;40;5,60;
São José do Rio Preto;Jales;Santa Fé do Sul;São José do Rio Preto/Central;Etec de Santa Fé do Sul;277;Integrado;Informação e Comunicação;Informática;Desenvolvimento de Sistemas - Mtec-N;Noite;128;40;3,20;
São José do Rio Preto;Jales;Santa Fé do Sul;São José do Rio Preto/Central;Etec de Santa Fé do Sul;277;Integrado;Informação e Comunicação;Informática;Informática para Internet - MTec;Manhã;158;40;3,95;
São José do Rio Preto;Jales;Santa Fé do Sul;São José do Rio Preto/Central;Etec de Santa Fé do Sul;277;Integrado;Gestão e Negócios;Gestão;Recursos Humanos - MTec;Tarde;92;40;2,29;
São José do Rio Preto;São José do Rio Preto;Mirassol;São José do Rio Preto/Central;Etec Professor Matheus Leite de Abreu;087;Integrado;Gestão e Negócios;Gestão;Administração - MTec;Manhã;42;40;1,05;
São José do Rio Preto;São José do Rio Preto;Mirassol;São José do Rio Preto/Central;Etec Professor Matheus Leite de Abreu;087;Integrado;Recursos Naturais;Agropecuária;Agropecuária - MTec-PI;Manhã e Tarde;52;40;1,30;
São José do Rio Preto;São José do Rio Preto;Mirassol;São José do Rio Preto/Central;Etec Professor Matheus Leite de Abreu;087;Integrado;Informação e Comunicação;Informática;Desenvolvimento de Sistemas - MTec;Manhã;34;40;0,85;
São José do Rio Preto;São José do Rio Preto;Monte Aprazível;São José do Rio Preto/Central;Etec Padre José Nunes Dias;075;Técnico;Recursos Naturais;Agropecuária;Zootecnia;Noite;53;40;1,32;
São José do Rio Preto;São José do Rio Preto;Monte Aprazível;São José do Rio Preto/Central;Etec Padre José Nunes Dias;075;Integrado;Gestão e Negócios;Gestão;Administração - MTec-N;Noite;30;40;0,75;
São José do Rio Preto;São José do Rio Preto;Monte Aprazível;São José do Rio Preto/Central;Etec Padre José Nunes Dias;075;Integrado;Recursos Naturais;Agropecuária;Agropecuária - MTec-PI;Manhã e Tarde;102;40;2,54;
São José do Rio Preto;São José do Rio Preto;Monte Aprazível;São José do Rio Preto/Central;Etec Padre José Nunes Dias;075;Integrado;Ambiente e Saúde;Meio Ambiente;Meio Ambiente - MTec-PI;Manhã e Tarde;74;40;1,85;
São José do Rio Preto;São José do Rio Preto;São José do Rio Preto;São José do Rio Preto/Central;Etec Philadelpho Gouvea Netto;098;Médio;Educação Básica;Educação Básica - Ensino Médio;Ensino Médio com Itinerário Formativo de Matemática e suas Tecnologias;Manhã;158;40;3,95;
São José do Rio Preto;São José do Rio Preto;São José do Rio Preto;São José do Rio Preto/Central;Etec Philadelpho Gouvea Netto;098;Técnico;Gestão e Negócios;Gestão;Administração;Noite;108;40;2,70;
São José do Rio Preto;São José do Rio Preto;São José do Rio Preto;São José do Rio Preto/Central;Etec Philadelpho Gouvea Netto;098;Técnico;Gestão e Negócios;Gestão;Contabilidade;Noite;70;40;1,75;
São José do Rio Preto;São José do Rio Preto;São José do Rio Preto;São José do Rio Preto/Central;Etec Philadelpho Gouvea Netto;098;Técnico;Controle e Processos Industriais;Indústria;Eletroeletrônica;Noite;92;40;2,29;
São José do Rio Preto;São José do Rio Preto;São José do Rio Preto;São José do Rio Preto/Central;Etec Philadelpho Gouvea Netto;098;Técnico;Ambiente e Saúde;Saúde;Enfermagem;Noite;184;40;4,59;
São José do Rio Preto;São José do Rio Preto;São José do Rio Preto;São José do Rio Preto/Central;Etec Philadelpho Gouvea Netto;098;Técnico;Ambiente e Saúde;Saúde;Enfermagem;Tarde;70;40;1,75;
São José do Rio Preto;São José do Rio Preto;São José do Rio Preto;São José do Rio Preto/Central;Etec Philadelpho Gouvea Netto;098;Técnico;Gestão e Negócios;Gestão;Finanças;Noite;57;40;1,42;
São José do Rio Preto;São José do Rio Preto;São José do Rio Preto;São José do Rio Preto/Central;Etec Philadelpho Gouvea Netto;098;Técnico;Ambiente e Saúde;Saúde;Prótese Dentária;Noite;77;40;1,92;
São José do Rio Preto;São José do Rio Preto;São José do Rio Preto;São José do Rio Preto/Central;Etec Philadelpho Gouvea Netto;098;Integrado;Gestão e Negócios;Gestão;Administração - MTec;Tarde;203;40;5,07;
São José do Rio Preto;São José do Rio Preto;São José do Rio Preto;São José do Rio Preto/Central;Etec Philadelpho Gouvea Netto;098;Integrado;Informação e Comunicação;Informática;Desenvolvimento de Sistemas - Mtec-N;Noite;71;40;1,77;
São José do Rio Preto;São José do Rio Preto;São José do Rio Preto;São José do Rio Preto/Central;Etec Philadelpho Gouvea Netto;098;Integrado;Informação e Comunicação;Informática;Desenvolvimento de Sistemas - MTec-PI ;Manhã e Tarde;375;80;4,68;
São José do Rio Preto;São José do Rio Preto;São José do Rio Preto;São José do Rio Preto/Central;Etec Philadelpho Gouvea Netto;098;Integrado;Infraestrutura;Construção Civil;Edificações - Mtec-N;Noite;23;40;0,57;
São José do Rio Preto;São José do Rio Preto;São José do Rio Preto;São José do Rio Preto/Central;Etec Philadelpho Gouvea Netto;098;Integrado;Infraestrutura;Construção Civil;Edificações - MTec-PI;Manhã e Tarde;162;40;4,05;
São José do Rio Preto;São José do Rio Preto;São José do Rio Preto;São José do Rio Preto/Central;Etec Philadelpho Gouvea Netto;098;Integrado;Controle e Processos Industriais;Indústria;Eletrônica - MTec;Manhã;171;40;4,27;
São José do Rio Preto;São José do Rio Preto;São José do Rio Preto;São José do Rio Preto/Central;Etec Philadelpho Gouvea Netto;098;Integrado;Controle e Processos Industriais;Indústria;Eletrônica - MTec;Tarde;20;40;0,50;
São José do Rio Preto;São José do Rio Preto;São José do Rio Preto;São José do Rio Preto/Central;Etec Philadelpho Gouvea Netto;098;Integrado;Controle e Processos Industriais;Indústria;Mecatrônica - MTec-N;Noite;29;40;0,72;
São José do Rio Preto;São José do Rio Preto;São José do Rio Preto;São José do Rio Preto/Central;Etec Philadelpho Gouvea Netto;098;Integrado;Controle e Processos Industriais;Indústria;Mecatrônica - MTec-PI;Manhã e Tarde;119;40;2,97;
São José do Rio Preto;São José do Rio Preto;São José do Rio Preto;São José do Rio Preto/Central;Etec Philadelpho Gouvea Netto;098;Integrado;Ambiente e Saúde;Saúde;Prótese Dentária - MTec;Manhã;206;40;5,15;
São José do Rio Preto;São José do Rio Preto;São José do Rio Preto;São José do Rio Preto/Central;Etec Philadelpho Gouvea Netto (Centro de Qualificação Profissional e Emprego - São José do Rio Preto);098.11 - Cd_Cps;Técnico;Produção Industrial;Indústria;Vestuário;Noite;34;35;0,97;
São José do Rio Preto;Votuporanga;Votuporanga;São José do Rio Preto/Central;Etec Frei Arnaldo Maria de Itaporanga;037;Integrado;Gestão e Negócios;Gestão;Administração - MTec-PI;Manhã e Tarde;208;40;5,20;
São José do Rio Preto;Votuporanga;Votuporanga;São José do Rio Preto/Central;Etec Frei Arnaldo Maria de Itaporanga;037;Integrado;Recursos Naturais;Agropecuária;Agropecuária - MTec-PI;Manhã e Tarde;231;80;2,88;
São José do Rio Preto;Votuporanga;Votuporanga;São José do Rio Preto/Central;Etec Frei Arnaldo Maria de Itaporanga;037;Integrado;Informação e Comunicação;Informática;Desenvolvimento de Sistemas - Mtec-N;Noite;83;40;2,07;
São José do Rio Preto;Votuporanga;Votuporanga;São José do Rio Preto/Central;Etec Frei Arnaldo Maria de Itaporanga;037;Integrado;Informação e Comunicação;Informática;Informática - MTec-PI;Manhã e Tarde;181;40;4,52;
São José do Rio Preto;Votuporanga;Votuporanga;São José do Rio Preto/Central;Etec Frei Arnaldo Maria de Itaporanga;037;Integrado;Gestão e Negócios;Gestão;Recursos Humanos - MTec-N;Noite;60;40;1,50;
São José dos Campos;Caraguatatuba;Caraguatatuba;Vale do Paraíba/Litoral Norte;Etec de Caraguatatuba;213;Técnico;Turismo, Hospitalidade e Lazer;Turismo e Hospitalidade;Gastronomia;Noite;68;40;1,70;
São José dos Campos;Caraguatatuba;Caraguatatuba;Vale do Paraíba/Litoral Norte;Etec de Caraguatatuba;213;Integrado;Gestão e Negócios;Gestão;Administração - MTec-PI;Manhã e Tarde;357;40;8,92;
São José dos Campos;Caraguatatuba;Caraguatatuba;Vale do Paraíba/Litoral Norte;Etec de Caraguatatuba;213;Integrado;Ambiente e Saúde;Meio Ambiente;Meio Ambiente - MTec-PI;Manhã e Tarde;192;40;4,80;
São José dos Campos;Caraguatatuba;Caraguatatuba;Vale do Paraíba/Litoral Norte;Etec de Caraguatatuba;213;Integrado;Gestão e Negócios;Gestão;Recursos Humanos - MTec-N;Noite;82;40;2,04;
São José dos Campos;Caraguatatuba;São Sebastião;Vale do Paraíba/Litoral Norte;Etec de São Sebastião;188;Integrado;Gestão e Negócios;Comércio;Marketing - MTec;Manhã;250;40;6,25;
São José dos Campos;Caraguatatuba;São Sebastião;Vale do Paraíba/Litoral Norte;Etec de São Sebastião;188;Integrado;Ambiente e Saúde;Meio Ambiente;Meio Ambiente - MTec;Manhã;118;40;2,95;
São José dos Campos;Caraguatatuba;São Sebastião;Vale do Paraíba/Litoral Norte;Etec de São Sebastião;188;Integrado;Ambiente e Saúde;Saúde;Nutrição e Dietética - MTec;Tarde;93;40;2,32;
São José dos Campos;Caraguatatuba;São Sebastião;Vale do Paraíba/Litoral Norte;Etec de São Sebastião (Instituto Verdescola - São Sebastião);188.4 - Cd_Cps;Integrado;Gestão e Negócios;Gestão;Administração - MTec-PI;Manhã e Tarde;96;30;3,20;
São José dos Campos;Caraguatatuba;São Sebastião;Vale do Paraíba/Litoral Norte;Etec de São Sebastião (Instituto Verdescola - São Sebastião);188.4 - Cd_Cps;Integrado;Ambiente e Saúde;Meio Ambiente;Meio Ambiente - MTec-PI;Manhã e Tarde;75;30;2,50;
São José dos Campos;Caraguatatuba;São Sebastião;Vale do Paraíba/Litoral Norte;Etec de São Sebastião (Instituto Verdescola - São Sebastião);188.4 - Cd_Cps;Integrado;Ambiente e Saúde;Saúde;Nutrição e Dietética - Mtec-N;Noite;24;30;0,80;
São José dos Campos;Caraguatatuba;São Sebastião;Vale do Paraíba/Litoral Norte;Etec de São Sebastião / Fatec de São Sebastião;188/189 - Etec/Fatec;Integrado;Gestão e Negócios;Gestão;Administração - MTec-AMS;Tarde;128;40;3,20;
São José dos Campos;Caraguatatuba;São Sebastião;Vale do Paraíba/Litoral Norte;Etec de São Sebastião / Fatec de São Sebastião;188/189 - Etec/Fatec;Integrado;Informação e Comunicação;Informática;Desenvolvimento de Sistemas - MTec-AMS;Tarde;84;40;2,10;
São José dos Campos;Caraguatatuba;Ubatuba;Vale do Paraíba/Litoral Norte;Etec de Caraguatatuba (EM Padre José de Anchieta - Ubatuba);213.1 - Cd_Cps;Técnico;Gestão e Negócios;Comércio;Marketing;Noite;43;35;1,22;
São José dos Campos;Caraguatatuba;Ubatuba;Vale do Paraíba/Litoral Norte;Etec de Caraguatatuba (EM Padre José de Anchieta - Ubatuba);213.1 - Cd_Cps;Técnico;Ambiente e Saúde;Saúde;Nutrição e Dietética;Noite;28;35;0,80;
São José dos Campos;Caraguatatuba;Ubatuba;Vale do Paraíba/Litoral Norte;Etec de Caraguatatuba (EM Padre José de Anchieta - Ubatuba);213.1 - Cd_Cps;Técnico;Gestão e Negócios;Gestão;Transações Imobiliárias;Noite;45;35;1,28;
São José dos Campos;Caraguatatuba;Ubatuba;Vale do Paraíba/Litoral Norte;Etec de Caraguatatuba (EM Padre José de Anchieta - Ubatuba);213.1 - Cd_Cps;Integrado;Gestão e Negócios;Gestão;Administração - MTec-N;Noite;91;35;2,60;
São José dos Campos;Cruzeiro;Cruzeiro;Vale do Paraíba/Litoral Norte;Etec Professor José Sant'Ana de Castro;077;Médio;Educação Básica;Educação Básica - Ensino Médio;Ensino Médio com Itinerário Formativo de Ciências da Natureza e suas Tecnologias;Manhã;79;40;1,97;
São José dos Campos;Cruzeiro;Cruzeiro;Vale do Paraíba/Litoral Norte;Etec Professor José Sant'Ana de Castro;077;Técnico;Gestão e Negócios;Gestão;Administração (MNP);Noite;96;40;2,40;
São José dos Campos;Cruzeiro;Cruzeiro;Vale do Paraíba/Litoral Norte;Etec Professor José Sant'Ana de Castro;077;Técnico;Ambiente e Saúde;Saúde;Enfermagem;Noite;155;40;3,87;
São José dos Campos;Cruzeiro;Cruzeiro;Vale do Paraíba/Litoral Norte;Etec Professor José Sant'Ana de Castro;077;Técnico;Turismo, Hospitalidade e Lazer;Turismo e Hospitalidade;Gastronomia;Noite;49;40;1,22;
São José dos Campos;Cruzeiro;Cruzeiro;Vale do Paraíba/Litoral Norte;Etec Professor José Sant'Ana de Castro;077;Técnico;Gestão e Negócios;Comércio;Marketing;Noite;42;40;1,05;
São José dos Campos;Cruzeiro;Cruzeiro;Vale do Paraíba/Litoral Norte;Etec Professor José Sant'Ana de Castro;077;Técnico;Controle e Processos Industriais;Indústria;Mecânica;Noite;75;40;1,87;
São José dos Campos;Cruzeiro;Cruzeiro;Vale do Paraíba/Litoral Norte;Etec Professor José Sant'Ana de Castro;077;Integrado;Informação e Comunicação;Informática;Desenvolvimento de Sistemas - MTec-PI ;Manhã e Tarde;84;40;2,10;
São José dos Campos;Cruzeiro;Cruzeiro;Vale do Paraíba/Litoral Norte;Etec Professor José Sant'Ana de Castro;077;Integrado;Infraestrutura;Construção Civil;Edificações - MTec;Manhã;62;40;1,55;
São José dos Campos;Cruzeiro;Cruzeiro;Vale do Paraíba/Litoral Norte;Etec Professor José Sant'Ana de Castro;077;Integrado;Infraestrutura;Construção Civil;Edificações - Mtec-N;Noite;21;40;0,52;
São José dos Campos;Cruzeiro;Cruzeiro;Vale do Paraíba/Litoral Norte;Etec Professor José Sant'Ana de Castro;077;Integrado;Gestão e Negócios;Gestão;Logística - MTec;Manhã;122;40;3,05;
São José dos Campos;Cruzeiro;Cruzeiro;Vale do Paraíba/Litoral Norte;Etec Professor José Sant'Ana de Castro;077;Integrado;Gestão e Negócios;Comércio;Marketing - MTec;Manhã;158;40;3,95;
São José dos Campos;Cruzeiro;Cruzeiro;Vale do Paraíba/Litoral Norte;Etec Professor José Sant'Ana de Castro;077;Integrado;Controle e Processos Industriais;Indústria;Mecânica - MTec-PI ;Manhã e Tarde;56;40;1,40;
São José dos Campos;Guaratinguetá;Cachoeira Paulista;Vale do Paraíba/Litoral Norte;Etec Professor Marcos Uchôas dos Santos Penchel;044;Técnico;Ambiente e Saúde;Saúde;Enfermagem;Noite;93;40;2,32;
São José dos Campos;Guaratinguetá;Cachoeira Paulista;Vale do Paraíba/Litoral Norte;Etec Professor Marcos Uchôas dos Santos Penchel;044;Técnico;Gestão e Negócios;Gestão;Logística;Noite;61;40;1,52;
São José dos Campos;Guaratinguetá;Cachoeira Paulista;Vale do Paraíba/Litoral Norte;Etec Professor Marcos Uchôas dos Santos Penchel;044;Integrado;Gestão e Negócios;Gestão;Administração - MTec-PI;Manhã e Tarde;64;40;1,60;
São José dos Campos;Guaratinguetá;Cachoeira Paulista;Vale do Paraíba/Litoral Norte;Etec Professor Marcos Uchôas dos Santos Penchel;044;Integrado;Informação e Comunicação;Informática;Desenvolvimento de Sistemas - MTec-PI ;Manhã e Tarde;62;40;1,55;
São José dos Campos;Guaratinguetá;Cachoeira Paulista;Vale do Paraíba/Litoral Norte;Etec Professor Marcos Uchôas dos Santos Penchel;044;Integrado;Controle e Processos Industriais;Indústria;Eletrônica - MTec;Manhã;68;40;1,70;
São José dos Campos;Guaratinguetá;Cachoeira Paulista;Vale do Paraíba/Litoral Norte;Etec Professor Marcos Uchôas dos Santos Penchel;044;Integrado;Gestão e Negócios;Comércio;Marketing - MTec;Manhã;66;40;1,65;
São José dos Campos;Guaratinguetá;Guaratinguetá;Vale do Paraíba/Litoral Norte;Etec Professor Alfredo de Barros Santos;026;Técnico;Gestão e Negócios;Gestão;Administração;Noite;68;40;1,70;
São José dos Campos;Guaratinguetá;Guaratinguetá;Vale do Paraíba/Litoral Norte;Etec Professor Alfredo de Barros Santos;026;Técnico;Controle e Processos Industriais;Indústria;Eletromecânica;Noite;91;40;2,27;
São José dos Campos;Guaratinguetá;Guaratinguetá;Vale do Paraíba/Litoral Norte;Etec Professor Alfredo de Barros Santos;026;Técnico;Informação e Comunicação;Informática;Informática;Noite;36;40;0,90;
São José dos Campos;Guaratinguetá;Guaratinguetá;Vale do Paraíba/Litoral Norte;Etec Professor Alfredo de Barros Santos;026;Técnico;Controle e Processos Industriais;Indústria;Mecânica;Noite;81;40;2,02;
São José dos Campos;Guaratinguetá;Guaratinguetá;Vale do Paraíba/Litoral Norte;Etec Professor Alfredo de Barros Santos;026;Técnico;Segurança;Saúde;Segurança do Trabalho;Noite;53;40;1,32;
São José dos Campos;Guaratinguetá;Guaratinguetá;Vale do Paraíba/Litoral Norte;Etec Professor Alfredo de Barros Santos;026;Integrado;Gestão e Negócios;Gestão;Administração - MTec-PI;Manhã e Tarde;301;40;7,52;
São José dos Campos;Guaratinguetá;Guaratinguetá;Vale do Paraíba/Litoral Norte;Etec Professor Alfredo de Barros Santos;026;Integrado;Informação e Comunicação;Informática;Desenvolvimento de Sistemas - MTec-PI ;Manhã e Tarde;302;40;7,55;
São José dos Campos;Guaratinguetá;Guaratinguetá;Vale do Paraíba/Litoral Norte;Etec Professor Alfredo de Barros Santos;026;Integrado;Produção Cultural e Design;Design;Design Gráfico - MTec;Tarde;261;40;6,52;
São José dos Campos;Guaratinguetá;Guaratinguetá;Vale do Paraíba/Litoral Norte;Etec Professor Alfredo de Barros Santos;026;Integrado;Controle e Processos Industriais;Indústria;Eletromecânica - MTec;Tarde;201;40;5,02;
São José dos Campos;Guaratinguetá;Guaratinguetá;Vale do Paraíba/Litoral Norte;Etec Professor Alfredo de Barros Santos;026;Integrado;Controle e Processos Industriais;Indústria;Mecânica - MTec-PI ;Manhã e Tarde;250;40;6,25;
São José dos Campos;Guaratinguetá;Guaratinguetá;Vale do Paraíba/Litoral Norte;Etec Professor Alfredo de Barros Santos;026;Integrado;Segurança;Saúde;Segurança do Trabalho - MTec;Manhã;220;40;5,50;
São José dos Campos;Guaratinguetá;Guaratinguetá;Vale do Paraíba/Litoral Norte;Etec Professor Alfredo de Barros Santos / Faculdade de Tecnologia João Mod);026/106 - Etec/Fatec;Integrado;Gestão e Negócios;Gestão;Administração - MTec-AMS;Tarde;158;40;3,95;
São José dos Campos;Guaratinguetá;Lorena;Vale do Paraíba/Litoral Norte;Etec Padre Carlos Leôncio da Silva;240;Técnico;Gestão e Negócios;Gestão;Logística (MNP);Noite;47;40;1,17;
São José dos Campos;Guaratinguetá;Lorena;Vale do Paraíba/Litoral Norte;Etec Padre Carlos Leôncio da Silva;240;Técnico;Gestão e Negócios;Gestão;Qualidade;Noite;54;40;1,35;
São José dos Campos;Guaratinguetá;Lorena;Vale do Paraíba/Litoral Norte;Etec Padre Carlos Leôncio da Silva;240;Técnico;Gestão e Negócios;Gestão;Recursos Humanos;Noite;48;40;1,20;
São José dos Campos;Guaratinguetá;Lorena;Vale do Paraíba/Litoral Norte;Etec Padre Carlos Leôncio da Silva;240;Técnico;Segurança;Saúde;Segurança do Trabalho (MNP);Noite;43;40;1,07;
São José dos Campos;Guaratinguetá;Lorena;Vale do Paraíba/Litoral Norte;Etec Padre Carlos Leôncio da Silva;240;Integrado;Gestão e Negócios;Gestão;Administração - MTec-N;Noite;30;40;0,75;
São José dos Campos;Guaratinguetá;Lorena;Vale do Paraíba/Litoral Norte;Etec Padre Carlos Leôncio da Silva;240;Integrado;Gestão e Negócios;Gestão;Administração - MTec-PI;Manhã e Tarde;135;40;3,37;
São José dos Campos;Guaratinguetá;Lorena;Vale do Paraíba/Litoral Norte;Etec Padre Carlos Leôncio da Silva;240;Integrado;Informação e Comunicação;Informática;Informática para Internet - MTec;Tarde;134;40;3,35;
São José dos Campos;Guaratinguetá;Lorena;Vale do Paraíba/Litoral Norte;Etec Padre Carlos Leôncio da Silva;240;Integrado;Gestão e Negócios;Gestão;Marketing - MTec-PI;Manhã e Tarde;146;40;3,65;
São José dos Campos;Guaratinguetá;Lorena;Vale do Paraíba/Litoral Norte;Etec Padre Carlos Leôncio da Silva;240;Integrado;Gestão e Negócios;Gestão;Recursos Humanos - MTec-PI;Manhã e Tarde;79;40;1,97;
São José dos Campos;Guaratinguetá;Lorena;Vale do Paraíba/Litoral Norte;Etec Padre Carlos Leôncio da Silva;240;Integrado;Gestão e Negócios;Gestão;Serviços Jurídicos - MTec-PI;Manhã e Tarde;127;40;3,17;
São José dos Campos;Guaratinguetá;Piquete;Vale do Paraíba/Litoral Norte;Etec Professor Marcos Uchôas dos Santos Penchel (Escola Municipal Antonio João - Piquete);044.3 - Cd_Cps;Integrado;Informação e Comunicação;Informática;Informática - MTec-N;Noite;59;40;1,47;
São José dos Campos;São José dos Campos;Caçapava;Vale do Paraíba/Litoral Norte;Etec Machado de Assis;082;Técnico;Gestão e Negócios;Gestão;Administração;Noite;55;40;1,37;
São José dos Campos;São José dos Campos;Caçapava;Vale do Paraíba/Litoral Norte;Etec Machado de Assis;082;Técnico;Informação e Comunicação;Informática;Desenvolvimento de Sistemas;Noite;62;40;1,55;
São José dos Campos;São José dos Campos;Caçapava;Vale do Paraíba/Litoral Norte;Etec Machado de Assis;082;Técnico;Controle e Processos Industriais;Indústria;Mecânica;Noite;66;40;1,65;
São José dos Campos;São José dos Campos;Caçapava;Vale do Paraíba/Litoral Norte;Etec Machado de Assis;082;Integrado;Gestão e Negócios;Gestão;Administração - MTec-PI;Manhã e Tarde;211;40;5,27;
São José dos Campos;São José dos Campos;Caçapava;Vale do Paraíba/Litoral Norte;Etec Machado de Assis;082;Integrado;Informação e Comunicação;Informática;Desenvolvimento de Sistemas - MTec-PI ;Manhã e Tarde;195;40;4,87;
São José dos Campos;São José dos Campos;Caçapava;Vale do Paraíba/Litoral Norte;Etec Machado de Assis;082;Integrado;Gestão e Negócios;Gestão;Logística - Mtec-N;Noite;58;40;1,45;
São José dos Campos;São José dos Campos;Caçapava;Vale do Paraíba/Litoral Norte;Etec Machado de Assis;082;Integrado;Controle e Processos Industriais;Indústria;Mecânica - MTec-PI ;Manhã e Tarde;101;40;2,52;
São José dos Campos;São José dos Campos;Jacareí;Vale do Paraíba/Litoral Norte;Etec Cônego José Bento;048;Integrado;Gestão e Negócios;Gestão;Administração - MTec-PI;Manhã e Tarde;288;40;7,20;
São José dos Campos;São José dos Campos;Jacareí;Vale do Paraíba/Litoral Norte;Etec Cônego José Bento;048;Integrado;Recursos Naturais;Agropecuária;Agropecuária - MTec-PI;Manhã e Tarde;202;40;5,05;
São José dos Campos;São José dos Campos;Jacareí;Vale do Paraíba/Litoral Norte;Etec Cônego José Bento;048;Integrado;Informação e Comunicação;Informática;Desenvolvimento de Sistemas - Mtec-N;Noite;137;40;3,42;
São José dos Campos;São José dos Campos;Jacareí;Vale do Paraíba/Litoral Norte;Etec Cônego José Bento;048;Integrado;Gestão e Negócios;Gestão;Logística - Mtec-N;Noite;27;40;0,67;
São José dos Campos;São José dos Campos;Jacareí;Vale do Paraíba/Litoral Norte;Etec Cônego José Bento;048;Integrado;Ambiente e Saúde;Meio Ambiente;Meio Ambiente - MTec-PI;Manhã e Tarde;178;40;4,45;
São José dos Campos;São José dos Campos;Jacareí;Vale do Paraíba/Litoral Norte;Etec Cônego José Bento;048;Integrado;Produção Industrial;Química;Química - MTec-PI;Manhã e Tarde;185;40;4,62;
São José dos Campos;São José dos Campos;São José dos Campos;Vale do Paraíba/Litoral Norte;Etec Professora Ilza Nascimento Pintus;195;Técnico;Gestão e Negócios;Gestão;Administração;Noite;47;40;1,17;
São José dos Campos;São José dos Campos;São José dos Campos;Vale do Paraíba/Litoral Norte;Etec Professora Ilza Nascimento Pintus;195;Integrado;Gestão e Negócios;Gestão;Administração - MTec-N;Noite;84;40;2,10;
São José dos Campos;São José dos Campos;São José dos Campos;Vale do Paraíba/Litoral Norte;Etec Professora Ilza Nascimento Pintus;195;Integrado;Gestão e Negócios;Gestão;Administração - MTec-PI;Manhã e Tarde;357;40;8,92;
São José dos Campos;São José dos Campos;São José dos Campos;Vale do Paraíba/Litoral Norte;Etec Professora Ilza Nascimento Pintus;195;Integrado;Controle e Processos Industriais;Indústria;Automação Industrial - MTec-PI;Manhã e Tarde;279;40;6,97;
São José dos Campos;São José dos Campos;São José dos Campos;Vale do Paraíba/Litoral Norte;Etec Professora Ilza Nascimento Pintus;195;Integrado;Informação e Comunicação;Informática;Desenvolvimento de Sistemas - Mtec-N;Noite;82;40;2,04;
São José dos Campos;São José dos Campos;São José dos Campos;Vale do Paraíba/Litoral Norte;Etec Professora Ilza Nascimento Pintus;195;Integrado;Informação e Comunicação;Informática;Desenvolvimento de Sistemas - MTec-PI ;Manhã e Tarde;451;40;11,27;
São José dos Campos;São José dos Campos;São José dos Campos;Vale do Paraíba/Litoral Norte;Etec Professora Ilza Nascimento Pintus;195;Integrado;Controle e Processos Industriais;Indústria;Eletroeletrônica - MTec-N;Noite;47;40;1,17;
São José dos Campos;São José dos Campos;São José dos Campos;Vale do Paraíba/Litoral Norte;Etec Professora Ilza Nascimento Pintus (EE Prof. José Vieira Macedo);195.01 - Ext/Etec;Técnico;Gestão e Negócios;Gestão;Qualidade;Noite;114;40;2,85;
São José dos Campos;Taubaté;Pindamonhangaba;Vale do Paraíba/Litoral Norte;Etec João Gomes de Araújo;068;;;;;Noite;48;40;1,20;
São José dos Campos;Taubaté;Pindamonhangaba;Vale do Paraíba/Litoral Norte;Etec João Gomes de Araújo;068;Técnico;Gestão e Negócios;Gestão;Administração (MNP);Noite;68;40;1,70;
São José dos Campos;Taubaté;Pindamonhangaba;Vale do Paraíba/Litoral Norte;Etec João Gomes de Araújo;068;Técnico;Turismo, Hospitalidade e Lazer;Turismo e Hospitalidade;Gastronomia (MNP);Noite;76;40;1,90;
São José dos Campos;Taubaté;Pindamonhangaba;Vale do Paraíba/Litoral Norte;Etec João Gomes de Araújo;068;Técnico;Controle e Processos Industriais;Indústria;Mecânica;Noite;103;40;2,57;
São José dos Campos;Taubaté;Pindamonhangaba;Vale do Paraíba/Litoral Norte;Etec João Gomes de Araújo;068;Técnico;Gestão e Negócios;Gestão;Serviços Jurídicos (MNP);Noite;34;40;0,85;
São José dos Campos;Taubaté;Pindamonhangaba;Vale do Paraíba/Litoral Norte;Etec João Gomes de Araújo;068;Integrado;Gestão e Negócios;Gestão;Administração - MTec-PI;Manhã e Tarde;135;40;3,37;
São José dos Campos;Taubaté;Pindamonhangaba;Vale do Paraíba/Litoral Norte;Etec João Gomes de Araújo;068;Integrado;Informação e Comunicação;Informática;Desenvolvimento de Sistemas - MTec-PI ;Manhã e Tarde;144;40;3,60;
São José dos Campos;Taubaté;Pindamonhangaba;Vale do Paraíba/Litoral Norte;Etec João Gomes de Araújo;068;Integrado;Controle e Processos Industriais;Indústria;Mecânica - MTec-PI ;Manhã e Tarde;141;40;3,52;
São José dos Campos;Taubaté;Pindamonhangaba;Vale do Paraíba/Litoral Norte;Etec João Gomes de Araújo;068;Integrado;Ambiente e Saúde;Saúde;Nutrição e Dietética - MTec-PI;Manhã e Tarde;122;40;3,05;
São José dos Campos;Taubaté;Pindamonhangaba;Vale do Paraíba/Litoral Norte;Etec João Gomes de Araújo;068;Integrado;Gestão e Negócios;Gestão;Serviços Jurídicos - MTec-PI;Manhã e Tarde;117;40;2,92;
São José dos Campos;Taubaté;Pindamonhangaba;Vale do Paraíba/Litoral Norte;Etec João Gomes de Araújo / Fatec de Pindamonhangaba;068/133 - Etec/Fatec;Integrado;Gestão e Negócios;Gestão;Administração - MTec-AMS;Tarde;75;40;1,87;
São José dos Campos;Taubaté;Taubaté;Vale do Paraíba/Litoral Norte;Etec Doutor Geraldo José Rodrigues Alckmin;125;Integrado;Gestão e Negócios;Gestão;Administração - MTec-N;Noite;89;35;2,54;
São José dos Campos;Taubaté;Taubaté;Vale do Paraíba/Litoral Norte;Etec Doutor Geraldo José Rodrigues Alckmin;125;Integrado;Gestão e Negócios;Gestão;Administração - MTec-PI;Manhã e Tarde;204;35;5,82;
São José dos Campos;Taubaté;Taubaté;Vale do Paraíba/Litoral Norte;Etec Doutor Geraldo José Rodrigues Alckmin;125;Integrado;Informação e Comunicação;Informática;Informática para Internet - MTec-PI;Manhã e Tarde;203;35;5,80;
São José dos Campos;Taubaté;Taubaté;Vale do Paraíba/Litoral Norte;Etec Doutor Geraldo José Rodrigues Alckmin;125;Integrado;Gestão e Negócios;Gestão;Marketing - MTec-PI;Manhã e Tarde;150;35;4,28;
São José dos Campos;Taubaté;Taubaté;Vale do Paraíba/Litoral Norte;Etec Doutor Geraldo José Rodrigues Alckmin;125;Integrado;Gestão e Negócios;Gestão;Recursos Humanos - MTec-N;Noite;39;35;1,11;
São José dos Campos;Taubaté;Taubaté;Vale do Paraíba/Litoral Norte;Etec Doutor Geraldo José Rodrigues Alckmin;125;Integrado;Segurança;Saúde;Segurança do Trabalho - MTec-N;Noite;47;35;1,34;
São José dos Campos;Taubaté;Taubaté;Vale do Paraíba/Litoral Norte;Etec Doutor Geraldo José Rodrigues Alckmin;125;Integrado;Segurança;Saúde;Segurança do Trabalho - MTec-PI;Manhã e Tarde;99;35;2,82;
São José dos Campos;Taubaté;Taubaté;Vale do Paraíba/Litoral Norte;Etec Doutor Geraldo José Rodrigues Alckmin / Fatec de Taubaté;125/251 - Etec/Fatec;Integrado;Informação e Comunicação;Informática;Desenvolvimento de Sistemas - MTec;Manhã;296;40;7,40;
São José dos Campos;Taubaté;Taubaté;Vale do Paraíba/Litoral Norte;Etec Doutor Geraldo José Rodrigues Alckmin / Fatec de Taubaté;125/251 - Etec/Fatec;Integrado;Informação e Comunicação;Informática;Desenvolvimento de Sistemas - MTec-AMS;Tarde;113;40;2,82;
São José dos Campos;Taubaté;Taubaté;Vale do Paraíba/Litoral Norte;Etec Doutor Geraldo José Rodrigues Alckmin / Fatec de Taubaté;125/251 - Etec/Fatec;Integrado;Gestão e Negócios;Gestão;Logística - MTec;Tarde;107;40;2,67;
Sorocaba;Avaré;Avaré;Sorocaba;Etec Professor Fausto Mazzola;145;Técnico;Gestão e Negócios;Gestão;Contabilidade;Noite;33;35;0,94;
Sorocaba;Avaré;Avaré;Sorocaba;Etec Professor Fausto Mazzola;145;Integrado;Gestão e Negócios;Gestão;Administração - MTec-N;Noite;36;35;1,02;
Sorocaba;Avaré;Avaré;Sorocaba;Etec Professor Fausto Mazzola;145;Integrado;Gestão e Negócios;Gestão;Administração - MTec-PI;Manhã e Tarde;129;35;3,68;
Sorocaba;Avaré;Avaré;Sorocaba;Etec Professor Fausto Mazzola;145;Integrado;Ambiente e Saúde;Saúde;Nutrição e Dietética - MTec;Manhã;180;35;5,14;
Sorocaba;Avaré;Avaré;Sorocaba;Etec Professor Fausto Mazzola;145;Integrado;Informação e Comunicação;Informática;Programação de Jogos Digitais - MTec-PI;Manhã e Tarde;115;35;3,28;
Sorocaba;Avaré;Cerqueira Cesar;Sorocaba;Etec Prefeito José Esteves;072;Integrado;Recursos Naturais;Agropecuária;Agronegócio - MTec;Manhã;30;35;0,85;
Sorocaba;Avaré;Cerqueira Cesar;Sorocaba;Etec Prefeito José Esteves;072;Integrado;Recursos Naturais;Agropecuária;Agropecuária - MTec;Manhã;72;35;2,05;
Sorocaba;Botucatu;Botucatu;Sorocaba;Etec Doutor Domingos Minicucci Filho;051;Técnico;Ambiente e Saúde;Saúde;Enfermagem;Tarde;43;30;1,43;
Sorocaba;Botucatu;Botucatu;Sorocaba;Etec Doutor Domingos Minicucci Filho;051;Integrado;Gestão e Negócios;Gestão;Administração - MTec;Tarde;76;40;1,90;
Sorocaba;Botucatu;Botucatu;Sorocaba;Etec Doutor Domingos Minicucci Filho;051;Integrado;Gestão e Negócios;Gestão;Administração - MTec;Manhã;206;40;5,15;
Sorocaba;Botucatu;Botucatu;Sorocaba;Etec Doutor Domingos Minicucci Filho;051;Integrado;Informação e Comunicação;Informática;Desenvolvimento de Sistemas - MTec;Manhã;261;40;6,52;
Sorocaba;Botucatu;Botucatu;Sorocaba;Etec Doutor Domingos Minicucci Filho;051;Integrado;Informação e Comunicação;Informática;Desenvolvimento de Sistemas - Mtec-N;Noite;80;40;2,00;
Sorocaba;Botucatu;Botucatu;Sorocaba;Etec Doutor Domingos Minicucci Filho;051;Integrado;Controle e Processos Industriais;Indústria;Eletrotécnica - MTec-N;Noite;41;40;1,02;
Sorocaba;Botucatu;Botucatu;Sorocaba;Etec Doutor Domingos Minicucci Filho;051;Integrado;Controle e Processos Industriais;Indústria;Eletrônica - MTec;Manhã;86;40;2,15;
Sorocaba;Botucatu;Botucatu;Sorocaba;Etec Doutor Domingos Minicucci Filho;051;Integrado;Controle e Processos Industriais;Indústria;Mecatrônica - MTec;Tarde;83;40;2,07;
Sorocaba;Botucatu;Botucatu;Sorocaba;Etec Doutor Domingos Minicucci Filho;051;Integrado;Controle e Processos Industriais;Indústria;Mecânica - MTec;Manhã;121;40;3,02;
Sorocaba;Botucatu;Botucatu;Sorocaba;Etec Doutor Domingos Minicucci Filho;051;Integrado;Controle e Processos Industriais;Indústria;Mecânica - Mtec-N;Noite;66;40;1,65;
Sorocaba;Botucatu;Botucatu;Sorocaba;Etec Doutor Domingos Minicucci Filho;051;Integrado;Ambiente e Saúde;Saúde;Nutrição e Dietética - MTec;Manhã;223;40;5,57;
Sorocaba;Botucatu;Botucatu;Sorocaba;Etec Doutor Domingos Minicucci Filho;051;Integrado;Ambiente e Saúde;Saúde;Nutrição e Dietética - Mtec-N;Noite;85;40;2,12;
Sorocaba;Botucatu;Botucatu;Sorocaba;Etec Doutor Domingos Minicucci Filho;051;Integrado;Produção Industrial;Química;Química - Mtec-N;Noite;39;40;0,97;
Sorocaba;Botucatu;Botucatu;Sorocaba;Etec Doutor Domingos Minicucci Filho;051;Integrado;Segurança;Saúde;Segurança do Trabalho - MTec-N;Noite;36;40;0,90;
Sorocaba;Botucatu;São Manuel;Sorocaba;Etec Dona Sebastiana de Barros;102;Técnico;Produção Industrial;Química;Química;Noite;66;40;1,65;
Sorocaba;Botucatu;São Manuel;Sorocaba;Etec Dona Sebastiana de Barros;102;Integrado;Gestão e Negócios;Gestão;Administração - MTec-N;Noite;35;40;0,87;
Sorocaba;Botucatu;São Manuel;Sorocaba;Etec Dona Sebastiana de Barros;102;Integrado;Recursos Naturais;Agropecuária;Agropecuária - MTec;Manhã;141;40;3,52;
Sorocaba;Botucatu;São Manuel;Sorocaba;Etec Dona Sebastiana de Barros;102;Integrado;Recursos Naturais;Agropecuária;Agropecuária - MTec;Tarde;28;40;0,70;
Sorocaba;Botucatu;São Manuel;Sorocaba;Etec Dona Sebastiana de Barros;102;Integrado;Ambiente e Saúde;Meio Ambiente;Meio Ambiente - MTec;Manhã;81;40;2,02;
Sorocaba;Itapetininga;Alambari;Sorocaba;Etec Professor Edson Galvão (EMEIF Luciano José Ramos - Alambari);053.13 - Cd_Cps;Técnico;Gestão e Negócios;Gestão;Recursos Humanos;Noite;56;35;1,60;
Sorocaba;Itapetininga;Cerquilho;Sorocaba;Etec de Cerquilho;248;Técnico;Gestão e Negócios;Gestão;Contabilidade;Noite;36;40;0,90;
Sorocaba;Itapetininga;Cerquilho;Sorocaba;Etec de Cerquilho;248;Técnico;Gestão e Negócios;Gestão;Recursos Humanos;Noite;28;40;0,70;
Sorocaba;Itapetininga;Cerquilho;Sorocaba;Etec de Cerquilho;248;Integrado;Gestão e Negócios;Gestão;Administração - MTec-PI;Manhã e Tarde;243;80;3,03;
Sorocaba;Itapetininga;Cerquilho;Sorocaba;Etec de Cerquilho;248;Integrado;Informação e Comunicação;Informática;Desenvolvimento de Sistemas - Mtec-N;Noite;54;40;1,35;
Sorocaba;Itapetininga;Itapetininga;Sorocaba;Etec Darcy Pereira de Moraes;261;Técnico;Gestão e Negócios;Gestão;Administração;Noite;37;40;0,92;
Sorocaba;Itapetininga;Itapetininga;Sorocaba;Etec Darcy Pereira de Moraes;261;Integrado;Gestão e Negócios;Gestão;Administração - MTec;Manhã;204;40;5,09;
Sorocaba;Itapetininga;Itapetininga;Sorocaba;Etec Darcy Pereira de Moraes;261;Integrado;Gestão e Negócios;Gestão;Comércio Exterior - MTec;Tarde;50;40;1,25;
Sorocaba;Itapetininga;Itapetininga;Sorocaba;Etec Darcy Pereira de Moraes;261;Integrado;Informação e Comunicação;Informática;Desenvolvimento de Sistemas - Mtec-N;Noite;54;40;1,35;
Sorocaba;Itapetininga;Itapetininga;Sorocaba;Etec Darcy Pereira de Moraes;261;Integrado;Informação e Comunicação;Informática;Informática para Internet - MTec;Tarde;91;40;2,27;
Sorocaba;Itapetininga;Itapetininga;Sorocaba;Etec Darcy Pereira de Moraes;261;Integrado;Gestão e Negócios;Comércio;Marketing - MTec;Manhã;130;40;3,25;
Sorocaba;Itapetininga;Itapetininga;Sorocaba;Etec Darcy Pereira de Moraes;261;Integrado;Gestão e Negócios;Gestão;Recursos Humanos - MTec;Manhã;96;40;2,40;
Sorocaba;Itapetininga;Itapetininga;Sorocaba;Etec Darcy Pereira de Moraes;261;Integrado;Segurança;Saúde;Segurança do Trabalho - MTec-N;Noite;22;40;0,55;
Sorocaba;Itapetininga;Itapetininga;Sorocaba;Etec Darcy Pereira de Moraes;261;Integrado;Gestão e Negócios;Gestão;Serviços Jurídicos - MTec-N;Noite;82;40;2,04;
Sorocaba;Itapetininga;Itapetininga;Sorocaba;Etec Professor Edson Galvão;053;Técnico;Produção Industrial;Química;Química;Noite;47;35;1,34;
Sorocaba;Itapetininga;Itapetininga;Sorocaba;Etec Professor Edson Galvão;053;Integrado;Recursos Naturais;Agropecuária;Agronegócio - MTec-AMS;Manhã;60;40;1,50;
Sorocaba;Itapetininga;Itapetininga;Sorocaba;Etec Professor Edson Galvão;053;Integrado;Recursos Naturais;Agropecuária;Agropecuária - MTec;Manhã;154;40;3,85;
Sorocaba;Itapetininga;Itapetininga;Sorocaba;Etec Professor Edson Galvão;053;Integrado;Recursos Naturais;Agropecuária;Agropecuária - MTec;Tarde;48;40;1,20;
Sorocaba;Itapetininga;Itapetininga;Sorocaba;Etec Professor Edson Galvão;053;Integrado;Informação e Comunicação;Informática;Desenvolvimento de Sistemas - MTec-AMS;Manhã;75;40;1,87;
Sorocaba;Itapetininga;Itapetininga;Sorocaba;Etec Professor Edson Galvão;053;Integrado;Ambiente e Saúde;Saúde;Farmácia - MTec-N;Noite;54;40;1,35;
Sorocaba;Itapetininga;Itapetininga;Sorocaba;Etec Professor Edson Galvão;053;Integrado;Ambiente e Saúde;Saúde;Meio Ambiente - MTec-AMS;Manhã;50;40;1,25;
Sorocaba;Itapetininga;Itapetininga;Sorocaba;Etec Professor Edson Galvão;053;Integrado;Ambiente e Saúde;Saúde;Nutrição e Dietética - MTec;Manhã;83;40;2,07;
Sorocaba;Itapetininga;Itapetininga;Sorocaba;Etec Professor Edson Galvão;053;Integrado;Produção Industrial;Química;Química - MTec;Manhã;81;40;2,02;
Sorocaba;Itapetininga;Itapetininga;Sorocaba;Etec Professor Edson Galvão (Escola de Ensino Fundamental Santo Tomás de Aquino - Itapetininga);053.16 - Cd_Cps;Integrado;Gestão e Negócios;Gestão;Administração - MTec;Manhã;63;35;1,80;
Sorocaba;Itapetininga;São Miguel Arcanjo;Sorocaba;Etec Professor Edson Galvão (EMEIF Arani José da Silva - São Miguel Arcanjo);053.6 - Cd_Cps;Técnico;Turismo, Hospitalidade e Lazer;Turismo e Hospitalidade;Turismo Receptivo;Noite;37;35;1,05;
Sorocaba;Itapetininga;Tatuí;Sorocaba;Etec Sales Gomes;101;Técnico;Informação e Comunicação;Informática;Desenvolvimento de Sistemas;Noite;92;40;2,29;
Sorocaba;Itapetininga;Tatuí;Sorocaba;Etec Sales Gomes;101;Técnico;Controle e Processos Industriais;Indústria;Mecânica;Noite;77;40;1,92;
Sorocaba;Itapetininga;Tatuí;Sorocaba;Etec Sales Gomes;101;Técnico;Ambiente e Saúde;Meio Ambiente;Meio Ambiente;Noite;39;40;0,97;
Sorocaba;Itapetininga;Tatuí;Sorocaba;Etec Sales Gomes;101;Integrado;Gestão e Negócios;Gestão;Administração - MTec;Manhã;254;40;6,35;
Sorocaba;Itapetininga;Tatuí;Sorocaba;Etec Sales Gomes;101;Integrado;Informação e Comunicação;Informática;Desenvolvimento de Sistemas - MTec;Manhã;271;40;6,77;
Sorocaba;Itapetininga;Tatuí;Sorocaba;Etec Sales Gomes;101;Integrado;Ambiente e Saúde;Saúde;Farmácia - MTec;Tarde;146;40;3,65;
Sorocaba;Itapetininga;Tatuí;Sorocaba;Etec Sales Gomes;101;Integrado;Controle e Processos Industriais;Indústria;Mecatrônica - MTec;Tarde;65;40;1,62;
Sorocaba;Itapetininga;Tatuí;Sorocaba;Etec Sales Gomes;101;Integrado;Controle e Processos Industriais;Indústria;Mecatrônica - MTec-N;Noite;66;40;1,65;
Sorocaba;Itapetininga;Tatuí;Sorocaba;Etec Sales Gomes;101;Integrado;Controle e Processos Industriais;Indústria;Mecânica - MTec;Manhã;129;40;3,22;
Sorocaba;Itapetininga;Tatuí;Sorocaba;Etec Sales Gomes;101;Integrado;Ambiente e Saúde;Meio Ambiente;Meio Ambiente - MTec;Tarde;71;40;1,77;
Sorocaba;Itapetininga;Tatuí;Sorocaba;Etec Sales Gomes;101;Integrado;Ambiente e Saúde;Saúde;Nutrição e Dietética - MTec;Manhã;246;40;6,15;
Sorocaba;Itapetininga;Tatuí;Sorocaba;Etec Sales Gomes;101;Integrado;Produção Industrial;Química;Química - MTec;Manhã;124;40;3,10;
Sorocaba;Itapetininga;Tatuí;Sorocaba;Etec Sales Gomes / Fatec Professor Wilson Roberto Ribeiro de Camargo;101/132 - Etec/Fatec;Integrado;Gestão e Negócios;Gestão;Administração - MTec-AMS;Tarde;83;40;2,07;
Sorocaba;Itapetininga;Tatuí;Sorocaba;Etec Sales Gomes / Fatec Professor Wilson Roberto Ribeiro de Camargo;101/132 - Etec/Fatec;Integrado;Informação e Comunicação;Informática;Desenvolvimento de Sistemas - MTec-AMS;Tarde;106;40;2,65;
Sorocaba;Sorocaba;Alumínio;Sorocaba;Etec de São Roque (Univesp - Alumínio);116.3 - Cd_Cps;Técnico;Ambiente e Saúde;Saúde;Enfermagem;Manhã;39;30;1,30;
Sorocaba;Sorocaba;Alumínio;Sorocaba;Etec de São Roque (Univesp - Alumínio);116.3 - Cd_Cps;Integrado;Gestão e Negócios;Gestão;Administração - MTec-N;Noite;51;40;1,27;
Sorocaba;Sorocaba;Araçoiaba da Serra;Sorocaba;Etec Fernando Prestes (EM CIE Profº Osmar Giacomelli - Araçoiaba da Serra);016.4 - Cd_Cps;Técnico;Turismo, Hospitalidade e Lazer;Turismo e Hospitalidade;Hospedagem;Noite;65;40;1,62;
Sorocaba;Sorocaba;Ibiúna;Sorocaba;Etec de Mairinque (EE Maria Angerami Scalamandré);235.05 - Ext/Etec;Técnico;Gestão e Negócios;Gestão;Logística;Noite;37;35;1,05;
Sorocaba;Sorocaba;Iperó;Sorocaba;Etec Salles Gomes (EM Henory de Campos Goes - Iperó);101.7 - Cd_Cps;Técnico;Gestão e Negócios;Gestão;Administração;Noite;37;40;0,92;
Sorocaba;Sorocaba;Iperó;Sorocaba;Etec Salles Gomes (EM Henory de Campos Goes - Iperó);101.7 - Cd_Cps;Integrado;Gestão e Negócios;Gestão;Administração - MTec-N;Noite;38;40;0,95;
Sorocaba;Sorocaba;Itu;Sorocaba;Etec Martinho Di Ciero;086;;;;;Noite;42;35;1,20;
Sorocaba;Sorocaba;Itu;Sorocaba;Etec Martinho Di Ciero;086;Técnico;Produção Cultural e Design;Design;Design Gráfico;Noite;40;35;1,14;
Sorocaba;Sorocaba;Itu;Sorocaba;Etec Martinho Di Ciero;086;Integrado;Gestão e Negócios;Gestão;Administração - MTec-N;Noite;69;35;1,97;
Sorocaba;Sorocaba;Itu;Sorocaba;Etec Martinho Di Ciero;086;Integrado;Produção Cultural e Design;Design;Design de Interiores - MTec;Tarde;86;35;2,45;
Sorocaba;Sorocaba;Itu;Sorocaba;Etec Martinho Di Ciero;086;Integrado;Informação e Comunicação;Informática;Informática para Internet - MTec;Manhã;150;35;4,28;
Sorocaba;Sorocaba;Itu;Sorocaba;Etec Martinho Di Ciero;086;Integrado;Ambiente e Saúde;Meio Ambiente;Meio Ambiente - MTec;Manhã;99;35;2,82;
Sorocaba;Sorocaba;Itu;Sorocaba;Etec Martinho Di Ciero / Fatec Dom Amauri Castanho;086/178 - Etec/Fatec;Integrado;Gestão e Negócios;Gestão;Administração - MTec-AMS;Tarde;81;40;2,02;
Sorocaba;Sorocaba;Itu;Sorocaba;Etec Martinho Di Ciero / Fatec Dom Amauri Castanho;086/178 - Etec/Fatec;Integrado;Informação e Comunicação;Informática;Desenvolvimento de Sistemas - MTec-AMS;Tarde;142;40;3,55;
Sorocaba;Sorocaba;Mairinque;Sorocaba;Etec de Mairinque;235;Técnico;Gestão e Negócios;Gestão;Logística;Noite;54;35;1,54;
Sorocaba;Sorocaba;Mairinque;Sorocaba;Etec de Mairinque;235;Técnico;Produção Industrial;Química;Química;Noite;84;35;2,40;
Sorocaba;Sorocaba;Mairinque;Sorocaba;Etec de Mairinque;235;Integrado;Gestão e Negócios;Gestão;Administração - MTec;Manhã;220;35;6,28;
Sorocaba;Sorocaba;Mairinque;Sorocaba;Etec de Mairinque;235;Integrado;Gestão e Negócios;Gestão;Contabilidade - MTec;Tarde;65;35;1,85;
Sorocaba;Sorocaba;Mairinque;Sorocaba;Etec de Mairinque;235;Integrado;Gestão e Negócios;Gestão;Logística - MTec-PI;Manhã e Tarde;138;35;3,94;
Sorocaba;Sorocaba;Piedade;Sorocaba;Etec de Piedade;203;Integrado;Gestão e Negócios;Gestão;Administração - MTec-PI;Manhã e Tarde;126;40;3,15;
Sorocaba;Sorocaba;Piedade;Sorocaba;Etec de Piedade;203;Integrado;Recursos Naturais;Agropecuária;Agronegócio - MTec-N;Noite;61;40;1,52;
Sorocaba;Sorocaba;Piedade;Sorocaba;Etec de Piedade;203;Integrado;Produção Alimentícia;Química;Alimentos - MTec-PI;Manhã e Tarde;130;40;3,25;
Sorocaba;Sorocaba;Piedade;Sorocaba;Etec de Piedade;203;Integrado;Ambiente e Saúde;Meio Ambiente;Meio Ambiente - MTec-PI;Manhã e Tarde;75;40;1,87;
Sorocaba;Sorocaba;Pilar do Sul;Sorocaba;Etec de Piedade (EMEF Profª Hilda Holtz de Carvalho - Pilar do Sul);203.1 - Cd_Cps;Técnico;Gestão e Negócios;Gestão;Logística;Noite;34;40;0,85;
Sorocaba;Sorocaba;Porto Feliz;Sorocaba;Etec de Porto Feliz;289;Técnico;Gestão e Negócios;Gestão;Qualidade;Noite;48;35;1,37;
Sorocaba;Sorocaba;Porto Feliz;Sorocaba;Etec de Porto Feliz;289;Integrado;Gestão e Negócios;Gestão;Administração - MTec-PI;Manhã e Tarde;216;70;3,08;
Sorocaba;Sorocaba;Porto Feliz;Sorocaba;Etec de Porto Feliz;289;Integrado;Informação e Comunicação;Informática;Informática para Internet - MTec-N;Noite;41;35;1,17;
Sorocaba;Sorocaba;Porto Feliz;Sorocaba;Etec de Porto Feliz;289;Integrado;Gestão e Negócios;Gestão;Logística - Mtec-N;Noite;36;35;1,02;
Sorocaba;Sorocaba;Salto de Pirapora;Sorocaba;Etec Armando Pannunzio (EMEF Vereadora Célia Dias Batista dos Santos - Salto de Pirapora);264.1 - Cd_Cps;Técnico;Gestão e Negócios;Gestão;Logística;Noite;60;40;1,50;
Sorocaba;Sorocaba;Salto de Pirapora;Sorocaba;Etec Armando Pannunzio (EMEF Vereadora Célia Dias Batista dos Santos - Salto de Pirapora);264.1 - Cd_Cps;Integrado;Gestão e Negócios;Gestão;Administração - MTec-N;Noite;79;35;2,25;
Sorocaba;Sorocaba;São Roque;Sorocaba;Etec de São Roque;116;Técnico;Ambiente e Saúde;Saúde;Enfermagem;Tarde;55;30;1,83;
Sorocaba;Sorocaba;São Roque;Sorocaba;Etec de São Roque;116;Integrado;Gestão e Negócios;Gestão;Administração - MTec-N;Noite;124;35;3,54;
Sorocaba;Sorocaba;São Roque;Sorocaba;Etec de São Roque;116;Integrado;Informação e Comunicação;Informática;Informática - MTec;Manhã;398;35;11,37;
Sorocaba;Sorocaba;Sorocaba;Sorocaba;Etec Armando Pannunzio;264;Técnico;Controle e Processos Industriais;Indústria;Automação Industrial;Noite;53;40;1,32;
Sorocaba;Sorocaba;Sorocaba;Sorocaba;Etec Armando Pannunzio;264;Integrado;Gestão e Negócios;Gestão;Administração - MTec-PI;Manhã e Tarde;132;40;3,30;
Sorocaba;Sorocaba;Sorocaba;Sorocaba;Etec Armando Pannunzio;264;Integrado;Controle e Processos Industriais;Indústria;Automação Industrial - MTec-PI;Manhã e Tarde;112;40;2,80;
Sorocaba;Sorocaba;Sorocaba;Sorocaba;Etec Armando Pannunzio;264;Integrado;Gestão e Negócios;Gestão;Comércio Exterior - MTec-N;Noite;87;40;2,17;
Sorocaba;Sorocaba;Sorocaba;Sorocaba;Etec Armando Pannunzio;264;Integrado;Controle e Processos Industriais;Indústria;Eletroeletrônica - MTec-N;Noite;70;40;1,75;
Sorocaba;Sorocaba;Sorocaba;Sorocaba;Etec Armando Pannunzio;264;Integrado;Gestão e Negócios;Gestão;Recursos Humanos - MTec-PI;Manhã e Tarde;79;40;1,97;
Sorocaba;Sorocaba;Sorocaba;Sorocaba;Etec Fernando Prestes;016;Técnico;Gestão e Negócios;Gestão;Administração;Noite;83;40;2,07;
Sorocaba;Sorocaba;Sorocaba;Sorocaba;Etec Fernando Prestes;016;Técnico;Gestão e Negócios;Gestão;Contabilidade;Noite;38;40;0,95;
Sorocaba;Sorocaba;Sorocaba;Sorocaba;Etec Fernando Prestes;016;Técnico;Infraestrutura;Construção Civil;Desenho de Construção Civil;Noite;31;40;0,77;
Sorocaba;Sorocaba;Sorocaba;Sorocaba;Etec Fernando Prestes;016;Técnico;Informação e Comunicação;Informática;Desenvolvimento de Sistemas;Noite;121;40;3,02;
Sorocaba;Sorocaba;Sorocaba;Sorocaba;Etec Fernando Prestes;016;Técnico;Produção Cultural e Design;Design;Design de Interiores;Noite;51;40;1,27;
Sorocaba;Sorocaba;Sorocaba;Sorocaba;Etec Fernando Prestes;016;Técnico;Gestão e Negócios;Gestão;Logística;Noite;44;40;1,10;
Sorocaba;Sorocaba;Sorocaba;Sorocaba;Etec Fernando Prestes;016;Técnico;Gestão e Negócios;Gestão;Recursos Humanos;Noite;43;40;1,07;
Sorocaba;Sorocaba;Sorocaba;Sorocaba;Etec Fernando Prestes;016;Técnico;Segurança;Saúde;Segurança do Trabalho (MNP);Noite;53;40;1,32;
Sorocaba;Sorocaba;Sorocaba;Sorocaba;Etec Fernando Prestes;016;Integrado;Gestão e Negócios;Gestão;Administração - MTec;Manhã;395;40;9,87;
Sorocaba;Sorocaba;Sorocaba;Sorocaba;Etec Fernando Prestes;016;Integrado;Gestão e Negócios;Gestão;Administração - MTec;Tarde;72;40;1,80;
Sorocaba;Sorocaba;Sorocaba;Sorocaba;Etec Fernando Prestes;016;Integrado;Turismo, Hospitalidade e Lazer;Turismo e Hospitalidade;Agenciamento de Viagem - MTec;Manhã;134;40;3,35;
Sorocaba;Sorocaba;Sorocaba;Sorocaba;Etec Fernando Prestes;016;Integrado;Gestão e Negócios;Gestão;Contabilidade - MTec;Tarde;71;40;1,77;
Sorocaba;Sorocaba;Sorocaba;Sorocaba;Etec Fernando Prestes;016;Integrado;Informação e Comunicação;Informática;Desenvolvimento de Sistemas - MTec;Manhã;501;40;12,52;
Sorocaba;Sorocaba;Sorocaba;Sorocaba;Etec Fernando Prestes;016;Integrado;Infraestrutura;Construção Civil;Edificações - MTec;Manhã;195;40;4,87;
Sorocaba;Sorocaba;Sorocaba;Sorocaba;Etec Fernando Prestes;016;Integrado;Turismo, Hospitalidade e Lazer;Lazer e Desenvolvimento Social;Eventos - MTec;Manhã;231;40;5,77;
Sorocaba;Sorocaba;Sorocaba;Sorocaba;Etec Fernando Prestes;016;Integrado;Informação e Comunicação;Informática;Informática para Internet - MTec;Manhã;177;40;4,42;
Sorocaba;Sorocaba;Sorocaba;Sorocaba;Etec Fernando Prestes;016;Integrado;Gestão e Negócios;Comércio;Marketing - MTec;Tarde;160;40;4,00;
Sorocaba;Sorocaba;Sorocaba;Sorocaba;Etec Fernando Prestes;016;Integrado;Gestão e Negócios;Gestão;Recursos Humanos - MTec;Tarde;127;40;3,17;
Sorocaba;Sorocaba;Sorocaba;Sorocaba;Etec Fernando Prestes;016;Integrado;Gestão e Negócios;Gestão;Secretariado - MTec;Tarde;96;40;2,40;
Sorocaba;Sorocaba;Sorocaba;Sorocaba;Etec Fernando Prestes (EE João Clímaco de Camargo Pires);016.05 - Ext/Etec;Técnico;Gestão e Negócios;Gestão;Administração;Noite;38;35;1,08;
Sorocaba;Sorocaba;Sorocaba;Sorocaba;Etec Fernando Prestes (EE João Clímaco de Camargo Pires);016.05 - Ext/Etec;Técnico;Gestão e Negócios;Gestão;Qualidade;Noite;39;35;1,11;
Sorocaba;Sorocaba;Sorocaba;Sorocaba;Etec Fernando Prestes / Fatec José Crespo Gonzales;016/003 - Etec/Fatec;Integrado;Informação e Comunicação;Informática;Desenvolvimento de Sistemas - MTec-AMS;Tarde;227;40;5,67;
Sorocaba;Sorocaba;Sorocaba;Sorocaba;Etec Fernando Prestes / Fatec José Crespo Gonzales;016/003 - Etec/Fatec;Integrado;Gestão e Negócios;Gestão;Logística - MTec-AMS;Tarde;108;40;2,70;
Sorocaba;Sorocaba;Sorocaba;Sorocaba;Etec Rubens de Faria e Souza;017;Técnico;Produção Alimentícia;Química;Alimentos;Noite;70;40;1,75;
Sorocaba;Sorocaba;Sorocaba;Sorocaba;Etec Rubens de Faria e Souza;017;Técnico;Controle e Processos Industriais;Indústria;Eletrotécnica;Noite;116;40;2,90;
Sorocaba;Sorocaba;Sorocaba;Sorocaba;Etec Rubens de Faria e Souza;017;Técnico;Controle e Processos Industriais;Indústria;Eletrônica;Noite;68;40;1,70;
Sorocaba;Sorocaba;Sorocaba;Sorocaba;Etec Rubens de Faria e Souza;017;Técnico;Ambiente e Saúde;Saúde;Enfermagem;Tarde;100;30;3,33;
Sorocaba;Sorocaba;Sorocaba;Sorocaba;Etec Rubens de Faria e Souza;017;Técnico;Controle e Processos Industriais;Indústria;Mecatrônica;Noite;139;40;3,47;
Sorocaba;Sorocaba;Sorocaba;Sorocaba;Etec Rubens de Faria e Souza;017;Técnico;Controle e Processos Industriais;Indústria;Mecânica;Noite;106;40;2,65;
Sorocaba;Sorocaba;Sorocaba;Sorocaba;Etec Rubens de Faria e Souza;017;Técnico;Produção Industrial;Química;Química;Noite;81;40;2,02;
Sorocaba;Sorocaba;Sorocaba;Sorocaba;Etec Rubens de Faria e Souza;017;Integrado;Produção Alimentícia;Química;Alimentos - MTec ;Manhã;354;40;8,85;
Sorocaba;Sorocaba;Sorocaba;Sorocaba;Etec Rubens de Faria e Souza;017;Integrado;Controle e Processos Industriais;Indústria;Eletromecânica - MTec;Tarde;85;40;2,12;
Sorocaba;Sorocaba;Sorocaba;Sorocaba;Etec Rubens de Faria e Souza;017;Integrado;Controle e Processos Industriais;Indústria;Eletrotécnica - MTec;Tarde;80;40;2,00;
Sorocaba;Sorocaba;Sorocaba;Sorocaba;Etec Rubens de Faria e Souza;017;Integrado;Controle e Processos Industriais;Indústria;Eletrônica - MTec;Manhã;180;40;4,50;
Sorocaba;Sorocaba;Sorocaba;Sorocaba;Etec Rubens de Faria e Souza;017;Integrado;Controle e Processos Industriais;Indústria;Mecatrônica - MTec;Manhã;407;40;10,17;
Sorocaba;Sorocaba;Sorocaba;Sorocaba;Etec Rubens de Faria e Souza;017;Integrado;Controle e Processos Industriais;Indústria;Mecânica - MTec;Manhã;171;40;4,27;
Sorocaba;Sorocaba;Sorocaba;Sorocaba;Etec Rubens de Faria e Souza;017;Integrado;Ambiente e Saúde;Saúde;Nutrição e Dietética - MTec;Tarde;289;40;7,22;
Sorocaba;Sorocaba;Sorocaba;Sorocaba;Etec Rubens de Faria e Souza;017;Integrado;Produção Industrial;Química;Química - MTec;Manhã;302;40;7,55;
Sorocaba;Sorocaba;Sorocaba;Sorocaba;Etec Rubens de Faria e Souza;017;Integrado;Gestão e Negócios;Gestão;Serviços Jurídicos - MTec;Manhã;470;40;11,75;
Sorocaba;Sorocaba;Tietê;Sorocaba;Etec Doutor Nelson Alves Vianna;246;Técnico;Gestão e Negócios;Gestão;Recursos Humanos;Noite;28;40;0,70;
Sorocaba;Sorocaba;Tietê;Sorocaba;Etec Doutor Nelson Alves Vianna;246;Integrado;Gestão e Negócios;Gestão;Administração - MTec;Manhã;143;40;3,57;
Sorocaba;Sorocaba;Tietê;Sorocaba;Etec Doutor Nelson Alves Vianna;246;Integrado;Informação e Comunicação;Informática;Desenvolvimento de Sistemas - MTec;Manhã;85;40;2,12;
Sorocaba;Sorocaba;Tietê;Sorocaba;Etec Doutor Nelson Alves Vianna;246;Integrado;Produção Industrial;Química;Química - MTec;Tarde;86;35;2,45;
Sorocaba;Sorocaba;Votorantim;Sorocaba;Etec Professor Elias Miguel Júnior;197;Integrado;Gestão e Negócios;Gestão;Administração - MTec;Manhã;230;35;6,57;
Sorocaba;Sorocaba;Votorantim;Sorocaba;Etec Professor Elias Miguel Júnior;197;Integrado;Gestão e Negócios;Gestão;Administração - MTec-N;Noite;102;35;2,91;
Sorocaba;Sorocaba;Votorantim;Sorocaba;Etec Professor Elias Miguel Júnior;197;Integrado;Gestão e Negócios;Gestão;Contabilidade - MTec-N;Noite;19;35;0,54;
Sorocaba;Sorocaba;Votorantim;Sorocaba;Etec Professor Elias Miguel Júnior;197;Integrado;Gestão e Negócios;Gestão;Recursos Humanos - MTec;Manhã;132;35;3,77;
Sorocaba;Sorocaba;Votorantim;Sorocaba;Etec Professor Elias Miguel Júnior (EE Comendador Pereira Inácio);197.04 - Ext/Etec;Integrado;Gestão e Negócios;Gestão;Logística - Mtec-N;Noite;18;35;0,51;
Sorocaba;Sorocaba;Votorantim;Sorocaba;Etec Professor Elias Miguel Júnior / Fatec de Votorantim;197/301 - Etec/Fatec;Integrado;Informação e Comunicação;Informática;Desenvolvimento de Sistemas - MTec-AMS;Tarde;76;35;2,17;
