Região Administrativa;Região de Governo;Município;Núcleo Regional;Unidades do CEETEPS;Código;Tipo de Ensino;Eixo Tecnológico/Educação Básica;Área Profissional;Curso/Habilitação;Período;Inscritos;Vagas;Demanda
Araçatuba;Andradina;Andradina;Bauru/Araçatuba;Etec Sebastiana Augusta de Moraes;028;Técnico;Recursos Naturais;Agropecuária;Zootecnia;Noite;73;40;1,82;
Araçatuba;Andradina;Andradina;Bauru/Araçatuba;Etec Sebastiana Augusta de Moraes;028;Integrado;Recursos Naturais;Agropecuária;Agropecuária (Alternância) - MTec-PI ;Manhã e Tarde;52;40;1,30;
Araçatuba;Andradina;Andradina;Bauru/Araçatuba;Etec Sebastiana Augusta de Moraes;028;Integrado;Recursos Naturais;Agropecuária;Agropecuária - MTec-PI;Manhã e Tarde;78;40;1,95;
Araçatuba;Andradina;Andradina;Bauru/Araçatuba;Etec Sebastiana Augusta de Moraes (EE Doutor Alvaro Guião);028.05 - Ext/Etec;Técnico;Informação e Comunicação;Informática;Informática para Internet;Noite;53;40;1,32;
Araçatuba;Andradina;Andradina;Bauru/Araçatuba;Etec Sebastiana Augusta de Moraes (EE Doutor Alvaro Guião);028.05 - Ext/Etec;Técnico;Gestão e Negócios;Gestão;Recursos Humanos;Noite;44;40;1,10;
Araçatuba;Andradina;Andradina;Bauru/Araçatuba;Etec Sebastiana Augusta de Moraes (EM Fundação Educacional de Andradina - Andradina);028.5 - Cd_Cps;Integrado;Gestão e Negócios;Gestão;Administração - MTec-N;Noite;64;40;1,60;
Araçatuba;Andradina;Castilho;Bauru/Araçatuba;Etec Sebastiana Augusta de Moraes (EMEF Dr Youssef Neif Kassab - Castilho);028.2 - Cd_Cps;Integrado;Informação e Comunicação;Informática;Desenvolvimento de Sistemas - Mtec-N;Noite;70;40;1,75;
Araçatuba;Andradina;Castilho;Bauru/Araçatuba;Etec Sebastiana Augusta de Moraes (EMEIEF Professora Maria Dauria Silva Oliveira - Castilho);028.7 - Cd_Cps;Integrado;Recursos Naturais;Agropecuária;Agronegócio - MTec-PI;Manhã e Tarde;52;40;1,30;
Araçatuba;Andradina;Ilha Solteira;Bauru/Araçatuba;Etec de Ilha Solteira;065;Médio;Educação Básica;Educação Básica - Ensino Médio;Ensino Médio com Itinerário Formativo de Ciências da Natureza e suas Tecnologias;Manhã;89;40;2,22;
Araçatuba;Andradina;Ilha Solteira;Bauru/Araçatuba;Etec de Ilha Solteira;065;Técnico;Controle e Processos Industriais;Indústria;Eletrotécnica;Noite;119;40;2,97;
Araçatuba;Andradina;Ilha Solteira;Bauru/Araçatuba;Etec de Ilha Solteira;065;Técnico;Ambiente e Saúde;Saúde;Enfermagem;Noite;71;40;1,77;
Araçatuba;Andradina;Ilha Solteira;Bauru/Araçatuba;Etec de Ilha Solteira;065;Integrado;Gestão e Negócios;Gestão;Administração - MTec;Manhã;142;40;3,55;
Araçatuba;Andradina;Ilha Solteira;Bauru/Araçatuba;Etec de Ilha Solteira;065;Integrado;Informação e Comunicação;Informática;Desenvolvimento de Sistemas - MTec-PI ;Manhã e Tarde;155;40;3,87;
Araçatuba;Andradina;Ilha Solteira;Bauru/Araçatuba;Etec de Ilha Solteira (EE Urubupungá);065.02 - Ext/Etec;Técnico;Gestão e Negócios;Gestão;Serviços Jurídicos;Noite;55;40;1,37;
Araçatuba;Andradina;Itapura;Bauru/Araçatuba;Etec de Ilha Solteira (Núcleo de Serviços Municipais - Itapura);065.3 - Cd_Cps;Técnico;Gestão e Negócios;Gestão;Contabilidade;Noite;43;40;1,07;
Araçatuba;Andradina;Mirandópolis;Bauru/Araçatuba;Etec Sebastiana Augusta de Moraes (EMEF Professor Hélio Faria - Mirandópolis);028.8 - Cd_Cps;Técnico;Ambiente e Saúde;Saúde;Enfermagem;Noite;75;40;1,87;
Araçatuba;Andradina;Mirandópolis;Bauru/Araçatuba;Etec Sebastiana Augusta de Moraes (EMEF Professor Hélio Faria - Mirandópolis);028.8 - Cd_Cps;Integrado;Gestão e Negócios;Gestão;Administração - MTec-N;Noite;60;40;1,50;
Araçatuba;Andradina;Pereira Barreto;Bauru/Araçatuba;Etec de Ilha Solteira (EE Cel. Francisco Schmidt);065.01 - Ext/Etec;Técnico;Gestão e Negócios;Gestão;Recursos Humanos;Noite;67;40;1,67;
Araçatuba;Araçatuba;Araçatuba;Bauru/Araçatuba;Etec de Araçatuba;165;Médio;Educação Básica;Educação Básica - Ensino Médio;Ensino Médio com Itinerário Formativo de Ciências Humanas e Sociais Aplicadas;Manhã;209;40;5,22;
Araçatuba;Araçatuba;Araçatuba;Bauru/Araçatuba;Etec de Araçatuba;165;Médio;Educação Básica;Educação Básica - Ensino Médio;Ensino Médio com Itinerário Formativo de Matemática e suas Tecnologias;Manhã;206;40;5,15;
Araçatuba;Araçatuba;Araçatuba;Bauru/Araçatuba;Etec de Araçatuba;165;Técnico;Produção Industrial;Química;Química;Noite;62;40;1,55;
Araçatuba;Araçatuba;Araçatuba;Bauru/Araçatuba;Etec de Araçatuba;165;Integrado;Gestão e Negócios;Gestão;Administração - MTec-N;Noite;85;40;2,12;
Araçatuba;Araçatuba;Araçatuba;Bauru/Araçatuba;Etec de Araçatuba;165;Integrado;Produção Industrial;Química;Química - MTec;Tarde;63;40;1,57;
Araçatuba;Araçatuba;Araçatuba;Bauru/Araçatuba;Etec de Araçatuba (EE Manoel Bento da Cruz);165.01 - Ext/Etec;Técnico;Gestão e Negócios;Gestão;Administração;Noite;63;40;1,57;
Araçatuba;Araçatuba;Araçatuba;Bauru/Araçatuba;Etec de Araçatuba (EE Manoel Bento da Cruz);165.01 - Ext/Etec;Técnico;Informação e Comunicação;Informática;Desenvolvimento de Sistemas;Noite;62;40;1,55;
Araçatuba;Araçatuba;Araçatuba;Bauru/Araçatuba;Etec de Araçatuba / Faculdade de Tecnologia Professor Fernando Amaral de Almeida Prado;165/177 - Etec/Fatec;Integrado;Informação e Comunicação;Informática;Desenvolvimento de Sistemas - MTec-AMS;Tarde;122;40;3,05;
Araçatuba;Araçatuba;Barbosa;Bauru/Araçatuba;Etec João Jorge Geraissate (EMEF Gabriel José Martins - Barbosa);069.4 - Cd_Cps;Técnico;Gestão e Negócios;Comércio;Marketing;Noite;41;35;1,17;
Araçatuba;Araçatuba;Birigui;Bauru/Araçatuba;Etec Doutor Renato Cordeiro;123;Médio;Educação Básica;Educação Básica - Ensino Médio;Ensino Médio com Itinerário Formativo de Ciências Humanas e Sociais Aplicadas;Manhã;131;40;3,27;
Araçatuba;Araçatuba;Birigui;Bauru/Araçatuba;Etec Doutor Renato Cordeiro;123;Médio;Educação Básica;Educação Básica - Ensino Médio;Ensino Médio com Itinerário Formativo de Linguagens e suas Tecnologias;Tarde;77;40;1,92;
Araçatuba;Araçatuba;Birigui;Bauru/Araçatuba;Etec Doutor Renato Cordeiro;123;Técnico;Ambiente e Saúde;Saúde;Enfermagem;Noite;149;40;3,72;
Araçatuba;Araçatuba;Birigui;Bauru/Araçatuba;Etec Doutor Renato Cordeiro;123;Técnico;Gestão e Negócios;Gestão;Recursos Humanos;Noite;65;40;1,62;
Araçatuba;Araçatuba;Birigui;Bauru/Araçatuba;Etec Doutor Renato Cordeiro;123;Integrado;Gestão e Negócios;Gestão;Administração - MTec;Manhã;309;40;7,72;
Araçatuba;Araçatuba;Birigui;Bauru/Araçatuba;Etec Doutor Renato Cordeiro;123;Integrado;Gestão e Negócios;Gestão;Comércio Exterior - MTec;Tarde;68;40;1,70;
Araçatuba;Araçatuba;Birigui;Bauru/Araçatuba;Etec Doutor Renato Cordeiro;123;Integrado;Informação e Comunicação;Informática;Informática para Internet - MTec (MNP);Tarde;76;40;1,90;
Araçatuba;Araçatuba;Birigui;Bauru/Araçatuba;Etec Doutor Renato Cordeiro;123;Integrado;Ambiente e Saúde;Meio Ambiente;Meio Ambiente - MTec (MNP);Manhã;110;40;2,75;
Araçatuba;Araçatuba;Guararapes;Bauru/Araçatuba;Etec de Araçatuba (EM Prof. Celso Geraldo Queiroz - Guararapes);165.3 - Cd_Cps;Técnico;Segurança;Saúde;Segurança do Trabalho;Noite;69;40;1,72;
Araçatuba;Araçatuba;Guararapes;Bauru/Araçatuba;Etec de Araçatuba (EM Prof. Celso Geraldo Queiroz - Guararapes);165.3 - Cd_Cps;Integrado;Informação e Comunicação;Informática;Desenvolvimento de Sistemas - MTec;Manhã;85;40;2,12;
Araçatuba;Araçatuba;Penápolis;Bauru/Araçatuba;Etec João Jorge Geraissate;069;Integrado;Recursos Naturais;Agropecuária;Agropecuária - MTec-PI;Manhã e Tarde;98;70;1,40;
Araçatuba;Araçatuba;Penápolis;Bauru/Araçatuba;Etec João Jorge Geraissate (EE Adelino Peters);069.01 - Ext/Etec;Técnico;Recursos Naturais;Agropecuária;Agronegócio;Noite;37;35;1,05;
Araçatuba;Araçatuba;Valparaíso;Bauru/Araçatuba;Etec Sebastiana Augusta de Moraes (EE Vicente Barbosa);028.03 - Ext/Etec;Técnico;Gestão e Negócios;Gestão;Logística;Noite;67;40;1,67;
Barretos;Barretos;Barretos;Ribeirão Preto/Franca/Barretos;Etec Coronel Raphael Brandão;108;Técnico;Segurança;Indústria;Defesa Civil;Noite;31;40;0,77;
Barretos;Barretos;Barretos;Ribeirão Preto/Franca/Barretos;Etec Coronel Raphael Brandão;108;Técnico;Controle e Processos Industriais;Indústria;Mecânica;Noite;59;40;1,47;
Barretos;Barretos;Barretos;Ribeirão Preto/Franca/Barretos;Etec Coronel Raphael Brandão;108;Integrado;Gestão e Negócios;Gestão;Administração - MTec-N;Noite;42;40;1,05;
Barretos;Barretos;Barretos;Ribeirão Preto/Franca/Barretos;Etec Coronel Raphael Brandão;108;Integrado;Gestão e Negócios;Gestão;Administração - MTec-PI;Manhã e Tarde;202;40;5,05;
Barretos;Barretos;Barretos;Ribeirão Preto/Franca/Barretos;Etec Coronel Raphael Brandão;108;Integrado;Informação e Comunicação;Informática;Desenvolvimento de Sistemas - Mtec-N;Noite;62;40;1,55;
Barretos;Barretos;Barretos;Ribeirão Preto/Franca/Barretos;Etec Coronel Raphael Brandão;108;Integrado;Informação e Comunicação;Informática;Desenvolvimento de Sistemas - MTec-PI ;Manhã e Tarde;200;40;5,00;
Barretos;Barretos;Barretos;Ribeirão Preto/Franca/Barretos;Etec Coronel Raphael Brandão;108;Integrado;Ambiente e Saúde;Meio Ambiente;Meio Ambiente - MTec-PI;Manhã e Tarde;91;40;2,27;
Barretos;Barretos;Barretos;Ribeirão Preto/Franca/Barretos;Etec Coronel Raphael Brandão;108;Integrado;Ambiente e Saúde;Saúde;Nutrição e Dietética - Mtec-N;Noite;53;40;1,32;
Barretos;Barretos;Barretos;Ribeirão Preto/Franca/Barretos;Etec Coronel Raphael Brandão;108;Integrado;Ambiente e Saúde;Saúde;Nutrição e Dietética - MTec-PI;Manhã e Tarde;198;40;4,95;
Barretos;Barretos;Barretos;Ribeirão Preto/Franca/Barretos;Etec Coronel Raphael Brandão;108;Integrado;Produção Industrial;Química;Química - MTec-PI;Manhã e Tarde;78;40;1,95;
Barretos;Barretos;Barretos;Ribeirão Preto/Franca/Barretos;Etec Coronel Raphael Brandão (EE Doutor Antonio Olympio);108.01 - Ext/Etec;Técnico;Gestão e Negócios;Gestão;Serviços Públicos;Noite;71;40;1,77;
Barretos;Barretos;Bebedouro;Ribeirão Preto/Franca/Barretos;Etec Professor Ídio Zucchi;151;Técnico;Controle e Processos Industriais;Indústria;Mecânica;Noite;63;40;1,57;
Barretos;Barretos;Bebedouro;Ribeirão Preto/Franca/Barretos;Etec Professor Ídio Zucchi;151;Técnico;Gestão e Negócios;Gestão;Recursos Humanos;Noite;51;40;1,27;
Barretos;Barretos;Bebedouro;Ribeirão Preto/Franca/Barretos;Etec Professor Ídio Zucchi;151;Integrado;Gestão e Negócios;Gestão;Administração - MTec-PI;Manhã e Tarde;169;40;4,22;
Barretos;Barretos;Bebedouro;Ribeirão Preto/Franca/Barretos;Etec Professor Ídio Zucchi;151;Integrado;Informação e Comunicação;Informática;Informática - MTec-PI;Manhã e Tarde;148;40;3,70;
Barretos;Barretos;Bebedouro;Ribeirão Preto/Franca/Barretos;Etec Professor Ídio Zucchi;151;Integrado;Informação e Comunicação;Informática;Informática para Internet - MTec-N;Noite;53;40;1,32;
Barretos;Barretos;Bebedouro;Ribeirão Preto/Franca/Barretos;Etec Professor Ídio Zucchi;151;Integrado;Gestão e Negócios;Comércio;Marketing - MTec;Manhã;181;40;4,52;
Barretos;Barretos;Bebedouro;Ribeirão Preto/Franca/Barretos;Etec Professor Ídio Zucchi;151;Integrado;Gestão e Negócios;Gestão;Recursos Humanos - MTec;Manhã;162;40;4,05;
Barretos;Barretos;Bebedouro;Ribeirão Preto/Franca/Barretos;Etec Professor Ídio Zucchi;151;Integrado;Gestão e Negócios;Gestão;Serviços Jurídicos - MTec-N;Noite;59;40;1,47;
Barretos;Barretos;Bebedouro;Ribeirão Preto/Franca/Barretos;Etec Professor Ídio Zucchi (Fundação Coopercitrus/Credicitrus - Bebedouro);151.8 - Cd_Cps;Técnico;Recursos Naturais;Agropecuária;Agricultura;Noite;76;40;1,90;
Barretos;Barretos;Guaíra;Ribeirão Preto/Franca/Barretos;Etec de Guaíra;304;Técnico;Recursos Naturais;Agropecuária;Agronegócio;Noite;55;40;1,37;
Barretos;Barretos;Guaíra;Ribeirão Preto/Franca/Barretos;Etec de Guaíra;304;Integrado;Gestão e Negócios;Gestão;Administração - MTec-PI;Manhã e Tarde;75;40;1,87;
Barretos;Barretos;Guaíra;Ribeirão Preto/Franca/Barretos;Etec de Guaíra;304;Integrado;Informação e Comunicação;Informática;Desenvolvimento de Sistemas - MTec-PI ;Manhã e Tarde;76;40;1,90;
Barretos;Barretos;Guaíra;Ribeirão Preto/Franca/Barretos;Etec de Guaíra;304;Integrado;Segurança;Saúde;Segurança do Trabalho - MTec-N;Noite;41;40;1,02;
Barretos;Barretos;Olímpia;Ribeirão Preto/Franca/Barretos;Etec Professor José Carlos Seno Junior;232;Integrado;Gestão e Negócios;Gestão;Administração - MTec-N;Noite;89;40;2,22;
Barretos;Barretos;Olímpia;Ribeirão Preto/Franca/Barretos;Etec Professor José Carlos Seno Junior;232;Integrado;Gestão e Negócios;Gestão;Administração - MTec-PI;Manhã e Tarde;196;40;4,90;
Barretos;Barretos;Olímpia;Ribeirão Preto/Franca/Barretos;Etec Professor José Carlos Seno Junior;232;Integrado;Informação e Comunicação;Informática;Desenvolvimento de Sistemas - Mtec-N;Noite;71;40;1,77;
Barretos;Barretos;Olímpia;Ribeirão Preto/Franca/Barretos;Etec Professor José Carlos Seno Junior;232;Integrado;Informação e Comunicação;Informática;Desenvolvimento de Sistemas - MTec-PI ;Manhã e Tarde;156;40;3,90;
Barretos;Barretos;Olímpia;Ribeirão Preto/Franca/Barretos;Etec Professor José Carlos Seno Junior;232;Integrado;Produção Industrial;Química;Química - Mtec-N;Noite;64;40;1,60;
Barretos;Barretos;Olímpia;Ribeirão Preto/Franca/Barretos;Etec Professor José Carlos Seno Junior;232;Integrado;Produção Industrial;Química;Química - MTec-PI;Manhã e Tarde;156;40;3,90;
Bauru;Bauru;Agudos;Bauru/Araçatuba;Etec Rodrigues de Abreu (Centro Municipal de Formação Profissional de Agudos);135.1 - Cd_Cps;Técnico;Gestão e Negócios;Gestão;Administração;Noite;46;40;1,14;
Bauru;Bauru;Bauru;Bauru/Araçatuba;Etec Astor de Mattos Carvalho (EE Prof. Christino Cabral);038.01 - Ext/Etec;Técnico;Gestão e Negócios;Gestão;Administração;Noite;125;40;3,12;
Bauru;Bauru;Bauru;Bauru/Araçatuba;Etec Astor de Mattos Carvalho (EE Prof. Christino Cabral);038.01 - Ext/Etec;Técnico;Gestão e Negócios;Gestão;Contabilidade;Noite;84;40;2,10;
Bauru;Bauru;Bauru;Bauru/Araçatuba;Etec Rodrigues de Abreu;135;Médio;Educação Básica;Educação Básica - Ensino Médio;Ensino Médio com Itinerário Formativo de Ciências Humanas e Sociais Aplicadas;Manhã;212;35;6,05;
Bauru;Bauru;Bauru;Bauru/Araçatuba;Etec Rodrigues de Abreu;135;Técnico;Gestão e Negócios;Gestão;Administração;Noite;75;40;1,87;
Bauru;Bauru;Bauru;Bauru/Araçatuba;Etec Rodrigues de Abreu;135;Técnico;Informação e Comunicação;Informática;Desenvolvimento de Sistemas;Noite;83;40;2,07;
Bauru;Bauru;Bauru;Bauru/Araçatuba;Etec Rodrigues de Abreu;135;Técnico;Ambiente e Saúde;Saúde;Enfermagem;Manhã;123;40;3,07;
Bauru;Bauru;Bauru;Bauru/Araçatuba;Etec Rodrigues de Abreu;135;Técnico;Segurança;Saúde;Segurança do Trabalho (MNP);Noite;83;40;2,07;
Bauru;Bauru;Bauru;Bauru/Araçatuba;Etec Rodrigues de Abreu;135;Integrado;Gestão e Negócios;Gestão;Administração - MTec-N;Noite;103;40;2,57;
Bauru;Bauru;Bauru;Bauru/Araçatuba;Etec Rodrigues de Abreu;135;Integrado;Gestão e Negócios;Gestão;Administração - MTec-PI;Manhã e Tarde;281;40;7,02;
Bauru;Bauru;Bauru;Bauru/Araçatuba;Etec Rodrigues de Abreu;135;Integrado;Informação e Comunicação;Informática;Desenvolvimento de Sistemas - MTec-PI ;Manhã e Tarde;387;40;9,67;
Bauru;Bauru;Bauru;Bauru/Araçatuba;Etec Rodrigues de Abreu;135;Integrado;Informação e Comunicação;Informática;Informática para Internet - MTec;Tarde;198;40;4,95;
Bauru;Bauru;Bauru;Bauru/Araçatuba;Etec Rodrigues de Abreu;135;Integrado;Gestão e Negócios;Gestão;Serviços Jurídicos - MTec;Tarde;210;40;5,25;
Bauru;Bauru;Bauru;Bauru/Araçatuba;Etec Rodrigues de Abreu (EE Ernesto Monte);135.01 - Ext/Etec;Técnico;Gestão e Negócios;Gestão;Transações Imobiliárias;Noite;45;40;1,12;
Bauru;Bauru;Bauru;Bauru/Araçatuba;Etec Rodrigues de Abreu (Faculdade de Odontologia de Bauru da USP - Bauru);135.3 - Cd_Cps;Técnico;Ambiente e Saúde;Saúde;Saúde Bucal;Noite;59;40;1,47;
Bauru;Bauru;Bauru;Bauru/Araçatuba;Etec Rodrigues de Abreu / Fatec de Bauru;135/196 - Etec/Fatec;Integrado;Informação e Comunicação;Informática;Desenvolvimento de Sistemas - MTec-AMS;Tarde;136;40;3,40;
Bauru;Bauru;Bauru;Bauru/Araçatuba;Etec Rodrigues de Abreu / Fatec de Bauru;135/196 - Etec/Fatec;Integrado;Controle e Processos Industriais;Indústria;Mecatrônica - MTec-AMS;Manhã;223;40;5,57;
Bauru;Bauru;Cabrália Paulista;Bauru/Araçatuba;Etec Astor de Mattos Carvalho;038;Técnico;Informação e Comunicação;Informática;Informática;Noite;61;35;1,74;
Bauru;Bauru;Cabrália Paulista;Bauru/Araçatuba;Etec Astor de Mattos Carvalho;038;Integrado;Recursos Naturais;Agropecuária;Agropecuária - MTec-PI;Manhã e Tarde;116;35;3,31;
Bauru;Bauru;Cabrália Paulista;Bauru/Araçatuba;Etec Astor de Mattos Carvalho;038;Integrado;Informação e Comunicação;Informática;Informática para Internet - MTec-PI;Manhã e Tarde;67;35;1,91;
Bauru;Bauru;Cabrália Paulista;Bauru/Araçatuba;Etec Astor de Mattos Carvalho;038;Integrado;Produção Industrial;Química;Química - MTec-PI;Manhã e Tarde;46;35;1,31;
Bauru;Bauru;Lençóis Paulista;Bauru/Araçatuba;Etec Cidade do Livro;244;Técnico;Gestão e Negócios;Gestão;Logística;Noite;66;40;1,65;
Bauru;Bauru;Lençóis Paulista;Bauru/Araçatuba;Etec Cidade do Livro;244;Técnico;Produção Industrial;Química;Química;Noite;107;40;2,67;
Bauru;Bauru;Lençóis Paulista;Bauru/Araçatuba;Etec Cidade do Livro;244;Integrado;Gestão e Negócios;Gestão;Administração - MTec-PI;Manhã e Tarde;169;40;4,22;
Bauru;Bauru;Lençóis Paulista;Bauru/Araçatuba;Etec Cidade do Livro;244;Integrado;Informação e Comunicação;Informática;Desenvolvimento de Sistemas - MTec-PI ;Manhã e Tarde;163;40;4,07;
Bauru;Bauru;Lençóis Paulista;Bauru/Araçatuba;Etec Cidade do Livro;244;Integrado;Infraestrutura;Construção Civil;Edificações - Mtec-N;Noite;83;40;2,07;
Bauru;Bauru;Lençóis Paulista;Bauru/Araçatuba;Etec Cidade do Livro;244;Integrado;Gestão e Negócios;Comércio;Marketing - MTec;Manhã;116;40;2,90;
Bauru;Bauru;Lençóis Paulista;Bauru/Araçatuba;Etec Cidade do Livro (EE Virgilio Capoani);244.01 - Ext/Etec;Técnico;Gestão e Negócios;Gestão;Administração;Noite;66;35;1,88;
Bauru;Bauru;Pederneiras;Bauru/Araçatuba;Etec Professor Urias Ferreira (EE Anchieta);090.01 - Ext/Etec;Técnico;Gestão e Negócios;Gestão;Administração;Noite;41;40;1,02;
Bauru;Jaú;Barra Bonita;Bauru/Araçatuba;Etec Comendador João Rays;040;Médio;Educação Básica;Educação Básica - Ensino Médio;Ensino Médio com Itinerário Formativo de Linguagens e suas Tecnologias;Manhã;169;35;4,82;
Bauru;Jaú;Barra Bonita;Bauru/Araçatuba;Etec Comendador João Rays;040;Técnico;Gestão e Negócios;Gestão;Administração;Noite;52;40;1,30;
Bauru;Jaú;Barra Bonita;Bauru/Araçatuba;Etec Comendador João Rays;040;Técnico;Informação e Comunicação;Informática;Informática para Internet;Noite;66;40;1,65;
Bauru;Jaú;Barra Bonita;Bauru/Araçatuba;Etec Comendador João Rays;040;Integrado;Gestão e Negócios;Gestão;Administração - MTec-N;Noite;73;35;2,08;
Bauru;Jaú;Barra Bonita;Bauru/Araçatuba;Etec Comendador João Rays;040;Integrado;Informação e Comunicação;Informática;Informática para Internet - MTec-PI;Manhã e Tarde;126;35;3,60;
Bauru;Jaú;Itapuí;Bauru/Araçatuba;Etec Joaquim Ferreira do Amaral (EMEF Manuel Rodrigues Ferreira - Itapuí);070.4 - Cd_Cps;Técnico;Gestão e Negócios;Gestão;Administração;Noite;76;40;1,90;
Bauru;Jaú;Jaú;Bauru/Araçatuba;Etec Joaquim Ferreira do Amaral;070;Técnico;Gestão e Negócios;Gestão;Administração;Noite;55;40;1,37;
Bauru;Jaú;Jaú;Bauru/Araçatuba;Etec Joaquim Ferreira do Amaral;070;Técnico;Informação e Comunicação;Informática;Desenvolvimento de Sistemas;Noite;83;40;2,07;
Bauru;Jaú;Jaú;Bauru/Araçatuba;Etec Joaquim Ferreira do Amaral;070;Técnico;Controle e Processos Industriais;Indústria;Eletrotécnica;Noite;49;40;1,22;
Bauru;Jaú;Jaú;Bauru/Araçatuba;Etec Joaquim Ferreira do Amaral;070;Técnico;Ambiente e Saúde;Saúde;Enfermagem;Noite;96;40;2,40;
Bauru;Jaú;Jaú;Bauru/Araçatuba;Etec Joaquim Ferreira do Amaral;070;Técnico;Controle e Processos Industriais;Indústria;Mecânica;Noite;53;40;1,32;
Bauru;Jaú;Jaú;Bauru/Araçatuba;Etec Joaquim Ferreira do Amaral;070;Técnico;Segurança;Saúde;Segurança do Trabalho;Noite;42;40;1,05;
Bauru;Jaú;Jaú;Bauru/Araçatuba;Etec Joaquim Ferreira do Amaral;070;Integrado;Gestão e Negócios;Gestão;Administração - MTec-PI;Manhã e Tarde;217;40;5,42;
Bauru;Jaú;Jaú;Bauru/Araçatuba;Etec Joaquim Ferreira do Amaral;070;Integrado;Infraestrutura;Construção Civil;Edificações - Mtec-N;Noite;32;40;0,80;
Bauru;Jaú;Jaú;Bauru/Araçatuba;Etec Joaquim Ferreira do Amaral;070;Integrado;Infraestrutura;Construção Civil;Edificações - MTec-PI;Manhã e Tarde;124;40;3,10;
Bauru;Jaú;Jaú;Bauru/Araçatuba;Etec Joaquim Ferreira do Amaral;070;Integrado;Informação e Comunicação;Informática;Informática - MTec-PI;Manhã e Tarde;218;40;5,45;
Bauru;Jaú;Jaú;Bauru/Araçatuba;Etec Joaquim Ferreira do Amaral;070;Integrado;Gestão e Negócios;Comércio;Marketing - MTec;Tarde;49;40;1,22;
Bauru;Jaú;Jaú;Bauru/Araçatuba;Etec Joaquim Ferreira do Amaral;070;Integrado;Controle e Processos Industriais;Indústria;Mecatrônica - MTec-AMS;Manhã;109;40;2,72;
Bauru;Jaú;Jaú;Bauru/Araçatuba;Etec Joaquim Ferreira do Amaral;070;Integrado;Gestão e Negócios;Gestão;Recursos Humanos - MTec-N;Noite;37;40;0,92;
Bauru;Jaú;Jaú;Bauru/Araçatuba;Etec Professor Urias Ferreira;090;Integrado;Recursos Naturais;Agropecuária;Agropecuária - MTec-PI;Manhã e Tarde;127;70;1,81;
Bauru;Lins;Cafelândia;Bauru/Araçatuba;Etec Professora Helcy Moreira Martins Aguiar;062;Médio;Educação Básica;Educação Básica - Ensino Médio;Ensino Médio com Itinerário Formativo de Ciências Humanas e Sociais Aplicadas;Manhã;77;40;1,92;
Bauru;Lins;Cafelândia;Bauru/Araçatuba;Etec Professora Helcy Moreira Martins Aguiar;062;Técnico;Ambiente e Saúde;Meio Ambiente;Meio Ambiente;Noite;29;40;0,72;
Bauru;Lins;Cafelândia;Bauru/Araçatuba;Etec Professora Helcy Moreira Martins Aguiar;062;Técnico;Gestão e Negócios;Gestão;Recursos Humanos;Noite;55;40;1,37;
Bauru;Lins;Cafelândia;Bauru/Araçatuba;Etec Professora Helcy Moreira Martins Aguiar;062;Integrado;Gestão e Negócios;Gestão;Administração - MTec-N;Noite;56;40;1,40;
Bauru;Lins;Cafelândia;Bauru/Araçatuba;Etec Professora Helcy Moreira Martins Aguiar;062;Integrado;Recursos Naturais;Agropecuária;Agropecuária - MTec-PI;Manhã e Tarde;80;40;2,00;
Bauru;Lins;Cafelândia;Bauru/Araçatuba;Etec Professora Helcy Moreira Martins Aguiar;062;Integrado;Informação e Comunicação;Informática;Desenvolvimento de Sistemas - MTec (MNP);Manhã;92;40;2,29;
Bauru;Lins;Cafelândia;Bauru/Araçatuba;Etec Professora Helcy Moreira Martins Aguiar;062;Especialização;Gestão e Negócios;Gestão;Cálculos Trabalhistas;Noite;32;30;1,06;
Bauru;Lins;Guaiçara;Bauru/Araçatuba;Etec de Lins (EM Henrique Unger - Guaiçara);148.1 - Cd_Cps;Técnico;Segurança;Saúde;Segurança do Trabalho;Noite;71;40;1,77;
Bauru;Lins;Lins;Bauru/Araçatuba;Etec de Lins;148;Médio;Educação Básica;Educação Básica - Ensino Médio;Ensino Médio com Itinerário Formativo de Linguagens e suas Tecnologias;Manhã;134;40;3,35;
Bauru;Lins;Lins;Bauru/Araçatuba;Etec de Lins;148;Técnico;Gestão e Negócios;Gestão;Administração;Noite;73;40;1,82;
Bauru;Lins;Lins;Bauru/Araçatuba;Etec de Lins;148;Técnico;Informação e Comunicação;Informática;Ciência de Dados;Noite;43;40;1,07;
Bauru;Lins;Lins;Bauru/Araçatuba;Etec de Lins;148;Técnico;Infraestrutura;Construção Civil;Edificações;Noite;43;40;1,07;
Bauru;Lins;Lins;Bauru/Araçatuba;Etec de Lins;148;Técnico;Ambiente e Saúde;Saúde;Enfermagem;Manhã;90;40;2,25;
Bauru;Lins;Lins;Bauru/Araçatuba;Etec de Lins;148;Integrado;Gestão e Negócios;Gestão;Contabilidade - MTec;Tarde;71;40;1,77;
Bauru;Lins;Lins;Bauru/Araçatuba;Etec de Lins;148;Integrado;Informação e Comunicação;Informática;Desenvolvimento de Sistemas - MTec (MNP);Manhã;207;40;5,17;
Bauru;Lins;Lins;Bauru/Araçatuba;Etec de Lins;148;Integrado;Infraestrutura;Construção Civil;Edificações - MTec (MNP);Manhã;84;40;2,10;
Bauru;Lins;Lins;Bauru/Araçatuba;Etec de Lins;148;Integrado;Produção Industrial;Química;Química - Mtec-N;Noite;72;40;1,80;
Bauru;Lins;Lins;Bauru/Araçatuba;Etec de Lins;148;Integrado;Gestão e Negócios;Gestão;Recursos Humanos - MTec;Tarde;102;40;2,54;
Bauru;Lins;Lins;Bauru/Araçatuba;Etec de Lins;148;Especialização;Ambiente e Saúde;Saúde;Saúde do Trabalhador;Noite;46;30;1,53;
Bauru;Lins;Lins;Bauru/Araçatuba;Etec de Lins (EE Fernando Costa);148.01 - Ext/Etec;Técnico;Gestão e Negócios;Gestão;Secretariado;Noite;41;40;1,02;
Bauru;Lins;Lins;Bauru/Araçatuba;Etec de Lins (EE Fernando Costa);148.01 - Ext/Etec;Integrado;Gestão e Negócios;Gestão;Serviços Jurídicos - MTec-N;Noite;150;40;3,75;
Bauru;Lins;Lins;Bauru/Araçatuba;Etec de Lins / Fatec Professor Antonio Seabra;148/192 - Etec/Fatec;Integrado;Informação e Comunicação;Informática;Desenvolvimento de Sistemas - MTec-AMS (MNP);Tarde;73;40;1,82;
Central;Araraquara;Araraquara;São José do Rio Preto/Central;Etec Professora Anna de Oliveira Ferraz;029;Técnico;Gestão e Negócios;Gestão;Administração;Noite;69;40;1,72;
Central;Araraquara;Araraquara;São José do Rio Preto/Central;Etec Professora Anna de Oliveira Ferraz;029;Técnico;Informação e Comunicação;Informática;Desenvolvimento de Sistemas;Noite;87;40;2,17;
Central;Araraquara;Araraquara;São José do Rio Preto/Central;Etec Professora Anna de Oliveira Ferraz;029;Técnico;Ambiente e Saúde;Saúde;Enfermagem;Manhã;72;40;1,80;
Central;Araraquara;Araraquara;São José do Rio Preto/Central;Etec Professora Anna de Oliveira Ferraz;029;Técnico;Controle e Processos Industriais;Indústria;Mecatrônica;Noite;114;40;2,85;
Central;Araraquara;Araraquara;São José do Rio Preto/Central;Etec Professora Anna de Oliveira Ferraz;029;Técnico;Gestão e Negócios;Gestão;Transações Imobiliárias;Noite;52;40;1,30;
Central;Araraquara;Araraquara;São José do Rio Preto/Central;Etec Professora Anna de Oliveira Ferraz;029;Integrado;Gestão e Negócios;Gestão;Administração - MTec-PI;Manhã e Tarde;322;40;8,05;
Central;Araraquara;Araraquara;São José do Rio Preto/Central;Etec Professora Anna de Oliveira Ferraz;029;Integrado;Informação e Comunicação;Informática;Desenvolvimento de Sistemas - MTec-PI ;Manhã e Tarde;305;40;7,62;
Central;Araraquara;Araraquara;São José do Rio Preto/Central;Etec Professora Anna de Oliveira Ferraz;029;Integrado;Informação e Comunicação;Informática;Informática para Internet - MTec-PI;Manhã e Tarde;228;40;5,70;
Central;Araraquara;Araraquara;São José do Rio Preto/Central;Etec Professora Anna de Oliveira Ferraz;029;Integrado;Gestão e Negócios;Gestão;Logística - Mtec-N;Noite;43;40;1,07;
Central;Araraquara;Araraquara;São José do Rio Preto/Central;Etec Professora Anna de Oliveira Ferraz;029;Integrado;Controle e Processos Industriais;Indústria;Mecatrônica - MTec-PI;Manhã e Tarde;286;40;7,15;
Central;Araraquara;Araraquara;São José do Rio Preto/Central;Etec Professora Anna de Oliveira Ferraz;029;Integrado;Controle e Processos Industriais;Indústria;Mecânica - Mtec-N;Noite;50;40;1,25;
Central;Araraquara;Araraquara;São José do Rio Preto/Central;Etec Professora Anna de Oliveira Ferraz;029;Integrado;Ambiente e Saúde;Saúde;Nutrição e Dietética - Mtec-N;Noite;72;40;1,80;
Central;Araraquara;Araraquara;São José do Rio Preto/Central;Etec Professora Anna de Oliveira Ferraz;029;Integrado;Gestão e Negócios;Gestão;Recursos Humanos - MTec-N;Noite;59;40;1,47;
Central;Araraquara;Borborema;São José do Rio Preto/Central;Etec Professora Marinês Teodoro de Freitas Almeida (EMEIF Profª Ana Rosa - Borborema);212.3 - Cd_Cps;Técnico;Segurança;Saúde;Segurança do Trabalho;Noite;52;30;1,73;
Central;Araraquara;Ibitinga;São José do Rio Preto/Central;Etec Vereador e Vice Prefeito Sérgio da Fonseca;161;Técnico;Informação e Comunicação;Informática;Ciência de Dados;Noite;43;35;1,22;
Central;Araraquara;Ibitinga;São José do Rio Preto/Central;Etec Vereador e Vice Prefeito Sérgio da Fonseca;161;Técnico;Ambiente e Saúde;Saúde;Cuidados de Idosos;Noite;41;40;1,02;
Central;Araraquara;Ibitinga;São José do Rio Preto/Central;Etec Vereador e Vice Prefeito Sérgio da Fonseca;161;Integrado;Gestão e Negócios;Gestão;Administração - MTec;Tarde;53;40;1,32;
Central;Araraquara;Ibitinga;São José do Rio Preto/Central;Etec Vereador e Vice Prefeito Sérgio da Fonseca;161;Integrado;Gestão e Negócios;Gestão;Contabilidade - MTec;Manhã;79;40;1,97;
Central;Araraquara;Ibitinga;São José do Rio Preto/Central;Etec Vereador e Vice Prefeito Sérgio da Fonseca;161;Integrado;Informação e Comunicação;Informática;Desenvolvimento de Sistemas - MTec;Manhã;126;40;3,15;
Central;Araraquara;Matão;São José do Rio Preto/Central;Etec Sylvio de Mattos Carvalho;103;Técnico;Controle e Processos Industriais;Indústria;Eletrotécnica;Noite;69;40;1,72;
Central;Araraquara;Matão;São José do Rio Preto/Central;Etec Sylvio de Mattos Carvalho;103;Técnico;Ambiente e Saúde;Saúde;Enfermagem;Noite;88;30;2,93;
Central;Araraquara;Matão;São José do Rio Preto/Central;Etec Sylvio de Mattos Carvalho;103;Técnico;Informação e Comunicação;Informática;Informática;Noite;72;40;1,80;
Central;Araraquara;Matão;São José do Rio Preto/Central;Etec Sylvio de Mattos Carvalho;103;Técnico;Gestão e Negócios;Gestão;Logística;Noite;87;40;2,17;
Central;Araraquara;Matão;São José do Rio Preto/Central;Etec Sylvio de Mattos Carvalho;103;Técnico;Controle e Processos Industriais;Indústria;Mecânica;Noite;69;40;1,72;
Central;Araraquara;Matão;São José do Rio Preto/Central;Etec Sylvio de Mattos Carvalho;103;Integrado;Gestão e Negócios;Gestão;Administração - MTec;Tarde;83;40;2,07;
Central;Araraquara;Matão;São José do Rio Preto/Central;Etec Sylvio de Mattos Carvalho;103;Integrado;Informação e Comunicação;Informática;Informática para Internet - MTec;Manhã;395;80;4,93;
Central;Araraquara;Matão;São José do Rio Preto/Central;Etec Sylvio de Mattos Carvalho;103;Integrado;Controle e Processos Industriais;Indústria;Mecatrônica - MTec;Tarde;64;40;1,60;
Central;Araraquara;Matão;São José do Rio Preto/Central;Etec Sylvio de Mattos Carvalho;103;Integrado;Controle e Processos Industriais;Indústria;Mecatrônica - MTec;Manhã;237;40;5,92;
Central;Araraquara;Taquaritinga;São José do Rio Preto/Central;Etec Doutor Adail Nunes da Silva;019;Técnico;Gestão e Negócios;Gestão;Administração;Noite;81;40;2,02;
Central;Araraquara;Taquaritinga;São José do Rio Preto/Central;Etec Doutor Adail Nunes da Silva;019;Técnico;Produção Alimentícia;Química;Alimentos;Noite;74;40;1,85;
Central;Araraquara;Taquaritinga;São José do Rio Preto/Central;Etec Doutor Adail Nunes da Silva;019;Técnico;Ambiente e Saúde;Saúde;Enfermagem;Manhã;73;40;1,82;
Central;Araraquara;Taquaritinga;São José do Rio Preto/Central;Etec Doutor Adail Nunes da Silva;019;Técnico;Informação e Comunicação;Informática;Informática para Internet;Noite;65;40;1,62;
Central;Araraquara;Taquaritinga;São José do Rio Preto/Central;Etec Doutor Adail Nunes da Silva;019;Técnico;Produção Industrial;Química;Química;Noite;63;40;1,57;
Central;Araraquara;Taquaritinga;São José do Rio Preto/Central;Etec Doutor Adail Nunes da Silva;019;Integrado;Gestão e Negócios;Gestão;Administração - MTec-PI;Manhã e Tarde;78;40;1,95;
Central;Araraquara;Taquaritinga;São José do Rio Preto/Central;Etec Doutor Adail Nunes da Silva;019;Integrado;Produção Alimentícia;Química;Alimentos - MTec-PI;Manhã e Tarde;85;40;2,12;
Central;Araraquara;Taquaritinga;São José do Rio Preto/Central;Etec Doutor Adail Nunes da Silva;019;Integrado;Informação e Comunicação;Informática;Informática para Internet - MTec-PI;Manhã e Tarde;95;40;2,37;
Central;Araraquara;Taquaritinga;São José do Rio Preto/Central;Etec Doutor Adail Nunes da Silva;019;Integrado;Produção Industrial;Química;Química - MTec-PI;Manhã e Tarde;70;40;1,75;
Central;Araraquara;Taquaritinga;São José do Rio Preto/Central;Etec Doutor Adail Nunes da Silva / Fatec de Taquaritinga;019/022 - Etec/Fatec;Integrado;Recursos Naturais;Agropecuária;Agronegócio - MTec-AMS;Tarde;70;40;1,75;
Central;Araraquara;Taquaritinga;São José do Rio Preto/Central;Etec Doutor Adail Nunes da Silva / Fatec de Taquaritinga;019/022 - Etec/Fatec;Integrado;Informação e Comunicação;Informática;Desenvolvimento de Sistemas - MTec-AMS;Manhã;107;40;2,67;
Central;São Carlos;Descalvado;Campinas Norte;Etec Professor Jadyr Salles (EMEF Padre Orestes Ladeira - Descalvado);202.2 - Cd_Cps;Técnico;Informação e Comunicação;Informática;Informática para Internet;Noite;27;40;0,67;
Central;São Carlos;Ibaté;São José do Rio Preto/Central;Etec de Ibaté;263;Integrado;Gestão e Negócios;Gestão;Administração - MTec-N;Noite;57;40;1,42;
Central;São Carlos;Ibaté;São José do Rio Preto/Central;Etec de Ibaté;263;Integrado;Gestão e Negócios;Gestão;Administração - MTec-PI;Manhã e Tarde;82;40;2,04;
Central;São Carlos;Ibaté;São José do Rio Preto/Central;Etec de Ibaté;263;Integrado;Gestão e Negócios;Gestão;Marketing - MTec-PI;Manhã e Tarde;65;40;1,62;
Central;São Carlos;Porto Ferreira;Campinas Norte;Etec Professor Jadyr Salles;202;Integrado;Gestão e Negócios;Gestão;Administração - MTec;Manhã;125;40;3,12;
Central;São Carlos;Porto Ferreira;Campinas Norte;Etec Professor Jadyr Salles;202;Integrado;Gestão e Negócios;Gestão;Administração - MTec-N;Noite;51;40;1,27;
Central;São Carlos;Porto Ferreira;Campinas Norte;Etec Professor Jadyr Salles / Fatec de Porto Ferreira;202/311 - Etec/Fatec;Integrado;Informação e Comunicação;Informática;Informática para Internet - MTec-AMS;Manhã;109;40;2,72;
Central;São Carlos;Santa Rita do Passa Quatro;Ribeirão Preto/Franca/Barretos;Etec Manoel dos Reis Araújo;083;Técnico;Ambiente e Saúde;Saúde;Enfermagem;Noite;144;40;3,60;
Central;São Carlos;Santa Rita do Passa Quatro;Ribeirão Preto/Franca/Barretos;Etec Manoel dos Reis Araújo;083;Integrado;Recursos Naturais;Agropecuária;Agropecuária - MTec;Tarde;61;40;1,52;
Central;São Carlos;Santa Rita do Passa Quatro;Ribeirão Preto/Franca/Barretos;Etec Manoel dos Reis Araújo;083;Integrado;Informação e Comunicação;Informática;Informática para Internet - MTec;Manhã;61;40;1,52;
Central;São Carlos;São Carlos;São José do Rio Preto/Central;Etec Paulino Botelho;091;Técnico;Gestão e Negócios;Gestão;Administração;Noite;41;40;1,02;
Central;São Carlos;São Carlos;São José do Rio Preto/Central;Etec Paulino Botelho;091;Técnico;Controle e Processos Industriais;Indústria;Eletromecânica;Noite;46;40;1,14;
Central;São Carlos;São Carlos;São José do Rio Preto/Central;Etec Paulino Botelho;091;Técnico;Ambiente e Saúde;Saúde;Enfermagem;Manhã;64;40;1,60;
Central;São Carlos;São Carlos;São José do Rio Preto/Central;Etec Paulino Botelho;091;Técnico;Controle e Processos Industriais;Indústria;Mecatrônica;Noite;110;40;2,75;
Central;São Carlos;São Carlos;São José do Rio Preto/Central;Etec Paulino Botelho;091;Integrado;Gestão e Negócios;Gestão;Administração - MTec;Manhã;308;40;7,70;
Central;São Carlos;São Carlos;São José do Rio Preto/Central;Etec Paulino Botelho;091;Integrado;Informação e Comunicação;Informática;Desenvolvimento de Sistemas - Mtec-N;Noite;51;40;1,27;
Central;São Carlos;São Carlos;São José do Rio Preto/Central;Etec Paulino Botelho;091;Integrado;Informação e Comunicação;Informática;Informática para Internet - MTec-PI;Manhã e Tarde;195;40;4,87;
Central;São Carlos;São Carlos;São José do Rio Preto/Central;Etec Paulino Botelho;091;Integrado;Controle e Processos Industriais;Indústria;Mecatrônica - MTec-N;Noite;45;40;1,12;
Central;São Carlos;São Carlos;São José do Rio Preto/Central;Etec Paulino Botelho;091;Integrado;Controle e Processos Industriais;Indústria;Mecatrônica - MTec-PI;Manhã e Tarde;167;40;4,17;
Central;São Carlos;São Carlos;São José do Rio Preto/Central;Etec Paulino Botelho (EE Professor Luiz Viviani Filho);091.06 - Ext/Etec;Técnico;Gestão e Negócios;Gestão;Logística;Noite;36;40;0,90;
Central;São Carlos;São Carlos;São José do Rio Preto/Central;Etec Paulino Botelho / Fatec de São Carlos;091/269 - Etec/Fatec;Integrado;Gestão e Negócios;Gestão;Administração - MTec-AMS;Manhã;79;40;1,97;
Franca;Franca;Batatais;Ribeirão Preto/Franca/Barretos;Etec Antonio de Pádua Cardoso;030;Médio;Educação Básica;Educação Básica - Ensino Médio;Ensino Médio com Itinerário Formativo de Matemática e suas Tecnologias;Manhã;80;40;2,00;
Franca;Franca;Batatais;Ribeirão Preto/Franca/Barretos;Etec Antonio de Pádua Cardoso;030;Técnico;Produção Industrial;Meio Ambiente;Biotecnologia;Noite;54;40;1,35;
Franca;Franca;Batatais;Ribeirão Preto/Franca/Barretos;Etec Antonio de Pádua Cardoso;030;Técnico;Informação e Comunicação;Informática;Manutenção e Suporte em Informática;Noite;47;40;1,17;
Franca;Franca;Batatais;Ribeirão Preto/Franca/Barretos;Etec Antonio de Pádua Cardoso;030;Técnico;Produção Industrial;Química;Química;Noite;56;40;1,40;
Franca;Franca;Batatais;Ribeirão Preto/Franca/Barretos;Etec Antonio de Pádua Cardoso;030;Técnico;Gestão e Negócios;Gestão;Recursos Humanos;Noite;74;40;1,85;
Franca;Franca;Batatais;Ribeirão Preto/Franca/Barretos;Etec Antonio de Pádua Cardoso;030;Técnico;Controle e Processos Industriais;Indústria;Soldagem;Noite;69;40;1,72;
Franca;Franca;Batatais;Ribeirão Preto/Franca/Barretos;Etec Antonio de Pádua Cardoso;030;Integrado;Gestão e Negócios;Gestão;Administração - MTec-PI;Manhã e Tarde;73;40;1,82;
Franca;Franca;Batatais;Ribeirão Preto/Franca/Barretos;Etec Antonio de Pádua Cardoso;030;Integrado;Informação e Comunicação;Informática;Desenvolvimento de Sistemas - MTec-PI ;Manhã e Tarde;100;40;2,50;
Franca;Franca;Batatais;Ribeirão Preto/Franca/Barretos;Etec Antonio de Pádua Cardoso;030;Integrado;Informação e Comunicação;Informática;Informática para Internet - MTec;Tarde;31;40;0,77;
Franca;Franca;Batatais;Ribeirão Preto/Franca/Barretos;Etec Antonio de Pádua Cardoso;030;Integrado;Controle e Processos Industriais;Indústria;Mecânica - MTec-PI ;Manhã e Tarde;67;40;1,67;
Franca;Franca;Batatais;Ribeirão Preto/Franca/Barretos;Etec Antonio de Pádua Cardoso;030;Integrado;Gestão e Negócios;Gestão;Recursos Humanos - MTec;Manhã;139;40;3,47;
Franca;Franca;Franca;Ribeirão Preto/Franca/Barretos;Etec Doutor Júlio Cardoso;078;Médio;Educação Básica;Educação Básica - Ensino Médio;Ensino Médio com Itinerário Formativo de Ciências Humanas e Sociais Aplicadas;Manhã;155;40;3,87;
Franca;Franca;Franca;Ribeirão Preto/Franca/Barretos;Etec Doutor Júlio Cardoso;078;Técnico;Gestão e Negócios;Gestão;Contabilidade;Noite;69;40;1,72;
Franca;Franca;Franca;Ribeirão Preto/Franca/Barretos;Etec Doutor Júlio Cardoso;078;Técnico;Controle e Processos Industriais;Indústria;Eletrotécnica;Noite;91;40;2,27;
Franca;Franca;Franca;Ribeirão Preto/Franca/Barretos;Etec Doutor Júlio Cardoso;078;Técnico;Ambiente e Saúde;Saúde;Enfermagem;Manhã;78;40;1,95;
Franca;Franca;Franca;Ribeirão Preto/Franca/Barretos;Etec Doutor Júlio Cardoso;078;Integrado;Gestão e Negócios;Gestão;Administração - MTec-N;Noite;55;40;1,37;
Franca;Franca;Franca;Ribeirão Preto/Franca/Barretos;Etec Doutor Júlio Cardoso;078;Integrado;Gestão e Negócios;Gestão;Administração - MTec-PI;Manhã e Tarde;87;40;2,17;
Franca;Franca;Franca;Ribeirão Preto/Franca/Barretos;Etec Doutor Júlio Cardoso;078;Integrado;Gestão e Negócios;Gestão;Contabilidade - MTec;Tarde;44;40;1,10;
Franca;Franca;Franca;Ribeirão Preto/Franca/Barretos;Etec Doutor Júlio Cardoso;078;Integrado;Informação e Comunicação;Informática;Desenvolvimento de Sistemas - MTec-PI ;Manhã e Tarde;160;40;4,00;
Franca;Franca;Franca;Ribeirão Preto/Franca/Barretos;Etec Doutor Júlio Cardoso;078;Integrado;Gestão e Negócios;Comércio;Marketing - MTec;Manhã;221;40;5,52;
Franca;Franca;Franca;Ribeirão Preto/Franca/Barretos;Etec Doutor Júlio Cardoso;078;Integrado;Controle e Processos Industriais;Indústria;Mecatrônica - MTec;Tarde;58;40;1,45;
Franca;Franca;Franca;Ribeirão Preto/Franca/Barretos;Etec Doutor Júlio Cardoso / Faculdade de Tecnologia Doutor Thomaz Novelino;078/109 - Etec/Fatec;Integrado;Gestão e Negócios;Gestão;Administração - MTec-AMS;Manhã;148;40;3,70;
Franca;Franca;Franca;Ribeirão Preto/Franca/Barretos;Etec Professor Carmelino Correa Júnior;046;Técnico;Recursos Naturais;Agropecuária;Agropecuária;Noite;64;40;1,60;
Franca;Franca;Franca;Ribeirão Preto/Franca/Barretos;Etec Professor Carmelino Correa Júnior;046;Técnico;Recursos Naturais;Agropecuária;Cafeicultura;Noite;47;40;1,17;
Franca;Franca;Franca;Ribeirão Preto/Franca/Barretos;Etec Professor Carmelino Correa Júnior;046;Integrado;Recursos Naturais;Agropecuária;Agronegócio - MTec-N;Noite;43;40;1,07;
Franca;Franca;Franca;Ribeirão Preto/Franca/Barretos;Etec Professor Carmelino Correa Júnior;046;Integrado;Recursos Naturais;Agropecuária;Agropecuária - MTec (MNP);Tarde;45;40;1,12;
Franca;Franca;Franca;Ribeirão Preto/Franca/Barretos;Etec Professor Carmelino Correa Júnior;046;Integrado;Recursos Naturais;Agropecuária;Agropecuária - MTec (MNP);Manhã;210;40;5,25;
Franca;Franca;Franca;Ribeirão Preto/Franca/Barretos;Etec Professor Carmelino Correa Júnior;046;Integrado;Produção Industrial;Meio Ambiente;Biotecnologia - MTec (MNP);Manhã;61;40;1,52;
Franca;Franca;Franca;Ribeirão Preto/Franca/Barretos;Etec Professor Carmelino Correa Júnior;046;Integrado;Produção Industrial;Química;Química - MTec (MNP);Manhã;49;40;1,22;
Franca;Franca;Franca;Ribeirão Preto/Franca/Barretos;Etec Professor Carmelino Correa Júnior / Fatec Dr. Thomaz Novelino);046/109 - Etec/Fatec;Integrado;Recursos Naturais;Agropecuária;Agronegócio - MTec-AMS (MNP);Manhã;59;40;1,47;
Franca;Franca;Guará;Ribeirão Preto/Franca/Barretos;Etec Pedro Badran (EM Dr. Naufal Antonio Mourani - Guará);094.1 - Cd_Cps;Integrado;Gestão e Negócios;Gestão;Administração - MTec-N;Noite;63;30;2,10;
Franca;Franca;Igarapava;Ribeirão Preto/Franca/Barretos;Etec Antonio Junqueira da Veiga;033;Integrado;Produção Industrial;Indústria;Açúcar e Álcool - MTec-N;Noite;67;40;1,67;
Franca;Franca;Igarapava;Ribeirão Preto/Franca/Barretos;Etec Antonio Junqueira da Veiga;033;Integrado;Gestão e Negócios;Gestão;Administração - MTec-N;Noite;79;40;1,97;
Franca;Franca;Igarapava;Ribeirão Preto/Franca/Barretos;Etec Antonio Junqueira da Veiga;033;Integrado;Recursos Naturais;Agropecuária;Agropecuária - MTec (MNP);Tarde;82;40;2,04;
Franca;Franca;Igarapava;Ribeirão Preto/Franca/Barretos;Etec Antonio Junqueira da Veiga;033;Integrado;Informação e Comunicação;Informática;Informática - MTec (MNP);Tarde;110;40;2,75;
Franca;Franca;Igarapava;Ribeirão Preto/Franca/Barretos;Etec Antonio Junqueira da Veiga;033;Integrado;Ambiente e Saúde;Saúde;Nutrição e Dietética - MTec (MNP);Manhã;104;40;2,60;
Franca;Franca;Igarapava;Ribeirão Preto/Franca/Barretos;Etec Antonio Junqueira da Veiga;033;Integrado;Produção Industrial;Química;Química - MTec (MNP);Manhã;85;40;2,12;
Franca;Franca;Ituverava;Ribeirão Preto/Franca/Barretos;Etec Professor José Ignácio Azevedo Filho;233;Integrado;Gestão e Negócios;Gestão;Administração - MTec-N;Noite;80;40;2,00;
Franca;Franca;Ituverava;Ribeirão Preto/Franca/Barretos;Etec Professor José Ignácio Azevedo Filho;233;Integrado;Informação e Comunicação;Informática;Desenvolvimento de Sistemas - Mtec-N;Noite;75;40;1,87;
Franca;Franca;Ituverava;Ribeirão Preto/Franca/Barretos;Etec Professor José Ignácio Azevedo Filho;233;Integrado;Informação e Comunicação;Informática;Desenvolvimento de Sistemas - MTec-PI ;Manhã e Tarde;149;40;3,72;
Franca;Franca;Ituverava;Ribeirão Preto/Franca/Barretos;Etec Professor José Ignácio Azevedo Filho;233;Integrado;Produção Industrial;Química;Química - MTec-PI;Manhã e Tarde;82;40;2,04;
Franca;Franca;Ituverava;Ribeirão Preto/Franca/Barretos;Etec Professor José Ignácio Azevedo Filho;233;Integrado;Gestão e Negócios;Gestão;Serviços Jurídicos - MTec-N;Noite;68;40;1,70;
Franca;Franca;Ituverava;Ribeirão Preto/Franca/Barretos;Etec Professor José Ignácio Azevedo Filho;233;Integrado;Gestão e Negócios;Gestão;Serviços Jurídicos - MTec-PI;Manhã e Tarde;90;40;2,25;
Franca;Franca;Miguelópolis;Ribeirão Preto/Franca/Barretos;Etec Laurindo Alves de Queiroz;079;Técnico;Recursos Naturais;Agropecuária;Agronegócio;Manhã;61;40;1,52;
Franca;Franca;Miguelópolis;Ribeirão Preto/Franca/Barretos;Etec Laurindo Alves de Queiroz;079;Técnico;Recursos Naturais;Agropecuária;Agropecuária;Noite;62;40;1,55;
Franca;Franca;Miguelópolis;Ribeirão Preto/Franca/Barretos;Etec Laurindo Alves de Queiroz;079;Integrado;Gestão e Negócios;Gestão;Administração - MTec-N;Noite;71;40;1,77;
Franca;Franca;Miguelópolis;Ribeirão Preto/Franca/Barretos;Etec Laurindo Alves de Queiroz;079;Integrado;Recursos Naturais;Agropecuária;Agropecuária - MTec-PI;Manhã e Tarde;111;40;2,77;
Franca;Franca;Miguelópolis;Ribeirão Preto/Franca/Barretos;Etec Laurindo Alves de Queiroz;079;Integrado;Gestão e Negócios;Gestão;Serviços Jurídicos - MTec;Manhã;111;40;2,77;
Franca;São Joaquim da Barra;Orlândia;Ribeirão Preto/Franca/Barretos;Etec Professor Alcídio de Souza Prado;025;Técnico;Gestão e Negócios;Gestão;Finanças;Noite;87;40;2,17;
Franca;São Joaquim da Barra;Orlândia;Ribeirão Preto/Franca/Barretos;Etec Professor Alcídio de Souza Prado;025;Técnico;Gestão e Negócios;Gestão;Logística;Noite;65;40;1,62;
Franca;São Joaquim da Barra;Orlândia;Ribeirão Preto/Franca/Barretos;Etec Professor Alcídio de Souza Prado;025;Integrado;Gestão e Negócios;Gestão;Administração - MTec;Manhã;306;80;3,82;
Franca;São Joaquim da Barra;Orlândia;Ribeirão Preto/Franca/Barretos;Etec Professor Alcídio de Souza Prado;025;Integrado;Gestão e Negócios;Gestão;Administração - MTec;Tarde;107;40;2,67;
Franca;São Joaquim da Barra;Orlândia;Ribeirão Preto/Franca/Barretos;Etec Professor Alcídio de Souza Prado;025;Integrado;Informação e Comunicação;Informática;Desenvolvimento de Sistemas - MTec;Manhã;209;40;5,22;
Franca;São Joaquim da Barra;Orlândia;Ribeirão Preto/Franca/Barretos;Etec Professor Alcídio de Souza Prado;025;Integrado;Informação e Comunicação;Informática;Desenvolvimento de Sistemas - MTec-PI ;Manhã e Tarde;124;40;3,10;
Franca;São Joaquim da Barra;Orlândia;Ribeirão Preto/Franca/Barretos;Etec Professor Alcídio de Souza Prado;025;Integrado;Informação e Comunicação;Informática;Informática - MTec;Tarde;116;40;2,90;
Franca;São Joaquim da Barra;São Joaquim da Barra;Ribeirão Preto/Franca/Barretos;Etec Pedro Badran;094;Técnico;Gestão e Negócios;Gestão;Administração;Noite;68;40;1,70;
Franca;São Joaquim da Barra;São Joaquim da Barra;Ribeirão Preto/Franca/Barretos;Etec Pedro Badran;094;Técnico;Controle e Processos Industriais;Indústria;Eletrotécnica;Noite;84;40;2,10;
Franca;São Joaquim da Barra;São Joaquim da Barra;Ribeirão Preto/Franca/Barretos;Etec Pedro Badran;094;Técnico;Produção Industrial;Química;Química;Noite;67;40;1,67;
Franca;São Joaquim da Barra;São Joaquim da Barra;Ribeirão Preto/Franca/Barretos;Etec Pedro Badran;094;Técnico;Segurança;Saúde;Segurança do Trabalho;Noite;90;40;2,25;
Franca;São Joaquim da Barra;São Joaquim da Barra;Ribeirão Preto/Franca/Barretos;Etec Pedro Badran;094;Integrado;Gestão e Negócios;Gestão;Administração - MTec;Manhã;244;40;6,10;
Franca;São Joaquim da Barra;São Joaquim da Barra;Ribeirão Preto/Franca/Barretos;Etec Pedro Badran;094;Integrado;Informação e Comunicação;Informática;Desenvolvimento de Sistemas - MTec-PI ;Manhã e Tarde;144;40;3,60;
Franca;São Joaquim da Barra;São Joaquim da Barra;Ribeirão Preto/Franca/Barretos;Etec Pedro Badran;094;Integrado;Controle e Processos Industriais;Indústria;Eletrônica - Mtec-N;Noite;91;40;2,27;
Franca;São Joaquim da Barra;São Joaquim da Barra;Ribeirão Preto/Franca/Barretos;Etec Pedro Badran;094;Integrado;Informação e Comunicação;Informática;Informática para Internet - MTec-N;Noite;95;40;2,37;
Franca;São Joaquim da Barra;São Joaquim da Barra;Ribeirão Preto/Franca/Barretos;Etec Pedro Badran;094;Integrado;Gestão e Negócios;Comércio;Marketing - MTec;Manhã;208;40;5,20;
Franca;São Joaquim da Barra;São Joaquim da Barra;Ribeirão Preto/Franca/Barretos;Etec Pedro Badran;094;Integrado;Ambiente e Saúde;Meio Ambiente;Meio Ambiente - MTec-PI;Manhã e Tarde;154;40;3,85;
Franca;São Joaquim da Barra;São Joaquim da Barra;Ribeirão Preto/Franca/Barretos;Etec Pedro Badran;094;Integrado;Produção Industrial;Química;Química - MTec;Tarde;139;40;3,47;
Itapeva;Itapeva;Apiaí;Itapeva/Registro;Etec de Apiaí;281;Integrado;Gestão e Negócios;Gestão;Administração - MTec-N;Noite;52;35;1,48;
Itapeva;Itapeva;Apiaí;Itapeva/Registro;Etec de Apiaí;281;Integrado;Gestão e Negócios;Gestão;Administração - MTec-PI;Manhã e Tarde;65;35;1,85;
Itapeva;Itapeva;Apiaí;Itapeva/Registro;Etec de Apiaí;281;Integrado;Gestão e Negócios;Gestão;Recursos Humanos - MTec;Manhã;75;35;2,14;
Itapeva;Itapeva;Capão Bonito;Itapeva/Registro;Etec Doutor Celso Charuri;124;Médio;Educação Básica;Educação Básica - Ensino Médio;Ensino Médio com Itinerário Formativo de Ciências da Natureza e suas Tecnologias;Manhã;83;35;2,37;
Itapeva;Itapeva;Capão Bonito;Itapeva/Registro;Etec Doutor Celso Charuri;124;Integrado;Gestão e Negócios;Gestão;Administração - MTec;Manhã;164;35;4,68;
Itapeva;Itapeva;Capão Bonito;Itapeva/Registro;Etec Doutor Celso Charuri;124;Integrado;Infraestrutura;Construção Civil;Edificações - MTec;Manhã;115;35;3,28;
Itapeva;Itapeva;Capão Bonito;Itapeva/Registro;Etec Doutor Celso Charuri;124;Integrado;Gestão e Negócios;Gestão;Recursos Humanos - MTec-N;Noite;59;35;1,68;
Itapeva;Itapeva;Capão Bonito;Itapeva/Registro;Etec Doutor Celso Charuri;124;Integrado;Gestão e Negócios;Gestão;Serviços Jurídicos - MTec-N;Noite;85;35;2,42;
Itapeva;Itapeva;Fartura;Itapeva/Registro;Etec Waldyr Duron Junior (EMEF Professor Miguel de Goes Vieira - Fartura);162.3 - Cd_Cps;Integrado;Gestão e Negócios;Gestão;Administração - MTec-N;Noite;28;35;0,80;
Itapeva;Itapeva;Itapeva;Itapeva/Registro;Etec Doutor Demétrio Azevedo Júnior;050;Técnico;Controle e Processos Industriais;Indústria;Eletrotécnica;Noite;142;40;3,55;
Itapeva;Itapeva;Itapeva;Itapeva/Registro;Etec Doutor Demétrio Azevedo Júnior;050;Técnico;Informação e Comunicação;Informática;Informática;Noite;88;40;2,20;
Itapeva;Itapeva;Itapeva;Itapeva/Registro;Etec Doutor Demétrio Azevedo Júnior;050;Técnico;Produção Industrial;Química;Química;Noite;74;40;1,85;
Itapeva;Itapeva;Itapeva;Itapeva/Registro;Etec Doutor Demétrio Azevedo Júnior;050;Integrado;Gestão e Negócios;Gestão;Administração - MTec;Tarde;143;40;3,57;
Itapeva;Itapeva;Itapeva;Itapeva/Registro;Etec Doutor Demétrio Azevedo Júnior;050;Integrado;Informação e Comunicação;Informática;Desenvolvimento de Sistemas - MTec;Manhã;205;40;5,12;
Itapeva;Itapeva;Itapeva;Itapeva/Registro;Etec Doutor Demétrio Azevedo Júnior;050;Integrado;Infraestrutura;Construção Civil;Edificações - MTec;Tarde;103;40;2,57;
Itapeva;Itapeva;Itapeva;Itapeva/Registro;Etec Doutor Demétrio Azevedo Júnior;050;Integrado;Informação e Comunicação;Informática;Informática - MTec-N;Noite;76;40;1,90;
Itapeva;Itapeva;Itapeva;Itapeva/Registro;Etec Doutor Demétrio Azevedo Júnior;050;Integrado;Controle e Processos Industriais;Indústria;Mecatrônica - MTec-N;Noite;80;40;2,00;
Itapeva;Itapeva;Itapeva;Itapeva/Registro;Etec Doutor Demétrio Azevedo Júnior;050;Integrado;Ambiente e Saúde;Saúde;Nutrição e Dietética - MTec;Tarde;132;40;3,30;
Itapeva;Itapeva;Itapeva;Itapeva/Registro;Etec Doutor Demétrio Azevedo Júnior;050;Integrado;Produção Industrial;Química;Química - MTec;Manhã;131;40;3,27;
Itapeva;Itapeva;Itapeva;Itapeva/Registro;Etec Doutor Demétrio Azevedo Júnior;050;Integrado;Gestão e Negócios;Gestão;Recursos Humanos - MTec-N;Noite;89;40;2,22;
Itapeva;Itapeva;Itapeva;Itapeva/Registro;Etec Doutor Demétrio Azevedo Júnior;050;Integrado;Gestão e Negócios;Gestão;Serviços Jurídicos - MTec;Manhã;194;40;4,84;
Itapeva;Itapeva;Itararé;Itapeva/Registro;Etec de Itararé;243;Integrado;Gestão e Negócios;Gestão;Administração - MTec-N;Noite;68;40;1,70;
Itapeva;Itapeva;Itararé;Itapeva/Registro;Etec de Itararé;243;Integrado;Gestão e Negócios;Gestão;Administração - MTec-PI;Manhã e Tarde;97;40;2,42;
Itapeva;Itapeva;Itararé;Itapeva/Registro;Etec de Itararé;243;Integrado;Gestão e Negócios;Gestão;Serviços Jurídicos - MTec-N;Noite;47;40;1,17;
Itapeva;Itapeva;Itararé;Itapeva/Registro;Etec de Itararé;243;Integrado;Gestão e Negócios;Gestão;Serviços Jurídicos - MTec-PI;Manhã e Tarde;60;40;1,50;
Itapeva;Itapeva;Piraju;Itapeva/Registro;Etec Waldyr Duron Junior;162;Técnico;Controle e Processos Industriais;Indústria;Eletrotécnica;Noite;99;40;2,47;
Itapeva;Itapeva;Piraju;Itapeva/Registro;Etec Waldyr Duron Junior;162;Técnico;Informação e Comunicação;Informática;Informática (MNP);Noite;44;40;1,10;
Itapeva;Itapeva;Piraju;Itapeva/Registro;Etec Waldyr Duron Junior;162;Integrado;Gestão e Negócios;Gestão;Administração - MTec;Manhã;60;40;1,50;
Itapeva;Itapeva;Piraju;Itapeva/Registro;Etec Waldyr Duron Junior;162;Integrado;Informação e Comunicação;Informática;Desenvolvimento de Sistemas - MTec;Manhã;84;40;2,10;
Itapeva;Itapeva;Taquarituba;Itapeva/Registro;Etec Professora Terezinha Monteiro dos Santos;140;Técnico;Gestão e Negócios;Gestão;Administração;Noite;44;35;1,25;
Itapeva;Itapeva;Taquarituba;Itapeva/Registro;Etec Professora Terezinha Monteiro dos Santos;140;Integrado;Gestão e Negócios;Gestão;Administração - MTec-PI;Manhã e Tarde;172;35;4,91;
Itapeva;Itapeva;Taquarituba;Itapeva/Registro;Etec Professora Terezinha Monteiro dos Santos;140;Integrado;Informação e Comunicação;Informática;Desenvolvimento de Sistemas - MTec-PI ;Manhã e Tarde;120;35;3,42;
Itapeva;Itapeva;Taquarituba;Itapeva/Registro;Etec Professora Terezinha Monteiro dos Santos;140;Integrado;Gestão e Negócios;Gestão;Marketing - MTec-PI;Manhã e Tarde;107;35;3,05;
Itapeva;Itapeva;Taquarituba;Itapeva/Registro;Etec Professora Terezinha Monteiro dos Santos;140;Integrado;Gestão e Negócios;Gestão;Recursos Humanos - MTec-N;Noite;73;35;2,08;
Itapeva;Itapeva;Taquarivaí;Itapeva/Registro;Etec Doutor Dário Pacheco Pedroso;049;Integrado;Recursos Naturais;Agropecuária;Agronegócio - MTec-PI;Manhã e Tarde;85;40;2,12;
Itapeva;Itapeva;Taquarivaí;Itapeva/Registro;Etec Doutor Dário Pacheco Pedroso;049;Integrado;Recursos Naturais;Agropecuária;Agropecuária - MTec-PI;Manhã e Tarde;165;40;4,12;
Marília;Assis;Assis;Marília/Presidente Prudente;Etec Pedro D'Arcádia Neto;095;Médio;Educação Básica;Educação Básica - Ensino Médio;Ensino Médio com Itinerário Formativo de Ciências Humanas e Sociais Aplicadas;Manhã;82;40;2,04;
Marília;Assis;Assis;Marília/Presidente Prudente;Etec Pedro D'Arcádia Neto;095;Técnico;Gestão e Negócios;Gestão;Administração;Noite;74;40;1,85;
Marília;Assis;Assis;Marília/Presidente Prudente;Etec Pedro D'Arcádia Neto;095;Técnico;Gestão e Negócios;Gestão;Contabilidade;Noite;80;40;2,00;
Marília;Assis;Assis;Marília/Presidente Prudente;Etec Pedro D'Arcádia Neto;095;Técnico;Ambiente e Saúde;Saúde;Enfermagem;Manhã;98;40;2,45;
Marília;Assis;Assis;Marília/Presidente Prudente;Etec Pedro D'Arcádia Neto;095;Técnico;Controle e Processos Industriais;Indústria;Mecânica;Noite;76;40;1,90;
Marília;Assis;Assis;Marília/Presidente Prudente;Etec Pedro D'Arcádia Neto;095;Técnico;Produção Industrial;Química;Química;Noite;50;30;1,66;
Marília;Assis;Assis;Marília/Presidente Prudente;Etec Pedro D'Arcádia Neto;095;Integrado;Gestão e Negócios;Gestão;Administração - MTec;Manhã;158;40;3,95;
Marília;Assis;Assis;Marília/Presidente Prudente;Etec Pedro D'Arcádia Neto;095;Integrado;Informação e Comunicação;Informática;Informática para Internet - MTec;Manhã;173;40;4,32;
Marília;Assis;Assis;Marília/Presidente Prudente;Etec Pedro D'Arcádia Neto;095;Integrado;Produção Industrial;Química;Química - MTec;Manhã;93;40;2,32;
Marília;Assis;Assis;Marília/Presidente Prudente;Etec Pedro D'Arcádia Neto;095;Especialização;Ambiente e Saúde;Saúde;Urgência e Emergência - APH (Atendimento Pré-Hospitalar) - Especialização;Noite;39;30;1,30;
Marília;Assis;Cândido Mota;Marília/Presidente Prudente;Etec Professor Luiz Pires Barbosa;081;Médio;Educação Básica;Educação Básica - Ensino Médio;Ensino Médio com Itinerário Formativo de Ciências Humanas e Sociais Aplicadas;Manhã;69;40;1,72;
Marília;Assis;Cândido Mota;Marília/Presidente Prudente;Etec Professor Luiz Pires Barbosa;081;Técnico;Produção Industrial;Química;Açúcar e Álcool;Noite;45;40;1,12;
Marília;Assis;Cândido Mota;Marília/Presidente Prudente;Etec Professor Luiz Pires Barbosa;081;Técnico;Recursos Naturais;Agropecuária;Agronegócio;Noite;47;40;1,17;
Marília;Assis;Cândido Mota;Marília/Presidente Prudente;Etec Professor Luiz Pires Barbosa;081;Técnico;Informação e Comunicação;Informática;Informática;Noite;51;40;1,27;
Marília;Assis;Cândido Mota;Marília/Presidente Prudente;Etec Professor Luiz Pires Barbosa;081;Técnico;Gestão e Negócios;Gestão;Logística;Noite;55;40;1,37;
Marília;Assis;Cândido Mota;Marília/Presidente Prudente;Etec Professor Luiz Pires Barbosa;081;Integrado;Produção Industrial;Indústria;Açúcar e Álcool - MTec-N;Noite;34;40;0,85;
Marília;Assis;Cândido Mota;Marília/Presidente Prudente;Etec Professor Luiz Pires Barbosa;081;Integrado;Recursos Naturais;Agropecuária;Agropecuária - MTec-PI;Manhã e Tarde;114;80;1,42;
Marília;Assis;Cândido Mota;Marília/Presidente Prudente;Etec Professor Luiz Pires Barbosa;081;Integrado;Produção Alimentícia;Química;Alimentos - MTec ;Manhã;55;40;1,37;
Marília;Assis;Palmital;Marília/Presidente Prudente;Etec Professor Mário Antônio Verza;164;Técnico;Gestão e Negócios;Gestão;Administração;Noite;77;40;1,92;
Marília;Assis;Palmital;Marília/Presidente Prudente;Etec Professor Mário Antônio Verza;164;Técnico;Informação e Comunicação;Informática;Informática;Noite;87;40;2,17;
Marília;Assis;Palmital;Marília/Presidente Prudente;Etec Professor Mário Antônio Verza;164;Integrado;Gestão e Negócios;Gestão;Administração - MTec-PI;Manhã e Tarde;76;40;1,90;
Marília;Assis;Palmital;Marília/Presidente Prudente;Etec Professor Mário Antônio Verza;164;Integrado;Informação e Comunicação;Informática;Informática para Internet - MTec-PI;Manhã e Tarde;82;40;2,04;
Marília;Assis;Paraguaçu Paulista;Marília/Presidente Prudente;Etec Augusto Tortolero Araújo;039;Médio;Educação Básica;Educação Básica - Ensino Médio;Ensino Médio com Itinerário Formativo de Ciências Humanas e Sociais Aplicadas;Manhã;118;40;2,95;
Marília;Assis;Paraguaçu Paulista;Marília/Presidente Prudente;Etec Augusto Tortolero Araújo;039;Técnico;Produção Industrial;Química;Açúcar e Álcool;Noite;100;40;2,50;
Marília;Assis;Paraguaçu Paulista;Marília/Presidente Prudente;Etec Augusto Tortolero Araújo;039;Técnico;Gestão e Negócios;Gestão;Administração;Noite;88;40;2,20;
Marília;Assis;Paraguaçu Paulista;Marília/Presidente Prudente;Etec Augusto Tortolero Araújo;039;Técnico;Infraestrutura;Geomática;Agrimensura;Noite;60;40;1,50;
Marília;Assis;Paraguaçu Paulista;Marília/Presidente Prudente;Etec Augusto Tortolero Araújo;039;Técnico;Recursos Naturais;Agropecuária;Agropecuária;Tarde;63;40;1,57;
Marília;Assis;Paraguaçu Paulista;Marília/Presidente Prudente;Etec Augusto Tortolero Araújo;039;Integrado;Recursos Naturais;Agropecuária;Agropecuária - MTec-PI;Manhã e Tarde;92;40;2,29;
Marília;Assis;Paraguaçu Paulista;Marília/Presidente Prudente;Etec Augusto Tortolero Araújo;039;Integrado;Produção Alimentícia;Química;Alimentos - MTec ;Tarde;73;40;1,82;
Marília;Assis;Paraguaçu Paulista;Marília/Presidente Prudente;Etec Augusto Tortolero Araújo;039;Integrado;Gestão e Negócios;Gestão;Logística - MTec;Manhã;85;40;2,12;
Marília;Marilia;Garça;Marília/Presidente Prudente;Etec Deputado Paulo Ornellas Carvalho de Barros;093;Médio;Educação Básica;Educação Básica - Ensino Médio;Ensino Médio com Itinerário Formativo de Ciências da Natureza e suas Tecnologias;Manhã;62;35;1,77;
Marília;Marilia;Garça;Marília/Presidente Prudente;Etec Deputado Paulo Ornellas Carvalho de Barros;093;Técnico;Recursos Naturais;Agropecuária;Florestas;Noite;62;35;1,77;
Marília;Marilia;Garça;Marília/Presidente Prudente;Etec Deputado Paulo Ornellas Carvalho de Barros;093;Técnico;Ambiente e Saúde;Saúde;Veterinária;Noite;75;35;2,14;
Marília;Marilia;Garça;Marília/Presidente Prudente;Etec Deputado Paulo Ornellas Carvalho de Barros;093;Integrado;Recursos Naturais;Agropecuária;Agropecuária - MTec-PI;Manhã e Tarde;109;70;1,55;
Marília;Marilia;Garça;Marília/Presidente Prudente;Etec Monsenhor Antônio Magliano;088;Médio;Educação Básica;Educação Básica - Ensino Médio;Ensino Médio com Itinerário Formativo de Linguagens e suas Tecnologias;Manhã;109;40;2,72;
Marília;Marilia;Garça;Marília/Presidente Prudente;Etec Monsenhor Antônio Magliano;088;Técnico;Ambiente e Saúde;Saúde;Enfermagem;Noite;95;40;2,37;
Marília;Marilia;Garça;Marília/Presidente Prudente;Etec Monsenhor Antônio Magliano;088;Técnico;Informação e Comunicação;Informática;Informática;Noite;65;40;1,62;
Marília;Marilia;Garça;Marília/Presidente Prudente;Etec Monsenhor Antônio Magliano;088;Técnico;Gestão e Negócios;Comércio;Marketing;Noite;53;40;1,32;
Marília;Marilia;Garça;Marília/Presidente Prudente;Etec Monsenhor Antônio Magliano;088;Técnico;Controle e Processos Industriais;Indústria;Mecânica;Noite;64;40;1,60;
Marília;Marilia;Garça;Marília/Presidente Prudente;Etec Monsenhor Antônio Magliano;088;Integrado;Informação e Comunicação;Informática;Desenvolvimento de Sistemas - MTec-PI ;Manhã e Tarde;82;40;2,04;
Marília;Marilia;Garça;Marília/Presidente Prudente;Etec Monsenhor Antônio Magliano;088;Integrado;Controle e Processos Industriais;Indústria;Eletrônica - Mtec-N;Noite;54;40;1,35;
Marília;Marilia;Garça;Marília/Presidente Prudente;Etec Monsenhor Antônio Magliano;088;Integrado;Controle e Processos Industriais;Indústria;Mecatrônica - MTec-PI;Manhã e Tarde;71;40;1,77;
Marília;Marilia;Garça;Marília/Presidente Prudente;Etec Monsenhor Antônio Magliano;088;Especialização;Segurança;Saúde;Higiene Ocupacional ;Noite;48;40;1,20;
Marília;Marilia;Garça;Marília/Presidente Prudente;Etec Monsenhor Antônio Magliano / Fatec Deputado Julio Julinho Marcondes de Moura;088/119 - Etec/Fatec;Integrado;Informação e Comunicação;Informática;Desenvolvimento de Sistemas - MTec-AMS;Tarde;80;40;2,00;
Marília;Marilia;Marília;Marília/Presidente Prudente;Etec Antonio Devisate;031;Técnico;Ambiente e Saúde;Saúde;Enfermagem;Tarde;67;40;1,67;
Marília;Marilia;Marília;Marília/Presidente Prudente;Etec Antonio Devisate;031;Integrado;Gestão e Negócios;Gestão;Administração - MTec-N;Noite;67;40;1,67;
Marília;Marilia;Marília;Marília/Presidente Prudente;Etec Antonio Devisate;031;Integrado;Gestão e Negócios;Gestão;Administração - MTec-PI;Manhã e Tarde;204;40;5,09;
Marília;Marilia;Marília;Marília/Presidente Prudente;Etec Antonio Devisate;031;Integrado;Informação e Comunicação;Informática;Desenvolvimento de Sistemas - MTec-PI ;Manhã e Tarde;243;40;6,07;
Marília;Marilia;Marília;Marília/Presidente Prudente;Etec Antonio Devisate;031;Especialização;Segurança;Saúde;Higiene Ocupacional ;Noite;33;40;0,82;
Marília;Marilia;Marília;Marília/Presidente Prudente;Etec Antonio Devisate (EE Monsenhor Bicudo);031.01 - Ext/Etec;Técnico;Informação e Comunicação;Informática;Desenvolvimento de Sistemas;Noite;50;40;1,25;
Marília;Marilia;Marília;Marília/Presidente Prudente;Etec Antonio Devisate (EE Monsenhor Bicudo);031.01 - Ext/Etec;Técnico;Gestão e Negócios;Gestão;Logística;Noite;64;40;1,60;
Marília;Marilia;Marília;Marília/Presidente Prudente;Etec Antonio Devisate (EE Monsenhor Bicudo);031.01 - Ext/Etec;Integrado;Gestão e Negócios;Gestão;Serviços Jurídicos - MTec-N;Noite;41;40;1,02;
Marília;Marilia;Vera Cruz;Marília/Presidente Prudente;Etec Paulo Guerreiro Franco;092;Técnico;Controle e Processos Industriais;Indústria;Manutenção de Máquinas Pesadas;Noite;42;40;1,05;
Marília;Marilia;Vera Cruz;Marília/Presidente Prudente;Etec Paulo Guerreiro Franco;092;Integrado;Recursos Naturais;Agropecuária;Agropecuária - MTec-PI;Manhã e Tarde;119;40;2,97;
Marília;Ourinhos;Espírito Santo do Turvo;Bauru/Araçatuba;Etec Astor de Mattos Carvalho (EMEF Antonio Gonçalves das Neves - Espírito Santo do Turvo);038.5 - Cd_cps;Técnico;Recursos Naturais;Agropecuária;Agronegócio;Noite;54;40;1,35;
Marília;Ourinhos;Ipaussu;Marília/Presidente Prudente;Etec Professor Pedro Leme Brisolla Sobrinho;097;Médio;Educação Básica;Educação Básica - Ensino Médio;Ensino Médio com Itinerário Formativo de Ciências Humanas e Sociais Aplicadas;Manhã;93;40;2,32;
Marília;Ourinhos;Ipaussu;Marília/Presidente Prudente;Etec Professor Pedro Leme Brisolla Sobrinho;097;Integrado;Gestão e Negócios;Gestão;Administração - MTec (MNP);Manhã;125;40;3,12;
Marília;Ourinhos;Ipaussu;Marília/Presidente Prudente;Etec Professor Pedro Leme Brisolla Sobrinho;097;Integrado;Informação e Comunicação;Informática;Desenvolvimento de Sistemas - MTec;Manhã;144;40;3,60;
Marília;Ourinhos;Ipaussu;Marília/Presidente Prudente;Etec Professor Pedro Leme Brisolla Sobrinho;097;Integrado;Ambiente e Saúde;Saúde;Nutrição e Dietética - MTec;Tarde;31;40;0,77;
Marília;Ourinhos;Ourinhos;Marília/Presidente Prudente;Etec Jacinto Ferreira de Sá;066;Médio;Educação Básica;Educação Básica - Ensino Médio;Ensino Médio com Itinerário Formativo de Ciências Humanas e Sociais Aplicadas;Manhã;101;40;2,52;
Marília;Ourinhos;Ourinhos;Marília/Presidente Prudente;Etec Jacinto Ferreira de Sá;066;Médio;Educação Básica;Educação Básica - Ensino Médio;Ensino Médio com Itinerário Formativo de Linguagens e suas Tecnologias;Manhã;96;40;2,40;
Marília;Ourinhos;Ourinhos;Marília/Presidente Prudente;Etec Jacinto Ferreira de Sá;066;Técnico;Infraestrutura;Construção Civil;Desenho de Construção Civil;Noite;50;40;1,25;
Marília;Ourinhos;Ourinhos;Marília/Presidente Prudente;Etec Jacinto Ferreira de Sá;066;Técnico;Informação e Comunicação;Informática;Desenvolvimento de Sistemas;Noite;74;40;1,85;
Marília;Ourinhos;Ourinhos;Marília/Presidente Prudente;Etec Jacinto Ferreira de Sá;066;Técnico;Controle e Processos Industriais;Indústria;Eletrotécnica;Noite;56;40;1,40;
Marília;Ourinhos;Ourinhos;Marília/Presidente Prudente;Etec Jacinto Ferreira de Sá;066;Técnico;Ambiente e Saúde;Saúde;Enfermagem;Noite;100;40;2,50;
Marília;Ourinhos;Ourinhos;Marília/Presidente Prudente;Etec Jacinto Ferreira de Sá;066;Técnico;Controle e Processos Industriais;Indústria;Mecânica;Noite;64;40;1,60;
Marília;Ourinhos;Ourinhos;Marília/Presidente Prudente;Etec Jacinto Ferreira de Sá;066;Integrado;Gestão e Negócios;Gestão;Administração - MTec;Tarde;74;40;1,85;
Marília;Ourinhos;Ourinhos;Marília/Presidente Prudente;Etec Jacinto Ferreira de Sá;066;Integrado;Controle e Processos Industriais;Indústria;Automação Industrial - MTec;Tarde;43;40;1,07;
Marília;Ourinhos;Ourinhos;Marília/Presidente Prudente;Etec Jacinto Ferreira de Sá;066;Integrado;Infraestrutura;Construção Civil;Edificações - MTec-PI;Manhã e Tarde;86;40;2,15;
Marília;Ourinhos;Ourinhos;Marília/Presidente Prudente;Etec Jacinto Ferreira de Sá;066;Integrado;Informação e Comunicação;Informática;Informática para Internet - MTec;Tarde;82;40;2,04;
Marília;Ourinhos;Ourinhos;Marília/Presidente Prudente;Etec Jacinto Ferreira de Sá;066;Integrado;Controle e Processos Industriais;Indústria;Mecânica - MTec;Tarde;48;40;1,20;
Marília;Ourinhos;Ourinhos;Marília/Presidente Prudente;Etec Jacinto Ferreira de Sá;066;Especialização;Segurança;Saúde;Higiene Ocupacional ;Noite;44;40;1,10;
Marília;Ourinhos;Ourinhos;Marília/Presidente Prudente;Etec Jacinto Ferreira de Sá (EE Virginia Ramalho);066.01 - Ext/Etec;Técnico;Gestão e Negócios;Gestão;Administração;Noite;56;40;1,40;
Marília;Ourinhos;Ourinhos;Marília/Presidente Prudente;Etec Jacinto Ferreira de Sá / Fatec de Ourinhos;066/021 - Etec/Fatec;Integrado;Informação e Comunicação;Informática;Desenvolvimento de Sistemas - MTec-AMS;Tarde;103;40;2,57;
Marília;Ourinhos;Ribeirão do Sul;Marília/Presidente Prudente;Etec Jacinto Ferreira de Sá (EMEF Samuel Pereira de Lima - Ribeirão do Sul);066.6 - Cd_Cps;Técnico;Gestão e Negócios;Gestão;Administração;Noite;69;40;1,72;
Marília;Ourinhos;Santa Cruz do Rio Pardo;Marília/Presidente Prudente;Etec Orlando Quagliato;084;Médio;Educação Básica;Educação Básica - Ensino Médio;Ensino Médio com Itinerário Formativo de Ciências Humanas e Sociais Aplicadas;Manhã;92;30;3,06;
Marília;Ourinhos;Santa Cruz do Rio Pardo;Marília/Presidente Prudente;Etec Orlando Quagliato;084;Técnico;Produção Alimentícia;Química;Alimentos;Noite;57;40;1,42;
Marília;Ourinhos;Santa Cruz do Rio Pardo;Marília/Presidente Prudente;Etec Orlando Quagliato;084;Técnico;Ambiente e Saúde;Saúde;Enfermagem;Noite;59;40;1,47;
Marília;Ourinhos;Santa Cruz do Rio Pardo;Marília/Presidente Prudente;Etec Orlando Quagliato;084;Técnico;Gestão e Negócios;Gestão;Recursos Humanos;Noite;92;40;2,29;
Marília;Ourinhos;Santa Cruz do Rio Pardo;Marília/Presidente Prudente;Etec Orlando Quagliato;084;Integrado;Gestão e Negócios;Gestão;Administração - MTec-N;Noite;37;40;0,92;
Marília;Ourinhos;Santa Cruz do Rio Pardo;Marília/Presidente Prudente;Etec Orlando Quagliato;084;Integrado;Recursos Naturais;Agropecuária;Agropecuária - MTec-PI;Manhã e Tarde;113;80;1,41;
Marília;Ourinhos;Santa Cruz do Rio Pardo;Marília/Presidente Prudente;Etec Orlando Quagliato;084;Integrado;Informação e Comunicação;Informática;Informática para Internet - MTec-PI;Manhã e Tarde;82;30;2,73;
Marília;Tupã;Bastos;Marília/Presidente Prudente;Etec Engenheiro Herval Bellusci (EE Águia de Haia);063.01 - Ext/Etec;Técnico;Gestão e Negócios;Gestão;Contabilidade;Noite;61;40;1,52;
Marília;Tupã;João Ramalho;Marília/Presidente Prudente;Etec Doutor Luiz Cesar Couto (EMEF Prof. Geraldino de Moraes - João Ramalho);080.2 - Cd_Cps;Técnico;Gestão e Negócios;Gestão;Logística;Noite;68;40;1,70;
Marília;Tupã;Quatá;Marília/Presidente Prudente;Etec Doutor Luiz Cesar Couto;080;Técnico;Segurança;Saúde;Segurança do Trabalho;Noite;52;40;1,30;
Marília;Tupã;Quatá;Marília/Presidente Prudente;Etec Doutor Luiz Cesar Couto;080;Integrado;Recursos Naturais;Agropecuária;Agropecuária - MTec;Manhã;92;35;2,62;
Marília;Tupã;Quatá;Marília/Presidente Prudente;Etec Doutor Luiz Cesar Couto;080;Integrado;Ambiente e Saúde;Meio Ambiente;Meio Ambiente - MTec;Manhã;75;35;2,14;
Marília;Tupã;Tupã;Marília/Presidente Prudente;Etec Professor Massuyuki Kawano;136;Médio;Educação Básica;Educação Básica - Ensino Médio;Ensino Médio com Itinerário Formativo de Ciências da Natureza e suas Tecnologias;Manhã;209;40;5,22;
Marília;Tupã;Tupã;Marília/Presidente Prudente;Etec Professor Massuyuki Kawano;136;Médio;Educação Básica;Educação Básica - Ensino Médio;Ensino Médio com Itinerário Formativo de Linguagens e suas Tecnologias;Manhã;180;40;4,50;
Marília;Tupã;Tupã;Marília/Presidente Prudente;Etec Professor Massuyuki Kawano;136;Médio;Educação Básica;Educação Básica - Ensino Médio;Ensino Médio com Itinerário Formativo de Matemática e suas Tecnologias;Manhã;135;40;3,37;
Marília;Tupã;Tupã;Marília/Presidente Prudente;Etec Professor Massuyuki Kawano;136;Técnico;Gestão e Negócios;Gestão;Administração;Noite;72;40;1,80;
Marília;Tupã;Tupã;Marília/Presidente Prudente;Etec Professor Massuyuki Kawano;136;Técnico;Gestão e Negócios;Gestão;Contabilidade;Noite;52;40;1,30;
Marília;Tupã;Tupã;Marília/Presidente Prudente;Etec Professor Massuyuki Kawano;136;Técnico;Ambiente e Saúde;Saúde;Enfermagem;Noite;100;40;2,50;
Marília;Tupã;Tupã;Marília/Presidente Prudente;Etec Professor Massuyuki Kawano;136;Técnico;Ambiente e Saúde;Saúde;Farmácia;Noite;73;40;1,82;
Marília;Tupã;Tupã;Marília/Presidente Prudente;Etec Professor Massuyuki Kawano;136;Técnico;Informação e Comunicação;Informática;Redes de Computadores;Noite;69;40;1,72;
Marília;Tupã;Tupã;Marília/Presidente Prudente;Etec Professor Massuyuki Kawano;136;Integrado;Gestão e Negócios;Gestão;Administração - MTec;Manhã;189;40;4,72;
Marília;Tupã;Tupã;Marília/Presidente Prudente;Etec Professor Massuyuki Kawano;136;Integrado;Informação e Comunicação;Informática;Desenvolvimento de Sistemas - MTec-PI ;Manhã e Tarde;137;40;3,42;
Marília;Tupã;Tupã;Marília/Presidente Prudente;Etec Professor Massuyuki Kawano;136;Integrado;Infraestrutura;Construção Civil;Edificações - MTec;Tarde;75;40;1,87;
Metropolitana da Baixada Santista;Metropolitana da Baixada Santista;Bertioga;Grande São Paulo Sul/Baixada Santista;Etec Alberto Santos Dumont (EM José de Oliveira Santos - Bertioga);152.1 - Cd_Cps;Integrado;Gestão e Negócios;Gestão;Administração - MTec-N;Noite;80;40;2,00;
Metropolitana da Baixada Santista;Metropolitana da Baixada Santista;Cubatão;Grande São Paulo Sul/Baixada Santista;Etec de Cubatão;181;Técnico;Gestão e Negócios;Gestão;Administração;Noite;83;40;2,07;
Metropolitana da Baixada Santista;Metropolitana da Baixada Santista;Cubatão;Grande São Paulo Sul/Baixada Santista;Etec de Cubatão;181;Técnico;Informação e Comunicação;Informática;Informática;Noite;82;40;2,04;
Metropolitana da Baixada Santista;Metropolitana da Baixada Santista;Cubatão;Grande São Paulo Sul/Baixada Santista;Etec de Cubatão;181;Técnico;Gestão e Negócios;Gestão;Logística;Noite;119;40;2,97;
Metropolitana da Baixada Santista;Metropolitana da Baixada Santista;Cubatão;Grande São Paulo Sul/Baixada Santista;Etec de Cubatão;181;Técnico;Produção Industrial;Química;Química;Noite;104;40;2,60;
Metropolitana da Baixada Santista;Metropolitana da Baixada Santista;Cubatão;Grande São Paulo Sul/Baixada Santista;Etec de Cubatão;181;Integrado;Gestão e Negócios;Gestão;Administração - MTec;Manhã;234;40;5,85;
Metropolitana da Baixada Santista;Metropolitana da Baixada Santista;Cubatão;Grande São Paulo Sul/Baixada Santista;Etec de Cubatão;181;Integrado;Informação e Comunicação;Informática;Informática - MTec;Tarde;199;40;4,97;
Metropolitana da Baixada Santista;Metropolitana da Baixada Santista;Cubatão;Grande São Paulo Sul/Baixada Santista;Etec de Cubatão;181;Integrado;Gestão e Negócios;Gestão;Logística - MTec;Manhã;167;40;4,17;
Metropolitana da Baixada Santista;Metropolitana da Baixada Santista;Cubatão;Grande São Paulo Sul/Baixada Santista;Etec de Cubatão;181;Integrado;Ambiente e Saúde;Meio Ambiente;Meio Ambiente - MTec;Manhã;140;40;3,50;
Metropolitana da Baixada Santista;Metropolitana da Baixada Santista;Cubatão;Grande São Paulo Sul/Baixada Santista;Etec de Cubatão;181;Integrado;Gestão e Negócios;Gestão;Recursos Humanos - MTec;Tarde;70;40;1,75;
Metropolitana da Baixada Santista;Metropolitana da Baixada Santista;Guarujá;Grande São Paulo Sul/Baixada Santista;Etec Alberto Santos Dumont;152;Médio;Educação Básica;Educação Básica - Ensino Médio;Ensino Médio com Itinerário Formativo de Ciências da Natureza e suas Tecnologias;Manhã;184;40;4,59;
Metropolitana da Baixada Santista;Metropolitana da Baixada Santista;Guarujá;Grande São Paulo Sul/Baixada Santista;Etec Alberto Santos Dumont;152;Médio;Educação Básica;Educação Básica - Ensino Médio;Ensino Médio com Itinerário Formativo de Ciências Humanas e Sociais Aplicadas;Manhã;145;40;3,62;
Metropolitana da Baixada Santista;Metropolitana da Baixada Santista;Guarujá;Grande São Paulo Sul/Baixada Santista;Etec Alberto Santos Dumont;152;Médio;Educação Básica;Educação Básica - Ensino Médio;Ensino Médio com Itinerário Formativo de Matemática e suas Tecnologias;Manhã;94;40;2,35;
Metropolitana da Baixada Santista;Metropolitana da Baixada Santista;Guarujá;Grande São Paulo Sul/Baixada Santista;Etec Alberto Santos Dumont;152;Integrado;Turismo, Hospitalidade e Lazer;Lazer e Desenvolvimento Social;Eventos - MTec;Tarde;111;40;2,77;
Metropolitana da Baixada Santista;Metropolitana da Baixada Santista;Guarujá;Grande São Paulo Sul/Baixada Santista;Etec Alberto Santos Dumont;152;Integrado;Turismo, Hospitalidade e Lazer;Turismo e Hospitalidade;Gastronomia - MTec-N;Noite;117;40;2,92;
Metropolitana da Baixada Santista;Metropolitana da Baixada Santista;Guarujá;Grande São Paulo Sul/Baixada Santista;Etec Alberto Santos Dumont;152;Integrado;Turismo, Hospitalidade e Lazer;Turismo e Hospitalidade;Guia de Turismo - MTec;Tarde;84;40;2,10;
Metropolitana da Baixada Santista;Metropolitana da Baixada Santista;Guarujá;Grande São Paulo Sul/Baixada Santista;Etec Alberto Santos Dumont;152;Integrado;Informação e Comunicação;Informática;Informática - MTec-N;Noite;225;40;5,62;
Metropolitana da Baixada Santista;Metropolitana da Baixada Santista;Guarujá;Grande São Paulo Sul/Baixada Santista;Etec Alberto Santos Dumont;152;Integrado;Gestão e Negócios;Gestão;Logística - Mtec-N;Noite;281;40;7,02;
Metropolitana da Baixada Santista;Metropolitana da Baixada Santista;Guarujá;Grande São Paulo Sul/Baixada Santista;Etec Alberto Santos Dumont;152;Integrado;Gestão e Negócios;Gestão;Secretariado - MTec;Tarde;146;40;3,65;
Metropolitana da Baixada Santista;Metropolitana da Baixada Santista;Itanhaém;Grande São Paulo Sul/Baixada Santista;Etec de Itanhaém;158;Técnico;Ambiente e Saúde;Saúde;Farmácia;Noite;137;40;3,42;
Metropolitana da Baixada Santista;Metropolitana da Baixada Santista;Itanhaém;Grande São Paulo Sul/Baixada Santista;Etec de Itanhaém;158;Integrado;Gestão e Negócios;Gestão;Administração - MTec-N;Noite;54;40;1,35;
Metropolitana da Baixada Santista;Metropolitana da Baixada Santista;Itanhaém;Grande São Paulo Sul/Baixada Santista;Etec de Itanhaém;158;Integrado;Gestão e Negócios;Gestão;Administração - MTec-PI;Manhã e Tarde;219;40;5,47;
Metropolitana da Baixada Santista;Metropolitana da Baixada Santista;Itanhaém;Grande São Paulo Sul/Baixada Santista;Etec de Itanhaém;158;Integrado;Informação e Comunicação;Informática;Desenvolvimento de Sistemas - Mtec-N;Noite;68;40;1,70;
Metropolitana da Baixada Santista;Metropolitana da Baixada Santista;Itanhaém;Grande São Paulo Sul/Baixada Santista;Etec de Itanhaém;158;Integrado;Informação e Comunicação;Informática;Informática para Internet - MTec-PI;Manhã e Tarde;246;40;6,15;
Metropolitana da Baixada Santista;Metropolitana da Baixada Santista;Itanhaém;Grande São Paulo Sul/Baixada Santista;Etec de Itanhaém;158;Integrado;Ambiente e Saúde;Meio Ambiente;Meio Ambiente - MTec-PI;Manhã e Tarde;148;40;3,70;
Metropolitana da Baixada Santista;Metropolitana da Baixada Santista;Mongaguá;Grande São Paulo Sul/Baixada Santista;Etec Adolpho Berezin;107;Médio;Educação Básica;Educação Básica - Ensino Médio;Ensino Médio com Itinerário Formativo de Ciências Humanas e Sociais Aplicadas;Manhã;120;35;3,42;
Metropolitana da Baixada Santista;Metropolitana da Baixada Santista;Mongaguá;Grande São Paulo Sul/Baixada Santista;Etec Adolpho Berezin;107;Médio;Educação Básica;Educação Básica - Ensino Médio;Ensino Médio com Itinerário Formativo de Matemática e suas Tecnologias;Manhã;67;35;1,91;
Metropolitana da Baixada Santista;Metropolitana da Baixada Santista;Mongaguá;Grande São Paulo Sul/Baixada Santista;Etec Adolpho Berezin;107;Técnico;Gestão e Negócios;Gestão;Administração;Noite;67;40;1,67;
Metropolitana da Baixada Santista;Metropolitana da Baixada Santista;Mongaguá;Grande São Paulo Sul/Baixada Santista;Etec Adolpho Berezin;107;Técnico;Ambiente e Saúde;Saúde;Enfermagem;Manhã;209;40;5,22;
Metropolitana da Baixada Santista;Metropolitana da Baixada Santista;Mongaguá;Grande São Paulo Sul/Baixada Santista;Etec Adolpho Berezin;107;Técnico;Informação e Comunicação;Informática;Informática;Noite;93;40;2,32;
Metropolitana da Baixada Santista;Metropolitana da Baixada Santista;Mongaguá;Grande São Paulo Sul/Baixada Santista;Etec Adolpho Berezin;107;Integrado;Gestão e Negócios;Gestão;Administração - MTec;Tarde;178;40;4,45;
Metropolitana da Baixada Santista;Metropolitana da Baixada Santista;Mongaguá;Grande São Paulo Sul/Baixada Santista;Etec Adolpho Berezin;107;Integrado;Informação e Comunicação;Informática;Desenvolvimento de Sistemas - MTec;Tarde;192;40;4,80;
Metropolitana da Baixada Santista;Metropolitana da Baixada Santista;Mongaguá;Grande São Paulo Sul/Baixada Santista;Etec Adolpho Berezin;107;Integrado;Infraestrutura;Construção Civil;Edificações - Mtec-N;Noite;71;40;1,77;
Metropolitana da Baixada Santista;Metropolitana da Baixada Santista;Mongaguá;Grande São Paulo Sul/Baixada Santista;Etec Adolpho Berezin;107;Integrado;Turismo, Hospitalidade e Lazer;Turismo e Hospitalidade;Turismo Receptivo - MTec-N;Noite;63;40;1,57;
Metropolitana da Baixada Santista;Metropolitana da Baixada Santista;Mongaguá;Grande São Paulo Sul/Baixada Santista;Etec Adolpho Berezin;107;Especialização;Turismo, Hospitalidade e Lazer;Turismo e Hospitalidade;Turismo de Experiência;Noite;47;30;1,56;
Metropolitana da Baixada Santista;Metropolitana da Baixada Santista;Peruíbe;Grande São Paulo Sul/Baixada Santista;Etec de Peruíbe;266;Técnico;Infraestrutura;Construção Civil;Desenho de Construção Civil;Noite;42;40;1,05;
Metropolitana da Baixada Santista;Metropolitana da Baixada Santista;Peruíbe;Grande São Paulo Sul/Baixada Santista;Etec de Peruíbe;266;Integrado;Gestão e Negócios;Gestão;Administração - MTec-N;Noite;41;40;1,02;
Metropolitana da Baixada Santista;Metropolitana da Baixada Santista;Peruíbe;Grande São Paulo Sul/Baixada Santista;Etec de Peruíbe;266;Integrado;Gestão e Negócios;Gestão;Administração - MTec-PI;Manhã e Tarde;139;40;3,47;
Metropolitana da Baixada Santista;Metropolitana da Baixada Santista;Peruíbe;Grande São Paulo Sul/Baixada Santista;Etec de Peruíbe;266;Integrado;Informação e Comunicação;Informática;Desenvolvimento de Sistemas - MTec-PI ;Manhã e Tarde;146;40;3,65;
Metropolitana da Baixada Santista;Metropolitana da Baixada Santista;Peruíbe;Grande São Paulo Sul/Baixada Santista;Etec de Peruíbe;266;Integrado;Produção Cultural e Design;Imagem Pessoal;Design de Interiores - MTec-PI;Manhã e Tarde;87;40;2,17;
Metropolitana da Baixada Santista;Metropolitana da Baixada Santista;Peruíbe;Grande São Paulo Sul/Baixada Santista;Etec de Peruíbe;266;Integrado;Informação e Comunicação;Informática;Programação de Jogos Digitais - MTec;Manhã;88;40;2,20;
Metropolitana da Baixada Santista;Metropolitana da Baixada Santista;Praia Grande;Grande São Paulo Sul/Baixada Santista;Etec de Praia Grande;153;Técnico;Gestão e Negócios;Gestão;Comércio Exterior;Noite;87;40;2,17;
Metropolitana da Baixada Santista;Metropolitana da Baixada Santista;Praia Grande;Grande São Paulo Sul/Baixada Santista;Etec de Praia Grande;153;Técnico;Ambiente e Saúde;Saúde;Farmácia;Noite;143;40;3,57;
Metropolitana da Baixada Santista;Metropolitana da Baixada Santista;Praia Grande;Grande São Paulo Sul/Baixada Santista;Etec de Praia Grande;153;Técnico;Informação e Comunicação;Informática;Informática;Noite;91;40;2,27;
Metropolitana da Baixada Santista;Metropolitana da Baixada Santista;Praia Grande;Grande São Paulo Sul/Baixada Santista;Etec de Praia Grande;153;Técnico;Gestão e Negócios;Gestão;Recursos Humanos;Noite;84;40;2,10;
Metropolitana da Baixada Santista;Metropolitana da Baixada Santista;Praia Grande;Grande São Paulo Sul/Baixada Santista;Etec de Praia Grande;153;Integrado;Gestão e Negócios;Gestão;Contabilidade - MTec;Tarde;142;40;3,55;
Metropolitana da Baixada Santista;Metropolitana da Baixada Santista;Praia Grande;Grande São Paulo Sul/Baixada Santista;Etec de Praia Grande;153;Integrado;Informação e Comunicação;Informática;Desenvolvimento de Sistemas - MTec;Manhã;594;40;14,85;
Metropolitana da Baixada Santista;Metropolitana da Baixada Santista;Praia Grande;Grande São Paulo Sul/Baixada Santista;Etec de Praia Grande;153;Integrado;Ambiente e Saúde;Saúde;Farmácia - MTec;Manhã;404;40;10,10;
Metropolitana da Baixada Santista;Metropolitana da Baixada Santista;Praia Grande;Grande São Paulo Sul/Baixada Santista;Etec de Praia Grande;153;Integrado;Gestão e Negócios;Gestão;Logística - MTec;Manhã;321;40;8,02;
Metropolitana da Baixada Santista;Metropolitana da Baixada Santista;Praia Grande;Grande São Paulo Sul/Baixada Santista;Etec de Praia Grande;153;Integrado;Produção Industrial;Química;Química - MTec;Tarde;157;40;3,92;
Metropolitana da Baixada Santista;Metropolitana da Baixada Santista;Praia Grande;Grande São Paulo Sul/Baixada Santista;Etec de Praia Grande (Escola Min. Paulo Renato Costa Souza - Balneário Maracanã - Praia Grande);153.3 - Cd_Cps;Técnico;Gestão e Negócios;Gestão;Administração;Noite;97;40;2,42;
Metropolitana da Baixada Santista;Metropolitana da Baixada Santista;Praia Grande;Grande São Paulo Sul/Baixada Santista;Etec de Praia Grande (Escola Min. Paulo Renato Costa Souza - Balneário Maracanã - Praia Grande);153.3 - Cd_Cps;Técnico;Informação e Comunicação;Informática;Informática para Internet;Noite;60;40;1,50;
Metropolitana da Baixada Santista;Metropolitana da Baixada Santista;Praia Grande;Grande São Paulo Sul/Baixada Santista;Etec de Praia Grande (Escola Min. Paulo Renato Costa Souza - Balneário Maracanã - Praia Grande);153.3 - Cd_Cps;Integrado;Gestão e Negócios;Gestão;Administração - MTec;Tarde;248;40;6,20;
Metropolitana da Baixada Santista;Metropolitana da Baixada Santista;Praia Grande;Grande São Paulo Sul/Baixada Santista;Etec de Praia Grande (Escola Min. Paulo Renato Costa Souza - Balneário Maracanã - Praia Grande);153.3 - Cd_Cps;Integrado;Informação e Comunicação;Informática;Informática para Internet - MTec;Tarde;263;40;6,57;
Metropolitana da Baixada Santista;Metropolitana da Baixada Santista;Praia Grande;Grande São Paulo Sul/Baixada Santista;Etec de Praia Grande (Escola Min. Paulo Renato Costa Souza - Balneário Maracanã - Praia Grande);153.3 - Cd_Cps;Integrado;Gestão e Negócios;Comércio;Marketing - MTec;Manhã;312;40;7,80;
Metropolitana da Baixada Santista;Metropolitana da Baixada Santista;Praia Grande;Grande São Paulo Sul/Baixada Santista;Etec de Praia Grande (Escola Min. Paulo Renato Costa Souza - Balneário Maracanã - Praia Grande);153.3 - Cd_Cps;Integrado;Segurança;Saúde;Segurança do Trabalho - MTec;Manhã;195;40;4,87;
Metropolitana da Baixada Santista;Metropolitana da Baixada Santista;Santos;Grande São Paulo Sul/Baixada Santista;Etec Aristóteles Ferreira;035;Técnico;Turismo, Hospitalidade e Lazer;Turismo e Hospitalidade;Agenciamento de Viagem;Noite;45;40;1,12;
Metropolitana da Baixada Santista;Metropolitana da Baixada Santista;Santos;Grande São Paulo Sul/Baixada Santista;Etec Aristóteles Ferreira;035;Técnico;Infraestrutura;Construção Civil;Desenho de Construção Civil;Noite;46;40;1,14;
Metropolitana da Baixada Santista;Metropolitana da Baixada Santista;Santos;Grande São Paulo Sul/Baixada Santista;Etec Aristóteles Ferreira;035;Técnico;Infraestrutura;Construção Civil;Edificações;Noite;67;40;1,67;
Metropolitana da Baixada Santista;Metropolitana da Baixada Santista;Santos;Grande São Paulo Sul/Baixada Santista;Etec Aristóteles Ferreira;035;Técnico;Controle e Processos Industriais;Indústria;Eletrotécnica;Noite;145;40;3,62;
Metropolitana da Baixada Santista;Metropolitana da Baixada Santista;Santos;Grande São Paulo Sul/Baixada Santista;Etec Aristóteles Ferreira;035;Técnico;Controle e Processos Industriais;Indústria;Eletrônica (MNP);Noite;39;40;0,97;
Metropolitana da Baixada Santista;Metropolitana da Baixada Santista;Santos;Grande São Paulo Sul/Baixada Santista;Etec Aristóteles Ferreira;035;Técnico;Controle e Processos Industriais;Indústria;Mecatrônica;Noite;64;40;1,60;
Metropolitana da Baixada Santista;Metropolitana da Baixada Santista;Santos;Grande São Paulo Sul/Baixada Santista;Etec Aristóteles Ferreira;035;Técnico;Controle e Processos Industriais;Indústria;Mecânica;Noite;112;40;2,80;
Metropolitana da Baixada Santista;Metropolitana da Baixada Santista;Santos;Grande São Paulo Sul/Baixada Santista;Etec Aristóteles Ferreira;035;Técnico;Controle e Processos Industriais;Indústria;Soldagem;Noite;52;40;1,30;
Metropolitana da Baixada Santista;Metropolitana da Baixada Santista;Santos;Grande São Paulo Sul/Baixada Santista;Etec Aristóteles Ferreira;035;Integrado;Controle e Processos Industriais;Indústria;Automação Industrial - MTec;Tarde;97;36;2,69;
Metropolitana da Baixada Santista;Metropolitana da Baixada Santista;Santos;Grande São Paulo Sul/Baixada Santista;Etec Aristóteles Ferreira;035;Integrado;Informação e Comunicação;Informática;Desenvolvimento de Sistemas - MTec;Manhã;465;36;12,91;
Metropolitana da Baixada Santista;Metropolitana da Baixada Santista;Santos;Grande São Paulo Sul/Baixada Santista;Etec Aristóteles Ferreira;035;Integrado;Informação e Comunicação;Informática;Desenvolvimento de Sistemas - MTec-AMS;Tarde;128;36;3,55;
Metropolitana da Baixada Santista;Metropolitana da Baixada Santista;Santos;Grande São Paulo Sul/Baixada Santista;Etec Aristóteles Ferreira;035;Integrado;Infraestrutura;Construção Civil;Edificações - MTec;Tarde;95;36;2,63;
Metropolitana da Baixada Santista;Metropolitana da Baixada Santista;Santos;Grande São Paulo Sul/Baixada Santista;Etec Aristóteles Ferreira;035;Integrado;Controle e Processos Industriais;Indústria;Eletrotécnica - MTec;Manhã;88;36;2,44;
Metropolitana da Baixada Santista;Metropolitana da Baixada Santista;Santos;Grande São Paulo Sul/Baixada Santista;Etec Aristóteles Ferreira;035;Integrado;Controle e Processos Industriais;Indústria;Eletrônica - MTec;Manhã;103;36;2,86;
Metropolitana da Baixada Santista;Metropolitana da Baixada Santista;Santos;Grande São Paulo Sul/Baixada Santista;Etec Aristóteles Ferreira;035;Integrado;Informação e Comunicação;Informática;Informática para Internet - MTec-AMS;Manhã;121;36;3,36;
Metropolitana da Baixada Santista;Metropolitana da Baixada Santista;Santos;Grande São Paulo Sul/Baixada Santista;Etec Aristóteles Ferreira;035;Integrado;Controle e Processos Industriais;Indústria;Mecânica - Mtec-N;Noite;59;36;1,63;
Metropolitana da Baixada Santista;Metropolitana da Baixada Santista;Santos;Grande São Paulo Sul/Baixada Santista;Etec Aristóteles Ferreira;035;Integrado;Informação e Comunicação;Informática;Programação de Jogos Digitais - MTec;Tarde;176;36;4,88;
Metropolitana da Baixada Santista;Metropolitana da Baixada Santista;Santos;Grande São Paulo Sul/Baixada Santista;Etec Dona Escolástica Rosa;122;Técnico;Gestão e Negócios;Gestão;Administração;Noite;89;40;2,22;
Metropolitana da Baixada Santista;Metropolitana da Baixada Santista;Santos;Grande São Paulo Sul/Baixada Santista;Etec Dona Escolástica Rosa;122;Técnico;Gestão e Negócios;Gestão;Administração;Tarde;69;40;1,72;
Metropolitana da Baixada Santista;Metropolitana da Baixada Santista;Santos;Grande São Paulo Sul/Baixada Santista;Etec Dona Escolástica Rosa;122;Técnico;Gestão e Negócios;Gestão;Comércio Exterior;Noite;180;40;4,50;
Metropolitana da Baixada Santista;Metropolitana da Baixada Santista;Santos;Grande São Paulo Sul/Baixada Santista;Etec Dona Escolástica Rosa;122;Técnico;Gestão e Negócios;Gestão;Logística;Tarde;94;40;2,35;
Metropolitana da Baixada Santista;Metropolitana da Baixada Santista;Santos;Grande São Paulo Sul/Baixada Santista;Etec Dona Escolástica Rosa;122;Técnico;Segurança;Saúde;Segurança do Trabalho;Noite;158;40;3,95;
Metropolitana da Baixada Santista;Metropolitana da Baixada Santista;Santos;Grande São Paulo Sul/Baixada Santista;Etec Dona Escolástica Rosa;122;Integrado;Gestão e Negócios;Gestão;Administração - MTec;Manhã;391;40;9,77;
Metropolitana da Baixada Santista;Metropolitana da Baixada Santista;Santos;Grande São Paulo Sul/Baixada Santista;Etec Dona Escolástica Rosa;122;Integrado;Gestão e Negócios;Gestão;Administração - MTec-AMS;Tarde;90;40;2,25;
Metropolitana da Baixada Santista;Metropolitana da Baixada Santista;Santos;Grande São Paulo Sul/Baixada Santista;Etec Dona Escolástica Rosa;122;Integrado;Gestão e Negócios;Gestão;Comércio Exterior - MTec-N;Noite;166;40;4,15;
Metropolitana da Baixada Santista;Metropolitana da Baixada Santista;Santos;Grande São Paulo Sul/Baixada Santista;Etec Dona Escolástica Rosa;122;Integrado;Gestão e Negócios;Gestão;Logística - MTec;Manhã;243;40;6,07;
Metropolitana da Baixada Santista;Metropolitana da Baixada Santista;Santos;Grande São Paulo Sul/Baixada Santista;Etec Dona Escolástica Rosa;122;Integrado;Gestão e Negócios;Gestão;Logística - MTec-AMS;Tarde;118;40;2,95;
Metropolitana da Baixada Santista;Metropolitana da Baixada Santista;Santos;Grande São Paulo Sul/Baixada Santista;Etec Dona Escolástica Rosa;122;Integrado;Ambiente e Saúde;Saúde;Nutrição e Dietética - MTec;Manhã;334;40;8,35;
Metropolitana da Baixada Santista;Metropolitana da Baixada Santista;Santos;Grande São Paulo Sul/Baixada Santista;Etec Dona Escolástica Rosa;122;Integrado;Ambiente e Saúde;Saúde;Nutrição e Dietética - Mtec-N;Noite;46;40;1,14;
Metropolitana da Baixada Santista;Metropolitana da Baixada Santista;Santos;Grande São Paulo Sul/Baixada Santista;Etec Dona Escolástica Rosa;122;Integrado;Segurança;Saúde;Segurança do Trabalho - MTec;Manhã;113;40;2,82;
Metropolitana da Baixada Santista;Metropolitana da Baixada Santista;Santos;Grande São Paulo Sul/Baixada Santista;Etec Dona Escolástica Rosa;122;Especialização;Gestão e Negócios;Gestão;Agenciamento Marítimo;Noite;123;40;3,07;
Metropolitana da Baixada Santista;Metropolitana da Baixada Santista;Santos;Grande São Paulo Sul/Baixada Santista;Etec Dona Escolástica Rosa (EE Prof.ª Zulmira Campos);122.01 - Ext/Etec;Técnico;Gestão e Negócios;Gestão;Administração;Noite;50;40;1,25;
Metropolitana da Baixada Santista;Metropolitana da Baixada Santista;Santos;Grande São Paulo Sul/Baixada Santista;Etec Dona Escolástica Rosa (EE Prof.ª Zulmira Campos);122.01 - Ext/Etec;Técnico;Gestão e Negócios;Gestão;Logística;Noite;69;40;1,72;
Metropolitana da Baixada Santista;Metropolitana da Baixada Santista;Santos;Grande São Paulo Sul/Baixada Santista;Etec Dona Escolástica Rosa (EE Prof.ª Zulmira Campos);122.01 - Ext/Etec;Técnico;Infraestrutura;Indústria;Portos;Noite;61;40;1,52;
Metropolitana da Baixada Santista;Metropolitana da Baixada Santista;São Vicente;Grande São Paulo Sul/Baixada Santista;Etec Doutora Ruth Cardoso;194;Médio;Educação Básica;Educação Básica - Ensino Médio;Ensino Médio com Itinerário Formativo de Ciências da Natureza e suas Tecnologias;Manhã;179;40;4,47;
Metropolitana da Baixada Santista;Metropolitana da Baixada Santista;São Vicente;Grande São Paulo Sul/Baixada Santista;Etec Doutora Ruth Cardoso;194;Médio;Educação Básica;Educação Básica - Ensino Médio;Ensino Médio com Itinerário Formativo de Linguagens e suas Tecnologias;Manhã;172;40;4,30;
Metropolitana da Baixada Santista;Metropolitana da Baixada Santista;São Vicente;Grande São Paulo Sul/Baixada Santista;Etec Doutora Ruth Cardoso;194;Técnico;Informação e Comunicação;Informática;Desenvolvimento de Sistemas;Tarde;134;40;3,35;
Metropolitana da Baixada Santista;Metropolitana da Baixada Santista;São Vicente;Grande São Paulo Sul/Baixada Santista;Etec Doutora Ruth Cardoso;194;Técnico;Informação e Comunicação;Informática;Desenvolvimento de Sistemas;Noite;145;40;3,62;
Metropolitana da Baixada Santista;Metropolitana da Baixada Santista;São Vicente;Grande São Paulo Sul/Baixada Santista;Etec Doutora Ruth Cardoso;194;Técnico;Infraestrutura;Construção Civil;Edificações;Noite;78;40;1,95;
Metropolitana da Baixada Santista;Metropolitana da Baixada Santista;São Vicente;Grande São Paulo Sul/Baixada Santista;Etec Doutora Ruth Cardoso;194;Técnico;Ambiente e Saúde;Saúde;Enfermagem;Tarde;160;40;4,00;
Metropolitana da Baixada Santista;Metropolitana da Baixada Santista;São Vicente;Grande São Paulo Sul/Baixada Santista;Etec Doutora Ruth Cardoso;194;Integrado;Infraestrutura;Construção Civil;Edificações - MTec;Tarde;247;40;6,17;
Metropolitana da Baixada Santista;Metropolitana da Baixada Santista;São Vicente;Grande São Paulo Sul/Baixada Santista;Etec Doutora Ruth Cardoso (EE Prof.ª Zulmira de Almeida Lambert);194.02 - Ext/Etec;Técnico;Gestão e Negócios;Gestão;Administração;Noite;52;40;1,30;
Metropolitana da Baixada Santista;Metropolitana da Baixada Santista;São Vicente;Grande São Paulo Sul/Baixada Santista;Etec Doutora Ruth Cardoso (EE Prof.ª Zulmira de Almeida Lambert);194.02 - Ext/Etec;Técnico;Gestão e Negócios;Gestão;Logística;Noite;51;40;1,27;
Metropolitana da Grande São Paulo;Metropolitana da Grande São Paulo;Arujá;Vale do Paraíba/Litoral Norte;Etec Professora Luzia Maria Machado;274;Técnico;Gestão e Negócios;Gestão;Administração;Tarde;74;40;1,85;
Metropolitana da Grande São Paulo;Metropolitana da Grande São Paulo;Arujá;Vale do Paraíba/Litoral Norte;Etec Professora Luzia Maria Machado;274;Técnico;Gestão e Negócios;Gestão;Administração;Noite;55;40;1,37;
Metropolitana da Grande São Paulo;Metropolitana da Grande São Paulo;Arujá;Vale do Paraíba/Litoral Norte;Etec Professora Luzia Maria Machado;274;Técnico;Gestão e Negócios;Gestão;Logística;Noite;46;40;1,14;
Metropolitana da Grande São Paulo;Metropolitana da Grande São Paulo;Arujá;Vale do Paraíba/Litoral Norte;Etec Professora Luzia Maria Machado;274;Técnico;Gestão e Negócios;Gestão;Recursos Humanos;Manhã;49;40;1,22;
Metropolitana da Grande São Paulo;Metropolitana da Grande São Paulo;Arujá;Vale do Paraíba/Litoral Norte;Etec Professora Luzia Maria Machado;274;Integrado;Gestão e Negócios;Gestão;Administração - MTec;Tarde;220;40;5,50;
Metropolitana da Grande São Paulo;Metropolitana da Grande São Paulo;Arujá;Vale do Paraíba/Litoral Norte;Etec Professora Luzia Maria Machado;274;Integrado;Informação e Comunicação;Informática;Desenvolvimento de Sistemas - MTec;Manhã;302;40;7,55;
Metropolitana da Grande São Paulo;Metropolitana da Grande São Paulo;Arujá;Vale do Paraíba/Litoral Norte;Etec Professora Luzia Maria Machado;274;Integrado;Gestão e Negócios;Gestão;Recursos Humanos - MTec;Manhã;232;40;5,80;
Metropolitana da Grande São Paulo;Metropolitana da Grande São Paulo;Barueri;Grande São Paulo Noroeste;Etec Antônio Furlan;245;Técnico;Ambiente e Saúde;Saúde;Enfermagem;Tarde;143;40;3,57;
Metropolitana da Grande São Paulo;Metropolitana da Grande São Paulo;Barueri;Grande São Paulo Noroeste;Etec Antônio Furlan;245;Integrado;Gestão e Negócios;Gestão;Administração - MTec;Manhã;549;40;13,72;
Metropolitana da Grande São Paulo;Metropolitana da Grande São Paulo;Barueri;Grande São Paulo Noroeste;Etec Antônio Furlan;245;Integrado;Gestão e Negócios;Gestão;Contabilidade - MTec;Manhã;218;40;5,45;
Metropolitana da Grande São Paulo;Metropolitana da Grande São Paulo;Barueri;Grande São Paulo Noroeste;Etec Antônio Furlan;245;Integrado;Informação e Comunicação;Informática;Informática para Internet - MTec;Manhã;733;40;18,32;
Metropolitana da Grande São Paulo;Metropolitana da Grande São Paulo;Barueri;Grande São Paulo Noroeste;Etec Antônio Furlan;245;Integrado;Informação e Comunicação;Informática;Informática para Internet - MTec-PI;Tarde e Noite;182;40;4,55;
Metropolitana da Grande São Paulo;Metropolitana da Grande São Paulo;Barueri;Grande São Paulo Noroeste;Etec Antônio Furlan;245;Integrado;Gestão e Negócios;Gestão;Marketing - MTec-PI;Tarde e Noite;158;40;3,95;
Metropolitana da Grande São Paulo;Metropolitana da Grande São Paulo;Barueri;Grande São Paulo Noroeste;Etec Antônio Furlan;245;Integrado;Gestão e Negócios;Gestão;Recursos Humanos - MTec;Manhã;360;40;9,00;
Metropolitana da Grande São Paulo;Metropolitana da Grande São Paulo;Barueri;Grande São Paulo Noroeste;Etec Antônio Furlan;245;Especialização;Ambiente e Saúde;Saúde;Enfermagem no Atendimento em Urgência e Emergência Intra e Extra Hospitalar ;Noite;121;30;4,03;
Metropolitana da Grande São Paulo;Metropolitana da Grande São Paulo;Caieiras;Grande São Paulo Noroeste;Etec Paulo do Carmo Monteiro;279;Técnico;Segurança;Saúde;Segurança do Trabalho;Noite;85;40;2,12;
Metropolitana da Grande São Paulo;Metropolitana da Grande São Paulo;Caieiras;Grande São Paulo Noroeste;Etec Paulo do Carmo Monteiro;279;Integrado;Gestão e Negócios;Gestão;Administração - MTec;Manhã;175;40;4,37;
Metropolitana da Grande São Paulo;Metropolitana da Grande São Paulo;Caieiras;Grande São Paulo Noroeste;Etec Paulo do Carmo Monteiro;279;Integrado;Informação e Comunicação;Informática;Informática para Internet - MTec;Tarde;91;40;2,27;
Metropolitana da Grande São Paulo;Metropolitana da Grande São Paulo;Caieiras;Grande São Paulo Noroeste;Etec Paulo do Carmo Monteiro;279;Integrado;Informação e Comunicação;Informática;Informática para Internet - MTec-N;Noite;42;40;1,05;
Metropolitana da Grande São Paulo;Metropolitana da Grande São Paulo;Caieiras;Grande São Paulo Noroeste;Etec Paulo do Carmo Monteiro;279;Integrado;Gestão e Negócios;Comércio;Marketing - MTec;Manhã;114;40;2,85;
Metropolitana da Grande São Paulo;Metropolitana da Grande São Paulo;Caieiras;Grande São Paulo Noroeste;Etec Paulo do Carmo Monteiro;279;Integrado;Gestão e Negócios;Gestão;Recursos Humanos - MTec;Tarde;33;40;0,82;
Metropolitana da Grande São Paulo;Metropolitana da Grande São Paulo;Cajamar;Grande São Paulo Noroeste;Etec Gino Rezaghi;191;Médio;Educação Básica;Educação Básica - Ensino Médio;Ensino Médio com Itinerário Formativo de Ciências Humanas e Sociais Aplicadas;Manhã;149;40;3,72;
Metropolitana da Grande São Paulo;Metropolitana da Grande São Paulo;Cajamar;Grande São Paulo Noroeste;Etec Gino Rezaghi;191;Integrado;Gestão e Negócios;Gestão;Administração - MTec-PI;Manhã e Tarde;213;40;5,32;
Metropolitana da Grande São Paulo;Metropolitana da Grande São Paulo;Cajamar;Grande São Paulo Noroeste;Etec Gino Rezaghi;191;Integrado;Informação e Comunicação;Informática;Informática para Internet - MTec;Manhã;235;40;5,87;
Metropolitana da Grande São Paulo;Metropolitana da Grande São Paulo;Cajamar;Grande São Paulo Noroeste;Etec Gino Rezaghi;191;Integrado;Gestão e Negócios;Gestão;Logística - Mtec-N;Noite;104;40;2,60;
Metropolitana da Grande São Paulo;Metropolitana da Grande São Paulo;Cajamar;Grande São Paulo Noroeste;Etec Gino Rezaghi;191;Integrado;Gestão e Negócios;Comércio;Marketing - MTec;Tarde;126;40;3,15;
Metropolitana da Grande São Paulo;Metropolitana da Grande São Paulo;Cajamar;Grande São Paulo Noroeste;Etec Gino Rezaghi;191;Integrado;Gestão e Negócios;Gestão;Recursos Humanos - MTec-N;Noite;112;40;2,80;
Metropolitana da Grande São Paulo;Metropolitana da Grande São Paulo;Carapicuíba;Grande São Paulo Noroeste;Etec de Carapicuíba;144;Técnico;Gestão e Negócios;Gestão;Administração (MNP);Noite;59;40;1,47;
Metropolitana da Grande São Paulo;Metropolitana da Grande São Paulo;Carapicuíba;Grande São Paulo Noroeste;Etec de Carapicuíba;144;Técnico;Produção Cultural e Design;Design;Design Gráfico;Noite;70;40;1,75;
Metropolitana da Grande São Paulo;Metropolitana da Grande São Paulo;Carapicuíba;Grande São Paulo Noroeste;Etec de Carapicuíba;144;Técnico;Produção Cultural e Design;Design;Processos Fotográficos;Noite;51;40;1,27;
Metropolitana da Grande São Paulo;Metropolitana da Grande São Paulo;Carapicuíba;Grande São Paulo Noroeste;Etec de Carapicuíba;144;Técnico;Gestão e Negócios;Gestão;Recursos Humanos;Noite;39;40;0,97;
Metropolitana da Grande São Paulo;Metropolitana da Grande São Paulo;Carapicuíba;Grande São Paulo Noroeste;Etec de Carapicuíba;144;Integrado;Gestão e Negócios;Gestão;Administração - MTec;Manhã;364;40;9,10;
Metropolitana da Grande São Paulo;Metropolitana da Grande São Paulo;Carapicuíba;Grande São Paulo Noroeste;Etec de Carapicuíba;144;Integrado;Produção Cultural e Design;Design;Design Gráfico - MTec (MNP);Manhã;236;40;5,90;
Metropolitana da Grande São Paulo;Metropolitana da Grande São Paulo;Carapicuíba;Grande São Paulo Noroeste;Etec de Carapicuíba;144;Integrado;Gestão e Negócios;Comércio;Marketing - MTec;Manhã;215;40;5,37;
Metropolitana da Grande São Paulo;Metropolitana da Grande São Paulo;Carapicuíba;Grande São Paulo Noroeste;Etec de Carapicuíba;144;Integrado;Produção Cultural e Design;Design;Multimídia - MTec;Tarde;91;40;2,27;
Metropolitana da Grande São Paulo;Metropolitana da Grande São Paulo;Carapicuíba;Grande São Paulo Noroeste;Etec de Carapicuíba;144;Integrado;Produção Cultural e Design;Design;Processos Fotográficos - MTec;Tarde;107;40;2,67;
Metropolitana da Grande São Paulo;Metropolitana da Grande São Paulo;Carapicuíba;Grande São Paulo Noroeste;Etec de Carapicuíba;144;Integrado;Produção Cultural e Design;Comércio;Publicidade - MTec-N;Noite;52;40;1,30;
Metropolitana da Grande São Paulo;Metropolitana da Grande São Paulo;Carapicuíba;Grande São Paulo Noroeste;Etec de Carapicuíba / Fatec de Carapicuíba;144/143 - Etec/Fatec;Integrado;Informação e Comunicação;Informática;Desenvolvimento de Sistemas - MTec-AMS (MNP);Tarde;259;40;6,47;
Metropolitana da Grande São Paulo;Metropolitana da Grande São Paulo;Cotia;Grande São Paulo Sul/Baixada Santista;Etec de Cotia;222;Técnico;Gestão e Negócios;Gestão;Administração;Noite;82;40;2,04;
Metropolitana da Grande São Paulo;Metropolitana da Grande São Paulo;Cotia;Grande São Paulo Sul/Baixada Santista;Etec de Cotia;222;Técnico;Gestão e Negócios;Gestão;Contabilidade;Noite;53;40;1,32;
Metropolitana da Grande São Paulo;Metropolitana da Grande São Paulo;Cotia;Grande São Paulo Sul/Baixada Santista;Etec de Cotia;222;Integrado;Gestão e Negócios;Gestão;Administração - MTec;Manhã;637;80;7,96;
Metropolitana da Grande São Paulo;Metropolitana da Grande São Paulo;Cotia;Grande São Paulo Sul/Baixada Santista;Etec de Cotia;222;Integrado;Informação e Comunicação;Informática;Desenvolvimento de Sistemas - MTec;Tarde;397;40;9,92;
Metropolitana da Grande São Paulo;Metropolitana da Grande São Paulo;Diadema;Grande São Paulo Sul/Baixada Santista;Etec Juscelino Kubitschek de Oliveira;166;Médio;Educação Básica;Educação Básica - Ensino Médio;Ensino Médio com Itinerário Formativo de Ciências Humanas e Sociais Aplicadas;Manhã;181;40;4,52;
Metropolitana da Grande São Paulo;Metropolitana da Grande São Paulo;Diadema;Grande São Paulo Sul/Baixada Santista;Etec Juscelino Kubitschek de Oliveira;166;Técnico;Gestão e Negócios;Gestão;Administração;Tarde;89;40;2,22;
Metropolitana da Grande São Paulo;Metropolitana da Grande São Paulo;Diadema;Grande São Paulo Sul/Baixada Santista;Etec Juscelino Kubitschek de Oliveira;166;Técnico;Gestão e Negócios;Gestão;Administração;Noite;106;40;2,65;
Metropolitana da Grande São Paulo;Metropolitana da Grande São Paulo;Diadema;Grande São Paulo Sul/Baixada Santista;Etec Juscelino Kubitschek de Oliveira;166;Técnico;Informação e Comunicação;Informática;Desenvolvimento de Sistemas;Noite;102;40;2,54;
Metropolitana da Grande São Paulo;Metropolitana da Grande São Paulo;Diadema;Grande São Paulo Sul/Baixada Santista;Etec Juscelino Kubitschek de Oliveira;166;Técnico;Informação e Comunicação;Informática;Desenvolvimento de Sistemas;Tarde;80;40;2,00;
Metropolitana da Grande São Paulo;Metropolitana da Grande São Paulo;Diadema;Grande São Paulo Sul/Baixada Santista;Etec Juscelino Kubitschek de Oliveira;166;Técnico;Gestão e Negócios;Gestão;Qualidade;Noite;69;40;1,72;
Metropolitana da Grande São Paulo;Metropolitana da Grande São Paulo;Diadema;Grande São Paulo Sul/Baixada Santista;Etec Juscelino Kubitschek de Oliveira;166;Integrado;Gestão e Negócios;Gestão;Administração - MTec;Manhã;359;40;8,97;
Metropolitana da Grande São Paulo;Metropolitana da Grande São Paulo;Diadema;Grande São Paulo Sul/Baixada Santista;Etec Juscelino Kubitschek de Oliveira;166;Integrado;Gestão e Negócios;Gestão;Administração - MTec-PI;Manhã e Tarde;281;40;7,02;
Metropolitana da Grande São Paulo;Metropolitana da Grande São Paulo;Embu das Artes;Grande São Paulo Sul/Baixada Santista;Etec de Embu;241;Técnico;Gestão e Negócios;Gestão;Administração;Noite;84;40;2,10;
Metropolitana da Grande São Paulo;Metropolitana da Grande São Paulo;Embu das Artes;Grande São Paulo Sul/Baixada Santista;Etec de Embu;241;Técnico;Gestão e Negócios;Gestão;Contabilidade;Noite;45;40;1,12;
Metropolitana da Grande São Paulo;Metropolitana da Grande São Paulo;Embu das Artes;Grande São Paulo Sul/Baixada Santista;Etec de Embu;241;Técnico;Informação e Comunicação;Informática;Desenvolvimento de Sistemas;Noite;173;40;4,32;
Metropolitana da Grande São Paulo;Metropolitana da Grande São Paulo;Embu das Artes;Grande São Paulo Sul/Baixada Santista;Etec de Embu;241;Técnico;Controle e Processos Industriais;Indústria;Eletroeletrônica;Noite;90;40;2,25;
Metropolitana da Grande São Paulo;Metropolitana da Grande São Paulo;Embu das Artes;Grande São Paulo Sul/Baixada Santista;Etec de Embu;241;Integrado;Gestão e Negócios;Gestão;Administração - MTec;Manhã;496;40;12,40;
Metropolitana da Grande São Paulo;Metropolitana da Grande São Paulo;Embu das Artes;Grande São Paulo Sul/Baixada Santista;Etec de Embu;241;Integrado;Gestão e Negócios;Gestão;Administração - MTec (MNP);Tarde;71;40;1,77;
Metropolitana da Grande São Paulo;Metropolitana da Grande São Paulo;Embu das Artes;Grande São Paulo Sul/Baixada Santista;Etec de Embu;241;Integrado;Controle e Processos Industriais;Indústria;Automação Industrial - MTec;Manhã;170;40;4,25;
Metropolitana da Grande São Paulo;Metropolitana da Grande São Paulo;Embu das Artes;Grande São Paulo Sul/Baixada Santista;Etec de Embu;241;Integrado;Informação e Comunicação;Informática;Desenvolvimento de Sistemas - Mtec-N;Noite;147;40;3,67;
Metropolitana da Grande São Paulo;Metropolitana da Grande São Paulo;Embu das Artes;Grande São Paulo Sul/Baixada Santista;Etec de Embu;241;Integrado;Informação e Comunicação;Informática;Informática - MTec (MNP);Tarde;122;40;3,05;
Metropolitana da Grande São Paulo;Metropolitana da Grande São Paulo;Embu das Artes;Grande São Paulo Sul/Baixada Santista;Etec de Embu;241;Integrado;Informação e Comunicação;Informática;Redes de Computadores - MTec;Manhã;225;40;5,62;
Metropolitana da Grande São Paulo;Metropolitana da Grande São Paulo;Ferraz de Vasconcelos;Grande São Paulo Leste;Etec de Ferraz de Vasconcelos;170;Técnico;Gestão e Negócios;Gestão;Administração (MNP);Noite;71;40;1,77;
Metropolitana da Grande São Paulo;Metropolitana da Grande São Paulo;Ferraz de Vasconcelos;Grande São Paulo Leste;Etec de Ferraz de Vasconcelos;170;Técnico;Gestão e Negócios;Gestão;Recursos Humanos (MNP);Noite;38;40;0,95;
Metropolitana da Grande São Paulo;Metropolitana da Grande São Paulo;Ferraz de Vasconcelos;Grande São Paulo Leste;Etec de Ferraz de Vasconcelos;170;Técnico;Segurança;Saúde;Segurança do Trabalho (MNP);Noite;66;40;1,65;
Metropolitana da Grande São Paulo;Metropolitana da Grande São Paulo;Ferraz de Vasconcelos;Grande São Paulo Leste;Etec de Ferraz de Vasconcelos;170;Integrado;Gestão e Negócios;Gestão;Administração - MTec;Manhã;413;80;5,16;
Metropolitana da Grande São Paulo;Metropolitana da Grande São Paulo;Ferraz de Vasconcelos;Grande São Paulo Leste;Etec de Ferraz de Vasconcelos;170;Integrado;Gestão e Negócios;Gestão;Administração - MTec;Tarde;70;40;1,75;
Metropolitana da Grande São Paulo;Metropolitana da Grande São Paulo;Ferraz de Vasconcelos;Grande São Paulo Leste;Etec de Ferraz de Vasconcelos;170;Integrado;Gestão e Negócios;Gestão;Administração - MTec-N;Noite;95;40;2,37;
Metropolitana da Grande São Paulo;Metropolitana da Grande São Paulo;Ferraz de Vasconcelos;Grande São Paulo Leste;Etec de Ferraz de Vasconcelos;170;Integrado;Gestão e Negócios;Gestão;Logística - MTec;Manhã;83;40;2,07;
Metropolitana da Grande São Paulo;Metropolitana da Grande São Paulo;Ferraz de Vasconcelos;Grande São Paulo Leste;Etec de Ferraz de Vasconcelos;170;Integrado;Gestão e Negócios;Comércio;Marketing - MTec;Tarde;141;40;3,52;
Metropolitana da Grande São Paulo;Metropolitana da Grande São Paulo;Ferraz de Vasconcelos;Grande São Paulo Leste;Etec de Ferraz de Vasconcelos;170;Integrado;Informação e Comunicação;Informática;Programação de Jogos Digitais - MTec (MNP);Tarde;161;40;4,02;
Metropolitana da Grande São Paulo;Metropolitana da Grande São Paulo;Ferraz de Vasconcelos;Grande São Paulo Leste;Etec de Ferraz de Vasconcelos / Fatec de Ferraz de Vasconcelos;170/292 - Etec/Fatec;Integrado;Gestão e Negócios;Gestão;Administração - MTec-AMS;Manhã;144;40;3,60;
Metropolitana da Grande São Paulo;Metropolitana da Grande São Paulo;Ferraz de Vasconcelos;Grande São Paulo Leste;Etec de Ferraz de Vasconcelos / Fatec de Ferraz de Vasconcelos;170/292 - Etec/Fatec;Integrado;Informação e Comunicação;Informática;Desenvolvimento de Sistemas - MTec-AMS (MNP);Tarde;157;40;3,92;
Metropolitana da Grande São Paulo;Metropolitana da Grande São Paulo;Francisco Morato;Grande São Paulo Noroeste;Etec de Francisco Morato;231;Técnico;Gestão e Negócios;Gestão;Administração;Noite;78;40;1,95;
Metropolitana da Grande São Paulo;Metropolitana da Grande São Paulo;Francisco Morato;Grande São Paulo Noroeste;Etec de Francisco Morato;231;Técnico;Gestão e Negócios;Gestão;Contabilidade;Noite;35;40;0,87;
Metropolitana da Grande São Paulo;Metropolitana da Grande São Paulo;Francisco Morato;Grande São Paulo Noroeste;Etec de Francisco Morato;231;Integrado;Gestão e Negócios;Gestão;Administração - MTec;Tarde;101;40;2,52;
Metropolitana da Grande São Paulo;Metropolitana da Grande São Paulo;Francisco Morato;Grande São Paulo Noroeste;Etec de Francisco Morato;231;Integrado;Gestão e Negócios;Gestão;Administração - MTec;Manhã;280;40;7,00;
Metropolitana da Grande São Paulo;Metropolitana da Grande São Paulo;Francisco Morato;Grande São Paulo Noroeste;Etec de Francisco Morato;231;Integrado;Informação e Comunicação;Informática;Informática para Internet - MTec (MNP);Manhã;213;40;5,32;
Metropolitana da Grande São Paulo;Metropolitana da Grande São Paulo;Francisco Morato;Grande São Paulo Noroeste;Etec de Francisco Morato;231;Integrado;Informação e Comunicação;Informática;Informática para Internet - MTec (MNP);Tarde;84;40;2,10;
Metropolitana da Grande São Paulo;Metropolitana da Grande São Paulo;Francisco Morato;Grande São Paulo Noroeste;Etec de Francisco Morato;231;Integrado;Gestão e Negócios;Gestão;Logística - MTec;Manhã;101;40;2,52;
Metropolitana da Grande São Paulo;Metropolitana da Grande São Paulo;Francisco Morato;Grande São Paulo Noroeste;Etec de Francisco Morato;231;Integrado;Gestão e Negócios;Comércio;Marketing - MTec;Manhã;184;40;4,59;
Metropolitana da Grande São Paulo;Metropolitana da Grande São Paulo;Francisco Morato;Grande São Paulo Noroeste;Etec de Francisco Morato;231;Integrado;Gestão e Negócios;Comércio;Marketing - MTec;Tarde;73;40;1,82;
Metropolitana da Grande São Paulo;Metropolitana da Grande São Paulo;Franco da Rocha;Grande São Paulo Noroeste;Etec Doutor Emílio Hernandez Aguilar;142;Médio;Educação Básica;Educação Básica - Ensino Médio;Ensino Médio com Itinerário Formativo de Linguagens e suas Tecnologias;Tarde;108;40;2,70;
Metropolitana da Grande São Paulo;Metropolitana da Grande São Paulo;Franco da Rocha;Grande São Paulo Noroeste;Etec Doutor Emílio Hernandez Aguilar;142;Técnico;Gestão e Negócios;Gestão;Administração;Tarde;83;40;2,07;
Metropolitana da Grande São Paulo;Metropolitana da Grande São Paulo;Franco da Rocha;Grande São Paulo Noroeste;Etec Doutor Emílio Hernandez Aguilar;142;Técnico;Gestão e Negócios;Gestão;Administração;Noite;71;40;1,77;
Metropolitana da Grande São Paulo;Metropolitana da Grande São Paulo;Franco da Rocha;Grande São Paulo Noroeste;Etec Doutor Emílio Hernandez Aguilar;142;Técnico;Informação e Comunicação;Informática;Desenvolvimento de Sistemas;Noite;118;40;2,95;
Metropolitana da Grande São Paulo;Metropolitana da Grande São Paulo;Franco da Rocha;Grande São Paulo Noroeste;Etec Doutor Emílio Hernandez Aguilar;142;Integrado;Gestão e Negócios;Gestão;Administração - MTec;Manhã;341;40;8,52;
Metropolitana da Grande São Paulo;Metropolitana da Grande São Paulo;Franco da Rocha;Grande São Paulo Noroeste;Etec Doutor Emílio Hernandez Aguilar;142;Integrado;Informação e Comunicação;Informática;Desenvolvimento de Sistemas - MTec;Tarde;229;40;5,72;
Metropolitana da Grande São Paulo;Metropolitana da Grande São Paulo;Franco da Rocha;Grande São Paulo Noroeste;Etec Doutor Emílio Hernandez Aguilar;142;Integrado;Informação e Comunicação;Informática;Informática para Internet - MTec;Manhã;229;40;5,72;
Metropolitana da Grande São Paulo;Metropolitana da Grande São Paulo;Franco da Rocha;Grande São Paulo Noroeste;Etec Doutor Emílio Hernandez Aguilar;142;Integrado;Gestão e Negócios;Gestão;Logística - MTec;Manhã;153;40;3,82;
Metropolitana da Grande São Paulo;Metropolitana da Grande São Paulo;Franco da Rocha;Grande São Paulo Noroeste;Etec Doutor Emílio Hernandez Aguilar;142;Integrado;Gestão e Negócios;Gestão;Logística - Mtec-N;Noite;99;40;2,47;
Metropolitana da Grande São Paulo;Metropolitana da Grande São Paulo;Franco da Rocha;Grande São Paulo Noroeste;Etec Doutor Emílio Hernandez Aguilar;142;Integrado;Gestão e Negócios;Comércio;Marketing - MTec;Manhã;268;40;6,70;
Metropolitana da Grande São Paulo;Metropolitana da Grande São Paulo;Franco da Rocha;Grande São Paulo Noroeste;Etec Doutor Emílio Hernandez Aguilar;142;Integrado;Ambiente e Saúde;Meio Ambiente;Meio Ambiente - MTec;Tarde;120;40;3,00;
Metropolitana da Grande São Paulo;Metropolitana da Grande São Paulo;Guarulhos;Grande São Paulo Leste;Etec de Guarulhos;295;Técnico;Gestão e Negócios;Gestão;Administração (MNP);Noite;110;40;2,75;
Metropolitana da Grande São Paulo;Metropolitana da Grande São Paulo;Guarulhos;Grande São Paulo Leste;Etec de Guarulhos;295;Técnico;Informação e Comunicação;Informática;Informática para Internet (MNP);Noite;113;40;2,82;
Metropolitana da Grande São Paulo;Metropolitana da Grande São Paulo;Guarulhos;Grande São Paulo Leste;Etec de Guarulhos;295;Técnico;Gestão e Negócios;Gestão;Serviços Jurídicos (MNP);Noite;51;40;1,27;
Metropolitana da Grande São Paulo;Metropolitana da Grande São Paulo;Guarulhos;Grande São Paulo Leste;Etec de Guarulhos;295;Integrado;Gestão e Negócios;Gestão;Administração - MTec;Manhã;740;40;18,50;
Metropolitana da Grande São Paulo;Metropolitana da Grande São Paulo;Guarulhos;Grande São Paulo Leste;Etec de Guarulhos;295;Integrado;Informação e Comunicação;Informática;Desenvolvimento de Sistemas - MTec;Manhã;1.008;40;25,20;
Metropolitana da Grande São Paulo;Metropolitana da Grande São Paulo;Guarulhos;Grande São Paulo Leste;Etec de Guarulhos;295;Integrado;Informação e Comunicação;Informática;Desenvolvimento de Sistemas - MTec;Tarde;229;40;5,72;
Metropolitana da Grande São Paulo;Metropolitana da Grande São Paulo;Guarulhos;Grande São Paulo Leste;Etec de Guarulhos;295;Integrado;Gestão e Negócios;Gestão;Logística - MTec;Manhã;251;40;6,27;
Metropolitana da Grande São Paulo;Metropolitana da Grande São Paulo;Guarulhos;Grande São Paulo Leste;Etec de Guarulhos;295;Integrado;Gestão e Negócios;Gestão;Logística - MTec-AMS;Tarde;114;40;2,85;
Metropolitana da Grande São Paulo;Metropolitana da Grande São Paulo;Guarulhos;Grande São Paulo Leste;Etec de Guarulhos;295;Integrado;Gestão e Negócios;Gestão;Recursos Humanos - MTec;Tarde;152;40;3,80;
Metropolitana da Grande São Paulo;Metropolitana da Grande São Paulo;Guarulhos;Grande São Paulo Leste;Etec de Guarulhos (EE João Crispiniano Soares);295.03 - Ext/Etec;Técnico;Gestão e Negócios;Gestão;Contabilidade;Noite;31;35;0,88;
Metropolitana da Grande São Paulo;Metropolitana da Grande São Paulo;Guarulhos;Grande São Paulo Leste;Etec de Guarulhos (EE João Crispiniano Soares);295.03 - Ext/Etec;Técnico;Gestão e Negócios;Gestão;Recursos Humanos (MNP);Noite;42;35;1,20;
Metropolitana da Grande São Paulo;Metropolitana da Grande São Paulo;Guarulhos;Grande São Paulo Leste;Etec Professor Aprígio Gonzaga (EE Coronel Ary Gomes);034.02 - Ext/Etec;Técnico;Gestão e Negócios;Gestão;Administração (MNP);Noite;35;40;0,87;
Metropolitana da Grande São Paulo;Metropolitana da Grande São Paulo;Itapevi;Grande São Paulo Noroeste;Etec José Miguel Soares;300;Técnico;Gestão e Negócios;Gestão;Administração;Noite;97;40;2,42;
Metropolitana da Grande São Paulo;Metropolitana da Grande São Paulo;Itapevi;Grande São Paulo Noroeste;Etec José Miguel Soares;300;Integrado;Gestão e Negócios;Gestão;Administração - MTec;Manhã;251;40;6,27;
Metropolitana da Grande São Paulo;Metropolitana da Grande São Paulo;Itapevi;Grande São Paulo Noroeste;Etec José Miguel Soares;300;Integrado;Gestão e Negócios;Gestão;Administração - MTec-PI;Manhã e Tarde;125;40;3,12;
Metropolitana da Grande São Paulo;Metropolitana da Grande São Paulo;Itapevi;Grande São Paulo Noroeste;Etec José Miguel Soares;300;Integrado;Informação e Comunicação;Informática;Informática - MTec-PI;Tarde e Noite;106;40;2,65;
Metropolitana da Grande São Paulo;Metropolitana da Grande São Paulo;Itapevi;Grande São Paulo Noroeste;Etec José Miguel Soares;300;Integrado;Gestão e Negócios;Gestão;Logística - MTec;Manhã;83;40;2,07;
Metropolitana da Grande São Paulo;Metropolitana da Grande São Paulo;Itaquaquecetuba;Grande São Paulo Leste;Etec de Itaquaquecetuba;249;Técnico;Informação e Comunicação;Informática;Informática;Noite;77;40;1,92;
Metropolitana da Grande São Paulo;Metropolitana da Grande São Paulo;Itaquaquecetuba;Grande São Paulo Leste;Etec de Itaquaquecetuba;249;Técnico;Segurança;Saúde;Segurança do Trabalho (MNP);Noite;77;40;1,92;
Metropolitana da Grande São Paulo;Metropolitana da Grande São Paulo;Itaquaquecetuba;Grande São Paulo Leste;Etec de Itaquaquecetuba;249;Integrado;Gestão e Negócios;Gestão;Administração - MTec;Manhã;360;40;9,00;
Metropolitana da Grande São Paulo;Metropolitana da Grande São Paulo;Itaquaquecetuba;Grande São Paulo Leste;Etec de Itaquaquecetuba;249;Integrado;Informação e Comunicação;Informática;Desenvolvimento de Sistemas - MTec;Manhã;389;40;9,72;
Metropolitana da Grande São Paulo;Metropolitana da Grande São Paulo;Itaquaquecetuba;Grande São Paulo Leste;Etec de Itaquaquecetuba;249;Integrado;Turismo, Hospitalidade e Lazer;Lazer e Desenvolvimento Social;Eventos - MTec;Tarde;97;40;2,42;
Metropolitana da Grande São Paulo;Metropolitana da Grande São Paulo;Itaquaquecetuba;Grande São Paulo Leste;Etec de Itaquaquecetuba;249;Integrado;Gestão e Negócios;Gestão;Recursos Humanos - MTec;Tarde;127;40;3,17;
Metropolitana da Grande São Paulo;Metropolitana da Grande São Paulo;Jandira;Grande São Paulo Noroeste;Etec Prefeito Braz Paschoalin;268;Técnico;Gestão e Negócios;Gestão;Administração;Noite;51;40;1,27;
Metropolitana da Grande São Paulo;Metropolitana da Grande São Paulo;Jandira;Grande São Paulo Noroeste;Etec Prefeito Braz Paschoalin;268;Técnico;Gestão e Negócios;Gestão;Serviços Públicos;Noite;31;40;0,77;
Metropolitana da Grande São Paulo;Metropolitana da Grande São Paulo;Jandira;Grande São Paulo Noroeste;Etec Prefeito Braz Paschoalin;268;Integrado;Gestão e Negócios;Gestão;Administração - MTec;Manhã;241;40;6,02;
Metropolitana da Grande São Paulo;Metropolitana da Grande São Paulo;Jandira;Grande São Paulo Noroeste;Etec Prefeito Braz Paschoalin;268;Integrado;Gestão e Negócios;Gestão;Administração - MTec;Tarde;68;40;1,70;
Metropolitana da Grande São Paulo;Metropolitana da Grande São Paulo;Jandira;Grande São Paulo Noroeste;Etec Prefeito Braz Paschoalin;268;Integrado;Gestão e Negócios;Gestão;Recursos Humanos - MTec;Manhã;143;40;3,57;
Metropolitana da Grande São Paulo;Metropolitana da Grande São Paulo;Juquitiba;Grande São Paulo Sul/Baixada Santista;Etec de Embu (EM Raízes do Pau Brasil - Juquitiba);241.2 - Cd_Cps;Técnico;Turismo, Hospitalidade e Lazer;Turismo e Hospitalidade;Agenciamento de Viagem;Noite;43;40;1,07;
Metropolitana da Grande São Paulo;Metropolitana da Grande São Paulo;Mairiporã;Grande São Paulo Leste;Etec de Mairiporã;271;Integrado;Gestão e Negócios;Gestão;Administração - MTec-N;Noite;35;40;0,87;
Metropolitana da Grande São Paulo;Metropolitana da Grande São Paulo;Mairiporã;Grande São Paulo Leste;Etec de Mairiporã;271;Integrado;Gestão e Negócios;Gestão;Administração - MTec-PI;Manhã e Tarde;146;40;3,65;
Metropolitana da Grande São Paulo;Metropolitana da Grande São Paulo;Mairiporã;Grande São Paulo Leste;Etec de Mairiporã;271;Integrado;Gestão e Negócios;Gestão;Logística - Mtec-N;Noite;29;40;0,72;
Metropolitana da Grande São Paulo;Metropolitana da Grande São Paulo;Mairiporã;Grande São Paulo Leste;Etec de Mairiporã;271;Integrado;Gestão e Negócios;Gestão;Logística - MTec-PI;Manhã e Tarde;92;40;2,29;
Metropolitana da Grande São Paulo;Metropolitana da Grande São Paulo;Mauá;Grande São Paulo Sul/Baixada Santista;Etec de Mauá;128;Técnico;Gestão e Negócios;Gestão;Administração;Noite;83;40;2,07;
Metropolitana da Grande São Paulo;Metropolitana da Grande São Paulo;Mauá;Grande São Paulo Sul/Baixada Santista;Etec de Mauá;128;Técnico;Ambiente e Saúde;Saúde;Farmácia;Noite;156;40;3,90;
Metropolitana da Grande São Paulo;Metropolitana da Grande São Paulo;Mauá;Grande São Paulo Sul/Baixada Santista;Etec de Mauá;128;Técnico;Informação e Comunicação;Informática;Informática;Noite;95;40;2,37;
Metropolitana da Grande São Paulo;Metropolitana da Grande São Paulo;Mauá;Grande São Paulo Sul/Baixada Santista;Etec de Mauá;128;Integrado;Gestão e Negócios;Gestão;Administração - MTec;Manhã;351;40;8,77;
Metropolitana da Grande São Paulo;Metropolitana da Grande São Paulo;Mauá;Grande São Paulo Sul/Baixada Santista;Etec de Mauá;128;Integrado;Informação e Comunicação;Informática;Desenvolvimento de Sistemas - MTec;Manhã;459;40;11,47;
Metropolitana da Grande São Paulo;Metropolitana da Grande São Paulo;Mauá;Grande São Paulo Sul/Baixada Santista;Etec de Mauá;128;Integrado;Produção Industrial;Química;Química - MTec;Tarde;157;40;3,92;
Metropolitana da Grande São Paulo;Metropolitana da Grande São Paulo;Mauá;Grande São Paulo Sul/Baixada Santista;Etec de Mauá;128;Integrado;Segurança;Saúde;Segurança do Trabalho - MTec;Tarde;79;40;1,97;
Metropolitana da Grande São Paulo;Metropolitana da Grande São Paulo;Mauá;Grande São Paulo Sul/Baixada Santista;Etec de Mauá (EE João Paulo II);128.02 - Ext/Etec;Técnico;Gestão e Negócios;Gestão;Administração;Noite;64;40;1,60;
Metropolitana da Grande São Paulo;Metropolitana da Grande São Paulo;Mauá;Grande São Paulo Sul/Baixada Santista;Etec de Mauá (EE João Paulo II);128.02 - Ext/Etec;Técnico;Gestão e Negócios;Gestão;Logística;Noite;44;40;1,10;
Metropolitana da Grande São Paulo;Metropolitana da Grande São Paulo;Mogi das Cruzes;Vale do Paraíba/Litoral Norte;Etec Presidente Vargas;015;Técnico;Gestão e Negócios;Gestão;Administração;Noite;118;40;2,95;
Metropolitana da Grande São Paulo;Metropolitana da Grande São Paulo;Mogi das Cruzes;Vale do Paraíba/Litoral Norte;Etec Presidente Vargas;015;Técnico;Controle e Processos Industriais;Indústria;Automação Industrial;Noite;101;40;2,52;
Metropolitana da Grande São Paulo;Metropolitana da Grande São Paulo;Mogi das Cruzes;Vale do Paraíba/Litoral Norte;Etec Presidente Vargas;015;Técnico;Infraestrutura;Construção Civil;Edificações;Noite;79;40;1,97;
Metropolitana da Grande São Paulo;Metropolitana da Grande São Paulo;Mogi das Cruzes;Vale do Paraíba/Litoral Norte;Etec Presidente Vargas;015;Técnico;Controle e Processos Industriais;Indústria;Eletrotécnica;Noite;149;40;3,72;
Metropolitana da Grande São Paulo;Metropolitana da Grande São Paulo;Mogi das Cruzes;Vale do Paraíba/Litoral Norte;Etec Presidente Vargas;015;Técnico;Gestão e Negócios;Gestão;Logística;Noite;55;40;1,37;
Metropolitana da Grande São Paulo;Metropolitana da Grande São Paulo;Mogi das Cruzes;Vale do Paraíba/Litoral Norte;Etec Presidente Vargas;015;Técnico;Controle e Processos Industriais;Indústria;Mecânica;Noite;112;40;2,80;
Metropolitana da Grande São Paulo;Metropolitana da Grande São Paulo;Mogi das Cruzes;Vale do Paraíba/Litoral Norte;Etec Presidente Vargas;015;Técnico;Ambiente e Saúde;Saúde;Nutrição e Dietética;Noite;121;40;3,02;
Metropolitana da Grande São Paulo;Metropolitana da Grande São Paulo;Mogi das Cruzes;Vale do Paraíba/Litoral Norte;Etec Presidente Vargas;015;Técnico;Segurança;Saúde;Segurança do Trabalho;Noite;82;40;2,04;
Metropolitana da Grande São Paulo;Metropolitana da Grande São Paulo;Mogi das Cruzes;Vale do Paraíba/Litoral Norte;Etec Presidente Vargas;015;Integrado;Gestão e Negócios;Gestão;Administração - MTec;Manhã;575;40;14,37;
Metropolitana da Grande São Paulo;Metropolitana da Grande São Paulo;Mogi das Cruzes;Vale do Paraíba/Litoral Norte;Etec Presidente Vargas;015;Integrado;Controle e Processos Industriais;Indústria;Automação Industrial - MTec;Tarde;277;40;6,92;
Metropolitana da Grande São Paulo;Metropolitana da Grande São Paulo;Mogi das Cruzes;Vale do Paraíba/Litoral Norte;Etec Presidente Vargas;015;Integrado;Produção Cultural e Design;Design;Design de Interiores - MTec;Manhã;463;40;11,57;
Metropolitana da Grande São Paulo;Metropolitana da Grande São Paulo;Mogi das Cruzes;Vale do Paraíba/Litoral Norte;Etec Presidente Vargas;015;Integrado;Infraestrutura;Construção Civil;Edificações - MTec;Tarde;232;40;5,80;
Metropolitana da Grande São Paulo;Metropolitana da Grande São Paulo;Mogi das Cruzes;Vale do Paraíba/Litoral Norte;Etec Presidente Vargas;015;Integrado;Controle e Processos Industriais;Indústria;Eletroeletrônica  - MTec;Tarde;151;40;3,77;
Metropolitana da Grande São Paulo;Metropolitana da Grande São Paulo;Mogi das Cruzes;Vale do Paraíba/Litoral Norte;Etec Presidente Vargas;015;Integrado;Controle e Processos Industriais;Indústria;Eletrônica - MTec;Manhã;238;40;5,95;
Metropolitana da Grande São Paulo;Metropolitana da Grande São Paulo;Mogi das Cruzes;Vale do Paraíba/Litoral Norte;Etec Presidente Vargas;015;Integrado;Controle e Processos Industriais;Indústria;Mecatrônica - MTec;Manhã;441;40;11,02;
Metropolitana da Grande São Paulo;Metropolitana da Grande São Paulo;Mogi das Cruzes;Vale do Paraíba/Litoral Norte;Etec Presidente Vargas;015;Integrado;Controle e Processos Industriais;Indústria;Mecânica - MTec;Manhã;262;40;6,55;
Metropolitana da Grande São Paulo;Metropolitana da Grande São Paulo;Mogi das Cruzes;Vale do Paraíba/Litoral Norte;Etec Presidente Vargas;015;Integrado;Ambiente e Saúde;Saúde;Nutrição e Dietética - MTec;Tarde;521;40;13,02;
Metropolitana da Grande São Paulo;Metropolitana da Grande São Paulo;Mogi das Cruzes;Vale do Paraíba/Litoral Norte;Etec Presidente Vargas;015;Integrado;Produção Industrial;Química;Química - MTec;Tarde;320;40;8,00;
Metropolitana da Grande São Paulo;Metropolitana da Grande São Paulo;Mogi das Cruzes;Vale do Paraíba/Litoral Norte;Etec Presidente Vargas;015;Integrado;Gestão e Negócios;Gestão;Recursos Humanos - MTec;Tarde;311;40;7,77;
Metropolitana da Grande São Paulo;Metropolitana da Grande São Paulo;Mogi das Cruzes;Vale do Paraíba/Litoral Norte;Etec Presidente Vargas;015;Integrado;Gestão e Negócios;Gestão;Secretariado - MTec;Manhã;263;40;6,57;
Metropolitana da Grande São Paulo;Metropolitana da Grande São Paulo;Osasco;Grande São Paulo Noroeste;Etec Dr. Celso Giglio;242;Médio;Educação Básica;Educação Básica - Ensino Médio;Ensino Médio com Itinerário Formativo de Matemática e suas Tecnologias;Manhã;109;40;2,72;
Metropolitana da Grande São Paulo;Metropolitana da Grande São Paulo;Osasco;Grande São Paulo Noroeste;Etec Dr. Celso Giglio;242;Técnico;Ambiente e Saúde;Saúde;Nutrição e Dietética (MNP);Noite;48;40;1,20;
Metropolitana da Grande São Paulo;Metropolitana da Grande São Paulo;Osasco;Grande São Paulo Noroeste;Etec Dr. Celso Giglio;242;Técnico;Produção Industrial;Química;Química;Noite;64;40;1,60;
Metropolitana da Grande São Paulo;Metropolitana da Grande São Paulo;Osasco;Grande São Paulo Noroeste;Etec Dr. Celso Giglio;242;Integrado;Gestão e Negócios;Gestão;Administração - MTec-N;Noite;123;80;1,53;
Metropolitana da Grande São Paulo;Metropolitana da Grande São Paulo;Osasco;Grande São Paulo Noroeste;Etec Dr. Celso Giglio;242;Integrado;Informação e Comunicação;Informática;Desenvolvimento de Sistemas - MTec-PI ;Manhã e Tarde;423;40;10,57;
Metropolitana da Grande São Paulo;Metropolitana da Grande São Paulo;Osasco;Grande São Paulo Noroeste;Etec Dr. Celso Giglio;242;Integrado;Turismo, Hospitalidade e Lazer;Turismo e Hospitalidade;Gastronomia - MTec;Tarde;153;40;3,82;
Metropolitana da Grande São Paulo;Metropolitana da Grande São Paulo;Osasco;Grande São Paulo Noroeste;Etec Dr. Celso Giglio;242;Integrado;Ambiente e Saúde;Meio Ambiente;Meio Ambiente - MTec-PI;Manhã e Tarde;102;40;2,54;
Metropolitana da Grande São Paulo;Metropolitana da Grande São Paulo;Osasco;Grande São Paulo Noroeste;Etec Dr. Celso Giglio;242;Integrado;Ambiente e Saúde;Saúde;Nutrição e Dietética - MTec-PI;Manhã e Tarde;211;40;5,27;
Metropolitana da Grande São Paulo;Metropolitana da Grande São Paulo;Osasco;Grande São Paulo Noroeste;Etec Dr. Celso Giglio;242;Integrado;Produção Industrial;Química;Química - MTec-PI;Manhã e Tarde;133;80;1,66;
Metropolitana da Grande São Paulo;Metropolitana da Grande São Paulo;Osasco;Grande São Paulo Noroeste;Etec Dr. Celso Giglio;242;Especialização;Ambiente e Saúde;Saúde;Gestão de Unidades de Alimentação e Nutrição;Noite;40;40;1,00;
Metropolitana da Grande São Paulo;Metropolitana da Grande São Paulo;Osasco;Grande São Paulo Noroeste;Etec Professor André Bogasian;149;Médio;Educação Básica;Educação Básica - Ensino Médio;Ensino Médio com Itinerário Formativo de Ciências Humanas e Sociais Aplicadas;Manhã;116;40;2,90;
Metropolitana da Grande São Paulo;Metropolitana da Grande São Paulo;Osasco;Grande São Paulo Noroeste;Etec Professor André Bogasian;149;Técnico;Gestão e Negócios;Gestão;Administração;Noite;75;40;1,87;
Metropolitana da Grande São Paulo;Metropolitana da Grande São Paulo;Osasco;Grande São Paulo Noroeste;Etec Professor André Bogasian;149;Técnico;Gestão e Negócios;Comércio;Marketing;Noite;58;40;1,45;
Metropolitana da Grande São Paulo;Metropolitana da Grande São Paulo;Osasco;Grande São Paulo Noroeste;Etec Professor André Bogasian;149;Integrado;Gestão e Negócios;Gestão;Administração - MTec;Tarde;137;40;3,42;
Metropolitana da Grande São Paulo;Metropolitana da Grande São Paulo;Osasco;Grande São Paulo Noroeste;Etec Professor André Bogasian;149;Integrado;Gestão e Negócios;Gestão;Administração - MTec-N;Noite;67;40;1,67;
Metropolitana da Grande São Paulo;Metropolitana da Grande São Paulo;Osasco;Grande São Paulo Noroeste;Etec Professor André Bogasian;149;Integrado;Gestão e Negócios;Gestão;Administração - MTec-PI;Manhã e Tarde;188;40;4,70;
Metropolitana da Grande São Paulo;Metropolitana da Grande São Paulo;Osasco;Grande São Paulo Noroeste;Etec Professor André Bogasian;149;Integrado;Informação e Comunicação;Informática;Informática para Internet - MTec-N;Noite;79;40;1,97;
Metropolitana da Grande São Paulo;Metropolitana da Grande São Paulo;Osasco;Grande São Paulo Noroeste;Etec Professor André Bogasian;149;Integrado;Gestão e Negócios;Gestão;Marketing - MTec-PI;Manhã e Tarde;126;40;3,15;
Metropolitana da Grande São Paulo;Metropolitana da Grande São Paulo;Osasco;Grande São Paulo Noroeste;Etec Professor André Bogasian;149;Integrado;Gestão e Negócios;Gestão;Recursos Humanos - MTec;Manhã;248;40;6,20;
Metropolitana da Grande São Paulo;Metropolitana da Grande São Paulo;Osasco;Grande São Paulo Noroeste;Etec Professor André Bogasian;149;Integrado;Gestão e Negócios;Gestão;Recursos Humanos - MTec;Tarde;63;40;1,57;
Metropolitana da Grande São Paulo;Metropolitana da Grande São Paulo;Osasco;Grande São Paulo Noroeste;Etec Professor André Bogasian;149;Integrado;Gestão e Negócios;Gestão;Recursos Humanos - MTec-N;Noite;48;40;1,20;
Metropolitana da Grande São Paulo;Metropolitana da Grande São Paulo;Poá;Grande São Paulo Leste;Etec de Poá;210;Integrado;Gestão e Negócios;Gestão;Administração - MTec;Manhã;348;40;8,69;
Metropolitana da Grande São Paulo;Metropolitana da Grande São Paulo;Poá;Grande São Paulo Leste;Etec de Poá;210;Integrado;Gestão e Negócios;Gestão;Administração - MTec-N;Noite;130;40;3,25;
Metropolitana da Grande São Paulo;Metropolitana da Grande São Paulo;Poá;Grande São Paulo Leste;Etec de Poá;210;Integrado;Informação e Comunicação;Informática;Desenvolvimento de Sistemas - MTec;Manhã;480;40;12,00;
Metropolitana da Grande São Paulo;Metropolitana da Grande São Paulo;Poá;Grande São Paulo Leste;Etec de Poá;210;Integrado;Informação e Comunicação;Informática;Desenvolvimento de Sistemas - Mtec-N;Noite;133;40;3,32;
Metropolitana da Grande São Paulo;Metropolitana da Grande São Paulo;Poá;Grande São Paulo Leste;Etec de Poá;210;Integrado;Informação e Comunicação;Informática;Informática para Internet - MTec;Tarde;141;40;3,52;
Metropolitana da Grande São Paulo;Metropolitana da Grande São Paulo;Poá;Grande São Paulo Leste;Etec de Poá;210;Integrado;Gestão e Negócios;Comércio;Marketing - MTec;Tarde;204;40;5,09;
Metropolitana da Grande São Paulo;Metropolitana da Grande São Paulo;Ribeirão Pires;Grande São Paulo Sul/Baixada Santista;Etec Professora Maria Cristina Medeiros;141;Técnico;Gestão e Negócios;Gestão;Administração;Noite;63;40;1,57;
Metropolitana da Grande São Paulo;Metropolitana da Grande São Paulo;Ribeirão Pires;Grande São Paulo Sul/Baixada Santista;Etec Professora Maria Cristina Medeiros;141;Técnico;Gestão e Negócios;Gestão;Logística;Noite;54;40;1,35;
Metropolitana da Grande São Paulo;Metropolitana da Grande São Paulo;Ribeirão Pires;Grande São Paulo Sul/Baixada Santista;Etec Professora Maria Cristina Medeiros;141;Técnico;Produção Industrial;Química;Química;Noite;87;40;2,17;
Metropolitana da Grande São Paulo;Metropolitana da Grande São Paulo;Ribeirão Pires;Grande São Paulo Sul/Baixada Santista;Etec Professora Maria Cristina Medeiros;141;Técnico;Gestão e Negócios;Gestão;Recursos Humanos;Noite;60;40;1,50;
Metropolitana da Grande São Paulo;Metropolitana da Grande São Paulo;Ribeirão Pires;Grande São Paulo Sul/Baixada Santista;Etec Professora Maria Cristina Medeiros;141;Integrado;Gestão e Negócios;Gestão;Administração - MTec;Manhã;244;40;6,10;
Metropolitana da Grande São Paulo;Metropolitana da Grande São Paulo;Ribeirão Pires;Grande São Paulo Sul/Baixada Santista;Etec Professora Maria Cristina Medeiros;141;Integrado;Informação e Comunicação;Informática;Informática para Internet - MTec;Manhã;299;40;7,47;
Metropolitana da Grande São Paulo;Metropolitana da Grande São Paulo;Ribeirão Pires;Grande São Paulo Sul/Baixada Santista;Etec Professora Maria Cristina Medeiros;141;Integrado;Informação e Comunicação;Informática;Informática para Internet - MTec;Tarde;115;40;2,87;
Metropolitana da Grande São Paulo;Metropolitana da Grande São Paulo;Ribeirão Pires;Grande São Paulo Sul/Baixada Santista;Etec Professora Maria Cristina Medeiros;141;Integrado;Produção Industrial;Química;Química - MTec;Tarde;168;40;4,20;
Metropolitana da Grande São Paulo;Metropolitana da Grande São Paulo;Ribeirão Pires;Grande São Paulo Sul/Baixada Santista;Etec Professora Maria Cristina Medeiros;141;Integrado;Gestão e Negócios;Gestão;Recursos Humanos - MTec;Manhã;174;40;4,34;
Metropolitana da Grande São Paulo;Metropolitana da Grande São Paulo;Rio Grande da Serra;Grande São Paulo Sul/Baixada Santista;Etec de Rio Grande da Serra;282;Integrado;Gestão e Negócios;Gestão;Administração - MTec;Manhã;124;40;3,10;
Metropolitana da Grande São Paulo;Metropolitana da Grande São Paulo;Rio Grande da Serra;Grande São Paulo Sul/Baixada Santista;Etec de Rio Grande da Serra;282;Integrado;Gestão e Negócios;Gestão;Administração - MTec-N;Noite;63;40;1,57;
Metropolitana da Grande São Paulo;Metropolitana da Grande São Paulo;Rio Grande da Serra;Grande São Paulo Sul/Baixada Santista;Etec de Rio Grande da Serra;282;Integrado;Informação e Comunicação;Informática;Desenvolvimento de Sistemas - MTec;Manhã;157;40;3,92;
Metropolitana da Grande São Paulo;Metropolitana da Grande São Paulo;Rio Grande da Serra;Grande São Paulo Sul/Baixada Santista;Etec de Rio Grande da Serra;282;Integrado;Informação e Comunicação;Informática;Desenvolvimento de Sistemas - Mtec-N;Noite;41;40;1,02;
Metropolitana da Grande São Paulo;Metropolitana da Grande São Paulo;Rio Grande da Serra;Grande São Paulo Sul/Baixada Santista;Etec de Rio Grande da Serra;282;Integrado;Infraestrutura;Construção Civil;Edificações - MTec;Manhã;78;40;1,95;
Metropolitana da Grande São Paulo;Metropolitana da Grande São Paulo;Rio Grande da Serra;Grande São Paulo Sul/Baixada Santista;Etec de Rio Grande da Serra;282;Integrado;Informação e Comunicação;Informática;Informática para Internet - MTec;Tarde;55;40;1,37;
Metropolitana da Grande São Paulo;Metropolitana da Grande São Paulo;Santa Isabel;Vale do Paraíba/Litoral Norte;Etec de Santa Isabel;219;Integrado;Gestão e Negócios;Gestão;Administração - MTec-PI;Manhã e Tarde;152;35;4,34;
Metropolitana da Grande São Paulo;Metropolitana da Grande São Paulo;Santa Isabel;Vale do Paraíba/Litoral Norte;Etec de Santa Isabel;219;Integrado;Informação e Comunicação;Informática;Informática para Internet - MTec-PI;Manhã e Tarde;151;35;4,31;
Metropolitana da Grande São Paulo;Metropolitana da Grande São Paulo;Santa Isabel;Vale do Paraíba/Litoral Norte;Etec de Santa Isabel;219;Integrado;Gestão e Negócios;Gestão;Recursos Humanos - MTec-N;Noite;57;35;1,62;
Metropolitana da Grande São Paulo;Metropolitana da Grande São Paulo;Santana de Parnaíba;Grande São Paulo Noroeste;Etec Bartolomeu Bueno da Silva - Anhanguera;262;Técnico;Segurança;Saúde;Segurança do Trabalho;Noite;63;40;1,57;
Metropolitana da Grande São Paulo;Metropolitana da Grande São Paulo;Santana de Parnaíba;Grande São Paulo Noroeste;Etec Bartolomeu Bueno da Silva - Anhanguera;262;Integrado;Gestão e Negócios;Gestão;Administração - MTec-N;Noite;115;40;2,87;
Metropolitana da Grande São Paulo;Metropolitana da Grande São Paulo;Santana de Parnaíba;Grande São Paulo Noroeste;Etec Bartolomeu Bueno da Silva - Anhanguera;262;Integrado;Gestão e Negócios;Gestão;Contabilidade - MTec-N;Noite;55;40;1,37;
Metropolitana da Grande São Paulo;Metropolitana da Grande São Paulo;Santana de Parnaíba;Grande São Paulo Noroeste;Etec Bartolomeu Bueno da Silva - Anhanguera;262;Integrado;Informação e Comunicação;Informática;Informática para Internet - MTec-N;Noite;79;40;1,97;
Metropolitana da Grande São Paulo;Metropolitana da Grande São Paulo;Santana de Parnaíba;Grande São Paulo Noroeste;Etec Bartolomeu Bueno da Silva - Anhanguera;262;Integrado;Informação e Comunicação;Informática;Informática para Internet - MTec-PI;Manhã e Tarde;236;40;5,90;
Metropolitana da Grande São Paulo;Metropolitana da Grande São Paulo;Santana de Parnaíba;Grande São Paulo Noroeste;Etec Bartolomeu Bueno da Silva - Anhanguera;262;Integrado;Gestão e Negócios;Gestão;Logística - MTec-PI;Manhã e Tarde;85;40;2,12;
Metropolitana da Grande São Paulo;Metropolitana da Grande São Paulo;Santana de Parnaíba;Grande São Paulo Noroeste;Etec Bartolomeu Bueno da Silva - Anhanguera;262;Integrado;Gestão e Negócios;Gestão;Recursos Humanos - MTec-PI;Manhã e Tarde;181;40;4,52;
Metropolitana da Grande São Paulo;Metropolitana da Grande São Paulo;Santana de Parnaíba;Grande São Paulo Noroeste;Etec Bartolomeu Bueno da Silva - Anhanguera / Fatec de Santana de Parnaíba;262/283 - Etec/Fatec;Integrado;Informação e Comunicação;Informática;Informática para Internet - MTec-AMS;Manhã;166;40;4,15;
Metropolitana da Grande São Paulo;Metropolitana da Grande São Paulo;Santana de Parnaíba;Grande São Paulo Noroeste;Etec Professora Ermelinda Giannini Teixeira;187;Técnico;Gestão e Negócios;Gestão;Administração (MNP);Noite;47;40;1,17;
Metropolitana da Grande São Paulo;Metropolitana da Grande São Paulo;Santana de Parnaíba;Grande São Paulo Noroeste;Etec Professora Ermelinda Giannini Teixeira;187;Técnico;Informação e Comunicação;Informática;Desenvolvimento de Sistemas (MNP);Noite;61;40;1,52;
Metropolitana da Grande São Paulo;Metropolitana da Grande São Paulo;Santana de Parnaíba;Grande São Paulo Noroeste;Etec Professora Ermelinda Giannini Teixeira;187;Integrado;Gestão e Negócios;Gestão;Administração - MTec;Manhã;332;40;8,30;
Metropolitana da Grande São Paulo;Metropolitana da Grande São Paulo;Santana de Parnaíba;Grande São Paulo Noroeste;Etec Professora Ermelinda Giannini Teixeira;187;Integrado;Informação e Comunicação;Informática;Desenvolvimento de Sistemas - MTec;Manhã;302;40;7,55;
Metropolitana da Grande São Paulo;Metropolitana da Grande São Paulo;Santana de Parnaíba;Grande São Paulo Noroeste;Etec Professora Ermelinda Giannini Teixeira;187;Integrado;Gestão e Negócios;Comércio;Marketing - MTec;Tarde;159;40;3,97;
Metropolitana da Grande São Paulo;Metropolitana da Grande São Paulo;Santana de Parnaíba;Grande São Paulo Noroeste;Etec Professora Ermelinda Giannini Teixeira;187;Integrado;Informação e Comunicação;Informática;Programação de Jogos Digitais - MTec;Tarde;129;40;3,22;
Metropolitana da Grande São Paulo;Metropolitana da Grande São Paulo;Santana de Parnaíba;Grande São Paulo Noroeste;Etec Professora Ermelinda Giannini Teixeira;187;Integrado;Gestão e Negócios;Gestão;Recursos Humanos - MTec-N;Noite;81;40;2,02;
Metropolitana da Grande São Paulo;Metropolitana da Grande São Paulo;Santo André;Grande São Paulo Sul/Baixada Santista;Etec Júlio de Mesquita;014;Técnico;Infraestrutura;Construção Civil;Edificações;Noite;83;40;2,07;
Metropolitana da Grande São Paulo;Metropolitana da Grande São Paulo;Santo André;Grande São Paulo Sul/Baixada Santista;Etec Júlio de Mesquita;014;Técnico;Turismo, Hospitalidade e Lazer;Turismo e Hospitalidade;Gastronomia;Noite;112;40;2,80;
Metropolitana da Grande São Paulo;Metropolitana da Grande São Paulo;Santo André;Grande São Paulo Sul/Baixada Santista;Etec Júlio de Mesquita;014;Técnico;Controle e Processos Industriais;Indústria;Mecatrônica;Noite;169;40;4,22;
Metropolitana da Grande São Paulo;Metropolitana da Grande São Paulo;Santo André;Grande São Paulo Sul/Baixada Santista;Etec Júlio de Mesquita;014;Técnico;Controle e Processos Industriais;Indústria;Mecânica;Noite;102;40;2,54;
Metropolitana da Grande São Paulo;Metropolitana da Grande São Paulo;Santo André;Grande São Paulo Sul/Baixada Santista;Etec Júlio de Mesquita;014;Técnico;Ambiente e Saúde;Saúde;Nutrição e Dietética (MNP);Noite;122;40;3,05;
Metropolitana da Grande São Paulo;Metropolitana da Grande São Paulo;Santo André;Grande São Paulo Sul/Baixada Santista;Etec Júlio de Mesquita;014;Técnico;Produção Industrial;Química;Química;Noite;80;40;2,00;
Metropolitana da Grande São Paulo;Metropolitana da Grande São Paulo;Santo André;Grande São Paulo Sul/Baixada Santista;Etec Júlio de Mesquita;014;Integrado;Gestão e Negócios;Gestão;Administração - MTec;Manhã;456;40;11,40;
Metropolitana da Grande São Paulo;Metropolitana da Grande São Paulo;Santo André;Grande São Paulo Sul/Baixada Santista;Etec Júlio de Mesquita;014;Integrado;Gestão e Negócios;Gestão;Administração - MTec;Tarde;127;40;3,17;
Metropolitana da Grande São Paulo;Metropolitana da Grande São Paulo;Santo André;Grande São Paulo Sul/Baixada Santista;Etec Júlio de Mesquita;014;Integrado;Controle e Processos Industriais;Indústria;Automação Industrial - MTec-N;Noite;49;40;1,22;
Metropolitana da Grande São Paulo;Metropolitana da Grande São Paulo;Santo André;Grande São Paulo Sul/Baixada Santista;Etec Júlio de Mesquita;014;Integrado;Controle e Processos Industriais;Indústria;Automação Industrial - MTec-PI;Manhã e Tarde;207;40;5,17;
Metropolitana da Grande São Paulo;Metropolitana da Grande São Paulo;Santo André;Grande São Paulo Sul/Baixada Santista;Etec Júlio de Mesquita;014;Integrado;Produção Cultural e Design;Imagem Pessoal;Design de Interiores - MTec-PI;Manhã e Tarde;235;40;5,87;
Metropolitana da Grande São Paulo;Metropolitana da Grande São Paulo;Santo André;Grande São Paulo Sul/Baixada Santista;Etec Júlio de Mesquita;014;Integrado;Infraestrutura;Construção Civil;Edificações - MTec-PI;Manhã e Tarde;115;40;2,87;
Metropolitana da Grande São Paulo;Metropolitana da Grande São Paulo;Santo André;Grande São Paulo Sul/Baixada Santista;Etec Júlio de Mesquita;014;Integrado;Controle e Processos Industriais;Indústria;Eletroeletrônica  - MTec;Tarde;74;40;1,85;
Metropolitana da Grande São Paulo;Metropolitana da Grande São Paulo;Santo André;Grande São Paulo Sul/Baixada Santista;Etec Júlio de Mesquita;014;Integrado;Controle e Processos Industriais;Indústria;Eletrônica - MTec;Manhã;141;40;3,52;
Metropolitana da Grande São Paulo;Metropolitana da Grande São Paulo;Santo André;Grande São Paulo Sul/Baixada Santista;Etec Júlio de Mesquita;014;Integrado;Controle e Processos Industriais;Indústria;Eletrônica - Mtec-N;Noite;40;40;1,00;
Metropolitana da Grande São Paulo;Metropolitana da Grande São Paulo;Santo André;Grande São Paulo Sul/Baixada Santista;Etec Júlio de Mesquita;014;Integrado;Controle e Processos Industriais;Indústria;Mecatrônica - MTec;Tarde;203;40;5,07;
Metropolitana da Grande São Paulo;Metropolitana da Grande São Paulo;Santo André;Grande São Paulo Sul/Baixada Santista;Etec Júlio de Mesquita;014;Integrado;Controle e Processos Industriais;Indústria;Mecânica - MTec;Manhã;171;40;4,27;
Metropolitana da Grande São Paulo;Metropolitana da Grande São Paulo;Santo André;Grande São Paulo Sul/Baixada Santista;Etec Júlio de Mesquita;014;Integrado;Ambiente e Saúde;Meio Ambiente;Meio Ambiente - MTec;Manhã;231;40;5,77;
Metropolitana da Grande São Paulo;Metropolitana da Grande São Paulo;Santo André;Grande São Paulo Sul/Baixada Santista;Etec Júlio de Mesquita;014;Integrado;Ambiente e Saúde;Saúde;Nutrição e Dietética - MTec;Manhã;466;40;11,65;
Metropolitana da Grande São Paulo;Metropolitana da Grande São Paulo;Santo André;Grande São Paulo Sul/Baixada Santista;Etec Júlio de Mesquita;014;Integrado;Ambiente e Saúde;Saúde;Nutrição e Dietética - MTec;Tarde;131;40;3,27;
Metropolitana da Grande São Paulo;Metropolitana da Grande São Paulo;Santo André;Grande São Paulo Sul/Baixada Santista;Etec Júlio de Mesquita;014;Integrado;Produção Industrial;Química;Química - MTec;Tarde;168;40;4,20;
Metropolitana da Grande São Paulo;Metropolitana da Grande São Paulo;Santo André;Grande São Paulo Sul/Baixada Santista;Etec Júlio de Mesquita;014;Especialização;Ambiente e Saúde;Saúde;Segurança do Alimento - Ênfase em Controle de Qualidade em Unidade de Alimentação e Nutrição;Noite;53;30;1,76;
Metropolitana da Grande São Paulo;Metropolitana da Grande São Paulo;Santo André;Grande São Paulo Sul/Baixada Santista;Etec Júlio de Mesquita (EE Américo Brasiliense);014.05 - Ext/Etec;Técnico;Gestão e Negócios;Gestão;Administração;Noite;121;80;1,51;
Metropolitana da Grande São Paulo;Metropolitana da Grande São Paulo;Santo André;Grande São Paulo Sul/Baixada Santista;Etec Júlio de Mesquita (EE Américo Brasiliense);014.05 - Ext/Etec;Integrado;Gestão e Negócios;Gestão;Recursos Humanos - MTec-N;Noite;70;40;1,75;
Metropolitana da Grande São Paulo;Metropolitana da Grande São Paulo;São Bernardo do Campo;Grande São Paulo Sul/Baixada Santista;Etec Juscelino Kubitschek de Oliveira (EE Senador Robert Kennedy);166.01 - Ext/Etec;Técnico;Gestão e Negócios;Gestão;Administração;Noite;50;40;1,25;
Metropolitana da Grande São Paulo;Metropolitana da Grande São Paulo;São Bernardo do Campo;Grande São Paulo Sul/Baixada Santista;Etec Lauro Gomes;010;Médio;Educação Básica;Educação Básica - Ensino Médio;Ensino Médio com Itinerário Formativo de Ciências Humanas e Sociais Aplicadas;Manhã;324;40;8,10;
Metropolitana da Grande São Paulo;Metropolitana da Grande São Paulo;São Bernardo do Campo;Grande São Paulo Sul/Baixada Santista;Etec Lauro Gomes;010;Técnico;Gestão e Negócios;Gestão;Administração;Noite;158;80;1,97;
Metropolitana da Grande São Paulo;Metropolitana da Grande São Paulo;São Bernardo do Campo;Grande São Paulo Sul/Baixada Santista;Etec Lauro Gomes;010;Técnico;Controle e Processos Industriais;Indústria;Automação Industrial;Noite;129;40;3,22;
Metropolitana da Grande São Paulo;Metropolitana da Grande São Paulo;São Bernardo do Campo;Grande São Paulo Sul/Baixada Santista;Etec Lauro Gomes;010;Técnico;Gestão e Negócios;Gestão;Contabilidade;Noite;76;40;1,90;
Metropolitana da Grande São Paulo;Metropolitana da Grande São Paulo;São Bernardo do Campo;Grande São Paulo Sul/Baixada Santista;Etec Lauro Gomes;010;Técnico;Informação e Comunicação;Informática;Desenvolvimento de Sistemas;Tarde;197;40;4,92;
Metropolitana da Grande São Paulo;Metropolitana da Grande São Paulo;São Bernardo do Campo;Grande São Paulo Sul/Baixada Santista;Etec Lauro Gomes;010;Técnico;Controle e Processos Industriais;Indústria;Eletroeletrônica;Noite;97;40;2,42;
Metropolitana da Grande São Paulo;Metropolitana da Grande São Paulo;São Bernardo do Campo;Grande São Paulo Sul/Baixada Santista;Etec Lauro Gomes;010;Técnico;Informação e Comunicação;Informática;Informática para Internet;Noite;63;40;1,57;
Metropolitana da Grande São Paulo;Metropolitana da Grande São Paulo;São Bernardo do Campo;Grande São Paulo Sul/Baixada Santista;Etec Lauro Gomes;010;Técnico;Gestão e Negócios;Gestão;Logística;Noite;97;40;2,42;
Metropolitana da Grande São Paulo;Metropolitana da Grande São Paulo;São Bernardo do Campo;Grande São Paulo Sul/Baixada Santista;Etec Lauro Gomes;010;Técnico;Controle e Processos Industriais;Indústria;Mecatrônica;Noite;163;40;4,07;
Metropolitana da Grande São Paulo;Metropolitana da Grande São Paulo;São Bernardo do Campo;Grande São Paulo Sul/Baixada Santista;Etec Lauro Gomes;010;Técnico;Informação e Comunicação;Informática;Programação de Jogos Digitais ;Noite;68;40;1,70;
Metropolitana da Grande São Paulo;Metropolitana da Grande São Paulo;São Bernardo do Campo;Grande São Paulo Sul/Baixada Santista;Etec Lauro Gomes;010;Técnico;Produção Industrial;Química;Química;Noite;118;40;2,95;
Metropolitana da Grande São Paulo;Metropolitana da Grande São Paulo;São Bernardo do Campo;Grande São Paulo Sul/Baixada Santista;Etec Lauro Gomes;010;Integrado;Gestão e Negócios;Gestão;Administração - MTec;Tarde;165;40;4,12;
Metropolitana da Grande São Paulo;Metropolitana da Grande São Paulo;São Bernardo do Campo;Grande São Paulo Sul/Baixada Santista;Etec Lauro Gomes;010;Integrado;Gestão e Negócios;Gestão;Administração - MTec;Manhã;640;40;16,00;
Metropolitana da Grande São Paulo;Metropolitana da Grande São Paulo;São Bernardo do Campo;Grande São Paulo Sul/Baixada Santista;Etec Lauro Gomes;010;Integrado;Controle e Processos Industriais;Indústria;Automação Industrial - MTec;Manhã;257;40;6,42;
Metropolitana da Grande São Paulo;Metropolitana da Grande São Paulo;São Bernardo do Campo;Grande São Paulo Sul/Baixada Santista;Etec Lauro Gomes;010;Integrado;Gestão e Negócios;Gestão;Comércio Exterior - MTec-N;Noite;85;40;2,12;
Metropolitana da Grande São Paulo;Metropolitana da Grande São Paulo;São Bernardo do Campo;Grande São Paulo Sul/Baixada Santista;Etec Lauro Gomes;010;Integrado;Informação e Comunicação;Informática;Desenvolvimento de Sistemas - MTec-PI ;Manhã e Tarde;659;40;16,47;
Metropolitana da Grande São Paulo;Metropolitana da Grande São Paulo;São Bernardo do Campo;Grande São Paulo Sul/Baixada Santista;Etec Lauro Gomes;010;Integrado;Controle e Processos Industriais;Indústria;Eletroeletrônica  - MTec;Tarde;90;40;2,25;
Metropolitana da Grande São Paulo;Metropolitana da Grande São Paulo;São Bernardo do Campo;Grande São Paulo Sul/Baixada Santista;Etec Lauro Gomes;010;Integrado;Controle e Processos Industriais;Indústria;Eletroeletrônica - MTec-N;Noite;45;40;1,12;
Metropolitana da Grande São Paulo;Metropolitana da Grande São Paulo;São Bernardo do Campo;Grande São Paulo Sul/Baixada Santista;Etec Lauro Gomes;010;Integrado;Controle e Processos Industriais;Indústria;Eletrônica - MTec;Manhã;166;40;4,15;
Metropolitana da Grande São Paulo;Metropolitana da Grande São Paulo;São Bernardo do Campo;Grande São Paulo Sul/Baixada Santista;Etec Lauro Gomes;010;Integrado;Controle e Processos Industriais;Indústria;Eletrônica - Mtec-N;Noite;41;40;1,02;
Metropolitana da Grande São Paulo;Metropolitana da Grande São Paulo;São Bernardo do Campo;Grande São Paulo Sul/Baixada Santista;Etec Lauro Gomes;010;Integrado;Informação e Comunicação;Informática;Informática para Internet - MTec-PI;Manhã e Tarde;236;40;5,90;
Metropolitana da Grande São Paulo;Metropolitana da Grande São Paulo;São Bernardo do Campo;Grande São Paulo Sul/Baixada Santista;Etec Lauro Gomes;010;Integrado;Gestão e Negócios;Gestão;Logística - MTec;Manhã;190;40;4,75;
Metropolitana da Grande São Paulo;Metropolitana da Grande São Paulo;São Bernardo do Campo;Grande São Paulo Sul/Baixada Santista;Etec Lauro Gomes;010;Integrado;Controle e Processos Industriais;Indústria;Mecatrônica - MTec-N;Noite;100;40;2,50;
Metropolitana da Grande São Paulo;Metropolitana da Grande São Paulo;São Bernardo do Campo;Grande São Paulo Sul/Baixada Santista;Etec Lauro Gomes;010;Integrado;Controle e Processos Industriais;Indústria;Mecatrônica - MTec-PI;Manhã e Tarde;307;80;3,83;
Metropolitana da Grande São Paulo;Metropolitana da Grande São Paulo;São Bernardo do Campo;Grande São Paulo Sul/Baixada Santista;Etec Lauro Gomes;010;Integrado;Controle e Processos Industriais;Indústria;Mecânica - MTec;Manhã;170;40;4,25;
Metropolitana da Grande São Paulo;Metropolitana da Grande São Paulo;São Bernardo do Campo;Grande São Paulo Sul/Baixada Santista;Etec Lauro Gomes;010;Integrado;Ambiente e Saúde;Meio Ambiente;Meio Ambiente - MTec;Tarde;140;40;3,50;
Metropolitana da Grande São Paulo;Metropolitana da Grande São Paulo;São Bernardo do Campo;Grande São Paulo Sul/Baixada Santista;Etec Lauro Gomes;010;Integrado;Produção Industrial;Química;Química - Mtec-N;Noite;61;40;1,52;
Metropolitana da Grande São Paulo;Metropolitana da Grande São Paulo;São Bernardo do Campo;Grande São Paulo Sul/Baixada Santista;Etec Lauro Gomes;010;Integrado;Produção Industrial;Química;Química - MTec-PI;Manhã e Tarde;322;80;4,02;
Metropolitana da Grande São Paulo;Metropolitana da Grande São Paulo;São Bernardo do Campo;Grande São Paulo Sul/Baixada Santista;Etec Lauro Gomes;010;Integrado;Gestão e Negócios;Gestão;Secretariado - MTec;Tarde;115;40;2,87;
Metropolitana da Grande São Paulo;Metropolitana da Grande São Paulo;São Bernardo do Campo;Grande São Paulo Sul/Baixada Santista;Etec Lauro Gomes (EE Prof. Carlos Pezzolo);010.03 - Ext/Etec;Técnico;Gestão e Negócios;Gestão;Administração;Noite;87;40;2,17;
Metropolitana da Grande São Paulo;Metropolitana da Grande São Paulo;São Bernardo do Campo;Grande São Paulo Sul/Baixada Santista;Etec Lauro Gomes (EE Prof.ª Cynira Pires dos Santos);010.02 - Ext/Etec;Técnico;Gestão e Negócios;Gestão;Logística;Noite;53;40;1,32;
Metropolitana da Grande São Paulo;Metropolitana da Grande São Paulo;São Bernardo do Campo;Grande São Paulo Sul/Baixada Santista;Etec Lauro Gomes / Fatec Adib Moiseés Dib;010/126 - Etec/Fatec;Integrado;Controle e Processos Industriais;Indústria;Automação Industrial - MTec-AMS;Tarde;95;40;2,37;
Metropolitana da Grande São Paulo;Metropolitana da Grande São Paulo;São Caetano do Sul;Grande São Paulo Sul/Baixada Santista;Etec Jorge Street;011;Técnico;Controle e Processos Industriais;Indústria;Eletrotécnica;Noite;83;40;2,07;
Metropolitana da Grande São Paulo;Metropolitana da Grande São Paulo;São Caetano do Sul;Grande São Paulo Sul/Baixada Santista;Etec Jorge Street;011;Técnico;Controle e Processos Industriais;Indústria;Manutenção Automotiva;Noite;85;40;2,12;
Metropolitana da Grande São Paulo;Metropolitana da Grande São Paulo;São Caetano do Sul;Grande São Paulo Sul/Baixada Santista;Etec Jorge Street;011;Integrado;Gestão e Negócios;Gestão;Administração - MTec;Tarde;92;40;2,29;
Metropolitana da Grande São Paulo;Metropolitana da Grande São Paulo;São Caetano do Sul;Grande São Paulo Sul/Baixada Santista;Etec Jorge Street;011;Integrado;Gestão e Negócios;Gestão;Administração - MTec;Manhã;432;40;10,80;
Metropolitana da Grande São Paulo;Metropolitana da Grande São Paulo;São Caetano do Sul;Grande São Paulo Sul/Baixada Santista;Etec Jorge Street;011;Integrado;Controle e Processos Industriais;Indústria;Automação Industrial - MTec;Tarde;64;40;1,60;
Metropolitana da Grande São Paulo;Metropolitana da Grande São Paulo;São Caetano do Sul;Grande São Paulo Sul/Baixada Santista;Etec Jorge Street;011;Integrado;Informação e Comunicação;Informática;Desenvolvimento de Sistemas - MTec;Manhã;494;40;12,35;
Metropolitana da Grande São Paulo;Metropolitana da Grande São Paulo;São Caetano do Sul;Grande São Paulo Sul/Baixada Santista;Etec Jorge Street;011;Integrado;Controle e Processos Industriais;Indústria;Eletrônica - MTec;Manhã;97;40;2,42;
Metropolitana da Grande São Paulo;Metropolitana da Grande São Paulo;São Caetano do Sul;Grande São Paulo Sul/Baixada Santista;Etec Jorge Street;011;Integrado;Informação e Comunicação;Informática;Informática - MTec;Tarde;119;40;2,97;
Metropolitana da Grande São Paulo;Metropolitana da Grande São Paulo;São Caetano do Sul;Grande São Paulo Sul/Baixada Santista;Etec Jorge Street;011;Integrado;Controle e Processos Industriais;Indústria;Mecatrônica - MTec;Tarde;68;40;1,70;
Metropolitana da Grande São Paulo;Metropolitana da Grande São Paulo;São Caetano do Sul;Grande São Paulo Sul/Baixada Santista;Etec Jorge Street;011;Integrado;Controle e Processos Industriais;Indústria;Mecatrônica - MTec;Manhã;232;40;5,80;
Metropolitana da Grande São Paulo;Metropolitana da Grande São Paulo;São Caetano do Sul;Grande São Paulo Sul/Baixada Santista;Etec Jorge Street;011;Integrado;Controle e Processos Industriais;Indústria;Mecânica - MTec;Manhã;111;40;2,77;
Metropolitana da Grande São Paulo;Metropolitana da Grande São Paulo;São Caetano do Sul;Grande São Paulo Sul/Baixada Santista;Etec Jorge Street;011;Integrado;Gestão e Negócios;Gestão;Serviços Jurídicos - MTec-N;Noite;78;40;1,95;
Metropolitana da Grande São Paulo;Metropolitana da Grande São Paulo;São Caetano do Sul;Grande São Paulo Sul/Baixada Santista;Etec Jorge Street / Fatec Antonio Russo;011/168 - Etec/Fatec;Integrado;Informação e Comunicação;Informática;Desenvolvimento de Sistemas - MTec-AMS;Tarde;180;40;4,50;
Metropolitana da Grande São Paulo;Metropolitana da Grande São Paulo;São Paulo;Grande São Paulo Noroeste;Etec Abdias do Nascimento;224;Integrado;Gestão e Negócios;Gestão;Administração - MTec;Manhã;202;40;5,05;
Metropolitana da Grande São Paulo;Metropolitana da Grande São Paulo;São Paulo;Grande São Paulo Noroeste;Etec Abdias do Nascimento;224;Integrado;Gestão e Negócios;Gestão;Administração - MTec;Tarde;66;40;1,65;
Metropolitana da Grande São Paulo;Metropolitana da Grande São Paulo;São Paulo;Grande São Paulo Noroeste;Etec Abdias do Nascimento;224;Integrado;Informação e Comunicação;Informática;Desenvolvimento de Sistemas - MTec;Tarde;69;40;1,72;
Metropolitana da Grande São Paulo;Metropolitana da Grande São Paulo;São Paulo;Grande São Paulo Noroeste;Etec Abdias do Nascimento;224;Integrado;Informação e Comunicação;Informática;Desenvolvimento de Sistemas - MTec;Manhã;240;40;6,00;
Metropolitana da Grande São Paulo;Metropolitana da Grande São Paulo;São Paulo;Grande São Paulo Noroeste;Etec Abdias do Nascimento;224;Integrado;Informação e Comunicação;Informática;Informática para Internet - MTec-PI;Manhã e Tarde;100;40;2,50;
Metropolitana da Grande São Paulo;Metropolitana da Grande São Paulo;São Paulo;Grande São Paulo Noroeste;Etec Abdias do Nascimento;224;Integrado;Gestão e Negócios;Gestão;Recursos Humanos - MTec;Manhã;98;40;2,45;
Metropolitana da Grande São Paulo;Metropolitana da Grande São Paulo;São Paulo;Grande São Paulo Noroeste;Etec Abdias do Nascimento;224;Integrado;Segurança;Saúde;Segurança do Trabalho - MTec;Manhã;58;40;1,45;
Metropolitana da Grande São Paulo;Metropolitana da Grande São Paulo;São Paulo;Grande São Paulo Noroeste;Etec Abdias do Nascimento (CEU Casa Blanca);224.02 - Etec/Ceu;Técnico;Gestão e Negócios;Gestão;Administração;Noite;60;30;2,00;
Metropolitana da Grande São Paulo;Metropolitana da Grande São Paulo;São Paulo;Grande São Paulo Noroeste;Etec Albert Einstein;023;Médio;Educação Básica;Educação Básica - Ensino Médio;Ensino Médio com Itinerário Formativo de Ciências da Natureza e suas Tecnologias;Manhã;151;40;3,77;
Metropolitana da Grande São Paulo;Metropolitana da Grande São Paulo;São Paulo;Grande São Paulo Noroeste;Etec Albert Einstein;023;Técnico;Gestão e Negócios;Gestão;Administração;Noite;54;40;1,35;
Metropolitana da Grande São Paulo;Metropolitana da Grande São Paulo;São Paulo;Grande São Paulo Noroeste;Etec Albert Einstein;023;Técnico;Gestão e Negócios;Gestão;Comércio Exterior;Noite;56;40;1,40;
Metropolitana da Grande São Paulo;Metropolitana da Grande São Paulo;São Paulo;Grande São Paulo Noroeste;Etec Albert Einstein;023;Técnico;Informação e Comunicação;Informática;Desenvolvimento de Sistemas;Noite;90;40;2,25;
Metropolitana da Grande São Paulo;Metropolitana da Grande São Paulo;São Paulo;Grande São Paulo Noroeste;Etec Albert Einstein;023;Técnico;Controle e Processos Industriais;Indústria;Eletrônica;Noite;63;40;1,57;
Metropolitana da Grande São Paulo;Metropolitana da Grande São Paulo;São Paulo;Grande São Paulo Noroeste;Etec Albert Einstein;023;Técnico;Gestão e Negócios;Gestão;Serviços Jurídicos;Noite;75;40;1,87;
Metropolitana da Grande São Paulo;Metropolitana da Grande São Paulo;São Paulo;Grande São Paulo Noroeste;Etec Albert Einstein;023;Integrado;Gestão e Negócios;Gestão;Administração - MTec;Manhã;379;40;9,47;
Metropolitana da Grande São Paulo;Metropolitana da Grande São Paulo;São Paulo;Grande São Paulo Noroeste;Etec Albert Einstein;023;Integrado;Gestão e Negócios;Gestão;Administração - MTec;Tarde;133;40;3,32;
Metropolitana da Grande São Paulo;Metropolitana da Grande São Paulo;São Paulo;Grande São Paulo Noroeste;Etec Albert Einstein;023;Integrado;Informação e Comunicação;Informática;Desenvolvimento de Sistemas - MTec (MNP);Manhã;456;40;11,40;
Metropolitana da Grande São Paulo;Metropolitana da Grande São Paulo;São Paulo;Grande São Paulo Noroeste;Etec Albert Einstein;023;Integrado;Produção Cultural e Design;Design;Design Gráfico - MTec (MNP);Tarde;80;40;2,00;
Metropolitana da Grande São Paulo;Metropolitana da Grande São Paulo;São Paulo;Grande São Paulo Noroeste;Etec Albert Einstein;023;Integrado;Produção Cultural e Design;Design;Design Gráfico - MTec (MNP);Manhã;244;40;6,10;
Metropolitana da Grande São Paulo;Metropolitana da Grande São Paulo;São Paulo;Grande São Paulo Noroeste;Etec Albert Einstein;023;Integrado;Controle e Processos Industriais;Indústria;Eletroeletrônica - MTec (MNP);Tarde;69;40;1,72;
Metropolitana da Grande São Paulo;Metropolitana da Grande São Paulo;São Paulo;Grande São Paulo Noroeste;Etec Albert Einstein;023;Integrado;Controle e Processos Industriais;Indústria;Eletrônica - MTec;Manhã;119;40;2,97;
Metropolitana da Grande São Paulo;Metropolitana da Grande São Paulo;São Paulo;Grande São Paulo Noroeste;Etec Albert Einstein;023;Integrado;Informação e Comunicação;Informática;Informática para Internet - MTec (MNP);Tarde;72;40;1,80;
Metropolitana da Grande São Paulo;Metropolitana da Grande São Paulo;São Paulo;Grande São Paulo Noroeste;Etec Albert Einstein;023;Integrado;Gestão e Negócios;Gestão;Serviços Jurídicos - MTec;Manhã;443;40;11,07;
Metropolitana da Grande São Paulo;Metropolitana da Grande São Paulo;São Paulo;Grande São Paulo Leste;Etec Carlos de Campos;045;Técnico;Produção Cultural e Design;Design;Design de Moda;Noite;149;40;3,72;
Metropolitana da Grande São Paulo;Metropolitana da Grande São Paulo;São Paulo;Grande São Paulo Leste;Etec Carlos de Campos;045;Técnico;Produção Cultural e Design;Design;Design de Móveis;Noite;55;40;1,37;
Metropolitana da Grande São Paulo;Metropolitana da Grande São Paulo;São Paulo;Grande São Paulo Leste;Etec Carlos de Campos;045;Técnico;Produção Cultural e Design;Design;Design Gráfico;Tarde;77;40;1,92;
Metropolitana da Grande São Paulo;Metropolitana da Grande São Paulo;São Paulo;Grande São Paulo Leste;Etec Carlos de Campos;045;Técnico;Produção Cultural e Design;Design;Design Gráfico;Noite;69;40;1,72;
Metropolitana da Grande São Paulo;Metropolitana da Grande São Paulo;São Paulo;Grande São Paulo Leste;Etec Carlos de Campos;045;Técnico;Ambiente e Saúde;Saúde;Enfermagem;Manhã;270;40;6,75;
Metropolitana da Grande São Paulo;Metropolitana da Grande São Paulo;São Paulo;Grande São Paulo Leste;Etec Carlos de Campos;045;Técnico;Turismo, Hospitalidade e Lazer;Turismo e Hospitalidade;Gastronomia;Noite;66;40;1,65;
Metropolitana da Grande São Paulo;Metropolitana da Grande São Paulo;São Paulo;Grande São Paulo Leste;Etec Carlos de Campos;045;Técnico;Ambiente e Saúde;Saúde;Nutrição e Dietética;Noite;49;40;1,22;
Metropolitana da Grande São Paulo;Metropolitana da Grande São Paulo;São Paulo;Grande São Paulo Leste;Etec Carlos de Campos;045;Integrado;Produção Cultural e Design;Design;Design de Interiores - MTec (MNP);Manhã;119;40;2,97;
Metropolitana da Grande São Paulo;Metropolitana da Grande São Paulo;São Paulo;Grande São Paulo Leste;Etec Carlos de Campos;045;Integrado;Produção Cultural e Design;Design;Design de Interiores - MTec (MNP);Tarde;58;40;1,45;
Metropolitana da Grande São Paulo;Metropolitana da Grande São Paulo;São Paulo;Grande São Paulo Leste;Etec Carlos de Campos;045;Integrado;Produção Cultural e Design;Design;Design Gráfico - MTec (MNP);Manhã;156;40;3,90;
Metropolitana da Grande São Paulo;Metropolitana da Grande São Paulo;São Paulo;Grande São Paulo Leste;Etec Carlos de Campos;045;Integrado;Produção Cultural e Design;Design;Design Gráfico - MTec (MNP);Tarde;90;40;2,25;
Metropolitana da Grande São Paulo;Metropolitana da Grande São Paulo;São Paulo;Grande São Paulo Leste;Etec Carlos de Campos;045;Integrado;Infraestrutura;Construção Civil;Edificações - MTec (MNP);Manhã;106;40;2,65;
Metropolitana da Grande São Paulo;Metropolitana da Grande São Paulo;São Paulo;Grande São Paulo Leste;Etec Carlos de Campos;045;Integrado;Turismo, Hospitalidade e Lazer;Turismo e Hospitalidade;Gastronomia - MTec (MNP);Tarde;141;40;3,52;
Metropolitana da Grande São Paulo;Metropolitana da Grande São Paulo;São Paulo;Grande São Paulo Leste;Etec Carlos de Campos;045;Integrado;Produção Cultural e Design;Design;Modelagem do Vestuário - MTec;Tarde;158;40;3,95;
Metropolitana da Grande São Paulo;Metropolitana da Grande São Paulo;São Paulo;Grande São Paulo Leste;Etec Carlos de Campos;045;Integrado;Ambiente e Saúde;Saúde;Nutrição e Dietética - MTec (MNP);Manhã;202;40;5,05;
Metropolitana da Grande São Paulo;Metropolitana da Grande São Paulo;São Paulo;Grande São Paulo Leste;Etec Carlos de Campos (EE Presidente Roosevelt);045.01 - Ext/Etec;Técnico;Gestão e Negócios;Comércio;Marketing;Noite;44;35;1,25;
Metropolitana da Grande São Paulo;Metropolitana da Grande São Paulo;São Paulo;Grande São Paulo Leste;Etec Carlos de Campos / Fatec do Ipiranga Pastor Enéas Tognini;045/204 - Etec/Fatec;Integrado;Turismo, Hospitalidade e Lazer;Turismo e Hospitalidade;Agenciamento de Viagem - MTec-AMS (MNP);Tarde;43;40;1,07;
Metropolitana da Grande São Paulo;Metropolitana da Grande São Paulo;São Paulo;Grande São Paulo Sul/Baixada Santista;Etec Carolina Carinhato Sampaio;134;Técnico;Gestão e Negócios;Gestão;Administração;Noite;75;40;1,87;
Metropolitana da Grande São Paulo;Metropolitana da Grande São Paulo;São Paulo;Grande São Paulo Sul/Baixada Santista;Etec Carolina Carinhato Sampaio;134;Técnico;Ambiente e Saúde;Saúde;Enfermagem;Noite;196;40;4,90;
Metropolitana da Grande São Paulo;Metropolitana da Grande São Paulo;São Paulo;Grande São Paulo Sul/Baixada Santista;Etec Carolina Carinhato Sampaio;134;Técnico;Ambiente e Saúde;Saúde;Enfermagem;Manhã;98;40;2,45;
Metropolitana da Grande São Paulo;Metropolitana da Grande São Paulo;São Paulo;Grande São Paulo Sul/Baixada Santista;Etec Carolina Carinhato Sampaio;134;Integrado;Gestão e Negócios;Gestão;Administração - MTec;Manhã;581;40;14,52;
Metropolitana da Grande São Paulo;Metropolitana da Grande São Paulo;São Paulo;Grande São Paulo Sul/Baixada Santista;Etec Carolina Carinhato Sampaio;134;Integrado;Gestão e Negócios;Gestão;Administração - MTec;Tarde;144;80;1,80;
Metropolitana da Grande São Paulo;Metropolitana da Grande São Paulo;São Paulo;Grande São Paulo Sul/Baixada Santista;Etec Carolina Carinhato Sampaio;134;Integrado;Controle e Processos Industriais;Indústria;Eletrônica - MTec (MNP);Manhã;163;40;4,07;
Metropolitana da Grande São Paulo;Metropolitana da Grande São Paulo;São Paulo;Grande São Paulo Sul/Baixada Santista;Etec Carolina Carinhato Sampaio;134;Integrado;Controle e Processos Industriais;Indústria;Eletrônica - MTec (MNP);Tarde;63;40;1,57;
Metropolitana da Grande São Paulo;Metropolitana da Grande São Paulo;São Paulo;Grande São Paulo Sul/Baixada Santista;Etec Carolina Carinhato Sampaio;134;Integrado;Controle e Processos Industriais;Indústria;Eletrônica - Mtec-N;Noite;45;40;1,12;
Metropolitana da Grande São Paulo;Metropolitana da Grande São Paulo;São Paulo;Grande São Paulo Sul/Baixada Santista;Etec Carolina Carinhato Sampaio;134;Integrado;Gestão e Negócios;Gestão;Recursos Humanos - MTec;Tarde;93;40;2,32;
Metropolitana da Grande São Paulo;Metropolitana da Grande São Paulo;São Paulo;Grande São Paulo Sul/Baixada Santista;Etec Carolina Carinhato Sampaio;134;Integrado;Gestão e Negócios;Gestão;Recursos Humanos - MTec;Manhã;260;40;6,50;
Metropolitana da Grande São Paulo;Metropolitana da Grande São Paulo;São Paulo;Grande São Paulo Sul/Baixada Santista;Etec Carolina Carinhato Sampaio (CEU Campo Limpo);134.09 - Etec/Ceu;Técnico;Gestão e Negócios;Gestão;Recursos Humanos;Noite;56;30;1,86;
Metropolitana da Grande São Paulo;Metropolitana da Grande São Paulo;São Paulo;Grande São Paulo Sul/Baixada Santista;Etec Carolina Carinhato Sampaio (CEU Cantos do Amanhecer);134.04 - Etec/Ceu;Técnico;Gestão e Negócios;Gestão;Administração;Noite;54;30;1,80;
Metropolitana da Grande São Paulo;Metropolitana da Grande São Paulo;São Paulo;Grande São Paulo Sul/Baixada Santista;Etec Carolina Carinhato Sampaio (CEU Capão Redondo);134.01 - Etec/Ceu;Técnico;Gestão e Negócios;Gestão;Administração;Noite;99;30;3,30;
Metropolitana da Grande São Paulo;Metropolitana da Grande São Paulo;São Paulo;Grande São Paulo Sul/Baixada Santista;Etec Carolina Carinhato Sampaio (CEU Capão Redondo);134.01 - Etec/Ceu;Técnico;Gestão e Negócios;Gestão;Logística;Noite;35;30;1,16;
Metropolitana da Grande São Paulo;Metropolitana da Grande São Paulo;São Paulo;Grande São Paulo Sul/Baixada Santista;Etec Carolina Carinhato Sampaio (CEU Três Lagos);134.05 - Etec/Ceu;Técnico;Gestão e Negócios;Gestão;Administração;Noite;71;30;2,36;
Metropolitana da Grande São Paulo;Metropolitana da Grande São Paulo;São Paulo;Grande São Paulo Noroeste;Etec Cepam;223;Técnico;Desenvolvimento Educacional e Social;Lazer e Desenvolvimento Social;Desenvolvimento Comunitário;Noite;45;30;1,50;
Metropolitana da Grande São Paulo;Metropolitana da Grande São Paulo;São Paulo;Grande São Paulo Noroeste;Etec Cepam;223;Integrado;Gestão e Negócios;Gestão;Serviços Jurídicos - MTec;Tarde;242;40;6,05;
Metropolitana da Grande São Paulo;Metropolitana da Grande São Paulo;São Paulo;Grande São Paulo Noroeste;Etec Cepam;223;Integrado;Gestão e Negócios;Gestão;Serviços Públicos - MTec;Manhã;263;40;6,57;
Metropolitana da Grande São Paulo;Metropolitana da Grande São Paulo;São Paulo;Grande São Paulo Noroeste;Etec Cepam;223;Integrado;Gestão e Negócios;Gestão;Serviços Públicos - MTec-N;Noite;41;40;1,02;
Metropolitana da Grande São Paulo;Metropolitana da Grande São Paulo;São Paulo;Grande São Paulo Noroeste;Etec de Artes;180;Técnico;Produção Cultural e Design;Artes;Canto;Noite;174;30;5,80;
Metropolitana da Grande São Paulo;Metropolitana da Grande São Paulo;São Paulo;Grande São Paulo Noroeste;Etec de Artes;180;Técnico;Produção Cultural e Design;Artes;Canto;Tarde;80;30;2,66;
Metropolitana da Grande São Paulo;Metropolitana da Grande São Paulo;São Paulo;Grande São Paulo Noroeste;Etec de Artes;180;Técnico;Produção Cultural e Design;Artes;Dança;Noite;145;30;4,83;
Metropolitana da Grande São Paulo;Metropolitana da Grande São Paulo;São Paulo;Grande São Paulo Noroeste;Etec de Artes;180;Técnico;Produção Cultural e Design;Design;Processos Fotográficos;Noite;108;30;3,60;
Metropolitana da Grande São Paulo;Metropolitana da Grande São Paulo;São Paulo;Grande São Paulo Noroeste;Etec de Artes;180;Técnico;Produção Cultural e Design;Artes;Regência;Noite;70;30;2,33;
Metropolitana da Grande São Paulo;Metropolitana da Grande São Paulo;São Paulo;Grande São Paulo Noroeste;Etec de Artes;180;Técnico;Produção Cultural e Design;Artes;Teatro;Manhã;163;30;5,43;
Metropolitana da Grande São Paulo;Metropolitana da Grande São Paulo;São Paulo;Grande São Paulo Noroeste;Etec de Artes;180;Técnico;Produção Cultural e Design;Artes;Teatro;Tarde;94;30;3,13;
Metropolitana da Grande São Paulo;Metropolitana da Grande São Paulo;São Paulo;Grande São Paulo Noroeste;Etec de Artes;180;Integrado;Produção Cultural e Design;Artes;Dança - MTec (MNP);Tarde;122;30;4,06;
Metropolitana da Grande São Paulo;Metropolitana da Grande São Paulo;São Paulo;Grande São Paulo Noroeste;Etec de Artes;180;Integrado;Produção Cultural e Design;Design;Design de Interiores - MTec (MNP);Manhã;197;30;6,56;
Metropolitana da Grande São Paulo;Metropolitana da Grande São Paulo;São Paulo;Grande São Paulo Noroeste;Etec de Artes;180;Integrado;Turismo, Hospitalidade e Lazer;Lazer e Desenvolvimento Social;Eventos - MTec;Manhã;147;30;4,90;
Metropolitana da Grande São Paulo;Metropolitana da Grande São Paulo;São Paulo;Grande São Paulo Noroeste;Etec de Artes;180;Integrado;Produção Cultural e Design;Design;Processos Fotográficos - MTec;Tarde;214;30;7,13;
Metropolitana da Grande São Paulo;Metropolitana da Grande São Paulo;São Paulo;Grande São Paulo Noroeste;Etec de Artes;180;Especialização;Produção Cultural e Design;Design;Danças a Dois;Noite;28;30;0,93;
Metropolitana da Grande São Paulo;Metropolitana da Grande São Paulo;São Paulo;Grande São Paulo Leste;Etec de Cidade Tiradentes;199;Técnico;Gestão e Negócios;Gestão;Administração;Noite;74;40;1,85;
Metropolitana da Grande São Paulo;Metropolitana da Grande São Paulo;São Paulo;Grande São Paulo Leste;Etec de Cidade Tiradentes;199;Técnico;Ambiente e Saúde;Saúde;Farmácia;Noite;155;40;3,87;
Metropolitana da Grande São Paulo;Metropolitana da Grande São Paulo;São Paulo;Grande São Paulo Leste;Etec de Cidade Tiradentes;199;Técnico;Produção Industrial;Química;Química;Noite;52;40;1,30;
Metropolitana da Grande São Paulo;Metropolitana da Grande São Paulo;São Paulo;Grande São Paulo Leste;Etec de Cidade Tiradentes;199;Técnico;Segurança;Saúde;Segurança do Trabalho;Noite;91;40;2,27;
Metropolitana da Grande São Paulo;Metropolitana da Grande São Paulo;São Paulo;Grande São Paulo Leste;Etec de Cidade Tiradentes;199;Integrado;Gestão e Negócios;Gestão;Administração - MTec;Manhã;274;40;6,85;
Metropolitana da Grande São Paulo;Metropolitana da Grande São Paulo;São Paulo;Grande São Paulo Leste;Etec de Cidade Tiradentes;199;Integrado;Gestão e Negócios;Gestão;Administração - MTec;Tarde;86;40;2,15;
Metropolitana da Grande São Paulo;Metropolitana da Grande São Paulo;São Paulo;Grande São Paulo Leste;Etec de Cidade Tiradentes;199;Integrado;Informação e Comunicação;Informática;Desenvolvimento de Sistemas - MTec;Manhã;330;40;8,25;
Metropolitana da Grande São Paulo;Metropolitana da Grande São Paulo;São Paulo;Grande São Paulo Leste;Etec de Cidade Tiradentes;199;Integrado;Informação e Comunicação;Informática;Informática para Internet - MTec;Tarde;132;40;3,30;
Metropolitana da Grande São Paulo;Metropolitana da Grande São Paulo;São Paulo;Grande São Paulo Leste;Etec de Cidade Tiradentes;199;Integrado;Ambiente e Saúde;Saúde;Nutrição e Dietética - MTec;Manhã;234;40;5,85;
Metropolitana da Grande São Paulo;Metropolitana da Grande São Paulo;São Paulo;Grande São Paulo Leste;Etec de Cidade Tiradentes;199;Integrado;Ambiente e Saúde;Saúde;Nutrição e Dietética - MTec;Tarde;100;40;2,50;
Metropolitana da Grande São Paulo;Metropolitana da Grande São Paulo;São Paulo;Grande São Paulo Leste;Etec de Cidade Tiradentes;199;Integrado;Produção Industrial;Química;Química - MTec;Manhã;187;40;4,67;
Metropolitana da Grande São Paulo;Metropolitana da Grande São Paulo;São Paulo;Grande São Paulo Leste;Etec de Cidade Tiradentes;199;Integrado;Gestão e Negócios;Gestão;Recursos Humanos - MTec;Tarde;160;40;4,00;
Metropolitana da Grande São Paulo;Metropolitana da Grande São Paulo;São Paulo;Grande São Paulo Leste;Etec de Cidade Tiradentes (CEU Alto Alegre);199.01 - Etec/Ceu;Técnico;Gestão e Negócios;Gestão;Administração;Noite;45;30;1,50;
Metropolitana da Grande São Paulo;Metropolitana da Grande São Paulo;São Paulo;Grande São Paulo Leste;Etec de Cidade Tiradentes (CEU Água Azul);199.05 - Etec/Ceu;Técnico;Gestão e Negócios;Comércio;Marketing;Noite;44;30;1,46;
Metropolitana da Grande São Paulo;Metropolitana da Grande São Paulo;São Paulo;Grande São Paulo Leste;Etec de Esportes Curt Walter Otto Baumgart;267;Técnico;Turismo, Hospitalidade e Lazer;Turismo e Hospitalidade;Organização Esportiva;Manhã;40;40;1,00;
Metropolitana da Grande São Paulo;Metropolitana da Grande São Paulo;São Paulo;Grande São Paulo Leste;Etec de Esportes Curt Walter Otto Baumgart;267;Integrado;Gestão e Negócios;Gestão;Administração - MTec;Tarde;60;40;1,50;
Metropolitana da Grande São Paulo;Metropolitana da Grande São Paulo;São Paulo;Grande São Paulo Leste;Etec de Esportes Curt Walter Otto Baumgart;267;Integrado;Turismo, Hospitalidade e Lazer;Turismo e Hospitalidade;Organização Esportiva - MTec;Tarde;69;40;1,72;
Metropolitana da Grande São Paulo;Metropolitana da Grande São Paulo;São Paulo;Grande São Paulo Leste;Etec de Esportes Curt Walter Otto Baumgart;267;Integrado;Turismo, Hospitalidade e Lazer;Turismo e Hospitalidade;Organização Esportiva - MTec;Manhã;308;40;7,70;
Metropolitana da Grande São Paulo;Metropolitana da Grande São Paulo;São Paulo;Grande São Paulo Leste;Etec de Guaianazes;118;Técnico;Gestão e Negócios;Gestão;Administração;Tarde;52;40;1,30;
Metropolitana da Grande São Paulo;Metropolitana da Grande São Paulo;São Paulo;Grande São Paulo Leste;Etec de Guaianazes;118;Técnico;Gestão e Negócios;Gestão;Administração;Noite;45;40;1,12;
Metropolitana da Grande São Paulo;Metropolitana da Grande São Paulo;São Paulo;Grande São Paulo Leste;Etec de Guaianazes;118;Técnico;Informação e Comunicação;Informática;Desenvolvimento de Sistemas;Tarde;104;40;2,60;
Metropolitana da Grande São Paulo;Metropolitana da Grande São Paulo;São Paulo;Grande São Paulo Leste;Etec de Guaianazes;118;Técnico;Infraestrutura;Construção Civil;Edificações;Noite;61;40;1,52;
Metropolitana da Grande São Paulo;Metropolitana da Grande São Paulo;São Paulo;Grande São Paulo Leste;Etec de Guaianazes;118;Técnico;Controle e Processos Industriais;Indústria;Eletrotécnica;Noite;131;40;3,27;
Metropolitana da Grande São Paulo;Metropolitana da Grande São Paulo;São Paulo;Grande São Paulo Leste;Etec de Guaianazes;118;Técnico;Ambiente e Saúde;Saúde;Nutrição e Dietética;Tarde;79;40;1,97;
Metropolitana da Grande São Paulo;Metropolitana da Grande São Paulo;São Paulo;Grande São Paulo Leste;Etec de Guaianazes;118;Integrado;Gestão e Negócios;Gestão;Administração - MTec;Manhã;241;40;6,02;
Metropolitana da Grande São Paulo;Metropolitana da Grande São Paulo;São Paulo;Grande São Paulo Leste;Etec de Guaianazes;118;Integrado;Informação e Comunicação;Informática;Desenvolvimento de Sistemas - MTec (MNP);Manhã;385;40;9,62;
Metropolitana da Grande São Paulo;Metropolitana da Grande São Paulo;São Paulo;Grande São Paulo Leste;Etec de Guaianazes;118;Integrado;Ambiente e Saúde;Saúde;Nutrição e Dietética - MTec (MNP);Manhã;321;40;8,02;
Metropolitana da Grande São Paulo;Metropolitana da Grande São Paulo;São Paulo;Grande São Paulo Leste;Etec de Guaianazes (CEU Jambeiro);118.02 - Etec/Ceu;Técnico;Gestão e Negócios;Gestão;Serviços Jurídicos;Noite;50;35;1,42;
Metropolitana da Grande São Paulo;Metropolitana da Grande São Paulo;São Paulo;Grande São Paulo Leste;Etec de Guaianazes (CEU Lajeado);118.01 - Etec/Ceu;Técnico;Gestão e Negócios;Gestão;Logística;Noite;41;35;1,17;
Metropolitana da Grande São Paulo;Metropolitana da Grande São Paulo;São Paulo;Grande São Paulo Leste;Etec de Guaianazes (CEU Lajeado);118.01 - Etec/Ceu;Técnico;Gestão e Negócios;Comércio;Marketing;Noite;38;35;1,08;
Metropolitana da Grande São Paulo;Metropolitana da Grande São Paulo;São Paulo;Grande São Paulo Sul/Baixada Santista;ETEC de Heliópolis - Arquiteto Ruy Ohtake;205;Técnico;Gestão e Negócios;Gestão;Administração;Noite;45;40;1,12;
Metropolitana da Grande São Paulo;Metropolitana da Grande São Paulo;São Paulo;Grande São Paulo Sul/Baixada Santista;ETEC de Heliópolis - Arquiteto Ruy Ohtake;205;Técnico;Produção Cultural e Design;Design;Design de Interiores;Noite;47;40;1,17;
Metropolitana da Grande São Paulo;Metropolitana da Grande São Paulo;São Paulo;Grande São Paulo Sul/Baixada Santista;ETEC de Heliópolis - Arquiteto Ruy Ohtake;205;Integrado;Gestão e Negócios;Gestão;Administração - MTec;Tarde;100;40;2,50;
Metropolitana da Grande São Paulo;Metropolitana da Grande São Paulo;São Paulo;Grande São Paulo Sul/Baixada Santista;ETEC de Heliópolis - Arquiteto Ruy Ohtake;205;Integrado;Informação e Comunicação;Informática;Desenvolvimento de Sistemas - MTec-AMS;Tarde;66;40;1,65;
Metropolitana da Grande São Paulo;Metropolitana da Grande São Paulo;São Paulo;Grande São Paulo Sul/Baixada Santista;ETEC de Heliópolis - Arquiteto Ruy Ohtake;205;Integrado;Produção Cultural e Design;Design;Design de Interiores - MTec;Manhã;63;40;1,57;
Metropolitana da Grande São Paulo;Metropolitana da Grande São Paulo;São Paulo;Grande São Paulo Sul/Baixada Santista;ETEC de Heliópolis - Arquiteto Ruy Ohtake;205;Integrado;Infraestrutura;Construção Civil;Edificações - Mtec-N;Noite;45;40;1,12;
Metropolitana da Grande São Paulo;Metropolitana da Grande São Paulo;São Paulo;Grande São Paulo Sul/Baixada Santista;ETEC de Heliópolis - Arquiteto Ruy Ohtake;205;Integrado;Informação e Comunicação;Informática;Informática para Internet - MTec;Manhã;142;40;3,55;
Metropolitana da Grande São Paulo;Metropolitana da Grande São Paulo;São Paulo;Grande São Paulo Sul/Baixada Santista;ETEC de Heliópolis - Arquiteto Ruy Ohtake;205;Integrado;Gestão e Negócios;Comércio;Marketing - MTec;Manhã;158;40;3,95;
Metropolitana da Grande São Paulo;Metropolitana da Grande São Paulo;São Paulo;Grande São Paulo Sul/Baixada Santista;ETEC de Heliópolis - Arquiteto Ruy Ohtake;205;Integrado;Ambiente e Saúde;Saúde;Nutrição e Dietética - MTec;Manhã;175;40;4,37;
Metropolitana da Grande São Paulo;Metropolitana da Grande São Paulo;São Paulo;Grande São Paulo Sul/Baixada Santista;ETEC de Heliópolis - Arquiteto Ruy Ohtake;205;Integrado;Ambiente e Saúde;Saúde;Nutrição e Dietética - Mtec-N;Noite;44;40;1,10;
Metropolitana da Grande São Paulo;Metropolitana da Grande São Paulo;São Paulo;Grande São Paulo Sul/Baixada Santista;ETEC de Heliópolis - Arquiteto Ruy Ohtake;205;Integrado;Informação e Comunicação;Informática;Programação de Jogos Digitais - MTec;Tarde;87;40;2,17;
Metropolitana da Grande São Paulo;Metropolitana da Grande São Paulo;São Paulo;Grande São Paulo Leste;Etec de Itaquera;169;Técnico;Gestão e Negócios;Gestão;Administração;Tarde;98;40;2,45;
Metropolitana da Grande São Paulo;Metropolitana da Grande São Paulo;São Paulo;Grande São Paulo Leste;Etec de Itaquera;169;Técnico;Gestão e Negócios;Gestão;Administração;Noite;75;40;1,87;
Metropolitana da Grande São Paulo;Metropolitana da Grande São Paulo;São Paulo;Grande São Paulo Leste;Etec de Itaquera;169;Técnico;Informação e Comunicação;Informática;Desenvolvimento de Sistemas;Noite;167;40;4,17;
Metropolitana da Grande São Paulo;Metropolitana da Grande São Paulo;São Paulo;Grande São Paulo Leste;Etec de Itaquera;169;Técnico;Informação e Comunicação;Informática;Desenvolvimento de Sistemas;Tarde;131;40;3,27;
Metropolitana da Grande São Paulo;Metropolitana da Grande São Paulo;São Paulo;Grande São Paulo Leste;Etec de Itaquera;169;Integrado;Gestão e Negócios;Gestão;Administração - MTec;Tarde;157;40;3,92;
Metropolitana da Grande São Paulo;Metropolitana da Grande São Paulo;São Paulo;Grande São Paulo Leste;Etec de Itaquera;169;Integrado;Gestão e Negócios;Gestão;Administração - MTec;Manhã;545;40;13,62;
Metropolitana da Grande São Paulo;Metropolitana da Grande São Paulo;São Paulo;Grande São Paulo Leste;Etec de Itaquera;169;Integrado;Informação e Comunicação;Informática;Desenvolvimento de Sistemas - MTec;Manhã;857;80;10,71;
Metropolitana da Grande São Paulo;Metropolitana da Grande São Paulo;São Paulo;Grande São Paulo Leste;Etec de Itaquera (CEU Inácio Monteiro);169.03 - Etec/Ceu;Técnico;Gestão e Negócios;Gestão;Logística;Noite;33;30;1,10;
Metropolitana da Grande São Paulo;Metropolitana da Grande São Paulo;São Paulo;Grande São Paulo Leste;Etec de Itaquera (CEU Parque Veredas);169.02 - Etec/Ceu;Técnico;Gestão e Negócios;Gestão;Administração (MNP);Noite;43;30;1,43;
Metropolitana da Grande São Paulo;Metropolitana da Grande São Paulo;São Paulo;Grande São Paulo Leste;Etec de Itaquera (CEU Vila Curuçá);169.05 - Etec/Ceu;Técnico;Gestão e Negócios;Gestão;Administração (MNP);Noite;62;30;2,06;
Metropolitana da Grande São Paulo;Metropolitana da Grande São Paulo;São Paulo;Grande São Paulo Leste;Etec de Sapopemba;172;Técnico;Gestão e Negócios;Gestão;Administração;Noite;76;40;1,90;
Metropolitana da Grande São Paulo;Metropolitana da Grande São Paulo;São Paulo;Grande São Paulo Leste;Etec de Sapopemba;172;Técnico;Informação e Comunicação;Informática;Desenvolvimento de Sistemas;Tarde;122;40;3,05;
Metropolitana da Grande São Paulo;Metropolitana da Grande São Paulo;São Paulo;Grande São Paulo Leste;Etec de Sapopemba;172;Técnico;Gestão e Negócios;Comércio;Marketing;Noite;51;40;1,27;
Metropolitana da Grande São Paulo;Metropolitana da Grande São Paulo;São Paulo;Grande São Paulo Leste;Etec de Sapopemba;172;Integrado;Gestão e Negócios;Gestão;Administração - MTec;Tarde;115;40;2,87;
Metropolitana da Grande São Paulo;Metropolitana da Grande São Paulo;São Paulo;Grande São Paulo Leste;Etec de Sapopemba;172;Integrado;Gestão e Negócios;Gestão;Administração - MTec;Manhã;325;40;8,12;
Metropolitana da Grande São Paulo;Metropolitana da Grande São Paulo;São Paulo;Grande São Paulo Leste;Etec de Sapopemba;172;Integrado;Produção Alimentícia;Química;Alimentos - MTec (MNP);Manhã;103;40;2,57;
Metropolitana da Grande São Paulo;Metropolitana da Grande São Paulo;São Paulo;Grande São Paulo Leste;Etec de Sapopemba;172;Integrado;Informação e Comunicação;Informática;Desenvolvimento de Sistemas - MTec (MNP);Manhã;377;40;9,42;
Metropolitana da Grande São Paulo;Metropolitana da Grande São Paulo;São Paulo;Grande São Paulo Leste;Etec de Sapopemba;172;Integrado;Turismo, Hospitalidade e Lazer;Turismo e Hospitalidade;Gastronomia - MTec-N;Noite;91;40;2,27;
Metropolitana da Grande São Paulo;Metropolitana da Grande São Paulo;São Paulo;Grande São Paulo Leste;Etec de Sapopemba;172;Integrado;Gestão e Negócios;Comércio;Marketing - MTec;Tarde;126;40;3,15;
Metropolitana da Grande São Paulo;Metropolitana da Grande São Paulo;São Paulo;Grande São Paulo Leste;Etec de Sapopemba;172;Integrado;Produção Industrial;Química;Química - MTec (MNP);Tarde;109;40;2,72;
Metropolitana da Grande São Paulo;Metropolitana da Grande São Paulo;São Paulo;Grande São Paulo Leste;Etec de Sapopemba (CEU Sapopemba);172.02 - Etec/Ceu;Técnico;Gestão e Negócios;Gestão;Administração;Noite;29;30;0,96;
Metropolitana da Grande São Paulo;Metropolitana da Grande São Paulo;São Paulo;Grande São Paulo Leste;Etec de Sapopemba (CEU Sapopemba);172.02 - Etec/Ceu;Técnico;Gestão e Negócios;Gestão;Contabilidade;Noite;37;30;1,23;
Metropolitana da Grande São Paulo;Metropolitana da Grande São Paulo;São Paulo;Grande São Paulo Leste;Etec de Sapopemba (CEU Sapopemba);172.02 - Etec/Ceu;Técnico;Gestão e Negócios;Gestão;Serviços Jurídicos;Noite;57;30;1,90;
Metropolitana da Grande São Paulo;Metropolitana da Grande São Paulo;São Paulo;Grande São Paulo Leste;Etec de Sapopemba (CEU São Rafael);172.011 - Etec/Ceu;Técnico;Gestão e Negócios;Gestão;Logística;Noite;34;30;1,13;
Metropolitana da Grande São Paulo;Metropolitana da Grande São Paulo;São Paulo;Grande São Paulo Leste;Etec de Sapopemba (CEU São Rafael);172.011 - Etec/Ceu;Técnico;Gestão e Negócios;Gestão;Recursos Humanos;Noite;49;30;1,63;
Metropolitana da Grande São Paulo;Metropolitana da Grande São Paulo;São Paulo;Grande São Paulo Noroeste;Etec de São Paulo;018;Técnico;Gestão e Negócios;Gestão;Administração (MNP);Noite;29;40;0,72;
Metropolitana da Grande São Paulo;Metropolitana da Grande São Paulo;São Paulo;Grande São Paulo Noroeste;Etec de São Paulo;018;Técnico;Informação e Comunicação;Informática;Desenvolvimento de Sistemas (MNP);Noite;69;40;1,72;
Metropolitana da Grande São Paulo;Metropolitana da Grande São Paulo;São Paulo;Grande São Paulo Noroeste;Etec de São Paulo;018;Técnico;Turismo, Hospitalidade e Lazer;Turismo e Hospitalidade;Guia de Turismo;Noite;43;40;1,07;
Metropolitana da Grande São Paulo;Metropolitana da Grande São Paulo;São Paulo;Grande São Paulo Noroeste;Etec de São Paulo;018;Integrado;Gestão e Negócios;Gestão;Administração - MTec-PI;Manhã e Tarde;349;40;8,72;
Metropolitana da Grande São Paulo;Metropolitana da Grande São Paulo;São Paulo;Grande São Paulo Noroeste;Etec de São Paulo;018;Integrado;Informação e Comunicação;Informática;Desenvolvimento de Sistemas - MTec-PI ;Manhã e Tarde;611;40;15,27;
Metropolitana da Grande São Paulo;Metropolitana da Grande São Paulo;São Paulo;Grande São Paulo Noroeste;Etec de São Paulo;018;Integrado;Infraestrutura;Construção Civil;Edificações - MTec-PI;Manhã e Tarde;229;40;5,72;
Metropolitana da Grande São Paulo;Metropolitana da Grande São Paulo;São Paulo;Grande São Paulo Noroeste;Etec de São Paulo;018;Integrado;Controle e Processos Industriais;Indústria;Eletrônica - MTec-PI;Manhã e Tarde;171;40;4,27;
Metropolitana da Grande São Paulo;Metropolitana da Grande São Paulo;São Paulo;Grande São Paulo Noroeste;Etec de São Paulo;018;Integrado;Ambiente e Saúde;Meio Ambiente;Meio Ambiente - MTec-PI;Manhã e Tarde;261;40;6,52;
Metropolitana da Grande São Paulo;Metropolitana da Grande São Paulo;São Paulo;Grande São Paulo Noroeste;Etec de São Paulo (CEU Butantã);018.02 - Etec/Ceu;Técnico;Gestão e Negócios;Gestão;Administração;Noite;46;30;1,53;
Metropolitana da Grande São Paulo;Metropolitana da Grande São Paulo;São Paulo;Grande São Paulo Noroeste;Etec de São Paulo (CEU Butantã);018.02 - Etec/Ceu;Técnico;Gestão e Negócios;Gestão;Contabilidade;Noite;45;30;1,50;
Metropolitana da Grande São Paulo;Metropolitana da Grande São Paulo;São Paulo;Grande São Paulo Leste;Etec de Tiquatira;208;Técnico;Produção Cultural e Design;Design;Design de Moda;Noite;90;40;2,25;
Metropolitana da Grande São Paulo;Metropolitana da Grande São Paulo;São Paulo;Grande São Paulo Leste;Etec de Tiquatira;208;Técnico;Produção Cultural e Design;Design;Design Gráfico;Tarde;56;40;1,40;
Metropolitana da Grande São Paulo;Metropolitana da Grande São Paulo;São Paulo;Grande São Paulo Leste;Etec de Tiquatira;208;Técnico;Produção Cultural e Design;Design;Design Gráfico;Noite;53;40;1,32;
Metropolitana da Grande São Paulo;Metropolitana da Grande São Paulo;São Paulo;Grande São Paulo Leste;Etec de Tiquatira;208;Técnico;Produção Industrial;Química;Química;Noite;58;40;1,45;
Metropolitana da Grande São Paulo;Metropolitana da Grande São Paulo;São Paulo;Grande São Paulo Leste;Etec de Tiquatira;208;Integrado;Gestão e Negócios;Gestão;Administração - MTec;Tarde;120;40;3,00;
Metropolitana da Grande São Paulo;Metropolitana da Grande São Paulo;São Paulo;Grande São Paulo Leste;Etec de Tiquatira;208;Integrado;Produção Cultural e Design;Design;Design de Moda - MTec;Manhã;254;40;6,35;
Metropolitana da Grande São Paulo;Metropolitana da Grande São Paulo;São Paulo;Grande São Paulo Leste;Etec de Tiquatira;208;Integrado;Produção Cultural e Design;Design;Design de Moda - MTec;Tarde;99;40;2,47;
Metropolitana da Grande São Paulo;Metropolitana da Grande São Paulo;São Paulo;Grande São Paulo Leste;Etec de Tiquatira;208;Integrado;Produção Cultural e Design;Design;Design Gráfico - MTec;Manhã;248;40;6,20;
Metropolitana da Grande São Paulo;Metropolitana da Grande São Paulo;São Paulo;Grande São Paulo Leste;Etec de Tiquatira;208;Integrado;Produção Cultural e Design;Design;Design Gráfico - MTec;Tarde;78;40;1,95;
Metropolitana da Grande São Paulo;Metropolitana da Grande São Paulo;São Paulo;Grande São Paulo Leste;Etec de Tiquatira;208;Integrado;Gestão e Negócios;Comércio;Marketing - MTec;Manhã;199;40;4,97;
Metropolitana da Grande São Paulo;Metropolitana da Grande São Paulo;São Paulo;Grande São Paulo Leste;Etec de Tiquatira;208;Integrado;Produção Industrial;Química;Química - MTec;Manhã;217;40;5,42;
Metropolitana da Grande São Paulo;Metropolitana da Grande São Paulo;São Paulo;Grande São Paulo Leste;Etec de Tiquatira;208;Integrado;Produção Industrial;Química;Química - MTec;Tarde;117;40;2,92;
Metropolitana da Grande São Paulo;Metropolitana da Grande São Paulo;São Paulo;Grande São Paulo Leste;Etec de Tiquatira (Ceu Tiquatira);208.02 - Etec/Ceu;Integrado;Gestão e Negócios;Gestão;Logística - Mtec-N;Noite;30;30;1,00;
Metropolitana da Grande São Paulo;Metropolitana da Grande São Paulo;São Paulo;Grande São Paulo Leste;Etec de Vila Formosa;185;Integrado;Gestão e Negócios;Gestão;Administração - MTec;Manhã;146;40;3,65;
Metropolitana da Grande São Paulo;Metropolitana da Grande São Paulo;São Paulo;Grande São Paulo Leste;Etec de Vila Formosa;185;Integrado;Informação e Comunicação;Informática;Desenvolvimento de Sistemas - MTec (MNP);Manhã;197;40;4,92;
Metropolitana da Grande São Paulo;Metropolitana da Grande São Paulo;São Paulo;Grande São Paulo Leste;Etec de Vila Formosa;185;Integrado;Informação e Comunicação;Informática;Desenvolvimento de Sistemas - Mtec-N;Noite;67;40;1,67;
Metropolitana da Grande São Paulo;Metropolitana da Grande São Paulo;São Paulo;Grande São Paulo Leste;Etec de Vila Formosa;185;Integrado;Produção Cultural e Design;Design;Design Gráfico - Mtec-N;Noite;40;40;1,00;
Metropolitana da Grande São Paulo;Metropolitana da Grande São Paulo;São Paulo;Grande São Paulo Leste;Etec de Vila Formosa;185;Integrado;Informação e Comunicação;Informática;Informática - MTec (MNP);Tarde;70;40;1,75;
Metropolitana da Grande São Paulo;Metropolitana da Grande São Paulo;São Paulo;Grande São Paulo Leste;Etec de Vila Formosa;185;Integrado;Ambiente e Saúde;Meio Ambiente;Meio Ambiente - MTec (MNP);Manhã;59;40;1,47;
Metropolitana da Grande São Paulo;Metropolitana da Grande São Paulo;São Paulo;Grande São Paulo Leste;Etec de Vila Formosa;185;Integrado;Gestão e Negócios;Gestão;Recursos Humanos - MTec;Tarde;62;40;1,55;
Metropolitana da Grande São Paulo;Metropolitana da Grande São Paulo;São Paulo;Grande São Paulo Leste;Etec de Vila Formosa (CEU Aricanduva);185.03 - Etec/Ceu;Técnico;Turismo, Hospitalidade e Lazer;Turismo e Hospitalidade;Eventos;Noite;34;30;1,13;
Metropolitana da Grande São Paulo;Metropolitana da Grande São Paulo;São Paulo;Grande São Paulo Noroeste;Etec Doutora Maria Augusta Saraiva;154;Médio;Educação Básica;Educação Básica - Ensino Médio;Ensino Médio com Itinerário Formativo de Ciências Humanas e Sociais Aplicadas;Manhã;84;40;2,10;
Metropolitana da Grande São Paulo;Metropolitana da Grande São Paulo;São Paulo;Grande São Paulo Noroeste;Etec Doutora Maria Augusta Saraiva;154;Integrado;Gestão e Negócios;Gestão;Administração - MTec;Manhã;137;40;3,42;
Metropolitana da Grande São Paulo;Metropolitana da Grande São Paulo;São Paulo;Grande São Paulo Noroeste;Etec Doutora Maria Augusta Saraiva;154;Integrado;Informação e Comunicação;Informática;Desenvolvimento de Sistemas - MTec;Manhã;82;40;2,04;
Metropolitana da Grande São Paulo;Metropolitana da Grande São Paulo;São Paulo;Grande São Paulo Noroeste;Etec Doutora Maria Augusta Saraiva;154;Integrado;Produção Cultural e Design;Design;Design Gráfico - MTec;Tarde;99;40;2,47;
Metropolitana da Grande São Paulo;Metropolitana da Grande São Paulo;São Paulo;Grande São Paulo Noroeste;Etec Doutora Maria Augusta Saraiva;154;Integrado;Gestão e Negócios;Gestão;Marketing - MTec-N;Noite;48;40;1,20;
Metropolitana da Grande São Paulo;Metropolitana da Grande São Paulo;São Paulo;Grande São Paulo Noroeste;Etec Doutora Maria Augusta Saraiva;154;Integrado;Informação e Comunicação;Informática;Programação de Jogos Digitais - MTec;Tarde;59;40;1,47;
Metropolitana da Grande São Paulo;Metropolitana da Grande São Paulo;São Paulo;Grande São Paulo Noroeste;Etec Doutora Maria Augusta Saraiva;154;Integrado;Gestão e Negócios;Gestão;Serviços Jurídicos - MTec;Tarde;131;40;3,27;
Metropolitana da Grande São Paulo;Metropolitana da Grande São Paulo;São Paulo;Grande São Paulo Sul/Baixada Santista;Etec Getúlio Vargas;013;Técnico;Gestão e Negócios;Gestão;Administração;Tarde;54;40;1,35;
Metropolitana da Grande São Paulo;Metropolitana da Grande São Paulo;São Paulo;Grande São Paulo Sul/Baixada Santista;Etec Getúlio Vargas;013;Técnico;Controle e Processos Industriais;Indústria;Automação Industrial;Noite;49;40;1,22;
Metropolitana da Grande São Paulo;Metropolitana da Grande São Paulo;São Paulo;Grande São Paulo Sul/Baixada Santista;Etec Getúlio Vargas;013;Técnico;Produção Cultural e Design;Design;Design de Interiores;Noite;60;40;1,50;
Metropolitana da Grande São Paulo;Metropolitana da Grande São Paulo;São Paulo;Grande São Paulo Sul/Baixada Santista;Etec Getúlio Vargas;013;Técnico;Infraestrutura;Construção Civil;Edificações;Noite;54;40;1,35;
Metropolitana da Grande São Paulo;Metropolitana da Grande São Paulo;São Paulo;Grande São Paulo Sul/Baixada Santista;Etec Getúlio Vargas;013;Técnico;Controle e Processos Industriais;Indústria;Eletroeletrônica;Noite;37;40;0,92;
Metropolitana da Grande São Paulo;Metropolitana da Grande São Paulo;São Paulo;Grande São Paulo Sul/Baixada Santista;Etec Getúlio Vargas;013;Técnico;Controle e Processos Industriais;Indústria;Eletrotécnica;Noite;89;40;2,22;
Metropolitana da Grande São Paulo;Metropolitana da Grande São Paulo;São Paulo;Grande São Paulo Sul/Baixada Santista;Etec Getúlio Vargas;013;Técnico;Controle e Processos Industriais;Indústria;Mecatrônica;Noite;48;40;1,20;
Metropolitana da Grande São Paulo;Metropolitana da Grande São Paulo;São Paulo;Grande São Paulo Sul/Baixada Santista;Etec Getúlio Vargas;013;Técnico;Controle e Processos Industriais;Indústria;Mecânica;Noite;58;40;1,45;
Metropolitana da Grande São Paulo;Metropolitana da Grande São Paulo;São Paulo;Grande São Paulo Sul/Baixada Santista;Etec Getúlio Vargas;013;Técnico;Ambiente e Saúde;Saúde;Nutrição e Dietética;Noite;42;40;1,05;
Metropolitana da Grande São Paulo;Metropolitana da Grande São Paulo;São Paulo;Grande São Paulo Sul/Baixada Santista;Etec Getúlio Vargas;013;Técnico;Produção Industrial;Química;Química;Noite;51;40;1,27;
Metropolitana da Grande São Paulo;Metropolitana da Grande São Paulo;São Paulo;Grande São Paulo Sul/Baixada Santista;Etec Getúlio Vargas;013;Técnico;Informação e Comunicação;Informática;Redes de Computadores;Noite;49;40;1,22;
Metropolitana da Grande São Paulo;Metropolitana da Grande São Paulo;São Paulo;Grande São Paulo Sul/Baixada Santista;Etec Getúlio Vargas;013;Integrado;Gestão e Negócios;Gestão;Administração - MTec;Manhã;390;35;11,14;
Metropolitana da Grande São Paulo;Metropolitana da Grande São Paulo;São Paulo;Grande São Paulo Sul/Baixada Santista;Etec Getúlio Vargas;013;Integrado;Produção Alimentícia;Química;Alimentos - MTec ;Tarde;28;35;0,80;
Metropolitana da Grande São Paulo;Metropolitana da Grande São Paulo;São Paulo;Grande São Paulo Sul/Baixada Santista;Etec Getúlio Vargas;013;Integrado;Controle e Processos Industriais;Indústria;Automação Industrial - MTec;Manhã;94;35;2,68;
Metropolitana da Grande São Paulo;Metropolitana da Grande São Paulo;São Paulo;Grande São Paulo Sul/Baixada Santista;Etec Getúlio Vargas;013;Integrado;Produção Cultural e Design;Design;Design de Interiores - MTec;Tarde;57;35;1,62;
Metropolitana da Grande São Paulo;Metropolitana da Grande São Paulo;São Paulo;Grande São Paulo Sul/Baixada Santista;Etec Getúlio Vargas;013;Integrado;Produção Cultural e Design;Design;Design de Interiores - MTec;Manhã;228;35;6,51;
Metropolitana da Grande São Paulo;Metropolitana da Grande São Paulo;São Paulo;Grande São Paulo Sul/Baixada Santista;Etec Getúlio Vargas;013;Integrado;Infraestrutura;Construção Civil;Edificações - MTec;Manhã;145;35;4,14;
Metropolitana da Grande São Paulo;Metropolitana da Grande São Paulo;São Paulo;Grande São Paulo Sul/Baixada Santista;Etec Getúlio Vargas;013;Integrado;Infraestrutura;Construção Civil;Edificações - MTec;Tarde;42;35;1,20;
Metropolitana da Grande São Paulo;Metropolitana da Grande São Paulo;São Paulo;Grande São Paulo Sul/Baixada Santista;Etec Getúlio Vargas;013;Integrado;Controle e Processos Industriais;Indústria;Eletroeletrônica  - MTec;Tarde;65;35;1,85;
Metropolitana da Grande São Paulo;Metropolitana da Grande São Paulo;São Paulo;Grande São Paulo Sul/Baixada Santista;Etec Getúlio Vargas;013;Integrado;Controle e Processos Industriais;Indústria;Eletrotécnica - MTec;Manhã;74;35;2,11;
Metropolitana da Grande São Paulo;Metropolitana da Grande São Paulo;São Paulo;Grande São Paulo Sul/Baixada Santista;Etec Getúlio Vargas;013;Integrado;Controle e Processos Industriais;Indústria;Eletrônica - MTec;Manhã;90;35;2,57;
Metropolitana da Grande São Paulo;Metropolitana da Grande São Paulo;São Paulo;Grande São Paulo Sul/Baixada Santista;Etec Getúlio Vargas;013;Integrado;Gestão e Negócios;Comércio;Marketing - MTec;Tarde;168;35;4,80;
Metropolitana da Grande São Paulo;Metropolitana da Grande São Paulo;São Paulo;Grande São Paulo Sul/Baixada Santista;Etec Getúlio Vargas;013;Integrado;Controle e Processos Industriais;Indústria;Mecatrônica - MTec;Manhã;224;35;6,40;
Metropolitana da Grande São Paulo;Metropolitana da Grande São Paulo;São Paulo;Grande São Paulo Sul/Baixada Santista;Etec Getúlio Vargas;013;Integrado;Controle e Processos Industriais;Indústria;Mecatrônica - MTec;Tarde;87;35;2,48;
Metropolitana da Grande São Paulo;Metropolitana da Grande São Paulo;São Paulo;Grande São Paulo Sul/Baixada Santista;Etec Getúlio Vargas;013;Integrado;Controle e Processos Industriais;Indústria;Mecânica - MTec;Manhã;144;35;4,11;
Metropolitana da Grande São Paulo;Metropolitana da Grande São Paulo;São Paulo;Grande São Paulo Sul/Baixada Santista;Etec Getúlio Vargas;013;Integrado;Ambiente e Saúde;Meio Ambiente;Meio Ambiente - MTec;Manhã;161;35;4,59;
Metropolitana da Grande São Paulo;Metropolitana da Grande São Paulo;São Paulo;Grande São Paulo Sul/Baixada Santista;Etec Getúlio Vargas;013;Integrado;Ambiente e Saúde;Saúde;Nutrição e Dietética - MTec;Tarde;188;35;5,37;
Metropolitana da Grande São Paulo;Metropolitana da Grande São Paulo;São Paulo;Grande São Paulo Sul/Baixada Santista;Etec Getúlio Vargas;013;Integrado;Produção Industrial;Química;Química - MTec;Tarde;94;35;2,68;
Metropolitana da Grande São Paulo;Metropolitana da Grande São Paulo;São Paulo;Grande São Paulo Sul/Baixada Santista;Etec Getúlio Vargas;013;Integrado;Produção Industrial;Química;Química - MTec;Manhã;169;35;4,82;
Metropolitana da Grande São Paulo;Metropolitana da Grande São Paulo;São Paulo;Grande São Paulo Sul/Baixada Santista;Etec Getúlio Vargas;013;Integrado;Gestão e Negócios;Gestão;Serviços Jurídicos - MTec;Tarde;286;35;8,17;
Metropolitana da Grande São Paulo;Metropolitana da Grande São Paulo;São Paulo;Grande São Paulo Sul/Baixada Santista;Etec Getúlio Vargas;013;Especialização;Ambiente e Saúde;Saúde;Gestão de Unidades de Alimentação e Nutrição;Noite;32;25;1,28;
Metropolitana da Grande São Paulo;Metropolitana da Grande São Paulo;São Paulo;Grande São Paulo Sul/Baixada Santista;Etec Getúlio Vargas (EE Professor Roldão Lopes de Barros);013.05 - Ext/Etec;Técnico;Gestão e Negócios;Gestão;Administração;Noite;45;40;1,12;
Metropolitana da Grande São Paulo;Metropolitana da Grande São Paulo;São Paulo;Grande São Paulo Sul/Baixada Santista;Etec Getúlio Vargas (EE Professor Roldão Lopes de Barros);013.05 - Ext/Etec;Técnico;Gestão e Negócios;Gestão;Serviços Jurídicos;Noite;65;40;1,62;
Metropolitana da Grande São Paulo;Metropolitana da Grande São Paulo;São Paulo;Grande São Paulo Noroeste;Etec Gildo Marçal Bezerra Brandão;226;Técnico;Gestão e Negócios;Gestão;Administração;Noite;35;40;0,87;
Metropolitana da Grande São Paulo;Metropolitana da Grande São Paulo;São Paulo;Grande São Paulo Noroeste;Etec Gildo Marçal Bezerra Brandão;226;Técnico;Controle e Processos Industriais;Indústria;Eletrotécnica;Noite;50;40;1,25;
Metropolitana da Grande São Paulo;Metropolitana da Grande São Paulo;São Paulo;Grande São Paulo Noroeste;Etec Gildo Marçal Bezerra Brandão;226;Integrado;Gestão e Negócios;Gestão;Administração - MTec;Manhã;205;40;5,12;
Metropolitana da Grande São Paulo;Metropolitana da Grande São Paulo;São Paulo;Grande São Paulo Noroeste;Etec Gildo Marçal Bezerra Brandão;226;Integrado;Controle e Processos Industriais;Indústria;Automação Industrial - MTec;Manhã;129;40;3,22;
Metropolitana da Grande São Paulo;Metropolitana da Grande São Paulo;São Paulo;Grande São Paulo Noroeste;Etec Gildo Marçal Bezerra Brandão;226;Integrado;Controle e Processos Industriais;Indústria;Eletrônica - MTec;Tarde;70;40;1,75;
Metropolitana da Grande São Paulo;Metropolitana da Grande São Paulo;São Paulo;Grande São Paulo Noroeste;Etec Gildo Marçal Bezerra Brandão;226;Integrado;Informação e Comunicação;Informática;Informática para Internet - MTec;Tarde;87;40;2,17;
Metropolitana da Grande São Paulo;Metropolitana da Grande São Paulo;São Paulo;Grande São Paulo Noroeste;Etec Gildo Marçal Bezerra Brandão;226;Integrado;Gestão e Negócios;Gestão;Recursos Humanos - MTec;Manhã;125;40;3,12;
Metropolitana da Grande São Paulo;Metropolitana da Grande São Paulo;São Paulo;Grande São Paulo Noroeste;Etec Gildo Marçal Bezerra Brandão (CEU Perus);226.02 - Etec/Ceu;Técnico;Gestão e Negócios;Gestão;Contabilidade;Noite;38;30;1,26;
Metropolitana da Grande São Paulo;Metropolitana da Grande São Paulo;São Paulo;Grande São Paulo Noroeste;Etec Guaracy Silveira;061;Médio;Educação Básica;Educação Básica - Ensino Médio;Ensino Médio com Itinerário Formativo de Ciências Humanas e Sociais Aplicadas;Manhã;195;40;4,87;
Metropolitana da Grande São Paulo;Metropolitana da Grande São Paulo;São Paulo;Grande São Paulo Noroeste;Etec Guaracy Silveira;061;Técnico;Gestão e Negócios;Gestão;Administração;Noite;37;40;0,92;
Metropolitana da Grande São Paulo;Metropolitana da Grande São Paulo;São Paulo;Grande São Paulo Noroeste;Etec Guaracy Silveira;061;Técnico;Produção Cultural e Design;Design;Design de Móveis;Noite;37;40;0,92;
Metropolitana da Grande São Paulo;Metropolitana da Grande São Paulo;São Paulo;Grande São Paulo Noroeste;Etec Guaracy Silveira;061;Técnico;Infraestrutura;Construção Civil;Edificações;Noite;89;40;2,22;
Metropolitana da Grande São Paulo;Metropolitana da Grande São Paulo;São Paulo;Grande São Paulo Noroeste;Etec Guaracy Silveira;061;Técnico;Controle e Processos Industriais;Indústria;Eletrônica;Noite;68;40;1,70;
Metropolitana da Grande São Paulo;Metropolitana da Grande São Paulo;São Paulo;Grande São Paulo Noroeste;Etec Guaracy Silveira;061;Técnico;Gestão e Negócios;Comércio;Marketing;Noite;48;40;1,20;
Metropolitana da Grande São Paulo;Metropolitana da Grande São Paulo;São Paulo;Grande São Paulo Noroeste;Etec Guaracy Silveira;061;Integrado;Gestão e Negócios;Gestão;Administração - MTec-N;Noite;38;40;0,95;
Metropolitana da Grande São Paulo;Metropolitana da Grande São Paulo;São Paulo;Grande São Paulo Noroeste;Etec Guaracy Silveira;061;Integrado;Gestão e Negócios;Gestão;Administração - MTec-PI;Manhã e Tarde;236;40;5,90;
Metropolitana da Grande São Paulo;Metropolitana da Grande São Paulo;São Paulo;Grande São Paulo Noroeste;Etec Guaracy Silveira;061;Integrado;Produção Cultural e Design;Design;Design de Interiores - MTec-N;Noite;29;40;0,72;
Metropolitana da Grande São Paulo;Metropolitana da Grande São Paulo;São Paulo;Grande São Paulo Noroeste;Etec Guaracy Silveira;061;Integrado;Produção Cultural e Design;Imagem Pessoal;Design de Interiores - MTec-PI;Manhã e Tarde;145;40;3,62;
Metropolitana da Grande São Paulo;Metropolitana da Grande São Paulo;São Paulo;Grande São Paulo Noroeste;Etec Guaracy Silveira;061;Integrado;Infraestrutura;Construção Civil;Edificações - MTec-PI;Manhã e Tarde;172;40;4,30;
Metropolitana da Grande São Paulo;Metropolitana da Grande São Paulo;São Paulo;Grande São Paulo Noroeste;Etec Guaracy Silveira;061;Integrado;Controle e Processos Industriais;Indústria;Eletrônica - MTec-PI;Manhã e Tarde;117;40;2,92;
Metropolitana da Grande São Paulo;Metropolitana da Grande São Paulo;São Paulo;Grande São Paulo Noroeste;Etec Guaracy Silveira;061;Integrado;Gestão e Negócios;Gestão;Marketing - MTec-PI;Manhã e Tarde;262;40;6,55;
Metropolitana da Grande São Paulo;Metropolitana da Grande São Paulo;São Paulo;Grande São Paulo Noroeste;Etec Guaracy Silveira;061;Integrado;Ambiente e Saúde;Meio Ambiente;Meio Ambiente - MTec-PI;Manhã e Tarde;178;40;4,45;
Metropolitana da Grande São Paulo;Metropolitana da Grande São Paulo;São Paulo;Grande São Paulo Sul/Baixada Santista;Etec Irmã Agostina;238;Técnico;Gestão e Negócios;Gestão;Administração;Noite;44;40;1,10;
Metropolitana da Grande São Paulo;Metropolitana da Grande São Paulo;São Paulo;Grande São Paulo Sul/Baixada Santista;Etec Irmã Agostina;238;Técnico;Informação e Comunicação;Informática;Desenvolvimento de Sistemas;Noite;109;40;2,72;
Metropolitana da Grande São Paulo;Metropolitana da Grande São Paulo;São Paulo;Grande São Paulo Sul/Baixada Santista;Etec Irmã Agostina;238;Técnico;Ambiente e Saúde;Saúde;Nutrição e Dietética;Noite;65;40;1,62;
Metropolitana da Grande São Paulo;Metropolitana da Grande São Paulo;São Paulo;Grande São Paulo Sul/Baixada Santista;Etec Irmã Agostina;238;Técnico;Produção Industrial;Química;Química;Noite;53;40;1,32;
Metropolitana da Grande São Paulo;Metropolitana da Grande São Paulo;São Paulo;Grande São Paulo Sul/Baixada Santista;Etec Irmã Agostina;238;Integrado;Gestão e Negócios;Gestão;Administração - MTec-PI;Manhã e Tarde;588;40;14,70;
Metropolitana da Grande São Paulo;Metropolitana da Grande São Paulo;São Paulo;Grande São Paulo Sul/Baixada Santista;Etec Irmã Agostina;238;Integrado;Ambiente e Saúde;Saúde;Nutrição e Dietética - MTec-PI;Manhã e Tarde;398;40;9,94;
Metropolitana da Grande São Paulo;Metropolitana da Grande São Paulo;São Paulo;Grande São Paulo Sul/Baixada Santista;Etec Irmã Agostina;238;Integrado;Produção Industrial;Química;Química - MTec-PI;Manhã e Tarde;258;40;6,45;
Metropolitana da Grande São Paulo;Metropolitana da Grande São Paulo;São Paulo;Grande São Paulo Sul/Baixada Santista;Etec Irmã Agostina (CEU Cidade Dutra);238.04 - Etec/Ceu;Técnico;Gestão e Negócios;Gestão;Administração;Noite;112;30;3,73;
Metropolitana da Grande São Paulo;Metropolitana da Grande São Paulo;São Paulo;Grande São Paulo Sul/Baixada Santista;Etec Irmã Agostina (CEU Navegantes);238.06 - Etec/Ceu;Técnico;Gestão e Negócios;Gestão;Administração;Noite;36;35;1,02;
Metropolitana da Grande São Paulo;Metropolitana da Grande São Paulo;São Paulo;Grande São Paulo Sul/Baixada Santista;Etec Irmã Agostina (CEU Navegantes);238.06 - Etec/Ceu;Integrado;Gestão e Negócios;Gestão;Administração - MTec-N;Noite;83;35;2,37;
Metropolitana da Grande São Paulo;Metropolitana da Grande São Paulo;São Paulo;Grande São Paulo Sul/Baixada Santista;Etec Irmã Agostina (CEU Sílvio Santos);238.07 - Etec/Ceu;Técnico;Gestão e Negócios;Gestão;Administração;Noite;65;25;2,60;
Metropolitana da Grande São Paulo;Metropolitana da Grande São Paulo;São Paulo;Grande São Paulo Sul/Baixada Santista;Etec Irmã Agostina (CEU Sílvio Santos);238.07 - Etec/Ceu;Integrado;Gestão e Negócios;Gestão;Administração - MTec-N;Noite;80;25;3,20;
Metropolitana da Grande São Paulo;Metropolitana da Grande São Paulo;São Paulo;Grande São Paulo Sul/Baixada Santista;Etec Irmã Agostina (CEU Vila Rubi - Jornalista Alexandre Kadunc);238.01 - Etec/Ceu;Técnico;Gestão e Negócios;Gestão;Administração;Noite;50;30;1,66;
Metropolitana da Grande São Paulo;Metropolitana da Grande São Paulo;São Paulo;Grande São Paulo Sul/Baixada Santista;Etec Irmã Agostina (CEU Vila Rubi - Jornalista Alexandre Kadunc);238.01 - Etec/Ceu;Técnico;Gestão e Negócios;Comércio;Marketing;Noite;51;30;1,70;
Metropolitana da Grande São Paulo;Metropolitana da Grande São Paulo;São Paulo;Grande São Paulo Sul/Baixada Santista;Etec Irmã Agostina (CEU Vila Rubi - Jornalista Alexandre Kadunc);238.01 - Etec/Ceu;Técnico;Gestão e Negócios;Gestão;Recursos Humanos;Noite;56;30;1,86;
Metropolitana da Grande São Paulo;Metropolitana da Grande São Paulo;São Paulo;Grande São Paulo Leste;Etec Itaquera II;285;Técnico;Gestão e Negócios;Gestão;Administração;Noite;55;40;1,37;
Metropolitana da Grande São Paulo;Metropolitana da Grande São Paulo;São Paulo;Grande São Paulo Leste;Etec Itaquera II;285;Técnico;Produção Cultural e Design;Design;Design de Interiores;Noite;70;40;1,75;
Metropolitana da Grande São Paulo;Metropolitana da Grande São Paulo;São Paulo;Grande São Paulo Leste;Etec Itaquera II;285;Técnico;Infraestrutura;Construção Civil;Edificações;Noite;95;40;2,37;
Metropolitana da Grande São Paulo;Metropolitana da Grande São Paulo;São Paulo;Grande São Paulo Leste;Etec Itaquera II;285;Integrado;Gestão e Negócios;Gestão;Administração - MTec;Manhã;524;80;6,55;
Metropolitana da Grande São Paulo;Metropolitana da Grande São Paulo;São Paulo;Grande São Paulo Leste;Etec Itaquera II;285;Integrado;Gestão e Negócios;Gestão;Administração - MTec;Tarde;141;80;1,76;
Metropolitana da Grande São Paulo;Metropolitana da Grande São Paulo;São Paulo;Grande São Paulo Leste;Etec Itaquera II;285;Integrado;Gestão e Negócios;Gestão;Administração - MTec-N;Noite;83;40;2,07;
Metropolitana da Grande São Paulo;Metropolitana da Grande São Paulo;São Paulo;Grande São Paulo Leste;Etec Itaquera II;285;Integrado;Produção Cultural e Design;Design;Design de Interiores - MTec;Manhã;361;80;4,51;
Metropolitana da Grande São Paulo;Metropolitana da Grande São Paulo;São Paulo;Grande São Paulo Leste;Etec Itaquera II;285;Integrado;Produção Cultural e Design;Design;Design de Interiores - MTec;Tarde;103;40;2,57;
Metropolitana da Grande São Paulo;Metropolitana da Grande São Paulo;São Paulo;Grande São Paulo Leste;Etec Itaquera II;285;Integrado;Infraestrutura;Construção Civil;Edificações - MTec;Manhã;237;40;5,92;
Metropolitana da Grande São Paulo;Metropolitana da Grande São Paulo;São Paulo;Grande São Paulo Leste;Etec Itaquera II;285;Integrado;Infraestrutura;Construção Civil;Edificações - MTec;Tarde;74;40;1,85;
Metropolitana da Grande São Paulo;Metropolitana da Grande São Paulo;São Paulo;Grande São Paulo Leste;Etec Itaquera II;285;Integrado;Infraestrutura;Construção Civil;Edificações - Mtec-N;Noite;64;40;1,60;
Metropolitana da Grande São Paulo;Metropolitana da Grande São Paulo;São Paulo;Grande São Paulo Leste;Etec Itaquera II;285;Integrado;Gestão e Negócios;Comércio;Marketing - MTec;Tarde;66;40;1,65;
Metropolitana da Grande São Paulo;Metropolitana da Grande São Paulo;São Paulo;Grande São Paulo Leste;Etec Itaquera II;285;Integrado;Gestão e Negócios;Comércio;Marketing - MTec;Manhã;300;40;7,50;
Metropolitana da Grande São Paulo;Metropolitana da Grande São Paulo;São Paulo;Grande São Paulo Noroeste;Etec Jaraguá;228;Técnico;Gestão e Negócios;Gestão;Administração;Noite;70;40;1,75;
Metropolitana da Grande São Paulo;Metropolitana da Grande São Paulo;São Paulo;Grande São Paulo Noroeste;Etec Jaraguá;228;Técnico;Gestão e Negócios;Gestão;Administração;Tarde;67;40;1,67;
Metropolitana da Grande São Paulo;Metropolitana da Grande São Paulo;São Paulo;Grande São Paulo Noroeste;Etec Jaraguá;228;Técnico;Controle e Processos Industriais;Indústria;Eletrotécnica;Noite;97;40;2,42;
Metropolitana da Grande São Paulo;Metropolitana da Grande São Paulo;São Paulo;Grande São Paulo Noroeste;Etec Jaraguá;228;Técnico;Gestão e Negócios;Gestão;Logística;Noite;50;40;1,25;
Metropolitana da Grande São Paulo;Metropolitana da Grande São Paulo;São Paulo;Grande São Paulo Noroeste;Etec Jaraguá;228;Integrado;Controle e Processos Industriais;Indústria;Automação Industrial - MTec;Manhã;173;40;4,32;
Metropolitana da Grande São Paulo;Metropolitana da Grande São Paulo;São Paulo;Grande São Paulo Noroeste;Etec Jaraguá;228;Integrado;Informação e Comunicação;Informática;Desenvolvimento de Sistemas - MTec;Tarde;292;40;7,30;
Metropolitana da Grande São Paulo;Metropolitana da Grande São Paulo;São Paulo;Grande São Paulo Noroeste;Etec Jaraguá;228;Integrado;Informação e Comunicação;Informática;Desenvolvimento de Sistemas - Mtec-N;Noite;67;40;1,67;
Metropolitana da Grande São Paulo;Metropolitana da Grande São Paulo;São Paulo;Grande São Paulo Noroeste;Etec Jaraguá;228;Integrado;Controle e Processos Industriais;Indústria;Eletrotécnica - MTec-PI;Manhã e Tarde;134;40;3,35;
Metropolitana da Grande São Paulo;Metropolitana da Grande São Paulo;São Paulo;Grande São Paulo Noroeste;Etec Jaraguá;228;Integrado;Gestão e Negócios;Gestão;Logística - MTec-PI;Manhã e Tarde;122;40;3,05;
Metropolitana da Grande São Paulo;Metropolitana da Grande São Paulo;São Paulo;Grande São Paulo Noroeste;Etec Jaraguá;228;Integrado;Segurança;Saúde;Segurança do Trabalho - MTec;Manhã;174;40;4,34;
Metropolitana da Grande São Paulo;Metropolitana da Grande São Paulo;São Paulo;Grande São Paulo Sul/Baixada Santista;Etec Jardim Ângela;221;Técnico;Informação e Comunicação;Informática;Desenvolvimento de Sistemas;Noite;104;40;2,60;
Metropolitana da Grande São Paulo;Metropolitana da Grande São Paulo;São Paulo;Grande São Paulo Sul/Baixada Santista;Etec Jardim Ângela;221;Técnico;Gestão e Negócios;Gestão;Recursos Humanos;Noite;43;40;1,07;
Metropolitana da Grande São Paulo;Metropolitana da Grande São Paulo;São Paulo;Grande São Paulo Sul/Baixada Santista;Etec Jardim Ângela;221;Técnico;Segurança;Saúde;Segurança do Trabalho;Noite;60;40;1,50;
Metropolitana da Grande São Paulo;Metropolitana da Grande São Paulo;São Paulo;Grande São Paulo Sul/Baixada Santista;Etec Jardim Ângela;221;Integrado;Gestão e Negócios;Gestão;Administração - MTec-N;Noite;95;80;1,18;
Metropolitana da Grande São Paulo;Metropolitana da Grande São Paulo;São Paulo;Grande São Paulo Sul/Baixada Santista;Etec Jardim Ângela;221;Integrado;Gestão e Negócios;Gestão;Administração - MTec-PI;Manhã e Tarde;369;80;4,61;
Metropolitana da Grande São Paulo;Metropolitana da Grande São Paulo;São Paulo;Grande São Paulo Sul/Baixada Santista;Etec Jardim Ângela;221;Integrado;Informação e Comunicação;Informática;Desenvolvimento de Sistemas - MTec-PI ;Manhã e Tarde;471;80;5,88;
Metropolitana da Grande São Paulo;Metropolitana da Grande São Paulo;São Paulo;Grande São Paulo Sul/Baixada Santista;Etec Jardim Ângela (CEU Feitiço da Vila);221.04 - Etec/Ceu;Técnico;Gestão e Negócios;Gestão;Administração;Noite;33;30;1,10;
Metropolitana da Grande São Paulo;Metropolitana da Grande São Paulo;São Paulo;Grande São Paulo Sul/Baixada Santista;Etec Jardim Ângela (CEU Guarapiranga);221.05 - Etec/Ceu;Técnico;Gestão e Negócios;Gestão;Serviços Jurídicos;Noite;60;30;2,00;
Metropolitana da Grande São Paulo;Metropolitana da Grande São Paulo;São Paulo;Grande São Paulo Sul/Baixada Santista;Etec Jardim Ângela (CEU Vila do Sol);221.01 - Etec/Ceu;Técnico;Gestão e Negócios;Gestão;Administração;Noite;60;60;1,00;
Metropolitana da Grande São Paulo;Metropolitana da Grande São Paulo;São Paulo;Grande São Paulo Sul/Baixada Santista;Etec Jardim Ângela (CEU Vila do Sol);221.01 - Etec/Ceu;Técnico;Gestão e Negócios;Gestão;Recursos Humanos;Noite;44;30;1,46;
Metropolitana da Grande São Paulo;Metropolitana da Grande São Paulo;São Paulo;Grande São Paulo Sul/Baixada Santista;Etec Jorge Street (CEU Parque Bristol) ;011.03 - Etec/Ceu;Integrado;Gestão e Negócios;Gestão;Administração - MTec-N;Noite;56;30;1,86;
Metropolitana da Grande São Paulo;Metropolitana da Grande São Paulo;São Paulo;Grande São Paulo Sul/Baixada Santista;Etec Jornalista Roberto Marinho;253;Técnico;Produção Cultural e Design;Design;Produção de Áudio e Vídeo;Noite;139;40;3,47;
Metropolitana da Grande São Paulo;Metropolitana da Grande São Paulo;São Paulo;Grande São Paulo Sul/Baixada Santista;Etec Jornalista Roberto Marinho;253;Integrado;Produção Cultural e Design;Design;Design Gráfico - MTec;Manhã;284;40;7,10;
Metropolitana da Grande São Paulo;Metropolitana da Grande São Paulo;São Paulo;Grande São Paulo Sul/Baixada Santista;Etec Jornalista Roberto Marinho;253;Integrado;Informação e Comunicação;Informática;Informática para Internet - MTec;Manhã;242;40;6,05;
Metropolitana da Grande São Paulo;Metropolitana da Grande São Paulo;São Paulo;Grande São Paulo Sul/Baixada Santista;Etec Jornalista Roberto Marinho;253;Integrado;Gestão e Negócios;Comércio;Marketing - MTec;Tarde;195;40;4,87;
Metropolitana da Grande São Paulo;Metropolitana da Grande São Paulo;São Paulo;Grande São Paulo Sul/Baixada Santista;Etec Jornalista Roberto Marinho;253;Integrado;Informação e Comunicação;Informática;Programação de Jogos Digitais - MTec;Tarde;167;40;4,17;
Metropolitana da Grande São Paulo;Metropolitana da Grande São Paulo;São Paulo;Grande São Paulo Sul/Baixada Santista;Etec Jornalista Roberto Marinho;253;Integrado;Produção Cultural e Design;Comércio;Publicidade - MTec-N;Noite;35;40;0,87;
Metropolitana da Grande São Paulo;Metropolitana da Grande São Paulo;São Paulo;Grande São Paulo Leste;Etec José Rocha Mendes;076;Médio;Educação Básica;Educação Básica - Ensino Médio;Ensino Médio com Itinerário Formativo de Ciências Humanas e Sociais Aplicadas;Manhã;75;40;1,87;
Metropolitana da Grande São Paulo;Metropolitana da Grande São Paulo;São Paulo;Grande São Paulo Leste;Etec José Rocha Mendes;076;Técnico;Produção Cultural e Design;Design;Design Gráfico;Noite;84;40;2,10;
Metropolitana da Grande São Paulo;Metropolitana da Grande São Paulo;São Paulo;Grande São Paulo Leste;Etec José Rocha Mendes;076;Técnico;Controle e Processos Industriais;Indústria;Eletrotécnica;Noite;76;40;1,90;
Metropolitana da Grande São Paulo;Metropolitana da Grande São Paulo;São Paulo;Grande São Paulo Leste;Etec José Rocha Mendes;076;Técnico;Segurança;Saúde;Segurança do Trabalho;Noite;61;40;1,52;
Metropolitana da Grande São Paulo;Metropolitana da Grande São Paulo;São Paulo;Grande São Paulo Leste;Etec José Rocha Mendes;076;Integrado;Gestão e Negócios;Gestão;Administração - MTec (MNP);Manhã;173;40;4,32;
Metropolitana da Grande São Paulo;Metropolitana da Grande São Paulo;São Paulo;Grande São Paulo Leste;Etec José Rocha Mendes;076;Integrado;Controle e Processos Industriais;Indústria;Automação Industrial - MTec (MNP);Tarde;52;40;1,30;
Metropolitana da Grande São Paulo;Metropolitana da Grande São Paulo;São Paulo;Grande São Paulo Leste;Etec José Rocha Mendes;076;Integrado;Produção Cultural e Design;Design;Design de Moda - MTec;Tarde;209;40;5,22;
Metropolitana da Grande São Paulo;Metropolitana da Grande São Paulo;São Paulo;Grande São Paulo Leste;Etec José Rocha Mendes;076;Integrado;Produção Cultural e Design;Design;Design Gráfico - MTec (MNP);Tarde;172;40;4,30;
Metropolitana da Grande São Paulo;Metropolitana da Grande São Paulo;São Paulo;Grande São Paulo Leste;Etec José Rocha Mendes;076;Integrado;Controle e Processos Industriais;Indústria;Eletrônica - MTec (MNP);Manhã;75;40;1,87;
Metropolitana da Grande São Paulo;Metropolitana da Grande São Paulo;São Paulo;Grande São Paulo Leste;Etec José Rocha Mendes;076;Integrado;Produção Cultural e Design;Design;Modelagem do Vestuário - MTec;Manhã;86;40;2,15;
Metropolitana da Grande São Paulo;Metropolitana da Grande São Paulo;São Paulo;Grande São Paulo Leste;Etec José Rocha Mendes;076;Integrado;Gestão e Negócios;Gestão;Recursos Humanos - MTec (MNP);Tarde;38;40;0,95;
Metropolitana da Grande São Paulo;Metropolitana da Grande São Paulo;São Paulo;Grande São Paulo Leste;Etec José Rocha Mendes (EE Amadeu Amaral);076.03 - Ext/Etec;Técnico;Gestão e Negócios;Gestão;Contabilidade;Noite;49;40;1,22;
Metropolitana da Grande São Paulo;Metropolitana da Grande São Paulo;São Paulo;Grande São Paulo Leste;Etec José Rocha Mendes (EE Brasílio Machado);076.01 - Ext/Etec;Técnico;Gestão e Negócios;Gestão;Finanças;Noite;42;40;1,05;
Metropolitana da Grande São Paulo;Metropolitana da Grande São Paulo;São Paulo;Grande São Paulo Sul/Baixada Santista;Etec Juscelino Kubitschek de Oliveira (CEU Caminho do Mar);166.02 - Etec/Ceu;Técnico;Gestão e Negócios;Gestão;Administração;Noite;85;30;2,83;
Metropolitana da Grande São Paulo;Metropolitana da Grande São Paulo;São Paulo;Grande São Paulo Sul/Baixada Santista;Etec Juscelino Kubitschek de Oliveira (CEU Caminho do Mar);166.02 - Etec/Ceu;Técnico;Gestão e Negócios;Gestão;Finanças;Noite;40;30;1,33;
Metropolitana da Grande São Paulo;Metropolitana da Grande São Paulo;São Paulo;Grande São Paulo Sul/Baixada Santista;Etec Juscelino Kubitschek de Oliveira (CEU Caminho do Mar);166.02 - Etec/Ceu;Técnico;Gestão e Negócios;Gestão;Recursos Humanos;Noite;63;30;2,10;
Metropolitana da Grande São Paulo;Metropolitana da Grande São Paulo;São Paulo;Grande São Paulo Noroeste;Etec Mandaqui;247;Técnico;Infraestrutura;Construção Civil;Edificações;Noite;64;40;1,60;
Metropolitana da Grande São Paulo;Metropolitana da Grande São Paulo;São Paulo;Grande São Paulo Noroeste;Etec Mandaqui;247;Técnico;Ambiente e Saúde;Saúde;Enfermagem;Manhã;155;40;3,87;
Metropolitana da Grande São Paulo;Metropolitana da Grande São Paulo;São Paulo;Grande São Paulo Noroeste;Etec Mandaqui;247;Técnico;Ambiente e Saúde;Saúde;Nutrição e Dietética;Noite;88;40;2,20;
Metropolitana da Grande São Paulo;Metropolitana da Grande São Paulo;São Paulo;Grande São Paulo Noroeste;Etec Mandaqui;247;Integrado;Gestão e Negócios;Gestão;Administração - MTec-PI;Manhã e Tarde;262;40;6,55;
Metropolitana da Grande São Paulo;Metropolitana da Grande São Paulo;São Paulo;Grande São Paulo Noroeste;Etec Mandaqui;247;Integrado;Infraestrutura;Construção Civil;Edificações - MTec-PI;Manhã e Tarde;141;40;3,52;
Metropolitana da Grande São Paulo;Metropolitana da Grande São Paulo;São Paulo;Grande São Paulo Noroeste;Etec Mandaqui;247;Integrado;Ambiente e Saúde;Saúde;Nutrição e Dietética - MTec;Tarde;208;40;5,20;
Metropolitana da Grande São Paulo;Metropolitana da Grande São Paulo;São Paulo;Grande São Paulo Noroeste;Etec Mandaqui;247;Integrado;Ambiente e Saúde;Saúde;Nutrição e Dietética - MTec-PI;Manhã e Tarde;227;40;5,67;
Metropolitana da Grande São Paulo;Metropolitana da Grande São Paulo;São Paulo;Grande São Paulo Leste;Etec Martin Luther King;085;Técnico;Controle e Processos Industriais;Indústria;Automação Industrial;Noite;73;40;1,82;
Metropolitana da Grande São Paulo;Metropolitana da Grande São Paulo;São Paulo;Grande São Paulo Leste;Etec Martin Luther King;085;Técnico;Gestão e Negócios;Comércio;Marketing (MNP);Noite;65;40;1,62;
Metropolitana da Grande São Paulo;Metropolitana da Grande São Paulo;São Paulo;Grande São Paulo Leste;Etec Martin Luther King;085;Técnico;Controle e Processos Industriais;Indústria;Mecatrônica;Noite;91;40;2,27;
Metropolitana da Grande São Paulo;Metropolitana da Grande São Paulo;São Paulo;Grande São Paulo Leste;Etec Martin Luther King;085;Técnico;Controle e Processos Industriais;Indústria;Mecânica;Noite;99;40;2,47;
Metropolitana da Grande São Paulo;Metropolitana da Grande São Paulo;São Paulo;Grande São Paulo Leste;Etec Martin Luther King;085;Técnico;Gestão e Negócios;Gestão;Serviços Jurídicos;Noite;92;40;2,29;
Metropolitana da Grande São Paulo;Metropolitana da Grande São Paulo;São Paulo;Grande São Paulo Leste;Etec Martin Luther King;085;Integrado;Gestão e Negócios;Gestão;Administração - MTec-PI;Manhã e Tarde;280;40;7,00;
Metropolitana da Grande São Paulo;Metropolitana da Grande São Paulo;São Paulo;Grande São Paulo Leste;Etec Martin Luther King;085;Integrado;Controle e Processos Industriais;Indústria;Automação Industrial - MTec-PI;Manhã e Tarde;127;40;3,17;
Metropolitana da Grande São Paulo;Metropolitana da Grande São Paulo;São Paulo;Grande São Paulo Leste;Etec Martin Luther King;085;Integrado;Gestão e Negócios;Comércio;Marketing - MTec;Tarde;73;40;1,82;
Metropolitana da Grande São Paulo;Metropolitana da Grande São Paulo;São Paulo;Grande São Paulo Leste;Etec Martin Luther King;085;Integrado;Gestão e Negócios;Comércio;Marketing - MTec;Manhã;486;40;12,15;
Metropolitana da Grande São Paulo;Metropolitana da Grande São Paulo;São Paulo;Grande São Paulo Leste;Etec Martin Luther King;085;Integrado;Controle e Processos Industriais;Indústria;Mecatrônica - MTec-PI;Manhã e Tarde;348;80;4,34;
Metropolitana da Grande São Paulo;Metropolitana da Grande São Paulo;São Paulo;Grande São Paulo Leste;Etec Martin Luther King;085;Integrado;Controle e Processos Industriais;Indústria;Mecânica - MTec-PI ;Manhã e Tarde;128;40;3,20;
Metropolitana da Grande São Paulo;Metropolitana da Grande São Paulo;São Paulo;Grande São Paulo Leste;Etec Parque Belém;220;Técnico;Ambiente e Saúde;Saúde;Nutrição e Dietética (MNP);Noite;79;40;1,97;
Metropolitana da Grande São Paulo;Metropolitana da Grande São Paulo;São Paulo;Grande São Paulo Leste;Etec Parque Belém;220;Técnico;Produção Industrial;Química;Química (MNP);Noite;65;40;1,62;
Metropolitana da Grande São Paulo;Metropolitana da Grande São Paulo;São Paulo;Grande São Paulo Leste;Etec Parque Belém;220;Técnico;Segurança;Saúde;Segurança do Trabalho (MNP);Noite;61;40;1,52;
Metropolitana da Grande São Paulo;Metropolitana da Grande São Paulo;São Paulo;Grande São Paulo Leste;Etec Parque Belém;220;Integrado;Gestão e Negócios;Gestão;Administração - MTec (MNP);Manhã;153;40;3,82;
Metropolitana da Grande São Paulo;Metropolitana da Grande São Paulo;São Paulo;Grande São Paulo Leste;Etec Parque Belém;220;Integrado;Gestão e Negócios;Gestão;Administração - MTec (MNP);Tarde;50;40;1,25;
Metropolitana da Grande São Paulo;Metropolitana da Grande São Paulo;São Paulo;Grande São Paulo Leste;Etec Parque Belém;220;Integrado;Informação e Comunicação;Informática;Desenvolvimento de Sistemas - MTec (MNP);Tarde;202;40;5,05;
Metropolitana da Grande São Paulo;Metropolitana da Grande São Paulo;São Paulo;Grande São Paulo Leste;Etec Parque Belém;220;Integrado;Turismo, Hospitalidade e Lazer;Turismo e Hospitalidade;Eventos - MTec (MNP);Manhã;83;40;2,07;
Metropolitana da Grande São Paulo;Metropolitana da Grande São Paulo;São Paulo;Grande São Paulo Leste;Etec Parque Belém;220;Integrado;Informação e Comunicação;Informática;Informática para Internet - MTec (MNP);Manhã;180;40;4,50;
Metropolitana da Grande São Paulo;Metropolitana da Grande São Paulo;São Paulo;Grande São Paulo Leste;Etec Parque Belém;220;Integrado;Informação e Comunicação;Informática;Informática para Internet - MTec (MNP);Tarde;48;40;1,20;
Metropolitana da Grande São Paulo;Metropolitana da Grande São Paulo;São Paulo;Grande São Paulo Leste;Etec Parque Belém;220;Integrado;Ambiente e Saúde;Saúde;Nutrição e Dietética - MTec (MNP);Tarde;79;40;1,97;
Metropolitana da Grande São Paulo;Metropolitana da Grande São Paulo;São Paulo;Grande São Paulo Leste;Etec Parque Belém;220;Integrado;Ambiente e Saúde;Saúde;Nutrição e Dietética - MTec (MNP);Manhã;287;40;7,17;
Metropolitana da Grande São Paulo;Metropolitana da Grande São Paulo;São Paulo;Grande São Paulo Leste;Etec Parque Belém;220;Integrado;Produção Industrial;Química;Química - MTec (MNP);Tarde;103;40;2,57;
Metropolitana da Grande São Paulo;Metropolitana da Grande São Paulo;São Paulo;Grande São Paulo Noroeste;Etec Parque da Juventude;159;Técnico;Gestão e Negócios;Gestão;Administração;Noite;82;40;2,04;
Metropolitana da Grande São Paulo;Metropolitana da Grande São Paulo;São Paulo;Grande São Paulo Noroeste;Etec Parque da Juventude;159;Técnico;Desenvolvimento Educacional e Social;Lazer e Desenvolvimento Social;Biblioteconomia;Noite;88;40;2,20;
Metropolitana da Grande São Paulo;Metropolitana da Grande São Paulo;São Paulo;Grande São Paulo Noroeste;Etec Parque da Juventude;159;Técnico;Ambiente e Saúde;Saúde;Enfermagem;Tarde;121;40;3,02;
Metropolitana da Grande São Paulo;Metropolitana da Grande São Paulo;São Paulo;Grande São Paulo Noroeste;Etec Parque da Juventude;159;Técnico;Gestão e Negócios;Gestão;Finanças;Noite;50;40;1,25;
Metropolitana da Grande São Paulo;Metropolitana da Grande São Paulo;São Paulo;Grande São Paulo Noroeste;Etec Parque da Juventude;159;Técnico;Produção Cultural e Design;Design;Museologia;Noite;171;40;4,27;
Metropolitana da Grande São Paulo;Metropolitana da Grande São Paulo;São Paulo;Grande São Paulo Noroeste;Etec Parque da Juventude;159;Integrado;Gestão e Negócios;Gestão;Administração - MTec-PI;Manhã e Tarde;274;40;6,85;
Metropolitana da Grande São Paulo;Metropolitana da Grande São Paulo;São Paulo;Grande São Paulo Noroeste;Etec Parque da Juventude;159;Integrado;Informação e Comunicação;Informática;Desenvolvimento de Sistemas - MTec-PI ;Manhã e Tarde;398;40;9,94;
Metropolitana da Grande São Paulo;Metropolitana da Grande São Paulo;São Paulo;Grande São Paulo Noroeste;Etec Parque da Juventude;159;Integrado;Produção Cultural e Design;Imagem Pessoal;Design Gráfico - MTec-PI;Manhã e Tarde;220;40;5,50;
Metropolitana da Grande São Paulo;Metropolitana da Grande São Paulo;São Paulo;Grande São Paulo Noroeste;Etec Parque da Juventude;159;Integrado;Gestão e Negócios;Gestão;Marketing - MTec-PI;Manhã e Tarde;161;40;4,02;
Metropolitana da Grande São Paulo;Metropolitana da Grande São Paulo;São Paulo;Grande São Paulo Noroeste;Etec Parque da Juventude;159;Integrado;Informação e Comunicação;Informática;Programação de Jogos Digitais - MTec-PI;Manhã e Tarde;217;40;5,42;
Metropolitana da Grande São Paulo;Metropolitana da Grande São Paulo;São Paulo;Grande São Paulo Noroeste;Etec Parque da Juventude (CEU Jaçanã);159.02 - Etec/Ceu;Técnico;Gestão e Negócios;Gestão;Administração;Noite;45;30;1,50;
Metropolitana da Grande São Paulo;Metropolitana da Grande São Paulo;São Paulo;Grande São Paulo Noroeste;Etec Parque da Juventude (CEU Jaçanã);159.02 - Etec/Ceu;Técnico;Gestão e Negócios;Gestão;Recursos Humanos;Noite;43;30;1,43;
Metropolitana da Grande São Paulo;Metropolitana da Grande São Paulo;São Paulo;Grande São Paulo Noroeste;Etec Parque da Juventude (EMEFM Prof. Derville Allegretti);159.04 - Ext/Etec;Técnico;Gestão e Negócios;Gestão;Serviços Jurídicos;Noite;43;30;1,43;
Metropolitana da Grande São Paulo;Metropolitana da Grande São Paulo;São Paulo;Grande São Paulo Noroeste;Etec Paulistano;229;Técnico;Gestão e Negócios;Gestão;Administração;Noite;56;40;1,40;
Metropolitana da Grande São Paulo;Metropolitana da Grande São Paulo;São Paulo;Grande São Paulo Noroeste;Etec Paulistano;229;Técnico;Informação e Comunicação;Informática;Desenvolvimento de Sistemas;Noite;98;40;2,45;
Metropolitana da Grande São Paulo;Metropolitana da Grande São Paulo;São Paulo;Grande São Paulo Noroeste;Etec Paulistano;229;Integrado;Gestão e Negócios;Gestão;Administração - MTec;Tarde;182;40;4,55;
Metropolitana da Grande São Paulo;Metropolitana da Grande São Paulo;São Paulo;Grande São Paulo Noroeste;Etec Paulistano;229;Integrado;Informação e Comunicação;Informática;Desenvolvimento de Sistemas - MTec;Manhã;317;40;7,92;
Metropolitana da Grande São Paulo;Metropolitana da Grande São Paulo;São Paulo;Grande São Paulo Noroeste;Etec Paulistano;229;Integrado;Ambiente e Saúde;Meio Ambiente;Meio Ambiente - MTec;Manhã;115;40;2,87;
Metropolitana da Grande São Paulo;Metropolitana da Grande São Paulo;São Paulo;Grande São Paulo Noroeste;Etec Paulistano;229;Integrado;Informação e Comunicação;Informática;Programação de Jogos Digitais - MTec;Tarde;63;40;1,57;
Metropolitana da Grande São Paulo;Metropolitana da Grande São Paulo;São Paulo;Grande São Paulo Noroeste;Etec Paulistano;229;Integrado;Produção Industrial;Química;Química - MTec;Tarde;105;40;2,62;
Metropolitana da Grande São Paulo;Metropolitana da Grande São Paulo;São Paulo;Grande São Paulo Noroeste;Etec Paulistano;229;Integrado;Gestão e Negócios;Gestão;Recursos Humanos - MTec;Manhã;200;40;5,00;
Metropolitana da Grande São Paulo;Metropolitana da Grande São Paulo;São Paulo;Grande São Paulo Leste;Etec Professor Adhemar Batista Heméritas;207;Técnico;Ambiente e Saúde;Saúde;Farmácia;Noite;79;40;1,97;
Metropolitana da Grande São Paulo;Metropolitana da Grande São Paulo;São Paulo;Grande São Paulo Leste;Etec Professor Adhemar Batista Heméritas;207;Integrado;Gestão e Negócios;Gestão;Administração - MTec (MNP);Tarde;89;40;2,22;
Metropolitana da Grande São Paulo;Metropolitana da Grande São Paulo;São Paulo;Grande São Paulo Leste;Etec Professor Adhemar Batista Heméritas;207;Integrado;Gestão e Negócios;Gestão;Administração - MTec-N;Noite;61;40;1,52;
Metropolitana da Grande São Paulo;Metropolitana da Grande São Paulo;São Paulo;Grande São Paulo Leste;Etec Professor Adhemar Batista Heméritas;207;Integrado;Informação e Comunicação;Informática;Desenvolvimento de Sistemas - MTec (MNP);Manhã;163;40;4,07;
Metropolitana da Grande São Paulo;Metropolitana da Grande São Paulo;São Paulo;Grande São Paulo Leste;Etec Professor Adhemar Batista Heméritas;207;Integrado;Controle e Processos Industriais;Indústria;Eletroeletrônica - MTec-N;Noite;42;40;1,05;
Metropolitana da Grande São Paulo;Metropolitana da Grande São Paulo;São Paulo;Grande São Paulo Leste;Etec Professor Adhemar Batista Heméritas;207;Integrado;Controle e Processos Industriais;Indústria;Eletrônica - MTec (MNP);Manhã;59;40;1,47;
Metropolitana da Grande São Paulo;Metropolitana da Grande São Paulo;São Paulo;Grande São Paulo Leste;Etec Professor Adhemar Batista Heméritas;207;Integrado;Ambiente e Saúde;Meio Ambiente;Farmácia - MTec (MNP);Tarde;229;40;5,72;
Metropolitana da Grande São Paulo;Metropolitana da Grande São Paulo;São Paulo;Grande São Paulo Leste;Etec Professor Adhemar Batista Heméritas;207;Integrado;Informação e Comunicação;Informática;Informática para Internet - MTec-N;Noite;42;40;1,05;
Metropolitana da Grande São Paulo;Metropolitana da Grande São Paulo;São Paulo;Grande São Paulo Leste;Etec Professor Adhemar Batista Heméritas;207;Integrado;Gestão e Negócios;Gestão;Marketing - MTec (MNP);Manhã;140;40;3,50;
Metropolitana da Grande São Paulo;Metropolitana da Grande São Paulo;São Paulo;Grande São Paulo Leste;Etec Professor Adhemar Batista Heméritas;207;Integrado;Informação e Comunicação;Informática;Programação de Jogos Digitais - MTec (MNP);Tarde;101;40;2,52;
Metropolitana da Grande São Paulo;Metropolitana da Grande São Paulo;São Paulo;Grande São Paulo Leste;Etec Professor Adhemar Batista Heméritas;207;Integrado;Gestão e Negócios;Gestão;Recursos Humanos - MTec (MNP);Manhã;102;40;2,54;
Metropolitana da Grande São Paulo;Metropolitana da Grande São Paulo;São Paulo;Grande São Paulo Leste;Etec Professor Adhemar Batista Heméritas (Ceu Formosa);207.02 - Etec/Ceu;Técnico;Gestão e Negócios;Comércio;Marketing;Noite;36;30;1,20;
Metropolitana da Grande São Paulo;Metropolitana da Grande São Paulo;São Paulo;Grande São Paulo Noroeste;Etec Professor André Bogasian (CEU Jaguaré);149.02 - Etec/Ceu;Técnico;Gestão e Negócios;Gestão;Administração;Noite;37;30;1,23;
Metropolitana da Grande São Paulo;Metropolitana da Grande São Paulo;São Paulo;Grande São Paulo Noroeste;Etec Professor André Bogasian (CEU Jaguaré);149.02 - Etec/Ceu;Integrado;Gestão e Negócios;Gestão;Administração - MTec-N;Noite;46;30;1,53;
Metropolitana da Grande São Paulo;Metropolitana da Grande São Paulo;São Paulo;Grande São Paulo Leste;Etec Professor Aprígio Gonzaga;034;Técnico;Segurança;Saúde;Segurança do Trabalho;Noite;55;40;1,37;
Metropolitana da Grande São Paulo;Metropolitana da Grande São Paulo;São Paulo;Grande São Paulo Leste;Etec Professor Aprígio Gonzaga;034;Integrado;Gestão e Negócios;Gestão;Administração - MTec;Manhã;212;40;5,30;
Metropolitana da Grande São Paulo;Metropolitana da Grande São Paulo;São Paulo;Grande São Paulo Leste;Etec Professor Aprígio Gonzaga;034;Integrado;Gestão e Negócios;Gestão;Administração - MTec;Tarde;101;40;2,52;
Metropolitana da Grande São Paulo;Metropolitana da Grande São Paulo;São Paulo;Grande São Paulo Leste;Etec Professor Aprígio Gonzaga;034;Integrado;Controle e Processos Industriais;Indústria;Eletromecânica - MTec (MNP);Tarde;57;40;1,42;
Metropolitana da Grande São Paulo;Metropolitana da Grande São Paulo;São Paulo;Grande São Paulo Leste;Etec Professor Aprígio Gonzaga;034;Integrado;Controle e Processos Industriais;Indústria;Eletrônica - MTec (MNP);Manhã;102;40;2,54;
Metropolitana da Grande São Paulo;Metropolitana da Grande São Paulo;São Paulo;Grande São Paulo Leste;Etec Professor Aprígio Gonzaga;034;Integrado;Controle e Processos Industriais;Indústria;Eletrônica - Mtec-N;Noite;40;40;1,00;
Metropolitana da Grande São Paulo;Metropolitana da Grande São Paulo;São Paulo;Grande São Paulo Leste;Etec Professor Aprígio Gonzaga;034;Integrado;Gestão e Negócios;Gestão;Logística - MTec;Manhã;105;40;2,62;
Metropolitana da Grande São Paulo;Metropolitana da Grande São Paulo;São Paulo;Grande São Paulo Leste;Etec Professor Aprígio Gonzaga;034;Integrado;Gestão e Negócios;Comércio;Marketing - MTec;Tarde;70;40;1,75;
Metropolitana da Grande São Paulo;Metropolitana da Grande São Paulo;São Paulo;Grande São Paulo Leste;Etec Professor Aprígio Gonzaga;034;Integrado;Gestão e Negócios;Gestão;Secretariado - MTec;Manhã;63;40;1,57;
Metropolitana da Grande São Paulo;Metropolitana da Grande São Paulo;São Paulo;Grande São Paulo Leste;Etec Professor Aprígio Gonzaga;034;Integrado;Segurança;Saúde;Segurança do Trabalho - MTec;Manhã;103;40;2,57;
Metropolitana da Grande São Paulo;Metropolitana da Grande São Paulo;São Paulo;Grande São Paulo Leste;Etec Professor Aprígio Gonzaga;034;Integrado;Turismo, Hospitalidade e Lazer;Turismo e Hospitalidade;Turismo Receptivo -  MTec;Tarde;31;40;0,77;
Metropolitana da Grande São Paulo;Metropolitana da Grande São Paulo;São Paulo;Grande São Paulo Leste;Etec Professor Aprígio Gonzaga;034;Especialização;Segurança;Indústria;Segurança do Trabalho na Construção Civil;Noite;70;40;1,75;
Metropolitana da Grande São Paulo;Metropolitana da Grande São Paulo;São Paulo;Grande São Paulo Leste;Etec Professor Aprígio Gonzaga (CEU Quinta do Sol);034.03 - Etec/Ceu;Técnico;Informação e Comunicação;Informática;Informática;Noite;47;35;1,34;
Metropolitana da Grande São Paulo;Metropolitana da Grande São Paulo;São Paulo;Grande São Paulo Leste;Etec Professor Aprígio Gonzaga (CEU Quinta do Sol);034.03 - Etec/Ceu;Técnico;Gestão e Negócios;Gestão;Logística;Noite;35;35;1,00;
Metropolitana da Grande São Paulo;Metropolitana da Grande São Paulo;São Paulo;Grande São Paulo Leste;Etec Professor Aprígio Gonzaga (EE Esther Frankel Sampaio);034.05 - Ext/Etec;Técnico;Informação e Comunicação;Informática;Desenvolvimento de Sistemas;Noite;41;40;1,02;
Metropolitana da Grande São Paulo;Metropolitana da Grande São Paulo;São Paulo;Grande São Paulo Noroeste;Etec Professor Basílides de Godoy;041;Técnico;Gestão e Negócios;Gestão;Administração (MNP);Noite;40;40;1,00;
Metropolitana da Grande São Paulo;Metropolitana da Grande São Paulo;São Paulo;Grande São Paulo Noroeste;Etec Professor Basílides de Godoy;041;Técnico;Informação e Comunicação;Informática;Desenvolvimento de Sistemas (MNP);Tarde;58;40;1,45;
Metropolitana da Grande São Paulo;Metropolitana da Grande São Paulo;São Paulo;Grande São Paulo Noroeste;Etec Professor Basílides de Godoy;041;Técnico;Informação e Comunicação;Informática;Desenvolvimento de Sistemas (MNP);Noite;60;40;1,50;
Metropolitana da Grande São Paulo;Metropolitana da Grande São Paulo;São Paulo;Grande São Paulo Noroeste;Etec Professor Basílides de Godoy;041;Técnico;Controle e Processos Industriais;Indústria;Eletrotécnica;Noite;149;40;3,72;
Metropolitana da Grande São Paulo;Metropolitana da Grande São Paulo;São Paulo;Grande São Paulo Noroeste;Etec Professor Basílides de Godoy;041;Técnico;Controle e Processos Industriais;Indústria;Fabricação Mecânica;Noite;53;40;1,32;
Metropolitana da Grande São Paulo;Metropolitana da Grande São Paulo;São Paulo;Grande São Paulo Noroeste;Etec Professor Basílides de Godoy;041;Técnico;Controle e Processos Industriais;Indústria;Mecatrônica;Noite;76;40;1,90;
Metropolitana da Grande São Paulo;Metropolitana da Grande São Paulo;São Paulo;Grande São Paulo Noroeste;Etec Professor Basílides de Godoy;041;Integrado;Gestão e Negócios;Gestão;Administração - MTec;Manhã;352;40;8,80;
Metropolitana da Grande São Paulo;Metropolitana da Grande São Paulo;São Paulo;Grande São Paulo Noroeste;Etec Professor Basílides de Godoy;041;Integrado;Gestão e Negócios;Gestão;Administração - MTec;Tarde;92;40;2,29;
Metropolitana da Grande São Paulo;Metropolitana da Grande São Paulo;São Paulo;Grande São Paulo Noroeste;Etec Professor Basílides de Godoy;041;Integrado;Gestão e Negócios;Gestão;Comércio Exterior - MTec;Tarde;73;40;1,82;
Metropolitana da Grande São Paulo;Metropolitana da Grande São Paulo;São Paulo;Grande São Paulo Noroeste;Etec Professor Basílides de Godoy;041;Integrado;Informação e Comunicação;Informática;Desenvolvimento de Sistemas - MTec (MNP);Manhã;446;40;11,15;
Metropolitana da Grande São Paulo;Metropolitana da Grande São Paulo;São Paulo;Grande São Paulo Noroeste;Etec Professor Basílides de Godoy;041;Integrado;Gestão e Negócios;Gestão;Logística - MTec;Manhã;123;40;3,07;
Metropolitana da Grande São Paulo;Metropolitana da Grande São Paulo;São Paulo;Grande São Paulo Noroeste;Etec Professor Basílides de Godoy;041;Integrado;Gestão e Negócios;Comércio;Marketing - MTec;Manhã;304;40;7,60;
Metropolitana da Grande São Paulo;Metropolitana da Grande São Paulo;São Paulo;Grande São Paulo Noroeste;Etec Professor Basílides de Godoy;041;Integrado;Controle e Processos Industriais;Indústria;Mecatrônica - MTec (MNP);Manhã;224;40;5,60;
Metropolitana da Grande São Paulo;Metropolitana da Grande São Paulo;São Paulo;Grande São Paulo Noroeste;Etec Professor Basílides de Godoy;041;Integrado;Controle e Processos Industriais;Indústria;Mecatrônica - MTec (MNP);Tarde;70;40;1,75;
Metropolitana da Grande São Paulo;Metropolitana da Grande São Paulo;São Paulo;Grande São Paulo Noroeste;Etec Professor Basílides de Godoy;041;Integrado;Informação e Comunicação;Informática;Programação de Jogos Digitais - MTec (MNP);Manhã;157;40;3,92;
Metropolitana da Grande São Paulo;Metropolitana da Grande São Paulo;São Paulo;Grande São Paulo Noroeste;Etec Professor Basílides de Godoy;041;Integrado;Gestão e Negócios;Gestão;Recursos Humanos - MTec;Tarde;96;40;2,40;
Metropolitana da Grande São Paulo;Metropolitana da Grande São Paulo;São Paulo;Grande São Paulo Noroeste;Etec Professor Basílides de Godoy (CEU Parque Anhanguera);041.03 - Etec/Ceu;Integrado;Gestão e Negócios;Gestão;Administração - MTec-N;Noite;77;35;2,20;
Metropolitana da Grande São Paulo;Metropolitana da Grande São Paulo;São Paulo;Grande São Paulo Noroeste;Etec Professor Basílides de Godoy (CEU Parque Anhanguera);041.03 - Etec/Ceu;Integrado;Gestão e Negócios;Gestão;Logística - Mtec-N;Noite;36;35;1,02;
Metropolitana da Grande São Paulo;Metropolitana da Grande São Paulo;São Paulo;Grande São Paulo Noroeste;Etec Professor Basílides de Godoy (CEU Parque Anhanguera);041.03 - Etec/Ceu;Integrado;Gestão e Negócios;Gestão;Recursos Humanos - MTec-N;Noite;37;35;1,05;
Metropolitana da Grande São Paulo;Metropolitana da Grande São Paulo;São Paulo;Grande São Paulo Leste;Etec Professor Camargo Aranha;012;Técnico;Informação e Comunicação;Informática;Desenvolvimento de Sistemas;Noite;87;40;2,17;
Metropolitana da Grande São Paulo;Metropolitana da Grande São Paulo;São Paulo;Grande São Paulo Leste;Etec Professor Camargo Aranha;012;Técnico;Turismo, Hospitalidade e Lazer;Turismo e Hospitalidade;Gastronomia;Noite;80;40;2,00;
Metropolitana da Grande São Paulo;Metropolitana da Grande São Paulo;São Paulo;Grande São Paulo Leste;Etec Professor Camargo Aranha;012;Técnico;Produção Cultural e Design;Design;Publicidade;Noite;38;40;0,95;
Metropolitana da Grande São Paulo;Metropolitana da Grande São Paulo;São Paulo;Grande São Paulo Leste;Etec Professor Camargo Aranha;012;Integrado;Gestão e Negócios;Gestão;Administração - MTec (MNP);Manhã;198;40;4,95;
Metropolitana da Grande São Paulo;Metropolitana da Grande São Paulo;São Paulo;Grande São Paulo Leste;Etec Professor Camargo Aranha;012;Integrado;Gestão e Negócios;Gestão;Administração - MTec (MNP);Tarde;68;40;1,70;
Metropolitana da Grande São Paulo;Metropolitana da Grande São Paulo;São Paulo;Grande São Paulo Leste;Etec Professor Camargo Aranha;012;Integrado;Gestão e Negócios;Gestão;Contabilidade - MTec (MNP);Manhã;112;40;2,80;
Metropolitana da Grande São Paulo;Metropolitana da Grande São Paulo;São Paulo;Grande São Paulo Leste;Etec Professor Camargo Aranha;012;Integrado;Informação e Comunicação;Informática;Desenvolvimento de Sistemas - MTec (MNP);Manhã;411;40;10,27;
Metropolitana da Grande São Paulo;Metropolitana da Grande São Paulo;São Paulo;Grande São Paulo Leste;Etec Professor Camargo Aranha;012;Integrado;Informação e Comunicação;Informática;Desenvolvimento de Sistemas - MTec (MNP);Tarde;119;40;2,97;
Metropolitana da Grande São Paulo;Metropolitana da Grande São Paulo;São Paulo;Grande São Paulo Leste;Etec Professor Camargo Aranha;012;Integrado;Turismo, Hospitalidade e Lazer;Turismo e Hospitalidade;Eventos - MTec (MNP);Manhã;72;40;1,80;
Metropolitana da Grande São Paulo;Metropolitana da Grande São Paulo;São Paulo;Grande São Paulo Leste;Etec Professor Camargo Aranha;012;Integrado;Gestão e Negócios;Gestão;Finanças - MTec (MNP);Tarde;60;40;1,50;
Metropolitana da Grande São Paulo;Metropolitana da Grande São Paulo;São Paulo;Grande São Paulo Leste;Etec Professor Camargo Aranha;012;Integrado;Turismo, Hospitalidade e Lazer;Turismo e Hospitalidade;Gastronomia - MTec (MNP);Tarde;141;40;3,52;
Metropolitana da Grande São Paulo;Metropolitana da Grande São Paulo;São Paulo;Grande São Paulo Leste;Etec Professor Camargo Aranha;012;Integrado;Turismo, Hospitalidade e Lazer;Turismo e Hospitalidade;Guia de Turismo - MTec (MNP);Manhã;77;40;1,92;
Metropolitana da Grande São Paulo;Metropolitana da Grande São Paulo;São Paulo;Grande São Paulo Leste;Etec Professor Camargo Aranha;012;Integrado;Gestão e Negócios;Gestão;Marketing - MTec (MNP);Tarde;35;40;0,87;
Metropolitana da Grande São Paulo;Metropolitana da Grande São Paulo;São Paulo;Grande São Paulo Leste;Etec Professor Camargo Aranha;012;Integrado;Gestão e Negócios;Gestão;Marketing - MTec (MNP);Manhã;192;40;4,80;
Metropolitana da Grande São Paulo;Metropolitana da Grande São Paulo;São Paulo;Grande São Paulo Leste;Etec Professor Camargo Aranha;012;Integrado;Ambiente e Saúde;Saúde;Nutrição e Dietética - MTec (MNP);Manhã;308;40;7,70;
Metropolitana da Grande São Paulo;Metropolitana da Grande São Paulo;São Paulo;Grande São Paulo Leste;Etec Professor Camargo Aranha;012;Integrado;Ambiente e Saúde;Saúde;Nutrição e Dietética - MTec (MNP);Tarde;79;40;1,97;
Metropolitana da Grande São Paulo;Metropolitana da Grande São Paulo;São Paulo;Grande São Paulo Leste;Etec Professor Camargo Aranha;012;Integrado;Ambiente e Saúde;Saúde;Nutrição e Dietética - Mtec-N;Noite;41;40;1,02;
Metropolitana da Grande São Paulo;Metropolitana da Grande São Paulo;São Paulo;Grande São Paulo Leste;Etec Professor Camargo Aranha;012;Integrado;Gestão e Negócios;Gestão;Serviços Públicos - MTec (MNP);Tarde;39;40;0,97;
Metropolitana da Grande São Paulo;Metropolitana da Grande São Paulo;São Paulo;Grande São Paulo Leste;Etec Professor Camargo Aranha;012;Especialização;Turismo, Hospitalidade e Lazer;Turismo e Hospitalidade;Gastronomia Brasileira;Noite;23;30;0,76;
Metropolitana da Grande São Paulo;Metropolitana da Grande São Paulo;São Paulo;Grande São Paulo Leste;Etec Professor Camargo Aranha;012;Especialização;Ambiente e Saúde;Saúde;Segurança do Alimento - Ênfase em Controle de Qualidade em Unidade de Alimentação e Nutrição;Noite;38;30;1,26;
Metropolitana da Grande São Paulo;Metropolitana da Grande São Paulo;São Paulo;Grande São Paulo Leste;Etec Professor Horácio Augusto da Silveira;064;Técnico;Informação e Comunicação;Informática;Desenvolvimento de Sistemas;Noite;71;40;1,77;
Metropolitana da Grande São Paulo;Metropolitana da Grande São Paulo;São Paulo;Grande São Paulo Leste;Etec Professor Horácio Augusto da Silveira;064;Técnico;Controle e Processos Industriais;Indústria;Eletrotécnica;Noite;78;40;1,95;
Metropolitana da Grande São Paulo;Metropolitana da Grande São Paulo;São Paulo;Grande São Paulo Leste;Etec Professor Horácio Augusto da Silveira;064;Técnico;Controle e Processos Industriais;Indústria;Eletrônica (MNP);Noite;32;40;0,80;
Metropolitana da Grande São Paulo;Metropolitana da Grande São Paulo;São Paulo;Grande São Paulo Leste;Etec Professor Horácio Augusto da Silveira;064;Técnico;Informação e Comunicação;Informática;Informática;Noite;34;40;0,85;
Metropolitana da Grande São Paulo;Metropolitana da Grande São Paulo;São Paulo;Grande São Paulo Leste;Etec Professor Horácio Augusto da Silveira;064;Técnico;Controle e Processos Industriais;Indústria;Sistemas de Energia Renovável - Ead;Manhã;79;40;1,97;
Metropolitana da Grande São Paulo;Metropolitana da Grande São Paulo;São Paulo;Grande São Paulo Leste;Etec Professor Horácio Augusto da Silveira;064;Integrado;Gestão e Negócios;Gestão;Administração - MTec;Manhã;337;80;4,21;
Metropolitana da Grande São Paulo;Metropolitana da Grande São Paulo;São Paulo;Grande São Paulo Leste;Etec Professor Horácio Augusto da Silveira;064;Integrado;Gestão e Negócios;Gestão;Administração - MTec;Tarde;89;40;2,22;
Metropolitana da Grande São Paulo;Metropolitana da Grande São Paulo;São Paulo;Grande São Paulo Leste;Etec Professor Horácio Augusto da Silveira;064;Integrado;Gestão e Negócios;Gestão;Contabilidade - MTec-N;Noite;42;40;1,05;
Metropolitana da Grande São Paulo;Metropolitana da Grande São Paulo;São Paulo;Grande São Paulo Leste;Etec Professor Horácio Augusto da Silveira;064;Integrado;Informação e Comunicação;Informática;Desenvolvimento de Sistemas - MTec (MNP);Manhã;287;40;7,17;
Metropolitana da Grande São Paulo;Metropolitana da Grande São Paulo;São Paulo;Grande São Paulo Leste;Etec Professor Horácio Augusto da Silveira;064;Integrado;Informação e Comunicação;Informática;Desenvolvimento de Sistemas - MTec (MNP);Tarde;73;80;0,91;
Metropolitana da Grande São Paulo;Metropolitana da Grande São Paulo;São Paulo;Grande São Paulo Leste;Etec Professor Horácio Augusto da Silveira;064;Integrado;Controle e Processos Industriais;Indústria;Eletrônica - MTec (MNP);Manhã;58;40;1,45;
Metropolitana da Grande São Paulo;Metropolitana da Grande São Paulo;São Paulo;Grande São Paulo Leste;Etec Professor Horácio Augusto da Silveira;064;Integrado;Gestão e Negócios;Gestão;Finanças - MTec;Tarde;41;40;1,02;
Metropolitana da Grande São Paulo;Metropolitana da Grande São Paulo;São Paulo;Grande São Paulo Leste;Etec Professor Horácio Augusto da Silveira;064;Integrado;Gestão e Negócios;Gestão;Logística - MTec;Manhã;84;40;2,10;
Metropolitana da Grande São Paulo;Metropolitana da Grande São Paulo;São Paulo;Grande São Paulo Leste;Etec Professor Horácio Augusto da Silveira;064;Integrado;Controle e Processos Industriais;Indústria;Mecatrônica - MTec (MNP);Manhã;116;40;2,90;
Metropolitana da Grande São Paulo;Metropolitana da Grande São Paulo;São Paulo;Grande São Paulo Leste;Etec Professor Horácio Augusto da Silveira;064;Integrado;Controle e Processos Industriais;Indústria;Mecatrônica - MTec (MNP);Tarde;37;40;0,92;
Metropolitana da Grande São Paulo;Metropolitana da Grande São Paulo;São Paulo;Grande São Paulo Leste;Etec Professor Horácio Augusto da Silveira;064;Integrado;Controle e Processos Industriais;Indústria;Mecânica - MTec (MNP);Manhã;81;40;2,02;
Metropolitana da Grande São Paulo;Metropolitana da Grande São Paulo;São Paulo;Grande São Paulo Leste;Etec Professor Horácio Augusto da Silveira;064;Especialização;Controle e Processos Industriais;Indústria;Supervisão de Manutenção Elétrica Industrial;Noite;35;40;0,87;
Metropolitana da Grande São Paulo;Metropolitana da Grande São Paulo;São Paulo;Grande São Paulo Leste;Etec Professor Horácio Augusto da Silveira (EE Albino César);064.05 - Ext/Etec;Técnico;Gestão e Negócios;Gestão;Recursos Humanos;Noite;37;35;1,05;
Metropolitana da Grande São Paulo;Metropolitana da Grande São Paulo;São Paulo;Grande São Paulo Noroeste;Etec Professora Doutora Doroti Quiomi Kanashiro Toyohara;254;Técnico;Gestão e Negócios;Gestão;Administração;Noite;58;40;1,45;
Metropolitana da Grande São Paulo;Metropolitana da Grande São Paulo;São Paulo;Grande São Paulo Noroeste;Etec Professora Doutora Doroti Quiomi Kanashiro Toyohara;254;Técnico;Controle e Processos Industriais;Indústria;Eletroeletrônica;Noite;40;40;1,00;
Metropolitana da Grande São Paulo;Metropolitana da Grande São Paulo;São Paulo;Grande São Paulo Noroeste;Etec Professora Doutora Doroti Quiomi Kanashiro Toyohara;254;Técnico;Segurança;Saúde;Segurança do Trabalho;Noite;69;40;1,72;
Metropolitana da Grande São Paulo;Metropolitana da Grande São Paulo;São Paulo;Grande São Paulo Noroeste;Etec Professora Doutora Doroti Quiomi Kanashiro Toyohara;254;Integrado;Gestão e Negócios;Gestão;Administração - MTec;Tarde;364;80;4,55;
Metropolitana da Grande São Paulo;Metropolitana da Grande São Paulo;São Paulo;Grande São Paulo Noroeste;Etec Professora Doutora Doroti Quiomi Kanashiro Toyohara;254;Integrado;Controle e Processos Industriais;Indústria;Eletrônica - MTec;Manhã;237;40;5,92;
Metropolitana da Grande São Paulo;Metropolitana da Grande São Paulo;São Paulo;Grande São Paulo Noroeste;Etec Professora Doutora Doroti Quiomi Kanashiro Toyohara;254;Integrado;Turismo, Hospitalidade e Lazer;Lazer e Desenvolvimento Social;Eventos - MTec;Manhã;212;40;5,30;
Metropolitana da Grande São Paulo;Metropolitana da Grande São Paulo;São Paulo;Grande São Paulo Noroeste;Etec Professora Doutora Doroti Quiomi Kanashiro Toyohara;254;Integrado;Segurança;Saúde;Segurança do Trabalho - MTec;Manhã;154;40;3,85;
Metropolitana da Grande São Paulo;Metropolitana da Grande São Paulo;São Paulo;Grande São Paulo Noroeste;Etec Professora Doutora Doroti Quiomi Kanashiro Toyohara;254;Integrado;Segurança;Saúde;Segurança do Trabalho - MTec;Tarde;31;40;0,77;
Metropolitana da Grande São Paulo;Metropolitana da Grande São Paulo;São Paulo;Grande São Paulo Noroeste;Etec Raposo Tavares;225;Técnico;Gestão e Negócios;Gestão;Administração;Noite;67;40;1,67;
Metropolitana da Grande São Paulo;Metropolitana da Grande São Paulo;São Paulo;Grande São Paulo Noroeste;Etec Raposo Tavares;225;Técnico;Gestão e Negócios;Gestão;Qualidade;Noite;45;40;1,12;
Metropolitana da Grande São Paulo;Metropolitana da Grande São Paulo;São Paulo;Grande São Paulo Noroeste;Etec Raposo Tavares;225;Técnico;Produção Industrial;Química;Química;Noite;61;40;1,52;
Metropolitana da Grande São Paulo;Metropolitana da Grande São Paulo;São Paulo;Grande São Paulo Noroeste;Etec Raposo Tavares;225;Integrado;Gestão e Negócios;Gestão;Administração - MTec;Manhã;271;40;6,77;
Metropolitana da Grande São Paulo;Metropolitana da Grande São Paulo;São Paulo;Grande São Paulo Noroeste;Etec Raposo Tavares;225;Integrado;Gestão e Negócios;Gestão;Comércio Exterior - MTec;Tarde;52;40;1,30;
Metropolitana da Grande São Paulo;Metropolitana da Grande São Paulo;São Paulo;Grande São Paulo Noroeste;Etec Raposo Tavares;225;Integrado;Informação e Comunicação;Informática;Desenvolvimento de Sistemas - MTec;Manhã;335;40;8,37;
Metropolitana da Grande São Paulo;Metropolitana da Grande São Paulo;São Paulo;Grande São Paulo Noroeste;Etec Raposo Tavares;225;Integrado;Gestão e Negócios;Gestão;Finanças - MTec;Manhã;65;40;1,62;
Metropolitana da Grande São Paulo;Metropolitana da Grande São Paulo;São Paulo;Grande São Paulo Noroeste;Etec Raposo Tavares;225;Integrado;Gestão e Negócios;Comércio;Marketing - MTec;Tarde;148;40;3,70;
Metropolitana da Grande São Paulo;Metropolitana da Grande São Paulo;São Paulo;Grande São Paulo Noroeste;Etec Raposo Tavares;225;Integrado;Produção Industrial;Química;Química - MTec;Tarde;133;40;3,32;
Metropolitana da Grande São Paulo;Metropolitana da Grande São Paulo;São Paulo;Grande São Paulo Noroeste;Etec Raposo Tavares;225;Integrado;Gestão e Negócios;Gestão;Recursos Humanos - MTec-N;Noite;42;40;1,05;
Metropolitana da Grande São Paulo;Metropolitana da Grande São Paulo;São Paulo;Grande São Paulo Noroeste;Etec Raposo Tavares;225;Especialização;Produção Industrial;Química;Bioprocessos;Noite;33;40;0,82;
Metropolitana da Grande São Paulo;Metropolitana da Grande São Paulo;São Paulo;Grande São Paulo Noroeste;Etec Santa Ifigênia;260;Técnico;Turismo, Hospitalidade e Lazer;Turismo e Hospitalidade;Gastronomia;Noite;160;40;4,00;
Metropolitana da Grande São Paulo;Metropolitana da Grande São Paulo;São Paulo;Grande São Paulo Noroeste;Etec Santa Ifigênia;260;Integrado;Gestão e Negócios;Gestão;Administração - MTec-N;Noite;56;40;1,40;
Metropolitana da Grande São Paulo;Metropolitana da Grande São Paulo;São Paulo;Grande São Paulo Noroeste;Etec Santa Ifigênia;260;Integrado;Turismo, Hospitalidade e Lazer;Lazer e Desenvolvimento Social;Eventos - MTec;Manhã;121;40;3,02;
Metropolitana da Grande São Paulo;Metropolitana da Grande São Paulo;São Paulo;Grande São Paulo Noroeste;Etec Santa Ifigênia;260;Integrado;Turismo, Hospitalidade e Lazer;Turismo e Hospitalidade;Gastronomia - MTec;Manhã;368;40;9,19;
Metropolitana da Grande São Paulo;Metropolitana da Grande São Paulo;São Paulo;Grande São Paulo Noroeste;Etec Santa Ifigênia;260;Integrado;Turismo, Hospitalidade e Lazer;Turismo e Hospitalidade;Gastronomia - MTec;Tarde;152;40;3,80;
Metropolitana da Grande São Paulo;Metropolitana da Grande São Paulo;São Paulo;Grande São Paulo Noroeste;Etec Santa Ifigênia;260;Integrado;Turismo, Hospitalidade e Lazer;Turismo e Hospitalidade;Hospedagem - MTec;Manhã;63;40;1,57;
Metropolitana da Grande São Paulo;Metropolitana da Grande São Paulo;São Paulo;Grande São Paulo Noroeste;Etec Santa Ifigênia;260;Integrado;Ambiente e Saúde;Saúde;Nutrição e Dietética - MTec;Tarde;76;40;1,90;
Metropolitana da Grande São Paulo;Metropolitana da Grande São Paulo;São Paulo;Grande São Paulo Noroeste;Etec Santa Ifigênia;260;Integrado;Ambiente e Saúde;Saúde;Nutrição e Dietética - MTec;Manhã;218;40;5,45;
Metropolitana da Grande São Paulo;Metropolitana da Grande São Paulo;São Paulo;Grande São Paulo Noroeste;Etec Santa Ifigênia;260;Especialização;Turismo, Hospitalidade e Lazer;Turismo e Hospitalidade;Gastronomia Internacional;Noite;51;40;1,27;
Metropolitana da Grande São Paulo;Metropolitana da Grande São Paulo;São Paulo;Grande São Paulo Leste;Etec São Mateus;227;Técnico;Gestão e Negócios;Gestão;Administração;Noite;61;40;1,52;
Metropolitana da Grande São Paulo;Metropolitana da Grande São Paulo;São Paulo;Grande São Paulo Leste;Etec São Mateus;227;Técnico;Controle e Processos Industriais;Indústria;Eletrônica;Noite;54;40;1,35;
Metropolitana da Grande São Paulo;Metropolitana da Grande São Paulo;São Paulo;Grande São Paulo Leste;Etec São Mateus;227;Técnico;Ambiente e Saúde;Saúde;Nutrição e Dietética;Noite;78;40;1,95;
Metropolitana da Grande São Paulo;Metropolitana da Grande São Paulo;São Paulo;Grande São Paulo Leste;Etec São Mateus;227;Técnico;Segurança;Saúde;Segurança do Trabalho;Noite;71;40;1,77;
Metropolitana da Grande São Paulo;Metropolitana da Grande São Paulo;São Paulo;Grande São Paulo Leste;Etec São Mateus;227;Integrado;Gestão e Negócios;Gestão;Administração - MTec;Manhã;249;40;6,22;
Metropolitana da Grande São Paulo;Metropolitana da Grande São Paulo;São Paulo;Grande São Paulo Leste;Etec São Mateus;227;Integrado;Gestão e Negócios;Gestão;Administração - MTec;Tarde;101;40;2,52;
Metropolitana da Grande São Paulo;Metropolitana da Grande São Paulo;São Paulo;Grande São Paulo Leste;Etec São Mateus;227;Integrado;Informação e Comunicação;Informática;Desenvolvimento de Sistemas - MTec;Manhã;380;40;9,50;
Metropolitana da Grande São Paulo;Metropolitana da Grande São Paulo;São Paulo;Grande São Paulo Leste;Etec São Mateus;227;Integrado;Gestão e Negócios;Comércio;Marketing - MTec;Manhã;165;40;4,12;
Metropolitana da Grande São Paulo;Metropolitana da Grande São Paulo;São Paulo;Grande São Paulo Leste;Etec São Mateus;227;Integrado;Ambiente e Saúde;Meio Ambiente;Meio Ambiente - MTec;Tarde;86;40;2,15;
Metropolitana da Grande São Paulo;Metropolitana da Grande São Paulo;São Paulo;Grande São Paulo Leste;Etec São Mateus;227;Integrado;Ambiente e Saúde;Saúde;Nutrição e Dietética - MTec;Tarde;90;40;2,25;
Metropolitana da Grande São Paulo;Metropolitana da Grande São Paulo;São Paulo;Grande São Paulo Leste;Etec São Mateus;227;Integrado;Ambiente e Saúde;Saúde;Nutrição e Dietética - MTec;Manhã;327;40;8,17;
Metropolitana da Grande São Paulo;Metropolitana da Grande São Paulo;São Paulo;Grande São Paulo Noroeste;Etec Sebrae;273;Integrado;Gestão e Negócios;Gestão;Administração - MTec-AMS;Manhã;94;35;2,68;
Metropolitana da Grande São Paulo;Metropolitana da Grande São Paulo;São Paulo;Grande São Paulo Noroeste;Etec Sebrae;273;Integrado;Informação e Comunicação;Informática;Desenvolvimento de Sistemas - MTec;Manhã;209;35;5,97;
Metropolitana da Grande São Paulo;Metropolitana da Grande São Paulo;São Paulo;Grande São Paulo Noroeste;Etec Sebrae;273;Integrado;Informação e Comunicação;Informática;Desenvolvimento de Sistemas - MTec-PI ;Tarde e Noite;54;35;1,54;
Metropolitana da Grande São Paulo;Metropolitana da Grande São Paulo;São Paulo;Grande São Paulo Noroeste;Etec Sebrae;273;Integrado;Gestão e Negócios;Comércio;Marketing - MTec;Tarde;102;35;2,91;
Metropolitana da Grande São Paulo;Metropolitana da Grande São Paulo;São Paulo;Grande São Paulo Noroeste;Etec Takashi Morita;200;Técnico;Segurança;Saúde;Segurança do Trabalho;Noite;123;40;3,07;
Metropolitana da Grande São Paulo;Metropolitana da Grande São Paulo;São Paulo;Grande São Paulo Noroeste;Etec Takashi Morita;200;Integrado;Gestão e Negócios;Gestão;Administração - MTec-N;Noite;147;40;3,67;
Metropolitana da Grande São Paulo;Metropolitana da Grande São Paulo;São Paulo;Grande São Paulo Noroeste;Etec Takashi Morita;200;Integrado;Gestão e Negócios;Gestão;Administração - MTec-PI;Manhã e Tarde;704;40;17,60;
Metropolitana da Grande São Paulo;Metropolitana da Grande São Paulo;São Paulo;Grande São Paulo Noroeste;Etec Takashi Morita;200;Integrado;Controle e Processos Industriais;Indústria;Automação Industrial - MTec-PI;Manhã e Tarde;262;40;6,55;
Metropolitana da Grande São Paulo;Metropolitana da Grande São Paulo;São Paulo;Grande São Paulo Noroeste;Etec Takashi Morita;200;Integrado;Controle e Processos Industriais;Indústria;Eletroeletrônica - MTec-N;Noite;78;40;1,95;
Metropolitana da Grande São Paulo;Metropolitana da Grande São Paulo;São Paulo;Grande São Paulo Noroeste;Etec Takashi Morita;200;Integrado;Controle e Processos Industriais;Indústria;Eletrotécnica - MTec-PI;Tarde e Noite;54;40;1,35;
Metropolitana da Grande São Paulo;Metropolitana da Grande São Paulo;São Paulo;Grande São Paulo Noroeste;Etec Takashi Morita;200;Integrado;Controle e Processos Industriais;Indústria;Eletrônica - MTec-PI;Manhã e Tarde;225;40;5,62;
Metropolitana da Grande São Paulo;Metropolitana da Grande São Paulo;São Paulo;Grande São Paulo Noroeste;Etec Takashi Morita;200;Integrado;Gestão e Negócios;Gestão;Logística - MTec-PI;Manhã e Tarde;98;40;2,45;
Metropolitana da Grande São Paulo;Metropolitana da Grande São Paulo;São Paulo;Grande São Paulo Noroeste;Etec Takashi Morita (CEU Alvarenga);200.02 - Etec/Ceu;Técnico;Gestão e Negócios;Gestão;Administração;Noite;69;30;2,29;
Metropolitana da Grande São Paulo;Metropolitana da Grande São Paulo;São Paulo;Grande São Paulo Noroeste;Etec Takashi Morita (CEU Parelheiros);200.04 - Etec/Ceu;Técnico;Gestão e Negócios;Gestão;Administração;Noite;78;30;2,60;
Metropolitana da Grande São Paulo;Metropolitana da Grande São Paulo;São Paulo;Grande São Paulo Leste;Etec Tereza Aparecida Cardoso Nunes de Oliveira;186;Técnico;Controle e Processos Industriais;Indústria;Eletrotécnica;Noite;73;40;1,82;
Metropolitana da Grande São Paulo;Metropolitana da Grande São Paulo;São Paulo;Grande São Paulo Leste;Etec Tereza Aparecida Cardoso Nunes de Oliveira;186;Integrado;Gestão e Negócios;Gestão;Administração - MTec;Manhã;199;40;4,97;
Metropolitana da Grande São Paulo;Metropolitana da Grande São Paulo;São Paulo;Grande São Paulo Leste;Etec Tereza Aparecida Cardoso Nunes de Oliveira;186;Integrado;Gestão e Negócios;Gestão;Administração - MTec-N;Noite;56;40;1,40;
Metropolitana da Grande São Paulo;Metropolitana da Grande São Paulo;São Paulo;Grande São Paulo Leste;Etec Tereza Aparecida Cardoso Nunes de Oliveira;186;Integrado;Gestão e Negócios;Gestão;Comércio Exterior - MTec;Tarde;98;40;2,45;
Metropolitana da Grande São Paulo;Metropolitana da Grande São Paulo;São Paulo;Grande São Paulo Leste;Etec Tereza Aparecida Cardoso Nunes de Oliveira;186;Integrado;Controle e Processos Industriais;Indústria;Eletroeletrônica - MTec (MNP);Manhã;97;40;2,42;
Metropolitana da Grande São Paulo;Metropolitana da Grande São Paulo;São Paulo;Grande São Paulo Leste;Etec Tereza Aparecida Cardoso Nunes de Oliveira;186;Integrado;Controle e Processos Industriais;Indústria;Eletrônica - MTec (MNP);Tarde;57;40;1,42;
Metropolitana da Grande São Paulo;Metropolitana da Grande São Paulo;São Paulo;Grande São Paulo Leste;Etec Tereza Aparecida Cardoso Nunes de Oliveira;186;Integrado;Ambiente e Saúde;Meio Ambiente;Meio Ambiente - MTec (MNP);Tarde;49;40;1,22;
Metropolitana da Grande São Paulo;Metropolitana da Grande São Paulo;São Paulo;Grande São Paulo Leste;Etec Tereza Aparecida Cardoso Nunes de Oliveira;186;Integrado;Gestão e Negócios;Gestão;Recursos Humanos - MTec;Tarde;82;40;2,04;
Metropolitana da Grande São Paulo;Metropolitana da Grande São Paulo;São Paulo;Grande São Paulo Leste;Etec Tereza Aparecida Cardoso Nunes de Oliveira;186;Integrado;Gestão e Negócios;Gestão;Secretariado - MTec;Manhã;75;40;1,87;
Metropolitana da Grande São Paulo;Metropolitana da Grande São Paulo;São Paulo;Grande São Paulo Leste;Etec Tereza Aparecida Cardoso Nunes de Oliveira;186;Integrado;Gestão e Negócios;Gestão;Serviços Jurídicos - MTec;Manhã;349;40;8,72;
Metropolitana da Grande São Paulo;Metropolitana da Grande São Paulo;São Paulo;Grande São Paulo Leste;Etec Tereza Aparecida Cardoso Nunes de Oliveira;186;Integrado;Gestão e Negócios;Gestão;Serviços Jurídicos - MTec-N;Noite;87;40;2,17;
Metropolitana da Grande São Paulo;Metropolitana da Grande São Paulo;São Paulo;Grande São Paulo Leste;Etec Tereza Aparecida Cardoso Nunes de Oliveira / Faculdade de Tecnologia de Itaquera - Professor Miguel Reale;186/257 - Etec/Fatec;Integrado;Controle e Processos Industriais;Indústria;Automação Industrial - MTec-AMS;Manhã;66;40;1,65;
Metropolitana da Grande São Paulo;Metropolitana da Grande São Paulo;São Paulo;Grande São Paulo Noroeste;Etec Uirapuru;230;Técnico;Ambiente e Saúde;Saúde;Enfermagem;Manhã;110;40;2,75;
Metropolitana da Grande São Paulo;Metropolitana da Grande São Paulo;São Paulo;Grande São Paulo Noroeste;Etec Uirapuru;230;Técnico;Turismo, Hospitalidade e Lazer;Turismo e Hospitalidade;Gastronomia (MNP);Noite;41;40;1,02;
Metropolitana da Grande São Paulo;Metropolitana da Grande São Paulo;São Paulo;Grande São Paulo Noroeste;Etec Uirapuru;230;Técnico;Ambiente e Saúde;Saúde;Nutrição e Dietética (MNP);Noite;36;40;0,90;
Metropolitana da Grande São Paulo;Metropolitana da Grande São Paulo;São Paulo;Grande São Paulo Noroeste;Etec Uirapuru;230;Integrado;Gestão e Negócios;Gestão;Administração - MTec;Manhã;161;40;4,02;
Metropolitana da Grande São Paulo;Metropolitana da Grande São Paulo;São Paulo;Grande São Paulo Noroeste;Etec Uirapuru;230;Integrado;Informação e Comunicação;Informática;Desenvolvimento de Sistemas - MTec;Tarde;148;40;3,70;
Metropolitana da Grande São Paulo;Metropolitana da Grande São Paulo;São Paulo;Grande São Paulo Noroeste;Etec Uirapuru;230;Integrado;Informação e Comunicação;Informática;Informática para Internet - MTec-N;Noite;38;40;0,95;
Metropolitana da Grande São Paulo;Metropolitana da Grande São Paulo;São Paulo;Grande São Paulo Noroeste;Etec Uirapuru;230;Integrado;Gestão e Negócios;Comércio;Marketing - MTec;Manhã;117;40;2,92;
Metropolitana da Grande São Paulo;Metropolitana da Grande São Paulo;São Paulo;Grande São Paulo Noroeste;Etec Uirapuru;230;Integrado;Ambiente e Saúde;Saúde;Nutrição e Dietética - MTec;Tarde;136;40;3,40;
Metropolitana da Grande São Paulo;Metropolitana da Grande São Paulo;São Paulo;Grande São Paulo Leste;Etec Zona Leste;211;Técnico;Gestão e Negócios;Gestão;Administração (MNP);Manhã;59;35;1,68;
Metropolitana da Grande São Paulo;Metropolitana da Grande São Paulo;São Paulo;Grande São Paulo Leste;Etec Zona Leste;211;Técnico;Gestão e Negócios;Gestão;Administração (MNP);Noite;63;35;1,80;
Metropolitana da Grande São Paulo;Metropolitana da Grande São Paulo;São Paulo;Grande São Paulo Leste;Etec Zona Leste;211;Técnico;Gestão e Negócios;Gestão;Contabilidade;Noite;79;35;2,25;
Metropolitana da Grande São Paulo;Metropolitana da Grande São Paulo;São Paulo;Grande São Paulo Leste;Etec Zona Leste;211;Técnico;Informação e Comunicação;Informática;Desenvolvimento de Sistemas (MNP);Noite;128;35;3,65;
Metropolitana da Grande São Paulo;Metropolitana da Grande São Paulo;São Paulo;Grande São Paulo Leste;Etec Zona Leste;211;Técnico;Gestão e Negócios;Gestão;Serviços Jurídicos (MNP);Noite;55;35;1,57;
Metropolitana da Grande São Paulo;Metropolitana da Grande São Paulo;São Paulo;Grande São Paulo Leste;Etec Zona Leste;211;Integrado;Gestão e Negócios;Gestão;Administração - MTec;Manhã;449;35;12,82;
Metropolitana da Grande São Paulo;Metropolitana da Grande São Paulo;São Paulo;Grande São Paulo Leste;Etec Zona Leste;211;Integrado;Gestão e Negócios;Gestão;Administração - MTec;Tarde;132;35;3,77;
Metropolitana da Grande São Paulo;Metropolitana da Grande São Paulo;São Paulo;Grande São Paulo Leste;Etec Zona Leste;211;Integrado;Gestão e Negócios;Gestão;Contabilidade - MTec;Manhã;119;35;3,40;
Metropolitana da Grande São Paulo;Metropolitana da Grande São Paulo;São Paulo;Grande São Paulo Leste;Etec Zona Leste;211;Integrado;Informação e Comunicação;Informática;Desenvolvimento de Sistemas - MTec;Manhã;747;35;21,34;
Metropolitana da Grande São Paulo;Metropolitana da Grande São Paulo;São Paulo;Grande São Paulo Leste;Etec Zona Leste;211;Integrado;Gestão e Negócios;Gestão;Logística - MTec;Tarde;118;35;3,37;
Metropolitana da Grande São Paulo;Metropolitana da Grande São Paulo;São Paulo;Grande São Paulo Leste;Etec Zona Leste;211;Integrado;Gestão e Negócios;Gestão;Recursos Humanos - MTec;Manhã;246;35;7,02;
Metropolitana da Grande São Paulo;Metropolitana da Grande São Paulo;São Paulo;Grande São Paulo Leste;Etec Zona Leste;211;Integrado;Gestão e Negócios;Gestão;Serviços Jurídicos - MTec;Tarde;276;35;7,88;
Metropolitana da Grande São Paulo;Metropolitana da Grande São Paulo;São Paulo;Grande São Paulo Leste;Etec Zona Leste (CEU Azul da Cor do Mar);211.01 - Etec/Ceu;Técnico;Gestão e Negócios;Comércio;Marketing;Noite;30;30;1,00;
Metropolitana da Grande São Paulo;Metropolitana da Grande São Paulo;São Paulo;Grande São Paulo Leste;Etec Zona Leste (CEU Parque São Carlos);211.02 - Etec/Ceu;Técnico;Gestão e Negócios;Gestão;Recursos Humanos (MNP);Noite;36;30;1,20;
Metropolitana da Grande São Paulo;Metropolitana da Grande São Paulo;São Paulo;Grande São Paulo Leste;Etec Zona Leste (CEU São Miguel - Luiz Melodia);211.04 - Etec/Ceu;Técnico;Gestão e Negócios;Gestão;Finanças;Noite;30;30;1,00;
Metropolitana da Grande São Paulo;Metropolitana da Grande São Paulo;São Paulo;Grande São Paulo Leste;Etec Zona Leste (CEU São Miguel - Luiz Melodia);211.04 - Etec/Ceu;Integrado;Gestão e Negócios;Gestão;Administração - MTec-N;Noite;91;30;3,03;
Metropolitana da Grande São Paulo;Metropolitana da Grande São Paulo;São Paulo;Grande São Paulo Leste;Etec Zona Leste / Fatec Zona Leste;211/111 - Etec/Fatec;Integrado;Informação e Comunicação;Informática;Desenvolvimento de Sistemas - MTec-AMS;Tarde;407;40;10,17;
Metropolitana da Grande São Paulo;Metropolitana da Grande São Paulo;São Paulo;Grande São Paulo Leste;Etec Zona Leste / Fatec Zona Leste;211/111 - Etec/Fatec;Integrado;Gestão e Negócios;Gestão;Recursos Humanos - MTec-AMS;Tarde;117;40;2,92;
Metropolitana da Grande São Paulo;Metropolitana da Grande São Paulo;Suzano;Grande São Paulo Leste;Etec de Suzano;190;Técnico;Gestão e Negócios;Gestão;Administração;Noite;122;40;3,05;
Metropolitana da Grande São Paulo;Metropolitana da Grande São Paulo;Suzano;Grande São Paulo Leste;Etec de Suzano;190;Técnico;Gestão e Negócios;Gestão;Contabilidade;Noite;62;40;1,55;
Metropolitana da Grande São Paulo;Metropolitana da Grande São Paulo;Suzano;Grande São Paulo Leste;Etec de Suzano;190;Técnico;Produção Industrial;Química;Química;Noite;134;80;1,67;
Metropolitana da Grande São Paulo;Metropolitana da Grande São Paulo;Suzano;Grande São Paulo Leste;Etec de Suzano;190;Integrado;Gestão e Negócios;Gestão;Administração - MTec;Manhã;468;40;11,70;
Metropolitana da Grande São Paulo;Metropolitana da Grande São Paulo;Suzano;Grande São Paulo Leste;Etec de Suzano;190;Integrado;Gestão e Negócios;Gestão;Administração - MTec;Tarde;161;40;4,02;
Metropolitana da Grande São Paulo;Metropolitana da Grande São Paulo;Suzano;Grande São Paulo Leste;Etec de Suzano;190;Integrado;Ambiente e Saúde;Meio Ambiente;Meio Ambiente - MTec;Manhã;185;40;4,62;
Metropolitana da Grande São Paulo;Metropolitana da Grande São Paulo;Suzano;Grande São Paulo Leste;Etec de Suzano;190;Integrado;Ambiente e Saúde;Meio Ambiente;Meio Ambiente - MTec (MNP);Tarde;54;40;1,35;
Metropolitana da Grande São Paulo;Metropolitana da Grande São Paulo;Suzano;Grande São Paulo Leste;Etec de Suzano;190;Integrado;Produção Industrial;Química;Química - MTec;Tarde;268;40;6,70;
Metropolitana da Grande São Paulo;Metropolitana da Grande São Paulo;Suzano;Grande São Paulo Leste;Etec de Suzano;190;Integrado;Gestão e Negócios;Gestão;Secretariado - MTec;Manhã;110;40;2,75;
Metropolitana da Grande São Paulo;Metropolitana da Grande São Paulo;Suzano;Grande São Paulo Leste;Etec de Suzano;190;Especialização;Produção Industrial;Química;Bioprocessos;Noite;40;30;1,33;
Metropolitana da Grande São Paulo;Metropolitana da Grande São Paulo;Taboão da Serra;Grande São Paulo Sul/Baixada Santista;Etec de Taboão da Serra;293;Integrado;Informação e Comunicação;Informática;Desenvolvimento de Sistemas - MTec-PI ;Manhã e Tarde;775;80;9,68;
Metropolitana da Grande São Paulo;Metropolitana da Grande São Paulo;Taboão da Serra;Grande São Paulo Sul/Baixada Santista;Etec de Taboão da Serra;293;Integrado;Informação e Comunicação;Informática;Informática - MTec-N;Noite;126;40;3,15;
Metropolitana da Grande São Paulo;Metropolitana da Grande São Paulo;Taboão da Serra;Grande São Paulo Sul/Baixada Santista;Etec de Taboão da Serra;293;Integrado;Informação e Comunicação;Informática;Informática para Internet - MTec-N;Noite;112;40;2,80;
Metropolitana da Grande São Paulo;Metropolitana da Grande São Paulo;Vargem Grande Paulista;Sorocaba;Etec de Mairinque (UNIVESP - Vargem Grande Paulista);235.1 - Cd_Cps;Técnico;Gestão e Negócios;Gestão;Administração;Noite;29;40;0,72;
Metropolitana de Campinas;Bragança Paulista;Amparo;Campinas Sul;Etec João Belarmino;067;Médio;Educação Básica;Educação Básica - Ensino Médio;Ensino Médio com Itinerário Formativo de Ciências da Natureza e suas Tecnologias;Manhã;136;40;3,40;
Metropolitana de Campinas;Bragança Paulista;Amparo;Campinas Sul;Etec João Belarmino;067;Técnico;Gestão e Negócios;Gestão;Administração;Noite;128;40;3,20;
Metropolitana de Campinas;Bragança Paulista;Amparo;Campinas Sul;Etec João Belarmino;067;Técnico;Gestão e Negócios;Gestão;Finanças;Noite;49;40;1,22;
Metropolitana de Campinas;Bragança Paulista;Amparo;Campinas Sul;Etec João Belarmino;067;Técnico;Turismo, Hospitalidade e Lazer;Turismo e Hospitalidade;Gastronomia;Noite;53;40;1,32;
Metropolitana de Campinas;Bragança Paulista;Amparo;Campinas Sul;Etec João Belarmino;067;Técnico;Controle e Processos Industriais;Indústria;Mecânica;Noite;124;40;3,10;
Metropolitana de Campinas;Bragança Paulista;Amparo;Campinas Sul;Etec João Belarmino;067;Técnico;Segurança;Saúde;Segurança do Trabalho;Noite;54;40;1,35;
Metropolitana de Campinas;Bragança Paulista;Amparo;Campinas Sul;Etec João Belarmino;067;Integrado;Gestão e Negócios;Gestão;Administração - MTec;Tarde;125;40;3,12;
Metropolitana de Campinas;Bragança Paulista;Amparo;Campinas Sul;Etec João Belarmino;067;Integrado;Gestão e Negócios;Gestão;Administração - MTec-N;Noite;43;40;1,07;
Metropolitana de Campinas;Bragança Paulista;Amparo;Campinas Sul;Etec João Belarmino;067;Integrado;Informação e Comunicação;Informática;Desenvolvimento de Sistemas - MTec;Manhã;306;40;7,65;
Metropolitana de Campinas;Bragança Paulista;Amparo;Campinas Sul;Etec João Belarmino;067;Integrado;Informação e Comunicação;Informática;Desenvolvimento de Sistemas - MTec;Tarde;66;40;1,65;
Metropolitana de Campinas;Bragança Paulista;Amparo;Campinas Sul;Etec João Belarmino;067;Integrado;Produção Cultural e Design;Design;Design de Interiores - MTec-N;Noite;43;40;1,07;
Metropolitana de Campinas;Bragança Paulista;Amparo;Campinas Sul;Etec João Belarmino;067;Integrado;Infraestrutura;Construção Civil;Edificações - MTec;Manhã;131;40;3,27;
Metropolitana de Campinas;Bragança Paulista;Amparo;Campinas Sul;Etec João Belarmino;067;Integrado;Controle e Processos Industriais;Indústria;Eletrônica - MTec;Manhã;127;40;3,17;
Metropolitana de Campinas;Bragança Paulista;Amparo;Campinas Sul;Etec João Belarmino;067;Integrado;Turismo, Hospitalidade e Lazer;Lazer e Desenvolvimento Social;Eventos - MTec;Manhã;168;40;4,20;
Metropolitana de Campinas;Bragança Paulista;Amparo;Campinas Sul;Etec João Belarmino;067;Integrado;Produção Industrial;Química;Química - MTec;Manhã;196;40;4,90;
Metropolitana de Campinas;Bragança Paulista;Amparo;Campinas Sul;Etec João Belarmino;067;Integrado;Produção Industrial;Química;Química - Mtec-N;Noite;38;40;0,95;
Metropolitana de Campinas;Bragança Paulista;Atibaia;Campinas Sul;Etec Professor Carmine Biagio Tundisi;147;Técnico;Ambiente e Saúde;Saúde;Enfermagem;Noite;123;40;3,07;
Metropolitana de Campinas;Bragança Paulista;Atibaia;Campinas Sul;Etec Professor Carmine Biagio Tundisi;147;Integrado;Gestão e Negócios;Gestão;Administração - MTec (MNP);Manhã;302;40;7,55;
Metropolitana de Campinas;Bragança Paulista;Atibaia;Campinas Sul;Etec Professor Carmine Biagio Tundisi;147;Integrado;Gestão e Negócios;Gestão;Administração - MTec (MNP);Tarde;87;40;2,17;
Metropolitana de Campinas;Bragança Paulista;Atibaia;Campinas Sul;Etec Professor Carmine Biagio Tundisi;147;Integrado;Informação e Comunicação;Informática;Desenvolvimento de Sistemas - MTec (MNP);Manhã;257;40;6,42;
Metropolitana de Campinas;Bragança Paulista;Atibaia;Campinas Sul;Etec Professor Carmine Biagio Tundisi;147;Integrado;Informação e Comunicação;Informática;Desenvolvimento de Sistemas - MTec (MNP);Tarde;106;40;2,65;
Metropolitana de Campinas;Bragança Paulista;Atibaia;Campinas Sul;Etec Professor Carmine Biagio Tundisi;147;Integrado;Produção Cultural e Design;Design;Design Gráfico - Mtec-N;Noite;80;40;2,00;
Metropolitana de Campinas;Bragança Paulista;Atibaia;Campinas Sul;Etec Professor Carmine Biagio Tundisi;147;Integrado;Gestão e Negócios;Gestão;Marketing - MTec (MNP);Manhã;230;40;5,75;
Metropolitana de Campinas;Bragança Paulista;Atibaia;Campinas Sul;Etec Professor Carmine Biagio Tundisi;147;Integrado;Gestão e Negócios;Gestão;Marketing - MTec (MNP);Tarde;83;40;2,07;
Metropolitana de Campinas;Bragança Paulista;Atibaia;Campinas Sul;Etec Professor Carmine Biagio Tundisi;147;Integrado;Gestão e Negócios;Gestão;Recursos Humanos - MTec-N;Noite;72;40;1,80;
Metropolitana de Campinas;Bragança Paulista;Bom Jesus dos Perdões;Campinas Sul;Etec Professor Carmine Biagio Tundisi (EMEF Prof. Sérgio Gonçalves Viana - Bom Jesus dos Perdões);147.1 - Cd_Cps;Técnico;Gestão e Negócios;Gestão;Administração;Noite;46;40;1,14;
Metropolitana de Campinas;Bragança Paulista;Bragança Paulista;Campinas Sul;Etec de Bragança Paulista;306;Integrado;Gestão e Negócios;Gestão;Administração - MTec;Tarde;153;40;3,82;
Metropolitana de Campinas;Bragança Paulista;Bragança Paulista;Campinas Sul;Etec de Bragança Paulista;306;Integrado;Informação e Comunicação;Informática;Desenvolvimento de Sistemas - MTec;Tarde;170;40;4,25;
Metropolitana de Campinas;Bragança Paulista;Bragança Paulista;Campinas Sul;Etec de Bragança Paulista;306;Integrado;Gestão e Negócios;Gestão;Recursos Humanos - MTec;Tarde;101;40;2,52;
Metropolitana de Campinas;Bragança Paulista;Bragança Paulista;Campinas Sul;Etec de Bragança Paulista / Fatec Jornalista Omair Fagundes de Oliveira;306/183 - Etec/Fatec;Integrado;Gestão e Negócios;Gestão;Logística - MTec-AMS;Manhã;229;40;5,72;
Metropolitana de Campinas;Jundiaí;Campo Limpo Paulista;Campinas Sul;Etec de Campo Limpo Paulista;201;Médio;Educação Básica;Educação Básica - Ensino Médio;Ensino Médio com Itinerário Formativo de Ciências Humanas e Sociais Aplicadas;Manhã;138;35;3,94;
Metropolitana de Campinas;Jundiaí;Campo Limpo Paulista;Campinas Sul;Etec de Campo Limpo Paulista;201;Técnico;Controle e Processos Industriais;Indústria;Automação Industrial;Noite;58;40;1,45;
Metropolitana de Campinas;Jundiaí;Campo Limpo Paulista;Campinas Sul;Etec de Campo Limpo Paulista;201;Técnico;Ambiente e Saúde;Saúde;Enfermagem;Tarde;76;40;1,90;
Metropolitana de Campinas;Jundiaí;Campo Limpo Paulista;Campinas Sul;Etec de Campo Limpo Paulista;201;Integrado;Gestão e Negócios;Gestão;Administração - MTec;Tarde;185;35;5,28;
Metropolitana de Campinas;Jundiaí;Campo Limpo Paulista;Campinas Sul;Etec de Campo Limpo Paulista;201;Integrado;Informação e Comunicação;Informática;Informática para Internet - MTec (MNP);Manhã;271;35;7,74;
Metropolitana de Campinas;Jundiaí;Campo Limpo Paulista;Campinas Sul;Etec de Campo Limpo Paulista;201;Integrado;Gestão e Negócios;Gestão;Logística - Mtec-N;Noite;116;35;3,31;
Metropolitana de Campinas;Jundiaí;Campo Limpo Paulista;Campinas Sul;Etec de Campo Limpo Paulista;201;Integrado;Gestão e Negócios;Gestão;Marketing - MTec-N;Noite;131;35;3,74;
Metropolitana de Campinas;Jundiaí;Itatiba;Campinas Sul;Etec Rosa Perrone Scavone;100;Técnico;Controle e Processos Industriais;Indústria;Eletromecânica;Noite;86;40;2,15;
Metropolitana de Campinas;Jundiaí;Itatiba;Campinas Sul;Etec Rosa Perrone Scavone;100;Técnico;Controle e Processos Industriais;Indústria;Eletrotécnica;Noite;56;40;1,40;
Metropolitana de Campinas;Jundiaí;Itatiba;Campinas Sul;Etec Rosa Perrone Scavone;100;Técnico;Gestão e Negócios;Gestão;Logística;Noite;62;40;1,55;
Metropolitana de Campinas;Jundiaí;Itatiba;Campinas Sul;Etec Rosa Perrone Scavone;100;Integrado;Gestão e Negócios;Gestão;Administração - MTec-PI;Manhã e Tarde;288;40;7,20;
Metropolitana de Campinas;Jundiaí;Itatiba;Campinas Sul;Etec Rosa Perrone Scavone;100;Integrado;Controle e Processos Industriais;Indústria;Automação Industrial - MTec-PI;Manhã e Tarde;188;40;4,70;
Metropolitana de Campinas;Jundiaí;Itatiba;Campinas Sul;Etec Rosa Perrone Scavone;100;Integrado;Informação e Comunicação;Informática;Desenvolvimento de Sistemas - MTec-AMS;Tarde;88;40;2,20;
Metropolitana de Campinas;Jundiaí;Itatiba;Campinas Sul;Etec Rosa Perrone Scavone;100;Integrado;Informação e Comunicação;Informática;Desenvolvimento de Sistemas - MTec-PI ;Manhã e Tarde;256;40;6,40;
Metropolitana de Campinas;Jundiaí;Itatiba;Campinas Sul;Etec Rosa Perrone Scavone;100;Integrado;Gestão e Negócios;Gestão;Logística - Mtec-N;Noite;74;40;1,85;
Metropolitana de Campinas;Jundiaí;Itatiba;Campinas Sul;Etec Rosa Perrone Scavone;100;Integrado;Gestão e Negócios;Gestão;Logística - MTec-PI;Manhã e Tarde;193;40;4,82;
Metropolitana de Campinas;Jundiaí;Itatiba;Campinas Sul;Etec Rosa Perrone Scavone;100;Integrado;Controle e Processos Industriais;Indústria;Mecatrônica - MTec-N;Noite;78;40;1,95;
Metropolitana de Campinas;Jundiaí;Jarinu;Campinas Sul;Etec de Campo Limpo Paulista (Centro de Formação Profissionalizante Prefeito Julio Zanoni - Jarinu);201.3 - Cd_Cps;Técnico;Gestão e Negócios;Gestão;Logística;Noite;53;40;1,32;
Metropolitana de Campinas;Jundiaí;Jundiaí;Campinas Sul;Etec Benedito Storani;042;Técnico;Recursos Naturais;Agropecuária;Agropecuária;Manhã;40;40;1,00;
Metropolitana de Campinas;Jundiaí;Jundiaí;Campinas Sul;Etec Benedito Storani;042;Técnico;Produção Alimentícia;Química;Alimentos (MNP);Noite;41;40;1,02;
Metropolitana de Campinas;Jundiaí;Jundiaí;Campinas Sul;Etec Benedito Storani;042;Técnico;Turismo, Hospitalidade e Lazer;Turismo e Hospitalidade;Gastronomia (MNP);Noite;66;40;1,65;
Metropolitana de Campinas;Jundiaí;Jundiaí;Campinas Sul;Etec Benedito Storani;042;Técnico;Ambiente e Saúde;Saúde;Nutrição e Dietética (MNP);Noite;58;40;1,45;
Metropolitana de Campinas;Jundiaí;Jundiaí;Campinas Sul;Etec Benedito Storani;042;Técnico;Produção Industrial;Química;Química;Noite;108;40;2,70;
Metropolitana de Campinas;Jundiaí;Jundiaí;Campinas Sul;Etec Benedito Storani;042;Integrado;Gestão e Negócios;Gestão;Administração - MTec;Tarde;275;40;6,87;
Metropolitana de Campinas;Jundiaí;Jundiaí;Campinas Sul;Etec Benedito Storani;042;Integrado;Recursos Naturais;Agropecuária;Agropecuária - MTec-PI;Manhã e Tarde;284;40;7,10;
Metropolitana de Campinas;Jundiaí;Jundiaí;Campinas Sul;Etec Benedito Storani;042;Integrado;Produção Alimentícia;Química;Alimentos - MTec ;Manhã;275;40;6,87;
Metropolitana de Campinas;Jundiaí;Jundiaí;Campinas Sul;Etec Benedito Storani;042;Integrado;Ambiente e Saúde;Saúde;Nutrição e Dietética - MTec-PI;Manhã e Tarde;323;40;8,07;
Metropolitana de Campinas;Jundiaí;Jundiaí;Campinas Sul;Etec Benedito Storani;042;Integrado;Produção Industrial;Química;Química - MTec-PI;Manhã e Tarde;232;40;5,80;
Metropolitana de Campinas;Jundiaí;Jundiaí;Campinas Sul;Etec Vasco Antonio Venchiarutti;008;Técnico;Gestão e Negócios;Gestão;Administração;Noite;64;40;1,60;
Metropolitana de Campinas;Jundiaí;Jundiaí;Campinas Sul;Etec Vasco Antonio Venchiarutti;008;Técnico;Infraestrutura;Geomática;Agrimensura;Noite;47;40;1,17;
Metropolitana de Campinas;Jundiaí;Jundiaí;Campinas Sul;Etec Vasco Antonio Venchiarutti;008;Técnico;Informação e Comunicação;Informática;Desenvolvimento de Sistemas;Noite;86;40;2,15;
Metropolitana de Campinas;Jundiaí;Jundiaí;Campinas Sul;Etec Vasco Antonio Venchiarutti;008;Técnico;Infraestrutura;Construção Civil;Edificações;Noite;68;40;1,70;
Metropolitana de Campinas;Jundiaí;Jundiaí;Campinas Sul;Etec Vasco Antonio Venchiarutti;008;Técnico;Ambiente e Saúde;Meio Ambiente;Meio Ambiente;Noite;46;40;1,14;
Metropolitana de Campinas;Jundiaí;Jundiaí;Campinas Sul;Etec Vasco Antonio Venchiarutti;008;Técnico;Segurança;Saúde;Segurança do Trabalho;Noite;82;40;2,04;
Metropolitana de Campinas;Jundiaí;Jundiaí;Campinas Sul;Etec Vasco Antonio Venchiarutti;008;Integrado;Gestão e Negócios;Gestão;Administração - MTec;Tarde;71;40;1,77;
Metropolitana de Campinas;Jundiaí;Jundiaí;Campinas Sul;Etec Vasco Antonio Venchiarutti;008;Integrado;Gestão e Negócios;Gestão;Administração - MTec;Manhã;369;40;9,22;
Metropolitana de Campinas;Jundiaí;Jundiaí;Campinas Sul;Etec Vasco Antonio Venchiarutti;008;Integrado;Informação e Comunicação;Informática;Desenvolvimento de Sistemas - MTec;Manhã;487;40;12,17;
Metropolitana de Campinas;Jundiaí;Jundiaí;Campinas Sul;Etec Vasco Antonio Venchiarutti;008;Integrado;Informação e Comunicação;Informática;Desenvolvimento de Sistemas - MTec;Tarde;129;40;3,22;
Metropolitana de Campinas;Jundiaí;Jundiaí;Campinas Sul;Etec Vasco Antonio Venchiarutti;008;Integrado;Produção Cultural e Design;Design;Design de Interiores - MTec-N;Noite;86;40;2,15;
Metropolitana de Campinas;Jundiaí;Jundiaí;Campinas Sul;Etec Vasco Antonio Venchiarutti;008;Integrado;Produção Cultural e Design;Imagem Pessoal;Design de Interiores - MTec-PI;Manhã e Tarde;211;40;5,27;
Metropolitana de Campinas;Jundiaí;Jundiaí;Campinas Sul;Etec Vasco Antonio Venchiarutti;008;Integrado;Infraestrutura;Construção Civil;Edificações - MTec-PI;Manhã e Tarde;184;40;4,59;
Metropolitana de Campinas;Jundiaí;Jundiaí;Campinas Sul;Etec Vasco Antonio Venchiarutti;008;Integrado;Informação e Comunicação;Informática;Informática para Internet - MTec;Tarde;109;40;2,72;
Metropolitana de Campinas;Jundiaí;Jundiaí;Campinas Sul;Etec Vasco Antonio Venchiarutti;008;Integrado;Informação e Comunicação;Informática;Informática para Internet - MTec-AMS;Manhã;81;40;2,02;
Metropolitana de Campinas;Jundiaí;Jundiaí;Campinas Sul;Etec Vasco Antonio Venchiarutti;008;Integrado;Gestão e Negócios;Gestão;Logística - MTec;Manhã;162;40;4,05;
Metropolitana de Campinas;Jundiaí;Jundiaí;Campinas Sul;Etec Vasco Antonio Venchiarutti;008;Integrado;Gestão e Negócios;Gestão;Logística - Mtec-N;Noite;87;40;2,17;
Metropolitana de Campinas;Jundiaí;Jundiaí;Campinas Sul;Etec Vasco Antonio Venchiarutti;008;Integrado;Ambiente e Saúde;Meio Ambiente;Meio Ambiente - MTec;Tarde;123;40;3,07;
Metropolitana de Campinas;Jundiaí;Jundiaí;Campinas Sul;Etec Vasco Antonio Venchiarutti;008;Integrado;Gestão e Negócios;Gestão;Recursos Humanos - MTec;Tarde;122;40;3,05;
Metropolitana de Campinas;Jundiaí;Jundiaí;Campinas Sul;Etec Vasco Antonio Venchiarutti;008;Integrado;Segurança;Saúde;Segurança do Trabalho - MTec;Tarde;79;40;1,97;
Metropolitana de Campinas;Jundiaí;Louveira;Campinas Sul;Etec Benedito Storani (EMEB José Odair Montelatto -  Louveira);042.5 - Cd_Cps;Técnico;Gestão e Negócios;Gestão;Logística;Noite;46;30;1,53;
Metropolitana de Campinas;Jundiaí;Louveira;Campinas Sul;Etec Benedito Storani (EMEB José Odair Montelatto -  Louveira);042.5 - Cd_Cps;Integrado;Gestão e Negócios;Gestão;Administração - MTec-N;Noite;52;30;1,73;
Metropolitana de Campinas;Limeira;Araras;Campinas Norte;Etec Prefeito Alberto Feres;024;Técnico;Controle e Processos Industriais;Indústria;Eletrotécnica;Noite;84;40;2,10;
Metropolitana de Campinas;Limeira;Araras;Campinas Norte;Etec Prefeito Alberto Feres;024;Técnico;Ambiente e Saúde;Saúde;Enfermagem;Noite;128;40;3,20;
Metropolitana de Campinas;Limeira;Araras;Campinas Norte;Etec Prefeito Alberto Feres;024;Técnico;Turismo, Hospitalidade e Lazer;Turismo e Hospitalidade;Gastronomia;Noite;85;40;2,12;
Metropolitana de Campinas;Limeira;Araras;Campinas Norte;Etec Prefeito Alberto Feres;024;Técnico;Controle e Processos Industriais;Indústria;Mecânica;Noite;35;40;0,87;
Metropolitana de Campinas;Limeira;Araras;Campinas Norte;Etec Prefeito Alberto Feres;024;Técnico;Produção Industrial;Química;Química;Noite;66;40;1,65;
Metropolitana de Campinas;Limeira;Araras;Campinas Norte;Etec Prefeito Alberto Feres;024;Integrado;Controle e Processos Industriais;Indústria;Mecatrônica - MTec-PI;Manhã e Tarde;192;40;4,80;
Metropolitana de Campinas;Limeira;Araras;Campinas Norte;Etec Prefeito Alberto Feres;024;Integrado;Ambiente e Saúde;Meio Ambiente;Meio Ambiente - MTec-PI;Manhã e Tarde;161;40;4,02;
Metropolitana de Campinas;Limeira;Araras;Campinas Norte;Etec Prefeito Alberto Feres;024;Integrado;Ambiente e Saúde;Saúde;Nutrição e Dietética - MTec-PI;Manhã e Tarde;210;40;5,25;
Metropolitana de Campinas;Limeira;Araras;Campinas Norte;Etec Prefeito Alberto Feres;024;Integrado;Produção Industrial;Química;Química - MTec-PI;Manhã e Tarde;141;40;3,52;
Metropolitana de Campinas;Limeira;Araras;Campinas Norte;Etec Prefeito Alberto Feres (EE Dr. Cesário Coimbra);024.01 - Ext/Etec;Técnico;Gestão e Negócios;Gestão;Administração;Noite;76;40;1,90;
Metropolitana de Campinas;Limeira;Araras;Campinas Norte;Etec Prefeito Alberto Feres (EE Dr. Cesário Coimbra);024.01 - Ext/Etec;Técnico;Informação e Comunicação;Informática;Desenvolvimento de Sistemas;Noite;62;40;1,55;
Metropolitana de Campinas;Limeira;Araras;Campinas Norte;Etec Prefeito Alberto Feres / Faculdade de Tecnologia Antonio Brambilla;024/290 - Etec/Fatec;Integrado;Gestão e Negócios;Gestão;Administração - MTec-AMS;Manhã;110;40;2,75;
Metropolitana de Campinas;Limeira;Araras;Campinas Norte;Etec Prefeito Alberto Feres / Faculdade de Tecnologia Antonio Brambilla;024/290 - Etec/Fatec;Integrado;Informação e Comunicação;Informática;Desenvolvimento de Sistemas - MTec-AMS;Manhã;128;40;3,20;
Metropolitana de Campinas;Limeira;Leme;Campinas Norte;Etec Deputado Salim Sedeh;110;Técnico;Gestão e Negócios;Gestão;Administração;Noite;91;40;2,27;
Metropolitana de Campinas;Limeira;Leme;Campinas Norte;Etec Deputado Salim Sedeh;110;Técnico;Ambiente e Saúde;Saúde;Farmácia;Noite;60;40;1,50;
Metropolitana de Campinas;Limeira;Leme;Campinas Norte;Etec Deputado Salim Sedeh;110;Integrado;Gestão e Negócios;Gestão;Administração - MTec;Manhã;141;40;3,52;
Metropolitana de Campinas;Limeira;Leme;Campinas Norte;Etec Deputado Salim Sedeh;110;Integrado;Informação e Comunicação;Informática;Desenvolvimento de Sistemas - MTec;Manhã;118;40;2,95;
Metropolitana de Campinas;Limeira;Leme;Campinas Norte;Etec Deputado Salim Sedeh;110;Integrado;Informação e Comunicação;Informática;Desenvolvimento de Sistemas - Mtec-N;Noite;37;40;0,92;
Metropolitana de Campinas;Limeira;Leme;Campinas Norte;Etec Deputado Salim Sedeh;110;Integrado;Produção Cultural e Design;Design;Design Gráfico - MTec;Manhã;97;40;2,42;
Metropolitana de Campinas;Limeira;Leme;Campinas Norte;Etec Deputado Salim Sedeh;110;Integrado;Produção Cultural e Design;Design;Design Gráfico - Mtec-N;Noite;30;40;0,75;
Metropolitana de Campinas;Limeira;Leme;Campinas Norte;Etec Deputado Salim Sedeh;110;Integrado;Produção Industrial;Química;Química - MTec;Manhã;84;40;2,10;
Metropolitana de Campinas;Limeira;Limeira;Campinas Norte;Etec Trajano Camargo;104;Técnico;Controle e Processos Industriais;Indústria;Eletrotécnica;Noite;98;40;2,45;
Metropolitana de Campinas;Limeira;Limeira;Campinas Norte;Etec Trajano Camargo;104;Integrado;Gestão e Negócios;Gestão;Administração - MTec-N;Noite;165;40;4,12;
Metropolitana de Campinas;Limeira;Limeira;Campinas Norte;Etec Trajano Camargo;104;Integrado;Informação e Comunicação;Informática;Desenvolvimento de Sistemas - Mtec-N;Noite;170;40;4,25;
Metropolitana de Campinas;Limeira;Limeira;Campinas Norte;Etec Trajano Camargo;104;Integrado;Controle e Processos Industriais;Indústria;Eletroeletrônica  - MTec;Manhã;229;40;5,72;
Metropolitana de Campinas;Limeira;Limeira;Campinas Norte;Etec Trajano Camargo;104;Integrado;Turismo, Hospitalidade e Lazer;Turismo e Hospitalidade;Eventos - MTec-PI;Manhã e Tarde;178;40;4,45;
Metropolitana de Campinas;Limeira;Limeira;Campinas Norte;Etec Trajano Camargo;104;Integrado;Ambiente e Saúde;Saúde;Nutrição e Dietética - MTec;Manhã;275;40;6,87;
Metropolitana de Campinas;Limeira;Limeira;Campinas Norte;Etec Trajano Camargo;104;Integrado;Ambiente e Saúde;Saúde;Nutrição e Dietética - Mtec-N;Noite;67;40;1,67;
Metropolitana de Campinas;Limeira;Limeira;Campinas Norte;Etec Trajano Camargo;104;Integrado;Produção Industrial;Química;Química - MTec-PI;Manhã e Tarde;230;40;5,75;
Metropolitana de Campinas;Limeira;Pirassununga;Campinas Norte;Etec Tenente Aviador Gustavo Klug;139;Técnico;Gestão e Negócios;Gestão;Administração;Noite;41;40;1,02;
Metropolitana de Campinas;Limeira;Pirassununga;Campinas Norte;Etec Tenente Aviador Gustavo Klug;139;Técnico;Controle e Processos Industriais;Indústria;Eletroeletrônica;Noite;67;40;1,67;
Metropolitana de Campinas;Limeira;Pirassununga;Campinas Norte;Etec Tenente Aviador Gustavo Klug;139;Integrado;Gestão e Negócios;Gestão;Administração - MTec-PI;Manhã e Tarde;85;40;2,12;
Metropolitana de Campinas;Limeira;Pirassununga;Campinas Norte;Etec Tenente Aviador Gustavo Klug;139;Integrado;Informação e Comunicação;Informática;Desenvolvimento de Sistemas - MTec-PI ;Manhã e Tarde;95;40;2,37;
Metropolitana de Campinas;Limeira;Pirassununga;Campinas Norte;Etec Tenente Aviador Gustavo Klug;139;Integrado;Gestão e Negócios;Gestão;Marketing - MTec-PI;Manhã e Tarde;78;40;1,95;
Metropolitana de Campinas;Limeira;Pirassununga;Campinas Norte;Etec Tenente Aviador Gustavo Klug;139;Integrado;Gestão e Negócios;Gestão;Recursos Humanos - MTec;Manhã;167;40;4,17;
Metropolitana de Campinas;Metropolitana de Campinas;Americana;Campinas Sul;Etec Polivalente de Americana;006;Médio;Educação Básica;Educação Básica - Ensino Médio;Ensino Médio com Itinerário Formativo de Matemática e suas Tecnologias;Manhã;79;40;1,97;
Metropolitana de Campinas;Metropolitana de Campinas;Americana;Campinas Sul;Etec Polivalente de Americana;006;Técnico;Gestão e Negócios;Gestão;Contabilidade;Noite;42;40;1,05;
Metropolitana de Campinas;Metropolitana de Campinas;Americana;Campinas Sul;Etec Polivalente de Americana;006;Técnico;Segurança;Saúde;Segurança do Trabalho;Noite;61;40;1,52;
Metropolitana de Campinas;Metropolitana de Campinas;Americana;Campinas Sul;Etec Polivalente de Americana;006;Integrado;Gestão e Negócios;Gestão;Administração - MTec-PI;Tarde e Noite;38;40;0,95;
Metropolitana de Campinas;Metropolitana de Campinas;Americana;Campinas Sul;Etec Polivalente de Americana;006;Integrado;Gestão e Negócios;Gestão;Administração - MTec-PI;Manhã e Tarde;174;40;4,34;
Metropolitana de Campinas;Metropolitana de Campinas;Americana;Campinas Sul;Etec Polivalente de Americana;006;Integrado;Informação e Comunicação;Informática;Desenvolvimento de Sistemas - MTec-PI ;Manhã e Tarde;236;40;5,90;
Metropolitana de Campinas;Metropolitana de Campinas;Americana;Campinas Sul;Etec Polivalente de Americana;006;Integrado;Produção Cultural e Design;Imagem Pessoal;Design de Interiores - MTec-PI;Manhã e Tarde;121;40;3,02;
Metropolitana de Campinas;Metropolitana de Campinas;Americana;Campinas Sul;Etec Polivalente de Americana;006;Integrado;Produção Cultural e Design;Imagem Pessoal;Design Gráfico - MTec-PI;Manhã e Tarde;147;40;3,67;
Metropolitana de Campinas;Metropolitana de Campinas;Americana;Campinas Sul;Etec Polivalente de Americana;006;Integrado;Infraestrutura;Construção Civil;Edificações - MTec-PI;Manhã e Tarde;83;40;2,07;
Metropolitana de Campinas;Metropolitana de Campinas;Americana;Campinas Sul;Etec Polivalente de Americana;006;Integrado;Controle e Processos Industriais;Indústria;Mecânica - MTec-PI ;Manhã e Tarde;94;40;2,35;
Metropolitana de Campinas;Metropolitana de Campinas;Americana;Campinas Sul;Etec Polivalente de Americana;006;Integrado;Controle e Processos Industriais;Indústria;Mecânica - MTec-PI ;Tarde e Noite;35;40;0,87;
Metropolitana de Campinas;Metropolitana de Campinas;Americana;Campinas Sul;Etec Polivalente de Americana;006;Integrado;Produção Industrial;Química;Química - MTec-PI;Manhã e Tarde;106;40;2,65;
Metropolitana de Campinas;Metropolitana de Campinas;Americana;Campinas Sul;Etec Polivalente de Americana;006;Integrado;Gestão e Negócios;Gestão;Recursos Humanos - MTec-PI;Tarde e Noite;43;40;1,07;
Metropolitana de Campinas;Metropolitana de Campinas;Americana;Campinas Sul;Etec Polivalente de Americana / Fatec Ministro Ralph Biasi;006/004 - Etec/Fatec;Integrado;Gestão e Negócios;Gestão;Administração - MTec-AMS;Tarde;63;40;1,57;
Metropolitana de Campinas;Metropolitana de Campinas;Americana;Campinas Sul;Etec Polivalente de Americana / Fatec Ministro Ralph Biasi;006/004 - Etec/Fatec;Integrado;Informação e Comunicação;Informática;Desenvolvimento de Sistemas - MTec-AMS;Tarde;105;40;2,62;
Metropolitana de Campinas;Metropolitana de Campinas;Campinas;Campinas Sul;Etec Bento Quirino;043;Técnico;Controle e Processos Industriais;Indústria;Eletrotécnica;Noite;123;35;3,51;
Metropolitana de Campinas;Metropolitana de Campinas;Campinas;Campinas Sul;Etec Bento Quirino;043;Técnico;Controle e Processos Industriais;Indústria;Mecânica;Noite;94;35;2,68;
Metropolitana de Campinas;Metropolitana de Campinas;Campinas;Campinas Sul;Etec Bento Quirino;043;Integrado;Gestão e Negócios;Gestão;Administração - MTec-N;Noite;119;35;3,40;
Metropolitana de Campinas;Metropolitana de Campinas;Campinas;Campinas Sul;Etec Bento Quirino;043;Integrado;Gestão e Negócios;Gestão;Administração - MTec-PI;Manhã e Tarde;595;35;17,00;
Metropolitana de Campinas;Metropolitana de Campinas;Campinas;Campinas Sul;Etec Bento Quirino;043;Integrado;Informação e Comunicação;Informática;Desenvolvimento de Sistemas - MTec (MNP);Manhã;564;35;16,11;
Metropolitana de Campinas;Metropolitana de Campinas;Campinas;Campinas Sul;Etec Bento Quirino;043;Integrado;Informação e Comunicação;Informática;Desenvolvimento de Sistemas - MTec-AMS;Tarde;249;35;7,11;
Metropolitana de Campinas;Metropolitana de Campinas;Campinas;Campinas Sul;Etec Bento Quirino;043;Integrado;Informação e Comunicação;Informática;Desenvolvimento de Sistemas - Mtec-N;Noite;116;35;3,31;
Metropolitana de Campinas;Metropolitana de Campinas;Campinas;Campinas Sul;Etec Bento Quirino;043;Integrado;Controle e Processos Industriais;Indústria;Eletrotécnica - MTec-PI;Manhã e Tarde;196;35;5,60;
Metropolitana de Campinas;Metropolitana de Campinas;Campinas;Campinas Sul;Etec Bento Quirino;043;Integrado;Controle e Processos Industriais;Indústria;Eletrônica - Mtec-N;Noite;78;35;2,22;
Metropolitana de Campinas;Metropolitana de Campinas;Campinas;Campinas Sul;Etec Bento Quirino;043;Integrado;Controle e Processos Industriais;Indústria;Eletrônica - MTec-PI;Manhã e Tarde;314;35;8,97;
Metropolitana de Campinas;Metropolitana de Campinas;Campinas;Campinas Sul;Etec Bento Quirino;043;Integrado;Gestão e Negócios;Gestão;Logística - MTec-PI;Manhã e Tarde;205;35;5,85;
Metropolitana de Campinas;Metropolitana de Campinas;Campinas;Campinas Sul;Etec Bento Quirino;043;Integrado;Controle e Processos Industriais;Indústria;Mecânica - MTec-PI ;Manhã e Tarde;313;35;8,94;
Metropolitana de Campinas;Metropolitana de Campinas;Campinas;Campinas Sul;Etec Bento Quirino (EE Francisco Glicério);043.04 - Ext/Etec;Técnico;Gestão e Negócios;Gestão;Logística;Noite;77;35;2,20;
Metropolitana de Campinas;Metropolitana de Campinas;Campinas;Campinas Sul;Etec Bento Quirino (EE Hercy Moraes);043.01 - Ext/Etec;Técnico;Gestão e Negócios;Gestão;Administração;Noite;49;35;1,40;
Metropolitana de Campinas;Metropolitana de Campinas;Campinas;Campinas Sul;Etec Conselheiro Antonio Prado;007;Técnico;Produção Industrial;Meio Ambiente;Biotecnologia;Noite;67;40;1,67;
Metropolitana de Campinas;Metropolitana de Campinas;Campinas;Campinas Sul;Etec Conselheiro Antonio Prado;007;Técnico;Ambiente e Saúde;Saúde;Farmácia;Noite;64;40;1,60;
Metropolitana de Campinas;Metropolitana de Campinas;Campinas;Campinas Sul;Etec Conselheiro Antonio Prado;007;Técnico;Produção Industrial;Química;Química;Noite;81;40;2,02;
Metropolitana de Campinas;Metropolitana de Campinas;Campinas;Campinas Sul;Etec Conselheiro Antonio Prado;007;Integrado;Produção Alimentícia;Indústria;Alimentos - MTec-N;Noite;80;40;2,00;
Metropolitana de Campinas;Metropolitana de Campinas;Campinas;Campinas Sul;Etec Conselheiro Antonio Prado;007;Integrado;Produção Alimentícia;Química;Alimentos - MTec-PI;Manhã e Tarde;409;40;10,22;
Metropolitana de Campinas;Metropolitana de Campinas;Campinas;Campinas Sul;Etec Conselheiro Antonio Prado;007;Integrado;Produção Industrial;Meio Ambiente;Biotecnologia - MTec-PI;Manhã e Tarde;835;80;10,43;
Metropolitana de Campinas;Metropolitana de Campinas;Campinas;Campinas Sul;Etec Conselheiro Antonio Prado;007;Integrado;Ambiente e Saúde;Saúde;Farmácia - MTec-N;Noite;157;40;3,92;
Metropolitana de Campinas;Metropolitana de Campinas;Campinas;Campinas Sul;Etec Conselheiro Antonio Prado;007;Integrado;Ambiente e Saúde;Meio Ambiente;Meio Ambiente - MTec-PI;Manhã e Tarde;294;80;3,67;
Metropolitana de Campinas;Metropolitana de Campinas;Campinas;Campinas Sul;Etec Conselheiro Antonio Prado;007;Integrado;Produção Industrial;Química;Química - MTec-AMS;Manhã;173;40;4,32;
Metropolitana de Campinas;Metropolitana de Campinas;Campinas;Campinas Sul;Etec Conselheiro Antonio Prado;007;Integrado;Produção Industrial;Química;Química - MTec-PI;Manhã e Tarde;469;80;5,86;
Metropolitana de Campinas;Metropolitana de Campinas;Cosmópolis;Campinas Norte;Etec Trajano Camargo (EMEB Paulo Freire - Cosmópolis);104.4 - Cd_Cps;Técnico;Gestão e Negócios;Gestão;Administração;Noite;81;40;2,02;
Metropolitana de Campinas;Metropolitana de Campinas;Cosmópolis;Campinas Norte;Etec Trajano Camargo (EMEB Paulo Freire - Cosmópolis);104.4 - Cd_Cps;Integrado;Gestão e Negócios;Gestão;Logística - Mtec-N;Noite;81;40;2,02;
Metropolitana de Campinas;Metropolitana de Campinas;Hortolândia;Campinas Sul;Etec de Hortolândia;115;Técnico;Gestão e Negócios;Gestão;Administração;Noite;105;40;2,62;
Metropolitana de Campinas;Metropolitana de Campinas;Hortolândia;Campinas Sul;Etec de Hortolândia;115;Técnico;Informação e Comunicação;Informática;Informática para Internet;Noite;76;40;1,90;
Metropolitana de Campinas;Metropolitana de Campinas;Hortolândia;Campinas Sul;Etec de Hortolândia;115;Técnico;Ambiente e Saúde;Saúde;Nutrição e Dietética;Noite;79;40;1,97;
Metropolitana de Campinas;Metropolitana de Campinas;Hortolândia;Campinas Sul;Etec de Hortolândia;115;Integrado;Gestão e Negócios;Gestão;Administração - MTec-PI;Manhã e Tarde;554;80;6,92;
Metropolitana de Campinas;Metropolitana de Campinas;Hortolândia;Campinas Sul;Etec de Hortolândia;115;Integrado;Informação e Comunicação;Informática;Desenvolvimento de Sistemas - MTec-PI ;Manhã e Tarde;745;80;9,31;
Metropolitana de Campinas;Metropolitana de Campinas;Hortolândia;Campinas Sul;Etec de Hortolândia;115;Integrado;Informação e Comunicação;Informática;Informática para Internet - MTec-N;Noite;157;40;3,92;
Metropolitana de Campinas;Metropolitana de Campinas;Hortolândia;Campinas Sul;Etec de Hortolândia;115;Integrado;Ambiente e Saúde;Saúde;Nutrição e Dietética - Mtec-N;Noite;94;40;2,35;
Metropolitana de Campinas;Metropolitana de Campinas;Hortolândia;Campinas Sul;Etec de Hortolândia;115;Integrado;Ambiente e Saúde;Saúde;Nutrição e Dietética - MTec-PI;Manhã e Tarde;409;40;10,22;
Metropolitana de Campinas;Metropolitana de Campinas;Itapira;Campinas Norte;Etec João Maria Stevanatto;218;Médio;Educação Básica;Educação Básica - Ensino Médio;Ensino Médio com Itinerário Formativo de Ciências Humanas e Sociais Aplicadas;Manhã;111;40;2,77;
Metropolitana de Campinas;Metropolitana de Campinas;Itapira;Campinas Norte;Etec João Maria Stevanatto;218;Técnico;Gestão e Negócios;Gestão;Qualidade;Noite;40;40;1,00;
Metropolitana de Campinas;Metropolitana de Campinas;Itapira;Campinas Norte;Etec João Maria Stevanatto;218;Técnico;Produção Industrial;Química;Química;Noite;30;40;0,75;
Metropolitana de Campinas;Metropolitana de Campinas;Itapira;Campinas Norte;Etec João Maria Stevanatto;218;Integrado;Informação e Comunicação;Informática;Desenvolvimento de Sistemas - MTec-PI ;Manhã e Tarde;161;40;4,02;
Metropolitana de Campinas;Metropolitana de Campinas;Itapira;Campinas Norte;Etec João Maria Stevanatto;218;Integrado;Produção Industrial;Química;Química - Mtec-N;Noite;36;40;0,90;
Metropolitana de Campinas;Metropolitana de Campinas;Itapira;Campinas Norte;Etec João Maria Stevanatto;218;Integrado;Produção Industrial;Química;Química - MTec-PI;Manhã e Tarde;108;40;2,70;
Metropolitana de Campinas;Metropolitana de Campinas;Itapira;Campinas Norte;Etec João Maria Stevanatto / Fatec Ogali de Castro Pacheco;218/278 - Etec/Fatec;Integrado;Gestão e Negócios;Gestão;Administração - MTec-AMS;Tarde;41;40;1,02;
Metropolitana de Campinas;Metropolitana de Campinas;Jaguariúna;Campinas Norte;Etec Euro Albino de Souza (EM Professor José Roberto Chiavegato - Bita - Jaguariúna);206.1 - Cd_Cps;Integrado;Gestão e Negócios;Gestão;Administração - MTec-N;Noite;82;40;2,04;
Metropolitana de Campinas;Metropolitana de Campinas;Mogi Guaçu;Campinas Norte;Etec Euro Albino de Souza;206;Técnico;Controle e Processos Industriais;Indústria;Eletrotécnica;Noite;58;40;1,45;
Metropolitana de Campinas;Metropolitana de Campinas;Mogi Guaçu;Campinas Norte;Etec Euro Albino de Souza;206;Integrado;Gestão e Negócios;Gestão;Administração - MTec-PI;Manhã e Tarde;175;40;4,37;
Metropolitana de Campinas;Metropolitana de Campinas;Mogi Guaçu;Campinas Norte;Etec Euro Albino de Souza;206;Integrado;Controle e Processos Industriais;Indústria;Automação Industrial - MTec;Manhã;177;40;4,42;
Metropolitana de Campinas;Metropolitana de Campinas;Mogi Guaçu;Campinas Norte;Etec Euro Albino de Souza;206;Integrado;Informação e Comunicação;Informática;Desenvolvimento de Sistemas - Mtec-N;Noite;67;40;1,67;
Metropolitana de Campinas;Metropolitana de Campinas;Mogi Guaçu;Campinas Norte;Etec Euro Albino de Souza;206;Integrado;Informação e Comunicação;Informática;Desenvolvimento de Sistemas - MTec-PI ;Manhã e Tarde;191;40;4,77;
Metropolitana de Campinas;Metropolitana de Campinas;Mogi Mirim;Campinas Norte;Etec Pedro Ferreira Alves;096;Técnico;Gestão e Negócios;Gestão;Administração;Noite;71;40;1,77;
Metropolitana de Campinas;Metropolitana de Campinas;Mogi Mirim;Campinas Norte;Etec Pedro Ferreira Alves;096;Técnico;Informação e Comunicação;Informática;Desenvolvimento de Sistemas;Noite;66;40;1,65;
Metropolitana de Campinas;Metropolitana de Campinas;Mogi Mirim;Campinas Norte;Etec Pedro Ferreira Alves;096;Técnico;Controle e Processos Industriais;Indústria;Eletromecânica;Noite;81;40;2,02;
Metropolitana de Campinas;Metropolitana de Campinas;Mogi Mirim;Campinas Norte;Etec Pedro Ferreira Alves;096;Técnico;Ambiente e Saúde;Saúde;Enfermagem;Noite;85;40;2,12;
Metropolitana de Campinas;Metropolitana de Campinas;Mogi Mirim;Campinas Norte;Etec Pedro Ferreira Alves;096;Técnico;Gestão e Negócios;Gestão;Recursos Humanos;Noite;64;40;1,60;
Metropolitana de Campinas;Metropolitana de Campinas;Mogi Mirim;Campinas Norte;Etec Pedro Ferreira Alves;096;Integrado;Gestão e Negócios;Gestão;Administração - MTec;Manhã;293;40;7,32;
Metropolitana de Campinas;Metropolitana de Campinas;Mogi Mirim;Campinas Norte;Etec Pedro Ferreira Alves;096;Integrado;Gestão e Negócios;Gestão;Administração - MTec-N;Noite;66;40;1,65;
Metropolitana de Campinas;Metropolitana de Campinas;Mogi Mirim;Campinas Norte;Etec Pedro Ferreira Alves;096;Integrado;Informação e Comunicação;Informática;Desenvolvimento de Sistemas - MTec;Manhã;218;40;5,45;
Metropolitana de Campinas;Metropolitana de Campinas;Mogi Mirim;Campinas Norte;Etec Pedro Ferreira Alves;096;Integrado;Informação e Comunicação;Informática;Informática para Internet - MTec;Manhã;141;40;3,52;
Metropolitana de Campinas;Metropolitana de Campinas;Mogi Mirim;Campinas Norte;Etec Pedro Ferreira Alves;096;Integrado;Gestão e Negócios;Gestão;Logística - MTec;Manhã;162;40;4,05;
Metropolitana de Campinas;Metropolitana de Campinas;Mogi Mirim;Campinas Norte;Etec Pedro Ferreira Alves;096;Integrado;Controle e Processos Industriais;Indústria;Mecatrônica - MTec;Manhã;190;40;4,75;
Metropolitana de Campinas;Metropolitana de Campinas;Mogi Mirim;Campinas Norte;Etec Pedro Ferreira Alves;096;Integrado;Ambiente e Saúde;Meio Ambiente;Meio Ambiente - MTec;Tarde;125;40;3,12;
Metropolitana de Campinas;Metropolitana de Campinas;Mogi Mirim;Campinas Norte;Etec Pedro Ferreira Alves / Fatec Arthur de Azevedo;096/163 - Etec/Fatec;Integrado;Informação e Comunicação;Informática;Desenvolvimento de Sistemas - MTec-AMS;Tarde;93;40;2,32;
Metropolitana de Campinas;Metropolitana de Campinas;Mogi Mirim;Campinas Norte;Etec Pedro Ferreira Alves / Fatec Arthur de Azevedo;096/163 - Etec/Fatec;Integrado;Controle e Processos Industriais;Indústria;Mecatrônica - MTec-AMS;Tarde;49;40;1,22;
Metropolitana de Campinas;Metropolitana de Campinas;Monte Mor;Campinas Sul;Etec de Monte Mor;198;Técnico;Produção Cultural e Design;Design;Multimídia;Noite;60;35;1,71;
Metropolitana de Campinas;Metropolitana de Campinas;Monte Mor;Campinas Sul;Etec de Monte Mor;198;Integrado;Gestão e Negócios;Gestão;Administração - MTec-N;Noite;110;35;3,14;
Metropolitana de Campinas;Metropolitana de Campinas;Monte Mor;Campinas Sul;Etec de Monte Mor;198;Integrado;Informação e Comunicação;Informática;Desenvolvimento de Sistemas - MTec-PI ;Manhã e Tarde;216;35;6,17;
Metropolitana de Campinas;Metropolitana de Campinas;Monte Mor;Campinas Sul;Etec de Monte Mor;198;Integrado;Gestão e Negócios;Gestão;Logística - MTec-PI;Manhã e Tarde;123;35;3,51;
Metropolitana de Campinas;Metropolitana de Campinas;Monte Mor;Campinas Sul;Etec de Monte Mor;198;Integrado;Gestão e Negócios;Gestão;Marketing - MTec-N;Noite;71;35;2,02;
Metropolitana de Campinas;Metropolitana de Campinas;Nova Odessa;Campinas Sul;Etec Ferrucio Humberto Gazzetta;234;Médio;Educação Básica;Educação Básica - Ensino Médio;Ensino Médio com Itinerário Formativo de Ciências Humanas e Sociais Aplicadas;Manhã;116;40;2,90;
Metropolitana de Campinas;Metropolitana de Campinas;Nova Odessa;Campinas Sul;Etec Ferrucio Humberto Gazzetta;234;Técnico;Gestão e Negócios;Gestão;Administração (MNP);Noite;32;40;0,80;
Metropolitana de Campinas;Metropolitana de Campinas;Nova Odessa;Campinas Sul;Etec Ferrucio Humberto Gazzetta;234;Integrado;Gestão e Negócios;Gestão;Administração - MTec-N;Noite;73;40;1,82;
Metropolitana de Campinas;Metropolitana de Campinas;Nova Odessa;Campinas Sul;Etec Ferrucio Humberto Gazzetta;234;Integrado;Gestão e Negócios;Gestão;Administração - MTec-PI;Manhã e Tarde;126;40;3,15;
Metropolitana de Campinas;Metropolitana de Campinas;Nova Odessa;Campinas Sul;Etec Ferrucio Humberto Gazzetta;234;Integrado;Gestão e Negócios;Gestão;Comércio Exterior - MTec-N;Noite;30;40;0,75;
Metropolitana de Campinas;Metropolitana de Campinas;Nova Odessa;Campinas Sul;Etec Ferrucio Humberto Gazzetta;234;Integrado;Informação e Comunicação;Informática;Desenvolvimento de Sistemas - MTec-PI ;Manhã e Tarde;254;40;6,35;
Metropolitana de Campinas;Metropolitana de Campinas;Nova Odessa;Campinas Sul;Etec Ferrucio Humberto Gazzetta;234;Integrado;Informação e Comunicação;Informática;Informática para Internet - MTec-N;Noite;45;40;1,12;
Metropolitana de Campinas;Metropolitana de Campinas;Nova Odessa;Campinas Sul;Etec Ferrucio Humberto Gazzetta;234;Integrado;Gestão e Negócios;Gestão;Marketing - MTec-PI;Manhã e Tarde;175;40;4,37;
Metropolitana de Campinas;Metropolitana de Campinas;Nova Odessa;Campinas Sul;Etec Ferrucio Humberto Gazzetta;234;Integrado;Gestão e Negócios;Gestão;Recursos Humanos - MTec-PI;Manhã e Tarde;82;40;2,04;
Metropolitana de Campinas;Metropolitana de Campinas;Santa Bárbara d'Oeste;Campinas Sul;Etec Professor Doutor José Dagnoni;117;Técnico;Gestão e Negócios;Gestão;Administração;Noite;73;40;1,82;
Metropolitana de Campinas;Metropolitana de Campinas;Santa Bárbara d'Oeste;Campinas Sul;Etec Professor Doutor José Dagnoni;117;Técnico;Ambiente e Saúde;Saúde;Enfermagem;Tarde;73;40;1,82;
Metropolitana de Campinas;Metropolitana de Campinas;Santa Bárbara d'Oeste;Campinas Sul;Etec Professor Doutor José Dagnoni;117;Técnico;Produção Industrial;Química;Química;Noite;75;40;1,87;
Metropolitana de Campinas;Metropolitana de Campinas;Santa Bárbara d'Oeste;Campinas Sul;Etec Professor Doutor José Dagnoni;117;Integrado;Gestão e Negócios;Gestão;Administração - MTec;Tarde;52;36;1,44;
Metropolitana de Campinas;Metropolitana de Campinas;Santa Bárbara d'Oeste;Campinas Sul;Etec Professor Doutor José Dagnoni;117;Integrado;Gestão e Negócios;Gestão;Administração - MTec;Manhã;204;36;5,66;
Metropolitana de Campinas;Metropolitana de Campinas;Santa Bárbara d'Oeste;Campinas Sul;Etec Professor Doutor José Dagnoni;117;Integrado;Produção Industrial;Meio Ambiente;Biotecnologia - MTec-PI;Tarde e Noite;94;36;2,61;
Metropolitana de Campinas;Metropolitana de Campinas;Santa Bárbara d'Oeste;Campinas Sul;Etec Professor Doutor José Dagnoni;117;Integrado;Informação e Comunicação;Informática;Desenvolvimento de Sistemas - MTec;Tarde;189;36;5,25;
Metropolitana de Campinas;Metropolitana de Campinas;Santa Bárbara d'Oeste;Campinas Sul;Etec Professor Doutor José Dagnoni;117;Integrado;Gestão e Negócios;Gestão;Logística - MTec;Manhã;98;36;2,72;
Metropolitana de Campinas;Metropolitana de Campinas;Santa Bárbara d'Oeste;Campinas Sul;Etec Professor Doutor José Dagnoni;117;Integrado;Gestão e Negócios;Comércio;Marketing - MTec;Manhã;190;36;5,27;
Metropolitana de Campinas;Metropolitana de Campinas;Santa Bárbara d'Oeste;Campinas Sul;Etec Professor Doutor José Dagnoni;117;Integrado;Gestão e Negócios;Comércio;Marketing - MTec;Tarde;50;36;1,38;
Metropolitana de Campinas;Metropolitana de Campinas;Santa Bárbara d'Oeste;Campinas Sul;Etec Professor Doutor José Dagnoni;117;Integrado;Produção Industrial;Química;Química - MTec;Manhã;154;36;4,27;
Metropolitana de Campinas;Metropolitana de Campinas;Santa Bárbara d'Oeste;Campinas Sul;Etec Professor Doutor José Dagnoni;117;Integrado;Gestão e Negócios;Gestão;Recursos Humanos - MTec;Manhã;147;36;4,08;
Metropolitana de Campinas;Metropolitana de Campinas;Sumaré;Campinas Sul;Etec Sumaré Cidade Orquídea;302;Integrado;Gestão e Negócios;Gestão;Administração - MTec;Tarde;57;40;1,42;
Metropolitana de Campinas;Metropolitana de Campinas;Sumaré;Campinas Sul;Etec Sumaré Cidade Orquídea;302;Integrado;Gestão e Negócios;Gestão;Administração - MTec;Manhã;340;40;8,50;
Metropolitana de Campinas;Metropolitana de Campinas;Sumaré;Campinas Sul;Etec Sumaré Cidade Orquídea;302;Integrado;Informação e Comunicação;Informática;Informática para Internet - MTec;Manhã;322;40;8,05;
Metropolitana de Campinas;Metropolitana de Campinas;Sumaré;Campinas Sul;Etec Sumaré Cidade Orquídea;302;Integrado;Informação e Comunicação;Informática;Informática para Internet - MTec;Tarde;71;40;1,77;
Metropolitana de Campinas;Metropolitana de Campinas;Sumaré;Campinas Sul;Etec Sumaré Cidade Orquídea;302;Integrado;Ambiente e Saúde;Meio Ambiente;Meio Ambiente - MTec;Manhã;166;40;4,15;
Metropolitana de Campinas;Metropolitana de Campinas;Valinhos;Campinas Sul;Etec Rosa Perrone Scavone (EMEB Cecília Meirelles - Valinhos);100.5 - Cd_Cps;Técnico;Gestão e Negócios;Gestão;Administração;Noite;50;30;1,66;
Metropolitana de Campinas;Metropolitana de Campinas;Vinhedo;Campinas Sul;Etec Benedito Storani (EM Integração - Vinhedo);042.7 - Cd_Cps;Integrado;Gestão e Negócios;Gestão;Administração - MTec-N;Noite;114;30;3,80;
Metropolitana de Campinas;Piracicaba;Piracicaba;Campinas Sul;Etec Coronel Fernando Febeliano da Costa;056;Técnico;Gestão e Negócios;Gestão;Administração;Noite;89;36;2,47;
Metropolitana de Campinas;Piracicaba;Piracicaba;Campinas Sul;Etec Coronel Fernando Febeliano da Costa;056;Técnico;Informação e Comunicação;Informática;Ciência de Dados;Noite;40;36;1,11;
Metropolitana de Campinas;Piracicaba;Piracicaba;Campinas Sul;Etec Coronel Fernando Febeliano da Costa;056;Técnico;Ambiente e Saúde;Saúde;Enfermagem;Tarde;75;36;2,08;
Metropolitana de Campinas;Piracicaba;Piracicaba;Campinas Sul;Etec Coronel Fernando Febeliano da Costa;056;Técnico;Controle e Processos Industriais;Indústria;Mecânica;Noite;96;36;2,66;
Metropolitana de Campinas;Piracicaba;Piracicaba;Campinas Sul;Etec Coronel Fernando Febeliano da Costa;056;Técnico;Segurança;Saúde;Segurança do Trabalho;Noite;105;36;2,91;
Metropolitana de Campinas;Piracicaba;Piracicaba;Campinas Sul;Etec Coronel Fernando Febeliano da Costa;056;Integrado;Gestão e Negócios;Gestão;Administração - MTec;Manhã;388;36;10,77;
Metropolitana de Campinas;Piracicaba;Piracicaba;Campinas Sul;Etec Coronel Fernando Febeliano da Costa;056;Integrado;Gestão e Negócios;Gestão;Administração - MTec;Tarde;120;36;3,33;
Metropolitana de Campinas;Piracicaba;Piracicaba;Campinas Sul;Etec Coronel Fernando Febeliano da Costa;056;Integrado;Gestão e Negócios;Gestão;Logística - Mtec-N;Noite;58;36;1,61;
Metropolitana de Campinas;Piracicaba;Piracicaba;Campinas Sul;Etec Coronel Fernando Febeliano da Costa;056;Integrado;Controle e Processos Industriais;Indústria;Mecatrônica - MTec;Tarde;297;36;8,25;
Metropolitana de Campinas;Piracicaba;Piracicaba;Campinas Sul;Etec Coronel Fernando Febeliano da Costa;056;Integrado;Ambiente e Saúde;Meio Ambiente;Meio Ambiente - MTec;Manhã;260;36;7,22;
Metropolitana de Campinas;Piracicaba;Piracicaba;Campinas Sul;Etec Coronel Fernando Febeliano da Costa;056;Integrado;Ambiente e Saúde;Saúde;Nutrição e Dietética - MTec;Tarde;328;36;9,11;
Metropolitana de Campinas;Piracicaba;Piracicaba;Campinas Sul;Etec Coronel Fernando Febeliano da Costa / Fatec Deputado Roque Trevisan;056/175 - Etec/Fatec;Integrado;Produção Industrial;Química;Química - MTec-AMS;Tarde;143;40;3,57;
Metropolitana de Campinas;Piracicaba;Piracicaba;Campinas Sul;Etec Deputado Ary de Camargo Pedroso;193;Técnico;Gestão e Negócios;Gestão;Administração;Noite;66;40;1,65;
Metropolitana de Campinas;Piracicaba;Piracicaba;Campinas Sul;Etec Deputado Ary de Camargo Pedroso;193;Técnico;Controle e Processos Industriais;Indústria;Automação Industrial;Noite;52;40;1,30;
Metropolitana de Campinas;Piracicaba;Piracicaba;Campinas Sul;Etec Deputado Ary de Camargo Pedroso;193;Técnico;Controle e Processos Industriais;Indústria;Eletroeletrônica;Noite;69;40;1,72;
Metropolitana de Campinas;Piracicaba;Piracicaba;Campinas Sul;Etec Deputado Ary de Camargo Pedroso;193;Integrado;Gestão e Negócios;Gestão;Administração - MTec;Manhã;253;40;6,32;
Metropolitana de Campinas;Piracicaba;Piracicaba;Campinas Sul;Etec Deputado Ary de Camargo Pedroso;193;Integrado;Gestão e Negócios;Gestão;Administração - MTec-N;Noite;53;40;1,32;
Metropolitana de Campinas;Piracicaba;Piracicaba;Campinas Sul;Etec Deputado Ary de Camargo Pedroso;193;Integrado;Controle e Processos Industriais;Indústria;Automação Industrial - MTec (MNP);Tarde;114;40;2,85;
Metropolitana de Campinas;Piracicaba;Piracicaba;Campinas Sul;Etec Deputado Ary de Camargo Pedroso;193;Integrado;Informação e Comunicação;Informática;Desenvolvimento de Sistemas - MTec;Manhã;283;40;7,07;
Metropolitana de Campinas;Piracicaba;Piracicaba;Campinas Sul;Etec Deputado Ary de Camargo Pedroso;193;Integrado;Gestão e Negócios;Gestão;Logística - MTec;Tarde;49;40;1,22;
Metropolitana de Campinas;Piracicaba;Piracicaba;Campinas Sul;Etec Deputado Ary de Camargo Pedroso;193;Integrado;Gestão e Negócios;Gestão;Logística - MTec;Manhã;131;40;3,27;
Metropolitana de Campinas;Piracicaba;Piracicaba;Campinas Sul;Etec Deputado Ary de Camargo Pedroso;193;Integrado;Gestão e Negócios;Comércio;Marketing - MTec;Tarde;115;40;2,87;
Metropolitana de Campinas;Piracicaba;Rio das Pedras;Campinas Sul;Etec Doutor José Coury;071;Integrado;Gestão e Negócios;Gestão;Administração - MTec;Manhã;114;35;3,25;
Metropolitana de Campinas;Piracicaba;Rio das Pedras;Campinas Sul;Etec Doutor José Coury;071;Integrado;Recursos Naturais;Agropecuária;Agropecuária - MTec;Manhã;153;35;4,37;
Metropolitana de Campinas;Piracicaba;Rio das Pedras;Campinas Sul;Etec Doutor José Coury;071;Integrado;Gestão e Negócios;Gestão;Logística - Mtec-N;Noite;39;35;1,11;
Metropolitana de Campinas;Piracicaba;São Pedro;Campinas Norte;Etec Gustavo Teixeira;236;Integrado;Gestão e Negócios;Gestão;Administração - MTec-N;Noite;39;40;0,97;
Metropolitana de Campinas;Piracicaba;São Pedro;Campinas Norte;Etec Gustavo Teixeira;236;Integrado;Gestão e Negócios;Gestão;Contabilidade - MTec;Manhã;101;40;2,52;
Metropolitana de Campinas;Piracicaba;São Pedro;Campinas Norte;Etec Gustavo Teixeira;236;Integrado;Gestão e Negócios;Gestão;Marketing - MTec-PI;Manhã e Tarde;81;40;2,02;
Metropolitana de Campinas;Piracicaba;São Pedro;Campinas Norte;Etec Gustavo Teixeira;236;Integrado;Ambiente e Saúde;Saúde;Nutrição e Dietética - MTec;Manhã;135;40;3,37;
Metropolitana de Campinas;Rio Claro;Rio Claro;Campinas Norte;Etec Professor Armando Bayeux da Silva;036;Médio;Educação Básica;Educação Básica - Ensino Médio;Ensino Médio com Itinerário Formativo de Ciências da Natureza e suas Tecnologias;Manhã;224;40;5,60;
Metropolitana de Campinas;Rio Claro;Rio Claro;Campinas Norte;Etec Professor Armando Bayeux da Silva;036;Médio;Educação Básica;Educação Básica - Ensino Médio;Ensino Médio com Itinerário Formativo de Ciências Humanas e Sociais Aplicadas;Manhã;180;40;4,50;
Metropolitana de Campinas;Rio Claro;Rio Claro;Campinas Norte;Etec Professor Armando Bayeux da Silva;036;Técnico;Gestão e Negócios;Gestão;Administração;Noite;88;40;2,20;
Metropolitana de Campinas;Rio Claro;Rio Claro;Campinas Norte;Etec Professor Armando Bayeux da Silva;036;Técnico;Controle e Processos Industriais;Indústria;Eletromecânica;Noite;178;40;4,45;
Metropolitana de Campinas;Rio Claro;Rio Claro;Campinas Norte;Etec Professor Armando Bayeux da Silva;036;Técnico;Ambiente e Saúde;Saúde;Enfermagem;Tarde;71;40;1,77;
Metropolitana de Campinas;Rio Claro;Rio Claro;Campinas Norte;Etec Professor Armando Bayeux da Silva;036;Técnico;Controle e Processos Industriais;Indústria;Mecatrônica;Noite;99;40;2,47;
Metropolitana de Campinas;Rio Claro;Rio Claro;Campinas Norte;Etec Professor Armando Bayeux da Silva;036;Integrado;Gestão e Negócios;Gestão;Administração - MTec;Tarde;213;80;2,66;
Metropolitana de Campinas;Rio Claro;Rio Claro;Campinas Norte;Etec Professor Armando Bayeux da Silva;036;Integrado;Informação e Comunicação;Informática;Desenvolvimento de Sistemas - Mtec-N;Noite;204;40;5,09;
Metropolitana de Campinas;Rio Claro;Rio Claro;Campinas Norte;Etec Professor Armando Bayeux da Silva;036;Integrado;Informação e Comunicação;Informática;Desenvolvimento de Sistemas - MTec-PI ;Manhã e Tarde;257;40;6,42;
Metropolitana de Campinas;Rio Claro;Rio Claro;Campinas Norte;Etec Professor Armando Bayeux da Silva (EE Joaquim Ribeiro);036.02 - Ext/Etec;Técnico;Gestão e Negócios;Gestão;Contabilidade;Noite;39;40;0,97;
Metropolitana de Campinas;São João da Boa Vista;Aguaí;Campinas Norte;Etec Arnaldo Pereira Cheregatti;215;Técnico;Ambiente e Saúde;Saúde;Farmácia;Noite;45;40;1,12;
Metropolitana de Campinas;São João da Boa Vista;Aguaí;Campinas Norte;Etec Arnaldo Pereira Cheregatti;215;Técnico;Gestão e Negócios;Gestão;Recursos Humanos;Noite;54;40;1,35;
Metropolitana de Campinas;São João da Boa Vista;Aguaí;Campinas Norte;Etec Arnaldo Pereira Cheregatti;215;Integrado;Gestão e Negócios;Gestão;Administração - MTec;Manhã;102;40;2,54;
Metropolitana de Campinas;São João da Boa Vista;Aguaí;Campinas Norte;Etec Arnaldo Pereira Cheregatti;215;Integrado;Informação e Comunicação;Informática;Informática - MTec;Manhã;51;40;1,27;
Metropolitana de Campinas;São João da Boa Vista;Aguaí;Campinas Norte;Etec Arnaldo Pereira Cheregatti;215;Integrado;Gestão e Negócios;Comércio;Marketing - MTec;Manhã;51;40;1,27;
Metropolitana de Campinas;São João da Boa Vista;Casa Branca;Campinas Norte;Etec Doutor Francisco Nogueira de Lima;059;Médio;Educação Básica;Educação Básica - Ensino Médio;Ensino Médio com Itinerário Formativo de Ciências da Natureza e suas Tecnologias;Manhã;62;40;1,55;
Metropolitana de Campinas;São João da Boa Vista;Casa Branca;Campinas Norte;Etec Doutor Francisco Nogueira de Lima;059;Técnico;Turismo, Hospitalidade e Lazer;Turismo e Hospitalidade;Gastronomia;Noite;72;40;1,80;
Metropolitana de Campinas;São João da Boa Vista;Casa Branca;Campinas Norte;Etec Doutor Francisco Nogueira de Lima;059;Integrado;Gestão e Negócios;Gestão;Administração - MTec;Manhã;103;40;2,57;
Metropolitana de Campinas;São João da Boa Vista;Casa Branca;Campinas Norte;Etec Doutor Francisco Nogueira de Lima;059;Integrado;Informação e Comunicação;Informática;Desenvolvimento de Sistemas - MTec;Manhã;67;40;1,67;
Metropolitana de Campinas;São João da Boa Vista;Casa Branca;Campinas Norte;Etec Doutor Francisco Nogueira de Lima;059;Integrado;Informação e Comunicação;Informática;Informática - MTec-N;Noite;51;40;1,27;
Metropolitana de Campinas;São João da Boa Vista;Casa Branca;Campinas Norte;Etec Doutor Francisco Nogueira de Lima;059;Integrado;Gestão e Negócios;Comércio;Marketing - MTec;Tarde;50;40;1,25;
Metropolitana de Campinas;São João da Boa Vista;Espírito Santo do Pinhal;Campinas Norte;Etec Doutor Carolino da Motta e Silva;047;Técnico;Controle e Processos Industriais;Indústria;Mecânica;Noite;78;40;1,95;
Metropolitana de Campinas;São João da Boa Vista;Espírito Santo do Pinhal;Campinas Norte;Etec Doutor Carolino da Motta e Silva;047;Técnico;Informação e Comunicação;Informática;Programação de Jogos Digitais ;Noite;55;40;1,37;
Metropolitana de Campinas;São João da Boa Vista;Espírito Santo do Pinhal;Campinas Norte;Etec Doutor Carolino da Motta e Silva;047;Técnico;Gestão e Negócios;Gestão;Qualidade;Noite;56;40;1,40;
Metropolitana de Campinas;São João da Boa Vista;Espírito Santo do Pinhal;Campinas Norte;Etec Doutor Carolino da Motta e Silva;047;Integrado;Recursos Naturais;Agropecuária;Agropecuária - MTec-PI;Manhã e Tarde;177;80;2,21;
Metropolitana de Campinas;São João da Boa Vista;Espírito Santo do Pinhal;Campinas Norte;Etec Doutor Carolino da Motta e Silva;047;Integrado;Informação e Comunicação;Informática;Informática para Internet - MTec-PI;Manhã e Tarde;69;40;1,72;
Metropolitana de Campinas;São João da Boa Vista;Espírito Santo do Pinhal;Campinas Norte;Etec Doutor Carolino da Motta e Silva;047;Integrado;Ambiente e Saúde;Meio Ambiente;Meio Ambiente - MTec-PI;Manhã e Tarde;64;40;1,60;
Metropolitana de Campinas;São João da Boa Vista;Mococa;Ribeirão Preto/Franca/Barretos;Etec Francisco Garcia;060;Técnico;Produção Alimentícia;Química;Alimentos;Noite;73;40;1,82;
Metropolitana de Campinas;São João da Boa Vista;Mococa;Ribeirão Preto/Franca/Barretos;Etec Francisco Garcia;060;Técnico;Ambiente e Saúde;Saúde;Enfermagem;Tarde;76;40;1,90;
Metropolitana de Campinas;São João da Boa Vista;Mococa;Ribeirão Preto/Franca/Barretos;Etec Francisco Garcia;060;Técnico;Turismo, Hospitalidade e Lazer;Turismo e Hospitalidade;Gastronomia;Noite;74;40;1,85;
Metropolitana de Campinas;São João da Boa Vista;Mococa;Ribeirão Preto/Franca/Barretos;Etec Francisco Garcia;060;Técnico;Gestão e Negócios;Comércio;Marketing;Noite;66;40;1,65;
Metropolitana de Campinas;São João da Boa Vista;Mococa;Ribeirão Preto/Franca/Barretos;Etec Francisco Garcia;060;Técnico;Controle e Processos Industriais;Indústria;Mecânica;Noite;62;40;1,55;
Metropolitana de Campinas;São João da Boa Vista;Mococa;Ribeirão Preto/Franca/Barretos;Etec Francisco Garcia;060;Técnico;Produção Industrial;Química;Química;Noite;77;40;1,92;
Metropolitana de Campinas;São João da Boa Vista;Mococa;Ribeirão Preto/Franca/Barretos;Etec Francisco Garcia;060;Técnico;Segurança;Saúde;Segurança do Trabalho;Noite;86;40;2,15;
Metropolitana de Campinas;São João da Boa Vista;Mococa;Ribeirão Preto/Franca/Barretos;Etec Francisco Garcia;060;Integrado;Gestão e Negócios;Gestão;Administração - MTec;Manhã;116;40;2,90;
Metropolitana de Campinas;São João da Boa Vista;Mococa;Ribeirão Preto/Franca/Barretos;Etec Francisco Garcia;060;Integrado;Gestão e Negócios;Gestão;Contabilidade - MTec;Manhã;73;40;1,82;
Metropolitana de Campinas;São João da Boa Vista;Mococa;Ribeirão Preto/Franca/Barretos;Etec Francisco Garcia;060;Integrado;Ambiente e Saúde;Saúde;Farmácia - MTec;Tarde;67;40;1,67;
Metropolitana de Campinas;São João da Boa Vista;Mococa;Ribeirão Preto/Franca/Barretos;Etec Francisco Garcia;060;Integrado;Informação e Comunicação;Informática;Informática para Internet - MTec;Manhã;76;40;1,90;
Metropolitana de Campinas;São João da Boa Vista;Mococa;Ribeirão Preto/Franca/Barretos;Etec Francisco Garcia;060;Integrado;Informação e Comunicação;Informática;Informática para Internet - MTec;Tarde;69;40;1,72;
Metropolitana de Campinas;São João da Boa Vista;Mococa;Ribeirão Preto/Franca/Barretos;Etec Francisco Garcia;060;Integrado;Controle e Processos Industriais;Indústria;Mecânica - MTec;Manhã;87;40;2,17;
Metropolitana de Campinas;São João da Boa Vista;Mococa;Ribeirão Preto/Franca/Barretos;Etec Francisco Garcia;060;Integrado;Produção Industrial;Química;Química - MTec;Manhã;99;40;2,47;
Metropolitana de Campinas;São João da Boa Vista;Mococa;Ribeirão Preto/Franca/Barretos;Etec Francisco Garcia / Fatec Mococa - Mário Roberson de Sylos;060/120 - Etec/Fatec;Integrado;Gestão e Negócios;Gestão;Administração - MTec-AMS;Manhã;73;40;1,82;
Metropolitana de Campinas;São João da Boa Vista;Mococa;Ribeirão Preto/Franca/Barretos;Etec João Baptista de Lima Figueiredo;009;Técnico;Controle e Processos Industriais;Indústria;Eletromecânica;Noite;83;36;2,30;
Metropolitana de Campinas;São João da Boa Vista;Mococa;Ribeirão Preto/Franca/Barretos;Etec João Baptista de Lima Figueiredo;009;Técnico;Controle e Processos Industriais;Indústria;Eletrotécnica;Noite;74;36;2,05;
Metropolitana de Campinas;São João da Boa Vista;Mococa;Ribeirão Preto/Franca/Barretos;Etec João Baptista de Lima Figueiredo;009;Integrado;Informação e Comunicação;Informática;Desenvolvimento de Sistemas - MTec-PI ;Manhã e Tarde;92;36;2,55;
Metropolitana de Campinas;São João da Boa Vista;Mococa;Ribeirão Preto/Franca/Barretos;Etec João Baptista de Lima Figueiredo;009;Integrado;Controle e Processos Industriais;Indústria;Eletrotécnica - MTec-PI;Manhã e Tarde;63;36;1,75;
Metropolitana de Campinas;São João da Boa Vista;Mococa;Ribeirão Preto/Franca/Barretos;Etec João Baptista de Lima Figueiredo;009;Integrado;Controle e Processos Industriais;Indústria;Eletrônica - Mtec-N;Noite;57;36;1,58;
Metropolitana de Campinas;São João da Boa Vista;Mococa;Ribeirão Preto/Franca/Barretos;Etec João Baptista de Lima Figueiredo;009;Integrado;Controle e Processos Industriais;Indústria;Mecatrônica - MTec-PI;Manhã e Tarde;63;36;1,75;
Metropolitana de Campinas;São João da Boa Vista;Mococa;Ribeirão Preto/Franca/Barretos;Etec João Batista de Lima Figueiredo / Fatec Mococa - Mário Roberson de Sylos;009/120 - Etec/Fatec;Integrado;Controle e Processos Industriais;Indústria;Automação Industrial - MTec-AMS;Manhã;64;36;1,77;
Metropolitana de Campinas;São João da Boa Vista;Mococa;Ribeirão Preto/Franca/Barretos;Etec João Batista de Lima Figueiredo / Fatec Mococa - Mário Roberson de Sylos;009/120 - Etec/Fatec;Integrado;Informação e Comunicação;Informática;Desenvolvimento de Sistemas - MTec-AMS;Manhã;83;36;2,30;
Metropolitana de Campinas;São João da Boa Vista;Santa Cruz das Palmeiras;Campinas Norte;Etec João Elias Margutti;287;Técnico;Ambiente e Saúde;Saúde;Farmácia;Noite;57;35;1,62;
Metropolitana de Campinas;São João da Boa Vista;Santa Cruz das Palmeiras;Campinas Norte;Etec João Elias Margutti;287;Integrado;Gestão e Negócios;Gestão;Administração - MTec;Tarde;50;35;1,42;
Metropolitana de Campinas;São João da Boa Vista;Santa Cruz das Palmeiras;Campinas Norte;Etec João Elias Margutti;287;Integrado;Gestão e Negócios;Gestão;Logística - Mtec-N;Noite;65;35;1,85;
Metropolitana de Campinas;São João da Boa Vista;Santa Cruz das Palmeiras;Campinas Norte;Etec João Elias Margutti;287;Integrado;Gestão e Negócios;Gestão;Recursos Humanos - MTec;Manhã;75;35;2,14;
Metropolitana de Campinas;São João da Boa Vista;São João da Boa Vista;Campinas Norte;Etec Arnaldo Pereira Cheregatti (EMEB Cidiinha Corso);215.1 - Cd_Cps;Técnico;Gestão e Negócios;Gestão;Administração;Noite;38;35;1,08;
Metropolitana de Campinas;São João da Boa Vista;São José do Rio Pardo;Campinas Norte;Etec Professor Rodolpho José Del Guerra;150;Médio;Educação Básica;Educação Básica - Ensino Médio;Ensino Médio com Itinerário Formativo de Ciências Humanas e Sociais Aplicadas;Manhã;178;40;4,45;
Metropolitana de Campinas;São João da Boa Vista;São José do Rio Pardo;Campinas Norte;Etec Professor Rodolpho José Del Guerra;150;Técnico;Gestão e Negócios;Gestão;Administração;Noite;77;40;1,92;
Metropolitana de Campinas;São João da Boa Vista;São José do Rio Pardo;Campinas Norte;Etec Professor Rodolpho José Del Guerra;150;Integrado;Gestão e Negócios;Gestão;Administração - MTec-N;Noite;61;40;1,52;
Metropolitana de Campinas;São João da Boa Vista;São José do Rio Pardo;Campinas Norte;Etec Professor Rodolpho José Del Guerra;150;Integrado;Informação e Comunicação;Informática;Desenvolvimento de Sistemas - MTec;Tarde;82;40;2,04;
Metropolitana de Campinas;São João da Boa Vista;São José do Rio Pardo;Campinas Norte;Etec Professor Rodolpho José Del Guerra;150;Integrado;Informação e Comunicação;Informática;Informática para Internet - MTec-PI;Manhã e Tarde;181;40;4,52;
Metropolitana de Campinas;São João da Boa Vista;São José do Rio Pardo;Campinas Norte;Etec Professor Rodolpho José Del Guerra;150;Integrado;Produção Industrial;Química;Química - MTec-PI;Manhã e Tarde;123;40;3,07;
Metropolitana de Campinas;São João da Boa Vista;Tambaú;Campinas Norte;Etec Doutor Francisco Nogueira de Lima (EMEB Dr. Alfredo Guedes - Tambaú);059.3 - Cd_Cps;Técnico;Gestão e Negócios;Gestão;Logística;Noite;62;35;1,77;
Metropolitana de Campinas;São João da Boa Vista;Vargem Grande do Sul;Campinas Norte;Etec de Vargem Grande do Sul;179;Médio;Educação Básica;Educação Básica - Ensino Médio;Ensino Médio com Itinerário Formativo de Linguagens e suas Tecnologias;Manhã;76;40;1,90;
Metropolitana de Campinas;São João da Boa Vista;Vargem Grande do Sul;Campinas Norte;Etec de Vargem Grande do Sul;179;Técnico;Informação e Comunicação;Informática;Informática;Noite;54;40;1,35;
Metropolitana de Campinas;São João da Boa Vista;Vargem Grande do Sul;Campinas Norte;Etec de Vargem Grande do Sul;179;Técnico;Gestão e Negócios;Gestão;Qualidade;Noite;72;40;1,80;
Metropolitana de Campinas;São João da Boa Vista;Vargem Grande do Sul;Campinas Norte;Etec de Vargem Grande do Sul;179;Integrado;Gestão e Negócios;Gestão;Administração - MTec;Manhã;153;40;3,82;
Metropolitana de Campinas;São João da Boa Vista;Vargem Grande do Sul;Campinas Norte;Etec de Vargem Grande do Sul;179;Integrado;Informação e Comunicação;Informática;Informática para Internet - MTec;Manhã;151;40;3,77;
Metropolitana de Campinas;São João da Boa Vista;Vargem Grande do Sul;Campinas Norte;Etec de Vargem Grande do Sul;179;Integrado;Ambiente e Saúde;Saúde;Nutrição e Dietética - Mtec-N;Noite;51;40;1,27;
Presidente Prudente;Adamantina;Adamantina;Marília/Presidente Prudente;Etec Engenheiro Herval Bellusci;063;Integrado;Recursos Naturais;Agropecuária;Agropecuária - MTec-N;Noite;59;35;1,68;
Presidente Prudente;Adamantina;Adamantina;Marília/Presidente Prudente;Etec Engenheiro Herval Bellusci;063;Integrado;Recursos Naturais;Agropecuária;Agropecuária - MTec-PI;Manhã e Tarde;92;35;2,62;
Presidente Prudente;Adamantina;Adamantina;Marília/Presidente Prudente;Etec Engenheiro Herval Bellusci / Fatec de Adamantina;063/291 - Etec/Fatec;Integrado;Recursos Naturais;Agropecuária;Agronegócio - MTec-AMS;Tarde;52;35;1,48;
Presidente Prudente;Adamantina;Adamantina;Marília/Presidente Prudente;Etec Professor Eudécio Luiz Vicente;055;Médio;Educação Básica;Educação Básica - Ensino Médio;Ensino Médio com Itinerário Formativo de Ciências Humanas e Sociais Aplicadas;Manhã;113;40;2,82;
Presidente Prudente;Adamantina;Adamantina;Marília/Presidente Prudente;Etec Professor Eudécio Luiz Vicente;055;Técnico;Gestão e Negócios;Gestão;Contabilidade;Noite;81;40;2,02;
Presidente Prudente;Adamantina;Adamantina;Marília/Presidente Prudente;Etec Professor Eudécio Luiz Vicente;055;Técnico;Controle e Processos Industriais;Indústria;Mecânica;Noite;83;40;2,07;
Presidente Prudente;Adamantina;Adamantina;Marília/Presidente Prudente;Etec Professor Eudécio Luiz Vicente;055;Integrado;Gestão e Negócios;Gestão;Administração - MTec-PI;Manhã e Tarde;115;40;2,87;
Presidente Prudente;Adamantina;Adamantina;Marília/Presidente Prudente;Etec Professor Eudécio Luiz Vicente;055;Integrado;Informação e Comunicação;Informática;Desenvolvimento de Sistemas - MTec;Manhã;174;40;4,34;
Presidente Prudente;Adamantina;Adamantina;Marília/Presidente Prudente;Etec Professor Eudécio Luiz Vicente;055;Integrado;Informação e Comunicação;Informática;Informática para Internet - MTec-PI;Manhã e Tarde;75;40;1,87;
Presidente Prudente;Adamantina;Adamantina;Marília/Presidente Prudente;Etec Professor Eudécio Luiz Vicente / Fatec de Adamantina;055/291 - Etec/Fatec;Integrado;Informação e Comunicação;Informática;Desenvolvimento de Sistemas - MTec-AMS;Tarde;65;35;1,85;
Presidente Prudente;Adamantina;Adamantina;Marília/Presidente Prudente;Etec Professor Eudécio Luiz Vicente / Fatec de Adamantina;055/291 - Etec/Fatec;Integrado;Gestão e Negócios;Gestão;Logística - MTec-AMS;Tarde;65;35;1,85;
Presidente Prudente;Adamantina;Osvaldo Cruz;Marília/Presidente Prudente;Etec Amim Jundi;027;Médio;Educação Básica;Educação Básica - Ensino Médio;Ensino Médio com Itinerário Formativo de Ciências Humanas e Sociais Aplicadas;Manhã;184;40;4,59;
Presidente Prudente;Adamantina;Osvaldo Cruz;Marília/Presidente Prudente;Etec Amim Jundi;027;Técnico;Gestão e Negócios;Gestão;Administração;Noite;75;40;1,87;
Presidente Prudente;Adamantina;Osvaldo Cruz;Marília/Presidente Prudente;Etec Amim Jundi;027;Técnico;Informação e Comunicação;Informática;Desenvolvimento de Sistemas;Noite;73;40;1,82;
Presidente Prudente;Adamantina;Osvaldo Cruz;Marília/Presidente Prudente;Etec Amim Jundi;027;Técnico;Ambiente e Saúde;Saúde;Enfermagem;Noite;72;40;1,80;
Presidente Prudente;Adamantina;Osvaldo Cruz;Marília/Presidente Prudente;Etec Amim Jundi;027;Técnico;Ambiente e Saúde;Saúde;Farmácia;Tarde;68;40;1,70;
Presidente Prudente;Adamantina;Osvaldo Cruz;Marília/Presidente Prudente;Etec Amim Jundi;027;Técnico;Produção Industrial;Química;Química;Noite;73;40;1,82;
Presidente Prudente;Adamantina;Osvaldo Cruz;Marília/Presidente Prudente;Etec Amim Jundi;027;Integrado;Gestão e Negócios;Gestão;Administração - MTec;Manhã;188;40;4,70;
Presidente Prudente;Adamantina;Osvaldo Cruz;Marília/Presidente Prudente;Etec Amim Jundi;027;Integrado;Informação e Comunicação;Informática;Desenvolvimento de Sistemas - MTec (MNP);Manhã;171;40;4,27;
Presidente Prudente;Adamantina;Osvaldo Cruz;Marília/Presidente Prudente;Etec Amim Jundi;027;Integrado;Produção Industrial;Química;Química - MTec (MNP);Manhã;143;40;3,57;
Presidente Prudente;Adamantina;Osvaldo Cruz;Marília/Presidente Prudente;Etec Amim Jundi;027;Integrado;Gestão e Negócios;Gestão;Recursos Humanos - MTec;Manhã;188;40;4,70;
Presidente Prudente;Dracena;Dracena;Marília/Presidente Prudente;Etec Professora Carmelina Barbosa;052;Técnico;Produção Industrial;Química;Química;Noite;57;40;1,42;
Presidente Prudente;Dracena;Dracena;Marília/Presidente Prudente;Etec Professora Carmelina Barbosa;052;Integrado;Recursos Naturais;Agropecuária;Agropecuária - MTec-PI;Manhã e Tarde;124;40;3,10;
Presidente Prudente;Dracena;Dracena;Marília/Presidente Prudente;Etec Professora Carmelina Barbosa;052;Integrado;Informação e Comunicação;Informática;Programação de Jogos Digitais - MTec-PI;Manhã e Tarde;83;40;2,07;
Presidente Prudente;Dracena;Dracena;Marília/Presidente Prudente;Etec Professora Carmelina Barbosa;052;Integrado;Produção Industrial;Química;Química - MTec-PI;Manhã e Tarde;86;40;2,15;
Presidente Prudente;Dracena;Dracena;Marília/Presidente Prudente;Etec Profª Carmelina Barbosa - (EMETF Prof.ª Izaura Sampaio - Dracena);052.7 - Cd_Cps;Técnico;Gestão e Negócios;Gestão;Recursos Humanos;Noite;60;40;1,50;
Presidente Prudente;Dracena;Panorama;Marília/Presidente Prudente;Etec Professora Carmelina Barbosa (EM Profª Ophélia Schipa de Oliveira - Panorama);052.5 - Cd_Cps;Técnico;Gestão e Negócios;Gestão;Administração;Noite;65;40;1,62;
Presidente Prudente;Dracena;Tupi Paulista;Marília/Presidente Prudente;Etec Professora Carmelina Barbosa (EM Prof. Leônidas Ramos de Oliveira - Tupi Paulista);052.8 - Cd_Cps;Integrado;Gestão e Negócios;Gestão;Administração - MTec-N;Noite;60;40;1,50;
Presidente Prudente;Presidente Prudente;Iepê;Marília/Presidente Prudente;Etec Deputado Francisco Franco (EMEF João Antonio Rodrigues - Iepê);058.2 - Cd_Cps;Técnico;Gestão e Negócios;Gestão;Logística;Noite;51;40;1,27;
Presidente Prudente;Presidente Prudente;Mirante do Paranapanema;Marília/Presidente Prudente;Etec Professora Nair Luccas Ribeiro (EM Prof.ª Zenóbia Gregório Campelo Cabral - Mirante do Paranapanema);156.9 - Cd_Cps;Técnico;Produção Industrial;Química;Açúcar e Álcool;Noite;55;40;1,37;
Presidente Prudente;Presidente Prudente;Narandiba;Marília/Presidente Prudente;Etec Professor Doutor Antonio Eufrásio Toledo (EMEF Professora Ineura Rodrigues de Lima - Narandiba);032.7 - Cd_Cps;Técnico;Produção Industrial;Química;Açúcar e Álcool;Noite;57;35;1,62;
Presidente Prudente;Presidente Prudente;Presidente Prudente;Marília/Presidente Prudente;Etec Professor Adolpho Arruda Mello;252;Técnico;Gestão e Negócios;Gestão;Contabilidade;Noite;58;35;1,65;
Presidente Prudente;Presidente Prudente;Presidente Prudente;Marília/Presidente Prudente;Etec Professor Adolpho Arruda Mello;252;Técnico;Informação e Comunicação;Informática;Redes de Computadores;Noite;57;35;1,62;
Presidente Prudente;Presidente Prudente;Presidente Prudente;Marília/Presidente Prudente;Etec Professor Adolpho Arruda Mello;252;Integrado;Gestão e Negócios;Gestão;Administração - MTec;Manhã;232;35;6,62;
Presidente Prudente;Presidente Prudente;Presidente Prudente;Marília/Presidente Prudente;Etec Professor Adolpho Arruda Mello;252;Integrado;Gestão e Negócios;Gestão;Administração - MTec-N;Noite;56;35;1,60;
Presidente Prudente;Presidente Prudente;Presidente Prudente;Marília/Presidente Prudente;Etec Professor Adolpho Arruda Mello;252;Integrado;Informação e Comunicação;Informática;Informática para Internet - MTec;Tarde;112;35;3,20;
Presidente Prudente;Presidente Prudente;Presidente Prudente;Marília/Presidente Prudente;Etec Professor Adolpho Arruda Mello;252;Integrado;Gestão e Negócios;Comércio;Marketing - MTec;Manhã;139;35;3,97;
Presidente Prudente;Presidente Prudente;Presidente Prudente;Marília/Presidente Prudente;Etec Professor Adolpho Arruda Mello / Fatec de Presidente Prudente;252/157 - Etec/Fatec;Integrado;Gestão e Negócios;Gestão;Administração - MTec-AMS;Tarde;84;35;2,40;
Presidente Prudente;Presidente Prudente;Presidente Prudente;Marília/Presidente Prudente;Etec Professor Doutor Antonio Eufrásio Toledo;032;Técnico;Ambiente e Saúde;Saúde;Veterinária;Noite;121;40;3,02;
Presidente Prudente;Presidente Prudente;Presidente Prudente;Marília/Presidente Prudente;Etec Professor Doutor Antonio Eufrásio Toledo;032;Integrado;Recursos Naturais;Agropecuária;Agropecuária - MTec-PI;Manhã e Tarde;218;80;2,72;
Presidente Prudente;Presidente Prudente;Presidente Prudente;Marília/Presidente Prudente;Etec Professor Doutor Antonio Eufrásio Toledo;032;Integrado;Recursos Naturais;Agropecuária;Florestas - MTec-PI;Manhã e Tarde;53;40;1,32;
Presidente Prudente;Presidente Prudente;Presidente Prudente;Marília/Presidente Prudente;Etec Professor Doutor Antonio Eufrásio Toledo / Fatec de Presidente Prudente;032/157 - Etec/Fatec;Integrado;Recursos Naturais;Agropecuária;Agronegócio - MTec-AMS;Tarde;42;40;1,05;
Presidente Prudente;Presidente Prudente;Presidente Prudente;Marília/Presidente Prudente;Etec Professor Doutor Antonio Eufrásio Toledo / Fatec de Presidente Prudente;032/157 - Etec/Fatec;Integrado;Informação e Comunicação;Informática;Desenvolvimento de Sistemas - MTec-AMS;Tarde;83;40;2,07;
Presidente Prudente;Presidente Prudente;Presidente Venceslau;Marília/Presidente Prudente;Etec Professor Milton Gazzetti;099;Médio;Educação Básica;Educação Básica - Ensino Médio;Ensino Médio com Itinerário Formativo de Ciências da Natureza e suas Tecnologias;Manhã;78;35;2,22;
Presidente Prudente;Presidente Prudente;Presidente Venceslau;Marília/Presidente Prudente;Etec Professor Milton Gazzetti;099;Técnico;Gestão e Negócios;Gestão;Administração;Noite;53;35;1,51;
Presidente Prudente;Presidente Prudente;Presidente Venceslau;Marília/Presidente Prudente;Etec Professor Milton Gazzetti;099;Técnico;Ambiente e Saúde;Saúde;Enfermagem;Noite;122;35;3,48;
Presidente Prudente;Presidente Prudente;Presidente Venceslau;Marília/Presidente Prudente;Etec Professor Milton Gazzetti;099;Técnico;Informação e Comunicação;Informática;Informática;Noite;54;35;1,54;
Presidente Prudente;Presidente Prudente;Presidente Venceslau;Marília/Presidente Prudente;Etec Professor Milton Gazzetti;099;Integrado;Gestão e Negócios;Gestão;Administração - MTec;Manhã;92;35;2,62;
Presidente Prudente;Presidente Prudente;Presidente Venceslau;Marília/Presidente Prudente;Etec Professor Milton Gazzetti;099;Integrado;Recursos Naturais;Agropecuária;Agropecuária - MTec;Manhã;78;35;2,22;
Presidente Prudente;Presidente Prudente;Presidente Venceslau;Marília/Presidente Prudente;Etec Professor Milton Gazzetti;099;Integrado;Informação e Comunicação;Informática;Informática para Internet - MTec-PI;Manhã e Tarde;52;35;1,48;
Presidente Prudente;Presidente Prudente;Rancharia;Marília/Presidente Prudente;Etec Deputado Francisco Franco;058;Médio;Educação Básica;Educação Básica - Ensino Médio;Ensino Médio com Itinerário Formativo de Linguagens e suas Tecnologias;Manhã;155;40;3,87;
Presidente Prudente;Presidente Prudente;Rancharia;Marília/Presidente Prudente;Etec Deputado Francisco Franco;058;Técnico;Produção Alimentícia;Agropecuária;Agroindústria;Noite;53;40;1,32;
Presidente Prudente;Presidente Prudente;Rancharia;Marília/Presidente Prudente;Etec Deputado Francisco Franco;058;Integrado;Recursos Naturais;Agropecuária;Agropecuária - MTec-PI;Manhã e Tarde;167;80;2,08;
Presidente Prudente;Presidente Prudente;Sandovalina;Marília/Presidente Prudente;Etec Professora Nair Luccas Ribeiro (EMEIF e Suplência de PG Monteiro Lobato - Sandovalina);156.5 - Cd_Cps;Técnico;Produção Industrial;Química;Açúcar e Álcool;Noite;42;40;1,05;
Presidente Prudente;Presidente Prudente;Santo Anastácio;Marília/Presidente Prudente;Etec Professor Milton Gazzetti (EMEF Enrico Bertoni - Santo Anastácio);099.2 - Cd_Cps;Técnico;Gestão e Negócios;Comércio;Comércio;Noite;49;35;1,40;
Presidente Prudente;Presidente Prudente;Teodoro Sampaio;Marília/Presidente Prudente;Etec Professora Nair Luccas Ribeiro;156;Técnico;Ambiente e Saúde;Saúde;Farmácia;Noite;95;35;2,71;
Presidente Prudente;Presidente Prudente;Teodoro Sampaio;Marília/Presidente Prudente;Etec Professora Nair Luccas Ribeiro;156;Integrado;Gestão e Negócios;Gestão;Administração - MTec;Manhã;120;35;3,42;
Presidente Prudente;Presidente Prudente;Teodoro Sampaio;Marília/Presidente Prudente;Etec Professora Nair Luccas Ribeiro;156;Integrado;Recursos Naturais;Agropecuária;Agronegócio - MTec-N;Noite;65;35;1,85;
Presidente Prudente;Presidente Prudente;Teodoro Sampaio;Marília/Presidente Prudente;Etec Professora Nair Luccas Ribeiro;156;Integrado;Turismo, Hospitalidade e Lazer;Turismo e Hospitalidade;Organização Esportiva - MTec-PI;Manhã e Tarde;63;35;1,80;
Registro;Registro;Iguape;Itapeva/Registro;Etec Engenheiro Agrônomo Narciso de Medeiros;089;Técnico;Gestão e Negócios;Gestão;Serviços Jurídicos;Noite;46;40;1,14;
Registro;Registro;Iguape;Itapeva/Registro;Etec Engenheiro Agrônomo Narciso de Medeiros;089;Integrado;Recursos Naturais;Agropecuária;Agropecuária - MTec-PI;Manhã e Tarde;88;40;2,20;
Registro;Registro;Iguape;Itapeva/Registro;Etec Engenheiro Agrônomo Narciso de Medeiros;089;Integrado;Informação e Comunicação;Informática;Informática - MTec;Manhã;125;40;3,12;
Registro;Registro;Iguape;Itapeva/Registro;Etec Engenheiro Agrônomo Narciso de Medeiros (Cozinha Escola de Alimentos da Prefeitura de Iguape - Iguape);089.6 - Cd_Cps;Técnico;Turismo, Hospitalidade e Lazer;Turismo e Hospitalidade;Gastronomia;Noite;47;25;1,88;
Registro;Registro;Registro;Itapeva/Registro;Etec de Registro;239;Integrado;Gestão e Negócios;Gestão;Administração - MTec-N;Noite;35;35;1,00;
Registro;Registro;Registro;Itapeva/Registro;Etec de Registro;239;Integrado;Gestão e Negócios;Gestão;Administração - MTec-PI;Manhã e Tarde;266;35;7,60;
Registro;Registro;Registro;Itapeva/Registro;Etec de Registro;239;Integrado;Informação e Comunicação;Informática;Desenvolvimento de Sistemas - MTec-PI ;Manhã e Tarde;215;35;6,14;
Registro;Registro;Registro;Itapeva/Registro;Etec de Registro / Faculdade de Tecnologia de Registro;239/299 - Etec/Fatec;Integrado;Informação e Comunicação;Informática;Desenvolvimento de Sistemas - MTec-AMS;Tarde;118;35;3,37;
Ribeirão Preto;Ribeirão Preto;Altinópolis;Ribeirão Preto/Franca/Barretos;Etec Antonio de Pádua Cardoso (EMEF Padre Geraldo Trossel - Altinópolis);030.2 - Cd_Cps;Integrado;Gestão e Negócios;Gestão;Administração - MTec-N;Noite;32;40;0,80;
Ribeirão Preto;Ribeirão Preto;Barrinha;Ribeirão Preto/Franca/Barretos;Etec José Martimiano da Silva (EM Armínio Giraldi - Barrinha);074.6 - Cd_Cps;Técnico;Gestão e Negócios;Gestão;Administração;Noite;58;40;1,45;
Ribeirão Preto;Ribeirão Preto;Cravinhos;Ribeirão Preto/Franca/Barretos;Etec de Cravinhos;303;Integrado;Gestão e Negócios;Gestão;Administração - MTec;Manhã;115;40;2,87;
Ribeirão Preto;Ribeirão Preto;Cravinhos;Ribeirão Preto/Franca/Barretos;Etec de Cravinhos;303;Integrado;Gestão e Negócios;Gestão;Logística - MTec;Manhã;57;40;1,42;
Ribeirão Preto;Ribeirão Preto;Guariba;Ribeirão Preto/Franca/Barretos;Etec Bento Carlos Botelho do Amaral;256;Técnico;Segurança;Saúde;Segurança do Trabalho;Noite;44;35;1,25;
Ribeirão Preto;Ribeirão Preto;Guariba;Ribeirão Preto/Franca/Barretos;Etec Bento Carlos Botelho do Amaral;256;Integrado;Gestão e Negócios;Gestão;Administração - MTec;Manhã;160;35;4,57;
Ribeirão Preto;Ribeirão Preto;Guariba;Ribeirão Preto/Franca/Barretos;Etec Bento Carlos Botelho do Amaral;256;Integrado;Informação e Comunicação;Informática;Desenvolvimento de Sistemas - MTec;Manhã;115;35;3,28;
Ribeirão Preto;Ribeirão Preto;Guariba;Ribeirão Preto/Franca/Barretos;Etec Bento Carlos Botelho do Amaral;256;Integrado;Informação e Comunicação;Informática;Informática para Internet - MTec;Tarde;68;35;1,94;
Ribeirão Preto;Ribeirão Preto;Guariba;Ribeirão Preto/Franca/Barretos;Etec Bento Carlos Botelho do Amaral;256;Integrado;Ambiente e Saúde;Meio Ambiente;Meio Ambiente - MTec;Tarde;53;35;1,51;
Ribeirão Preto;Ribeirão Preto;Guariba;Ribeirão Preto/Franca/Barretos;Etec Bento Carlos Botelho do Amaral;256;Integrado;Produção Industrial;Química;Química - MTec;Manhã;96;35;2,74;
Ribeirão Preto;Ribeirão Preto;Guariba;Ribeirão Preto/Franca/Barretos;Etec Bento Carlos Botelho do Amaral;256;Integrado;Gestão e Negócios;Gestão;Recursos Humanos - MTec-N;Noite;57;35;1,62;
Ribeirão Preto;Ribeirão Preto;Jaboticabal;Ribeirão Preto/Franca/Barretos;Etec Bento Carlos Botelho do Amaral / Faculdade de Tecnologia Nilo de Stéfani;256/173 - Etec/Fatec;Integrado;Gestão e Negócios;Gestão;Administração - MTec-AMS;Tarde;75;35;2,14;
Ribeirão Preto;Ribeirão Preto;Jaboticabal;Ribeirão Preto/Franca/Barretos;Etec Bento Carlos Botelho do Amaral / Faculdade de Tecnologia Nilo de Stéfani;256/173 - Etec/Fatec;Integrado;Produção Industrial;Química;Química - MTec-AMS;Tarde;57;35;1,62;
Ribeirão Preto;Ribeirão Preto;Monte Alto;Ribeirão Preto/Franca/Barretos;Etec Alcides Cestari;255;Técnico;Gestão e Negócios;Gestão;Logística;Noite;61;40;1,52;
Ribeirão Preto;Ribeirão Preto;Monte Alto;Ribeirão Preto/Franca/Barretos;Etec Alcides Cestari;255;Integrado;Gestão e Negócios;Gestão;Administração - MTec;Tarde;62;40;1,55;
Ribeirão Preto;Ribeirão Preto;Monte Alto;Ribeirão Preto/Franca/Barretos;Etec Alcides Cestari;255;Integrado;Gestão e Negócios;Gestão;Logística - Mtec-N;Noite;33;40;0,82;
Ribeirão Preto;Ribeirão Preto;Monte Alto;Ribeirão Preto/Franca/Barretos;Etec Alcides Cestari;255;Integrado;Gestão e Negócios;Comércio;Marketing - MTec;Manhã;67;40;1,67;
Ribeirão Preto;Ribeirão Preto;Monte Alto;Ribeirão Preto/Franca/Barretos;Etec Alcides Cestari;255;Integrado;Gestão e Negócios;Gestão;Recursos Humanos - MTec;Manhã;82;40;2,04;
Ribeirão Preto;Ribeirão Preto;Pontal;Ribeirão Preto/Franca/Barretos;Etec José Martimiano da Silva (EMEF Prof.ª Josepha Castro - Pontal);074.11 - Cd_Cps;Técnico;Gestão e Negócios;Gestão;Administração;Noite;60;40;1,50;
Ribeirão Preto;Ribeirão Preto;Pradópolis;Ribeirão Preto/Franca/Barretos;Etec José Martimiano da Silva (EMEF Sergio Rossetti - Pradópolis);074.10 - Cd_Cps;Técnico;Gestão e Negócios;Gestão;Contabilidade;Noite;54;40;1,35;
Ribeirão Preto;Ribeirão Preto;Ribeirão Preto;Ribeirão Preto/Franca/Barretos;Etec José Martimiano da Silva;074;Técnico;Gestão e Negócios;Gestão;Administração;Tarde;60;40;1,50;
Ribeirão Preto;Ribeirão Preto;Ribeirão Preto;Ribeirão Preto/Franca/Barretos;Etec José Martimiano da Silva;074;Técnico;Infraestrutura;Construção Civil;Edificações;Noite;65;40;1,62;
Ribeirão Preto;Ribeirão Preto;Ribeirão Preto;Ribeirão Preto/Franca/Barretos;Etec José Martimiano da Silva;074;Técnico;Controle e Processos Industriais;Indústria;Eletrotécnica;Noite;135;40;3,37;
Ribeirão Preto;Ribeirão Preto;Ribeirão Preto;Ribeirão Preto/Franca/Barretos;Etec José Martimiano da Silva;074;Técnico;Controle e Processos Industriais;Indústria;Eletrônica;Noite;67;40;1,67;
Ribeirão Preto;Ribeirão Preto;Ribeirão Preto;Ribeirão Preto/Franca/Barretos;Etec José Martimiano da Silva;074;Técnico;Controle e Processos Industriais;Indústria;Mecânica;Noite;65;40;1,62;
Ribeirão Preto;Ribeirão Preto;Ribeirão Preto;Ribeirão Preto/Franca/Barretos;Etec José Martimiano da Silva;074;Técnico;Ambiente e Saúde;Saúde;Nutrição e Dietética;Noite;81;40;2,02;
Ribeirão Preto;Ribeirão Preto;Ribeirão Preto;Ribeirão Preto/Franca/Barretos;Etec José Martimiano da Silva;074;Integrado;Gestão e Negócios;Gestão;Administração - MTec-PI;Manhã e Tarde;259;40;6,47;
Ribeirão Preto;Ribeirão Preto;Ribeirão Preto;Ribeirão Preto/Franca/Barretos;Etec José Martimiano da Silva;074;Integrado;Controle e Processos Industriais;Indústria;Automação Industrial - MTec-PI;Manhã e Tarde;108;40;2,70;
Ribeirão Preto;Ribeirão Preto;Ribeirão Preto;Ribeirão Preto/Franca/Barretos;Etec José Martimiano da Silva;074;Integrado;Informação e Comunicação;Informática;Desenvolvimento de Sistemas - MTec;Manhã;377;40;9,42;
Ribeirão Preto;Ribeirão Preto;Ribeirão Preto;Ribeirão Preto/Franca/Barretos;Etec José Martimiano da Silva;074;Integrado;Produção Cultural e Design;Imagem Pessoal;Design de Interiores - MTec-PI;Manhã e Tarde;131;40;3,27;
Ribeirão Preto;Ribeirão Preto;Ribeirão Preto;Ribeirão Preto/Franca/Barretos;Etec José Martimiano da Silva;074;Integrado;Infraestrutura;Construção Civil;Edificações - MTec;Tarde;30;40;0,75;
Ribeirão Preto;Ribeirão Preto;Ribeirão Preto;Ribeirão Preto/Franca/Barretos;Etec José Martimiano da Silva;074;Integrado;Controle e Processos Industriais;Indústria;Eletrotécnica - MTec-PI;Manhã e Tarde;95;40;2,37;
Ribeirão Preto;Ribeirão Preto;Ribeirão Preto;Ribeirão Preto/Franca/Barretos;Etec José Martimiano da Silva;074;Integrado;Turismo, Hospitalidade e Lazer;Turismo e Hospitalidade;Gastronomia - MTec;Manhã;200;40;5,00;
Ribeirão Preto;Ribeirão Preto;Ribeirão Preto;Ribeirão Preto/Franca/Barretos;Etec José Martimiano da Silva;074;Integrado;Controle e Processos Industriais;Indústria;Mecatrônica - MTec;Tarde;92;40;2,29;
Ribeirão Preto;Ribeirão Preto;Ribeirão Preto;Ribeirão Preto/Franca/Barretos;Etec José Martimiano da Silva;074;Integrado;Ambiente e Saúde;Saúde;Nutrição e Dietética - MTec;Tarde;108;40;2,70;
Ribeirão Preto;Ribeirão Preto;Ribeirão Preto;Ribeirão Preto/Franca/Barretos;Etec José Martimiano da Silva;074;Integrado;Gestão e Negócios;Gestão;Recursos Humanos - MTec;Manhã;159;40;3,97;
Ribeirão Preto;Ribeirão Preto;Ribeirão Preto;Ribeirão Preto/Franca/Barretos;Etec José Martimiano da Silva;074;Integrado;Gestão e Negócios;Gestão;Secretariado - MTec;Manhã;88;40;2,20;
Ribeirão Preto;Ribeirão Preto;Ribeirão Preto;Ribeirão Preto/Franca/Barretos;Etec José Martimiano da Silva;074;Especialização;Gestão e Negócios;Gestão;Cálculos Trabalhistas;Noite;48;30;1,60;
Ribeirão Preto;Ribeirão Preto;Ribeirão Preto;Ribeirão Preto/Franca/Barretos;Etec José Martimiano da Silva (EE Prof.ª Amélia dos Santos Musa);074.04 - Ext/Etec;Técnico;Gestão e Negócios;Gestão;Administração;Noite;63;40;1,57;
Ribeirão Preto;Ribeirão Preto;Ribeirão Preto;Ribeirão Preto/Franca/Barretos;Etec José Martimiano da Silva (EE Prof.ª Amélia dos Santos Musa);074.04 - Ext/Etec;Técnico;Informação e Comunicação;Informática;Informática;Noite;44;40;1,10;
Ribeirão Preto;Ribeirão Preto;Ribeirão Preto;Ribeirão Preto/Franca/Barretos;Etec José Martimiano da Silva (EE Prof.ª Amélia dos Santos Musa);074.04 - Ext/Etec;Técnico;Gestão e Negócios;Gestão;Serviços Jurídicos;Noite;65;40;1,62;
Ribeirão Preto;Ribeirão Preto;Santa Rosa de Viterbo;Ribeirão Preto/Franca/Barretos;Etec de Santa Rosa de Viterbo;237;Técnico;Gestão e Negócios;Gestão;Qualidade;Noite;71;40;1,77;
Ribeirão Preto;Ribeirão Preto;Santa Rosa de Viterbo;Ribeirão Preto/Franca/Barretos;Etec de Santa Rosa de Viterbo;237;Integrado;Gestão e Negócios;Gestão;Administração - MTec-N;Noite;60;40;1,50;
Ribeirão Preto;Ribeirão Preto;Santa Rosa de Viterbo;Ribeirão Preto/Franca/Barretos;Etec de Santa Rosa de Viterbo;237;Integrado;Ambiente e Saúde;Saúde;Farmácia - MTec;Manhã;62;40;1,55;
Ribeirão Preto;Ribeirão Preto;Santa Rosa de Viterbo;Ribeirão Preto/Franca/Barretos;Etec de Santa Rosa de Viterbo;237;Integrado;Informação e Comunicação;Informática;Programação de Jogos Digitais - MTec;Manhã;69;40;1,72;
Ribeirão Preto;Ribeirão Preto;São Simão;Ribeirão Preto/Franca/Barretos;Etec Professor Francisco dos Santos;057;Integrado;Recursos Naturais;Agropecuária;Agropecuária - MTec-PI;Manhã e Tarde;182;80;2,27;
Ribeirão Preto;Ribeirão Preto;São Simão;Ribeirão Preto/Franca/Barretos;Etec Professor Francisco dos Santos;057;Integrado;Informação e Comunicação;Informática;Desenvolvimento de Sistemas - Mtec-N;Noite;76;40;1,90;
Ribeirão Preto;Ribeirão Preto;São Simão;Ribeirão Preto/Franca/Barretos;Etec Professor Francisco dos Santos;057;Integrado;Gestão e Negócios;Gestão;Serviços Jurídicos - MTec-N;Noite;41;40;1,02;
Ribeirão Preto;Ribeirão Preto;Serrana;Ribeirão Preto/Franca/Barretos;Etec Ângelo Cavalheiro;214;Integrado;Gestão e Negócios;Gestão;Administração - MTec;Manhã;255;80;3,18;
Ribeirão Preto;Ribeirão Preto;Serrana;Ribeirão Preto/Franca/Barretos;Etec Ângelo Cavalheiro;214;Integrado;Produção Industrial;Química;Química - MTec;Tarde;91;40;2,27;
Ribeirão Preto;Ribeirão Preto;Sertãozinho;Ribeirão Preto/Franca/Barretos;Etec José Martimiano da Silva (EE Winston Churchill);074.02 - Ext/Etec;Técnico;Gestão e Negócios;Gestão;Finanças;Noite;63;40;1,57;
Ribeirão Preto;Ribeirão Preto;Sertãozinho;Ribeirão Preto/Franca/Barretos;Etec José Martimiano da Silva (EE Winston Churchill);074.02 - Ext/Etec;Técnico;Gestão e Negócios;Gestão;Recursos Humanos;Noite;64;40;1,60;
Ribeirão Preto;Ribeirão Preto;Sertãozinho;Ribeirão Preto/Franca/Barretos;Etec José Martimiano da Silva (EE Winston Churchill);074.02 - Ext/Etec;Integrado;Gestão e Negócios;Gestão;Administração - MTec-N;Noite;69;40;1,72;
Ribeirão Preto;Ribeirão Preto;Sertãozinho;Ribeirão Preto/Franca/Barretos;Etec José Martimiano da Silva / Fatec de Tecnologia Deputado Waldyr Alceu Trigo;074/176 - Etec/Fatec;Integrado;Gestão e Negócios;Gestão;Administração - MTec-AMS;Manhã;189;40;4,72;
Ribeirão Preto;Ribeirão Preto;Sertãozinho;Ribeirão Preto/Franca/Barretos;Etec José Martimiano da Silva / Fatec de Tecnologia Deputado Waldyr Alceu Trigo;074/176 - Etec/Fatec;Integrado;Controle e Processos Industriais;Indústria;Mecatrônica - MTec-AMS;Manhã;150;40;3,75;
São José do Rio Preto;Catanduva;Catanduva;São José do Rio Preto/Central;Etec Elias Nechar;054;Integrado;Gestão e Negócios;Gestão;Administração - MTec;Manhã;260;40;6,50;
São José do Rio Preto;Catanduva;Catanduva;São José do Rio Preto/Central;Etec Elias Nechar;054;Integrado;Recursos Naturais;Agropecuária;Agronegócio - MTec;Tarde;42;40;1,05;
São José do Rio Preto;Catanduva;Catanduva;São José do Rio Preto/Central;Etec Elias Nechar;054;Integrado;Informação e Comunicação;Informática;Desenvolvimento de Sistemas - MTec;Manhã;161;40;4,02;
São José do Rio Preto;Catanduva;Catanduva;São José do Rio Preto/Central;Etec Elias Nechar;054;Integrado;Infraestrutura;Construção Civil;Edificações - MTec;Manhã;109;40;2,72;
São José do Rio Preto;Catanduva;Catanduva;São José do Rio Preto/Central;Etec Elias Nechar;054;Integrado;Informação e Comunicação;Informática;Informática para Internet - MTec;Tarde;45;40;1,12;
São José do Rio Preto;Catanduva;Catanduva;São José do Rio Preto/Central;Etec Elias Nechar;054;Integrado;Gestão e Negócios;Comércio;Marketing - MTec;Tarde;33;40;0,82;
São José do Rio Preto;Catanduva;Catanduva;São José do Rio Preto/Central;Etec Elias Nechar;054;Integrado;Controle e Processos Industriais;Indústria;Mecatrônica - MTec-N;Noite;41;40;1,02;
São José do Rio Preto;Catanduva;Catanduva;São José do Rio Preto/Central;Etec Elias Nechar;054;Integrado;Produção Industrial;Química;Química - Mtec-N;Noite;44;40;1,10;
São José do Rio Preto;Catanduva;Catanduva;São José do Rio Preto/Central;Etec Elias Nechar;054;Integrado;Produção Industrial;Química;Química - MTec-PI;Manhã e Tarde;167;40;4,17;
São José do Rio Preto;Catanduva;Novo Horizonte;São José do Rio Preto/Central;Etec Professora Marinês Teodoro de Freitas (EMEF Manoel Roque - Novo Horizonte);212.8 - Cd_Cps;Integrado;Recursos Naturais;Agropecuária;Agropecuária (Alternância) - MTec-PI ;Manhã e Tarde;78;30;2,60;
São José do Rio Preto;Catanduva;Novo Horizonte;São José do Rio Preto/Central;Etec Professora Marinês Teodoro de Freitas Almeida;212;Técnico;Produção Industrial;Química;Açúcar e Álcool;Noite;58;35;1,65;
São José do Rio Preto;Catanduva;Novo Horizonte;São José do Rio Preto/Central;Etec Professora Marinês Teodoro de Freitas Almeida;212;Integrado;Gestão e Negócios;Gestão;Administração - MTec-N;Noite;86;35;2,45;
São José do Rio Preto;Catanduva;Novo Horizonte;São José do Rio Preto/Central;Etec Professora Marinês Teodoro de Freitas Almeida;212;Integrado;Informação e Comunicação;Informática;Desenvolvimento de Sistemas - MTec-PI ;Manhã e Tarde;123;35;3,51;
São José do Rio Preto;Catanduva;Novo Horizonte;São José do Rio Preto/Central;Etec Professora Marinês Teodoro de Freitas Almeida;212;Integrado;Ambiente e Saúde;Meio Ambiente;Meio Ambiente - MTec-PI;Manhã e Tarde;137;35;3,91;
São José do Rio Preto;Catanduva;Urupês;São José do Rio Preto/Central;Etec Elias Nechar (Fundação Chafik Saab - Urupês);054.3 - Cd_Cps;Técnico;Informação e Comunicação;Informática;Desenvolvimento de Sistemas;Noite;34;35;0,97;
São José do Rio Preto;Catanduva;Urupês;São José do Rio Preto/Central;Etec Elias Nechar (Fundação Chafik Saab - Urupês);054.3 - Cd_Cps;Técnico;Ambiente e Saúde;Saúde;Enfermagem;Tarde;57;35;1,62;
São José do Rio Preto;Catanduva;Urupês;São José do Rio Preto/Central;Etec Professora Marinês Teodoro de Freitas (Fundação de Ensino Chafik Saab - Urupês);212.6 - Cd_Cps;Integrado;Recursos Naturais;Agropecuária;Agronegócio - MTec-N;Noite;65;35;1,85;
São José do Rio Preto;Fernandópolis;Fernandópolis;São José do Rio Preto/Central;Etec Professor Armando José Farinazzo;138;Médio;Educação Básica;Educação Básica - Ensino Médio;Ensino Médio com Itinerário Formativo de Linguagens e suas Tecnologias;Manhã;211;40;5,27;
São José do Rio Preto;Fernandópolis;Fernandópolis;São José do Rio Preto/Central;Etec Professor Armando José Farinazzo;138;Médio;Educação Básica;Educação Básica - Ensino Médio;Ensino Médio com Itinerário Formativo de Matemática e suas Tecnologias;Manhã;114;40;2,85;
São José do Rio Preto;Fernandópolis;Fernandópolis;São José do Rio Preto/Central;Etec Professor Armando José Farinazzo;138;Técnico;Gestão e Negócios;Gestão;Administração;Noite;63;40;1,57;
São José do Rio Preto;Fernandópolis;Fernandópolis;São José do Rio Preto/Central;Etec Professor Armando José Farinazzo;138;Técnico;Produção Alimentícia;Química;Alimentos;Noite;63;40;1,57;
São José do Rio Preto;Fernandópolis;Fernandópolis;São José do Rio Preto/Central;Etec Professor Armando José Farinazzo;138;Técnico;Gestão e Negócios;Gestão;Contabilidade;Noite;64;40;1,60;
São José do Rio Preto;Fernandópolis;Fernandópolis;São José do Rio Preto/Central;Etec Professor Armando José Farinazzo;138;Técnico;Controle e Processos Industriais;Indústria;Eletrotécnica;Noite;73;40;1,82;
São José do Rio Preto;Fernandópolis;Fernandópolis;São José do Rio Preto/Central;Etec Professor Armando José Farinazzo;138;Técnico;Informação e Comunicação;Informática;Manutenção e Suporte em Informática;Noite;63;40;1,57;
São José do Rio Preto;Fernandópolis;Fernandópolis;São José do Rio Preto/Central;Etec Professor Armando José Farinazzo;138;Integrado;Gestão e Negócios;Gestão;Administração - MTec;Tarde;91;40;2,27;
São José do Rio Preto;Fernandópolis;Fernandópolis;São José do Rio Preto/Central;Etec Professor Armando José Farinazzo;138;Integrado;Informação e Comunicação;Informática;Informática para Internet - MTec;Tarde;94;40;2,35;
São José do Rio Preto;Fernandópolis;Fernandópolis;São José do Rio Preto/Central;Etec Professor Armando José Farinazzo;138;Integrado;Produção Industrial;Química;Química - MTec-PI;Manhã e Tarde;108;40;2,70;
São José do Rio Preto;Fernandópolis;Fernandópolis;São José do Rio Preto/Central;Etec Professor Armando José Farinazzo;138;Integrado;Gestão e Negócios;Gestão;Serviços Jurídicos - MTec;Tarde;119;40;2,97;
São José do Rio Preto;Jales;Jales;São José do Rio Preto/Central;Etec Doutor José Luiz Viana Coutinho;073;Técnico;Gestão e Negócios;Gestão;Contabilidade;Noite;66;40;1,65;
São José do Rio Preto;Jales;Jales;São José do Rio Preto/Central;Etec Doutor José Luiz Viana Coutinho;073;Técnico;Ambiente e Saúde;Saúde;Enfermagem;Noite;80;40;2,00;
São José do Rio Preto;Jales;Jales;São José do Rio Preto/Central;Etec Doutor José Luiz Viana Coutinho;073;Técnico;Ambiente e Saúde;Saúde;Veterinária;Noite;57;40;1,42;
São José do Rio Preto;Jales;Jales;São José do Rio Preto/Central;Etec Doutor José Luiz Viana Coutinho;073;Integrado;Gestão e Negócios;Gestão;Administração - MTec;Manhã;159;40;3,97;
São José do Rio Preto;Jales;Jales;São José do Rio Preto/Central;Etec Doutor José Luiz Viana Coutinho;073;Integrado;Gestão e Negócios;Gestão;Administração - MTec-N;Noite;48;40;1,20;
São José do Rio Preto;Jales;Jales;São José do Rio Preto/Central;Etec Doutor José Luiz Viana Coutinho;073;Integrado;Recursos Naturais;Agropecuária;Agropecuária - MTec-PI;Manhã e Tarde;112;40;2,80;
São José do Rio Preto;Jales;Jales;São José do Rio Preto/Central;Etec Doutor José Luiz Viana Coutinho;073;Integrado;Informação e Comunicação;Informática;Desenvolvimento de Sistemas - MTec (MNP);Manhã;125;40;3,12;
São José do Rio Preto;Jales;Jales;São José do Rio Preto/Central;Etec Doutor José Luiz Viana Coutinho;073;Integrado;Gestão e Negócios;Gestão;Serviços Jurídicos - MTec;Manhã;128;40;3,20;
São José do Rio Preto;Jales;Jales;São José do Rio Preto/Central;Etec Doutor José Luiz Viana Coutinho / Fatec Professor José Camargo;073/171 - Etec/Fatec;Integrado;Gestão e Negócios;Gestão;Administração - MTec-AMS;Tarde;22;40;0,55;
São José do Rio Preto;Jales;Jales;São José do Rio Preto/Central;Etec Doutor José Luiz Viana Coutinho / Fatec Professor José Camargo;073/171 - Etec/Fatec;Integrado;Recursos Naturais;Agropecuária;Agropecuária - MTec-AMS;Manhã;47;40;1,17;
São José do Rio Preto;Jales;Jales;São José do Rio Preto/Central;Etec Doutor José Luiz Viana Coutinho / Fatec Professor José Camargo;073/171 - Etec/Fatec;Integrado;Informação e Comunicação;Informática;Desenvolvimento de Sistemas - MTec-AMS (MNP);Tarde;34;40;0,85;
São José do Rio Preto;Jales;Santa Fé do Sul;São José do Rio Preto/Central;Etec de Santa Fé do Sul;277;Técnico;Gestão e Negócios;Gestão;Contabilidade;Noite;33;40;0,82;
São José do Rio Preto;Jales;Santa Fé do Sul;São José do Rio Preto/Central;Etec de Santa Fé do Sul;277;Técnico;Controle e Processos Industriais;Indústria;Sistemas de Energia Renovável;Noite;37;40;0,92;
São José do Rio Preto;Jales;Santa Fé do Sul;São José do Rio Preto/Central;Etec de Santa Fé do Sul;277;Integrado;Gestão e Negócios;Gestão;Administração - MTec;Manhã;230;40;5,75;
São José do Rio Preto;Jales;Santa Fé do Sul;São José do Rio Preto/Central;Etec de Santa Fé do Sul;277;Integrado;Informação e Comunicação;Informática;Desenvolvimento de Sistemas - Mtec-N;Noite;185;40;4,62;
São José do Rio Preto;Jales;Santa Fé do Sul;São José do Rio Preto/Central;Etec de Santa Fé do Sul;277;Integrado;Informação e Comunicação;Informática;Informática para Internet - MTec;Manhã;226;40;5,65;
São José do Rio Preto;Jales;Santa Fé do Sul;São José do Rio Preto/Central;Etec de Santa Fé do Sul;277;Integrado;Gestão e Negócios;Gestão;Recursos Humanos - MTec;Tarde;150;40;3,75;
São José do Rio Preto;São José do Rio Preto;Ibirá;São José do Rio Preto/Central;Etec Elias Nechar (EM Vereador José Lopes de Souza - Ibirá);054.13 - Cd_Cps;Técnico;Gestão e Negócios;Gestão;Administração;Noite;44;40;1,10;
São José do Rio Preto;São José do Rio Preto;Mirassol;São José do Rio Preto/Central;Etec Professor Matheus Leite de Abreu;087;Técnico;Recursos Naturais;Agropecuária;Zootecnia;Noite;48;40;1,20;
São José do Rio Preto;São José do Rio Preto;Mirassol;São José do Rio Preto/Central;Etec Professor Matheus Leite de Abreu;087;Integrado;Gestão e Negócios;Gestão;Administração - MTec;Manhã;65;40;1,62;
São José do Rio Preto;São José do Rio Preto;Mirassol;São José do Rio Preto/Central;Etec Professor Matheus Leite de Abreu;087;Integrado;Recursos Naturais;Agropecuária;Agropecuária - MTec-PI;Manhã e Tarde;81;40;2,02;
São José do Rio Preto;São José do Rio Preto;Mirassol;São José do Rio Preto/Central;Etec Professor Matheus Leite de Abreu;087;Integrado;Informação e Comunicação;Informática;Desenvolvimento de Sistemas - MTec;Manhã;61;40;1,52;
São José do Rio Preto;São José do Rio Preto;Monte Aprazível;São José do Rio Preto/Central;Etec Padre José Nunes Dias;075;Técnico;Recursos Naturais;Agropecuária;Agronegócio;Noite;59;40;1,47;
São José do Rio Preto;São José do Rio Preto;Monte Aprazível;São José do Rio Preto/Central;Etec Padre José Nunes Dias;075;Técnico;Ambiente e Saúde;Saúde;Enfermagem;Noite;104;40;2,60;
São José do Rio Preto;São José do Rio Preto;Monte Aprazível;São José do Rio Preto/Central;Etec Padre José Nunes Dias;075;Integrado;Gestão e Negócios;Gestão;Administração - MTec-N;Noite;35;40;0,87;
São José do Rio Preto;São José do Rio Preto;Monte Aprazível;São José do Rio Preto/Central;Etec Padre José Nunes Dias;075;Integrado;Recursos Naturais;Agropecuária;Agropecuária - MTec-PI;Manhã e Tarde;117;40;2,92;
São José do Rio Preto;São José do Rio Preto;Monte Aprazível;São José do Rio Preto/Central;Etec Padre José Nunes Dias;075;Integrado;Ambiente e Saúde;Meio Ambiente;Meio Ambiente - MTec-PI;Manhã e Tarde;70;40;1,75;
São José do Rio Preto;São José do Rio Preto;São José do Rio Preto;São José do Rio Preto/Central;Etec Philadelpho Gouvea Netto;098;Médio;Educação Básica;Educação Básica - Ensino Médio;Ensino Médio com Itinerário Formativo de Matemática e suas Tecnologias;Manhã;139;40;3,47;
São José do Rio Preto;São José do Rio Preto;São José do Rio Preto;São José do Rio Preto/Central;Etec Philadelpho Gouvea Netto;098;Técnico;Gestão e Negócios;Gestão;Contabilidade;Noite;72;40;1,80;
São José do Rio Preto;São José do Rio Preto;São José do Rio Preto;São José do Rio Preto/Central;Etec Philadelpho Gouvea Netto;098;Técnico;Controle e Processos Industriais;Indústria;Eletrotécnica;Noite;139;40;3,47;
São José do Rio Preto;São José do Rio Preto;São José do Rio Preto;São José do Rio Preto/Central;Etec Philadelpho Gouvea Netto;098;Técnico;Ambiente e Saúde;Saúde;Enfermagem;Noite;196;40;4,90;
São José do Rio Preto;São José do Rio Preto;São José do Rio Preto;São José do Rio Preto/Central;Etec Philadelpho Gouvea Netto;098;Técnico;Ambiente e Saúde;Saúde;Enfermagem;Tarde;67;40;1,67;
São José do Rio Preto;São José do Rio Preto;São José do Rio Preto;São José do Rio Preto/Central;Etec Philadelpho Gouvea Netto;098;Técnico;Gestão e Negócios;Gestão;Finanças;Noite;67;40;1,67;
São José do Rio Preto;São José do Rio Preto;São José do Rio Preto;São José do Rio Preto/Central;Etec Philadelpho Gouvea Netto;098;Técnico;Controle e Processos Industriais;Indústria;Mecânica;Noite;48;40;1,20;
São José do Rio Preto;São José do Rio Preto;São José do Rio Preto;São José do Rio Preto/Central;Etec Philadelpho Gouvea Netto;098;Técnico;Ambiente e Saúde;Saúde;Prótese Dentária;Noite;80;40;2,00;
São José do Rio Preto;São José do Rio Preto;São José do Rio Preto;São José do Rio Preto/Central;Etec Philadelpho Gouvea Netto;098;Integrado;Gestão e Negócios;Gestão;Administração - MTec;Tarde;206;40;5,15;
São José do Rio Preto;São José do Rio Preto;São José do Rio Preto;São José do Rio Preto/Central;Etec Philadelpho Gouvea Netto;098;Integrado;Gestão e Negócios;Gestão;Administração - MTec-N;Noite;62;40;1,55;
São José do Rio Preto;São José do Rio Preto;São José do Rio Preto;São José do Rio Preto/Central;Etec Philadelpho Gouvea Netto;098;Integrado;Informação e Comunicação;Informática;Desenvolvimento de Sistemas - Mtec-N;Noite;81;40;2,02;
São José do Rio Preto;São José do Rio Preto;São José do Rio Preto;São José do Rio Preto/Central;Etec Philadelpho Gouvea Netto;098;Integrado;Informação e Comunicação;Informática;Desenvolvimento de Sistemas - MTec-PI ;Manhã e Tarde;427;80;5,33;
São José do Rio Preto;São José do Rio Preto;São José do Rio Preto;São José do Rio Preto/Central;Etec Philadelpho Gouvea Netto;098;Integrado;Infraestrutura;Construção Civil;Edificações - MTec;Manhã;194;40;4,84;
São José do Rio Preto;São José do Rio Preto;São José do Rio Preto;São José do Rio Preto/Central;Etec Philadelpho Gouvea Netto;098;Integrado;Controle e Processos Industriais;Indústria;Eletrônica - MTec;Manhã;149;40;3,72;
São José do Rio Preto;São José do Rio Preto;São José do Rio Preto;São José do Rio Preto/Central;Etec Philadelpho Gouvea Netto;098;Integrado;Controle e Processos Industriais;Indústria;Mecatrônica - MTec-N;Noite;40;40;1,00;
São José do Rio Preto;São José do Rio Preto;São José do Rio Preto;São José do Rio Preto/Central;Etec Philadelpho Gouvea Netto;098;Integrado;Controle e Processos Industriais;Indústria;Mecatrônica - MTec-PI;Manhã e Tarde;155;40;3,87;
São José do Rio Preto;São José do Rio Preto;São José do Rio Preto;São José do Rio Preto/Central;Etec Philadelpho Gouvea Netto;098;Integrado;Ambiente e Saúde;Saúde;Prótese Dentária - MTec;Manhã;202;40;5,05;
São José do Rio Preto;São José do Rio Preto;São José do Rio Preto;São José do Rio Preto/Central;Etec Philadelpho Gouvea Netto;098;Especialização;Ambiente e Saúde;Saúde;Prótese Ortodôntica;Noite;37;30;1,23;
São José do Rio Preto;São José do Rio Preto;Tanabi;São José do Rio Preto/Central;Etec Padre José Nunes Dias (EMEF Ganot Chateaubriand - Tanabi);075.3 - Cd_Cps;Técnico;Gestão e Negócios;Comércio;Marketing (MNP);Noite;40;40;1,00;
São José do Rio Preto;Votuporanga;Votuporanga;São José do Rio Preto/Central;Etec Frei Arnaldo Maria de Itaporanga;037;Técnico;Recursos Naturais;Agropecuária;Zootecnia;Noite;72;40;1,80;
São José do Rio Preto;Votuporanga;Votuporanga;São José do Rio Preto/Central;Etec Frei Arnaldo Maria de Itaporanga;037;Integrado;Gestão e Negócios;Gestão;Administração - MTec-PI;Manhã e Tarde;215;40;5,37;
São José do Rio Preto;Votuporanga;Votuporanga;São José do Rio Preto/Central;Etec Frei Arnaldo Maria de Itaporanga;037;Integrado;Recursos Naturais;Agropecuária;Agropecuária - MTec-PI;Manhã e Tarde;234;80;2,92;
São José do Rio Preto;Votuporanga;Votuporanga;São José do Rio Preto/Central;Etec Frei Arnaldo Maria de Itaporanga;037;Integrado;Informação e Comunicação;Informática;Desenvolvimento de Sistemas - Mtec-N;Noite;83;40;2,07;
São José do Rio Preto;Votuporanga;Votuporanga;São José do Rio Preto/Central;Etec Frei Arnaldo Maria de Itaporanga;037;Integrado;Informação e Comunicação;Informática;Informática para Internet - MTec-PI;Manhã e Tarde;204;40;5,09;
São José do Rio Preto;Votuporanga;Votuporanga;São José do Rio Preto/Central;Etec Frei Arnaldo Maria de Itaporanga;037;Integrado;Gestão e Negócios;Gestão;Recursos Humanos - MTec-N;Noite;63;40;1,57;
São José dos Campos;Caraguatatuba;Caraguatatuba;Vale do Paraíba/Litoral Norte;Etec de Caraguatatuba;213;Técnico;Ambiente e Saúde;Saúde;Nutrição e Dietética;Noite;65;40;1,62;
São José dos Campos;Caraguatatuba;Caraguatatuba;Vale do Paraíba/Litoral Norte;Etec de Caraguatatuba;213;Técnico;Gestão e Negócios;Gestão;Recursos Humanos;Noite;62;40;1,55;
São José dos Campos;Caraguatatuba;Caraguatatuba;Vale do Paraíba/Litoral Norte;Etec de Caraguatatuba;213;Integrado;Gestão e Negócios;Gestão;Administração - MTec-PI;Manhã e Tarde;378;40;9,44;
São José dos Campos;Caraguatatuba;Caraguatatuba;Vale do Paraíba/Litoral Norte;Etec de Caraguatatuba;213;Integrado;Ambiente e Saúde;Meio Ambiente;Meio Ambiente - MTec-PI;Manhã e Tarde;217;40;5,42;
São José dos Campos;Caraguatatuba;Caraguatatuba;Vale do Paraíba/Litoral Norte;Etec de Caraguatatuba;213;Integrado;Gestão e Negócios;Gestão;Recursos Humanos - MTec-N;Noite;92;40;2,29;
São José dos Campos;Caraguatatuba;São Sebastião;Vale do Paraíba/Litoral Norte;Etec de São Sebastião;188;Integrado;Gestão e Negócios;Comércio;Marketing - MTec;Manhã;196;40;4,90;
São José dos Campos;Caraguatatuba;São Sebastião;Vale do Paraíba/Litoral Norte;Etec de São Sebastião;188;Integrado;Ambiente e Saúde;Saúde;Meio Ambiente - MTec-AMS;Manhã;129;40;3,22;
São José dos Campos;Caraguatatuba;São Sebastião;Vale do Paraíba/Litoral Norte;Etec de São Sebastião;188;Integrado;Ambiente e Saúde;Saúde;Nutrição e Dietética - MTec;Tarde;127;40;3,17;
São José dos Campos;Caraguatatuba;São Sebastião;Vale do Paraíba/Litoral Norte;Etec de São Sebastião (Instituto Verdescola - São Sebastião);188.4 - Cd_Cps;Integrado;Gestão e Negócios;Gestão;Administração - MTec-PI;Manhã e Tarde;132;30;4,40;
São José dos Campos;Caraguatatuba;São Sebastião;Vale do Paraíba/Litoral Norte;Etec de São Sebastião (Instituto Verdescola - São Sebastião);188.4 - Cd_Cps;Integrado;Ambiente e Saúde;Meio Ambiente;Meio Ambiente - MTec-PI;Manhã e Tarde;112;30;3,73;
São José dos Campos;Caraguatatuba;São Sebastião;Vale do Paraíba/Litoral Norte;Etec de São Sebastião / Fatec de São Sebastião;188/189 - Etec/Fatec;Integrado;Gestão e Negócios;Gestão;Administração - MTec-AMS;Tarde;100;40;2,50;
São José dos Campos;Caraguatatuba;São Sebastião;Vale do Paraíba/Litoral Norte;Etec de São Sebastião / Fatec de São Sebastião;188/189 - Etec/Fatec;Integrado;Informação e Comunicação;Informática;Desenvolvimento de Sistemas - MTec-AMS;Tarde;96;40;2,40;
São José dos Campos;Caraguatatuba;Ubatuba;Vale do Paraíba/Litoral Norte;Etec de Caraguatatuba (EM Padre José de Anchieta - Ubatuba);213.1 - Cd_Cps;Técnico;Turismo, Hospitalidade e Lazer;Turismo e Hospitalidade;Gastronomia;Noite;131;35;3,74;
São José dos Campos;Caraguatatuba;Ubatuba;Vale do Paraíba/Litoral Norte;Etec de Caraguatatuba (EM Padre José de Anchieta - Ubatuba);213.1 - Cd_Cps;Integrado;Gestão e Negócios;Gestão;Administração - MTec-N;Noite;92;35;2,62;
São José dos Campos;Cruzeiro;Cruzeiro;Vale do Paraíba/Litoral Norte;Etec Professor José Sant'Ana de Castro;077;Médio;Educação Básica;Educação Básica - Ensino Médio;Ensino Médio com Itinerário Formativo de Ciências da Natureza e suas Tecnologias;Manhã;82;40;2,04;
São José dos Campos;Cruzeiro;Cruzeiro;Vale do Paraíba/Litoral Norte;Etec Professor José Sant'Ana de Castro;077;Técnico;Gestão e Negócios;Gestão;Administração (MNP);Noite;65;40;1,62;
São José dos Campos;Cruzeiro;Cruzeiro;Vale do Paraíba/Litoral Norte;Etec Professor José Sant'Ana de Castro;077;Técnico;Ambiente e Saúde;Saúde;Enfermagem;Noite;155;40;3,87;
São José dos Campos;Cruzeiro;Cruzeiro;Vale do Paraíba/Litoral Norte;Etec Professor José Sant'Ana de Castro;077;Técnico;Turismo, Hospitalidade e Lazer;Turismo e Hospitalidade;Gastronomia;Noite;50;40;1,25;
São José dos Campos;Cruzeiro;Cruzeiro;Vale do Paraíba/Litoral Norte;Etec Professor José Sant'Ana de Castro;077;Técnico;Informação e Comunicação;Informática;Informática;Noite;51;40;1,27;
São José dos Campos;Cruzeiro;Cruzeiro;Vale do Paraíba/Litoral Norte;Etec Professor José Sant'Ana de Castro;077;Técnico;Controle e Processos Industriais;Indústria;Mecânica;Noite;80;40;2,00;
São José dos Campos;Cruzeiro;Cruzeiro;Vale do Paraíba/Litoral Norte;Etec Professor José Sant'Ana de Castro;077;Integrado;Informação e Comunicação;Informática;Desenvolvimento de Sistemas - MTec-AMS;Manhã;150;40;3,75;
São José dos Campos;Cruzeiro;Cruzeiro;Vale do Paraíba/Litoral Norte;Etec Professor José Sant'Ana de Castro;077;Integrado;Infraestrutura;Construção Civil;Edificações - Mtec-N;Noite;41;40;1,02;
São José dos Campos;Cruzeiro;Cruzeiro;Vale do Paraíba/Litoral Norte;Etec Professor José Sant'Ana de Castro;077;Integrado;Gestão e Negócios;Gestão;Logística - MTec;Manhã;92;40;2,29;
São José dos Campos;Cruzeiro;Cruzeiro;Vale do Paraíba/Litoral Norte;Etec Professor José Sant'Ana de Castro;077;Integrado;Gestão e Negócios;Comércio;Marketing - MTec;Manhã;131;40;3,27;
São José dos Campos;Cruzeiro;Cruzeiro;Vale do Paraíba/Litoral Norte;Etec Professor José Sant'Ana de Castro;077;Integrado;Controle e Processos Industriais;Indústria;Mecânica - MTec-PI ;Manhã e Tarde;134;40;3,35;
São José dos Campos;Cruzeiro;Cruzeiro;Vale do Paraíba/Litoral Norte;Etec Professor José Sant'Ana de Castro;077;Integrado;Ambiente e Saúde;Saúde;Nutrição e Dietética - MTec;Manhã;138;40;3,45;
São José dos Campos;Guaratinguetá;Aparecida;Vale do Paraíba/Litoral Norte;Etec Professor Alfredo de Barros Santos (Colégio Técnico Municipal de Aparecida Professora Mathilde Fazzeri);026.7 - Cd_Cps;Integrado;Gestão e Negócios;Gestão;Administração - MTec-N;Noite;35;30;1,16;
São José dos Campos;Guaratinguetá;Aparecida;Vale do Paraíba/Litoral Norte;Etec Professor Alfredo de Barros Santos (Colégio Técnico Municipal de Aparecida Professora Mathilde Fazzeri);026.7 - Cd_Cps;Integrado;Informação e Comunicação;Informática;Desenvolvimento de Sistemas - Mtec-N;Noite;34;30;1,13;
São José dos Campos;Guaratinguetá;Cachoeira Paulista;Vale do Paraíba/Litoral Norte;Etec Professor Marcos Uchôas dos Santos Penchel;044;Técnico;Ambiente e Saúde;Saúde;Enfermagem;Noite;101;40;2,52;
São José dos Campos;Guaratinguetá;Cachoeira Paulista;Vale do Paraíba/Litoral Norte;Etec Professor Marcos Uchôas dos Santos Penchel;044;Técnico;Gestão e Negócios;Gestão;Recursos Humanos (MNP);Noite;67;40;1,67;
São José dos Campos;Guaratinguetá;Cachoeira Paulista;Vale do Paraíba/Litoral Norte;Etec Professor Marcos Uchôas dos Santos Penchel;044;Integrado;Gestão e Negócios;Gestão;Administração - MTec-PI;Manhã e Tarde;81;40;2,02;
São José dos Campos;Guaratinguetá;Cachoeira Paulista;Vale do Paraíba/Litoral Norte;Etec Professor Marcos Uchôas dos Santos Penchel;044;Integrado;Informação e Comunicação;Informática;Desenvolvimento de Sistemas - MTec-PI ;Manhã e Tarde;74;40;1,85;
São José dos Campos;Guaratinguetá;Cachoeira Paulista;Vale do Paraíba/Litoral Norte;Etec Professor Marcos Uchôas dos Santos Penchel;044;Integrado;Controle e Processos Industriais;Indústria;Eletrônica - MTec (MNP);Manhã;122;40;3,05;
São José dos Campos;Guaratinguetá;Cachoeira Paulista;Vale do Paraíba/Litoral Norte;Etec Professor Marcos Uchôas dos Santos Penchel;044;Integrado;Gestão e Negócios;Gestão;Recursos Humanos - MTec (MNP);Tarde;66;40;1,65;
São José dos Campos;Guaratinguetá;Guaratinguetá;Vale do Paraíba/Litoral Norte;Etec Professor Alfredo de Barros Santos;026;Técnico;Gestão e Negócios;Gestão;Administração;Noite;71;40;1,77;
São José dos Campos;Guaratinguetá;Guaratinguetá;Vale do Paraíba/Litoral Norte;Etec Professor Alfredo de Barros Santos;026;Técnico;Produção Cultural e Design;Design;Design Gráfico;Noite;41;40;1,02;
São José dos Campos;Guaratinguetá;Guaratinguetá;Vale do Paraíba/Litoral Norte;Etec Professor Alfredo de Barros Santos;026;Técnico;Controle e Processos Industriais;Indústria;Eletromecânica;Noite;110;40;2,75;
São José dos Campos;Guaratinguetá;Guaratinguetá;Vale do Paraíba/Litoral Norte;Etec Professor Alfredo de Barros Santos;026;Técnico;Controle e Processos Industriais;Indústria;Mecânica;Noite;114;40;2,85;
São José dos Campos;Guaratinguetá;Guaratinguetá;Vale do Paraíba/Litoral Norte;Etec Professor Alfredo de Barros Santos;026;Técnico;Segurança;Saúde;Segurança do Trabalho;Noite;51;40;1,27;
São José dos Campos;Guaratinguetá;Guaratinguetá;Vale do Paraíba/Litoral Norte;Etec Professor Alfredo de Barros Santos;026;Integrado;Gestão e Negócios;Gestão;Administração - MTec-PI;Tarde e Noite;290;40;7,25;
São José dos Campos;Guaratinguetá;Guaratinguetá;Vale do Paraíba/Litoral Norte;Etec Professor Alfredo de Barros Santos;026;Integrado;Informação e Comunicação;Informática;Desenvolvimento de Sistemas - MTec-PI ;Tarde e Noite;233;40;5,82;
São José dos Campos;Guaratinguetá;Guaratinguetá;Vale do Paraíba/Litoral Norte;Etec Professor Alfredo de Barros Santos;026;Integrado;Produção Cultural e Design;Design;Design Gráfico - MTec;Manhã;282;40;7,05;
São José dos Campos;Guaratinguetá;Guaratinguetá;Vale do Paraíba/Litoral Norte;Etec Professor Alfredo de Barros Santos;026;Integrado;Controle e Processos Industriais;Indústria;Eletromecânica - MTec;Manhã;280;40;7,00;
São José dos Campos;Guaratinguetá;Guaratinguetá;Vale do Paraíba/Litoral Norte;Etec Professor Alfredo de Barros Santos;026;Integrado;Controle e Processos Industriais;Indústria;Mecânica - MTec-PI ;Tarde e Noite;217;40;5,42;
São José dos Campos;Guaratinguetá;Guaratinguetá;Vale do Paraíba/Litoral Norte;Etec Professor Alfredo de Barros Santos;026;Integrado;Segurança;Saúde;Segurança do Trabalho - MTec;Manhã;236;40;5,90;
São José dos Campos;Guaratinguetá;Guaratinguetá;Vale do Paraíba/Litoral Norte;Etec Professor Alfredo de Barros Santos / Faculdade de Tecnologia João Mod);026/106 - Etec/Fatec;Integrado;Gestão e Negócios;Gestão;Administração - MTec-AMS;Manhã;166;40;4,15;
São José dos Campos;Guaratinguetá;Guaratinguetá;Vale do Paraíba/Litoral Norte;Etec Professor Alfredo de Barros Santos / Faculdade de Tecnologia João Mod);026/106 - Etec/Fatec;Integrado;Informação e Comunicação;Informática;Desenvolvimento de Sistemas - MTec-AMS;Manhã;137;40;3,42;
São José dos Campos;Guaratinguetá;Lorena;Vale do Paraíba/Litoral Norte;Etec Padre Carlos Leôncio da Silva;240;Técnico;Gestão e Negócios;Gestão;Qualidade;Noite;79;40;1,97;
São José dos Campos;Guaratinguetá;Lorena;Vale do Paraíba/Litoral Norte;Etec Padre Carlos Leôncio da Silva;240;Técnico;Segurança;Saúde;Segurança do Trabalho;Noite;69;40;1,72;
São José dos Campos;Guaratinguetá;Lorena;Vale do Paraíba/Litoral Norte;Etec Padre Carlos Leôncio da Silva;240;Integrado;Gestão e Negócios;Gestão;Administração - MTec-PI;Manhã e Tarde;131;40;3,27;
São José dos Campos;Guaratinguetá;Lorena;Vale do Paraíba/Litoral Norte;Etec Padre Carlos Leôncio da Silva;240;Integrado;Informação e Comunicação;Informática;Informática para Internet - MTec;Tarde;100;40;2,50;
São José dos Campos;Guaratinguetá;Lorena;Vale do Paraíba/Litoral Norte;Etec Padre Carlos Leôncio da Silva;240;Integrado;Gestão e Negócios;Gestão;Marketing - MTec-PI;Manhã e Tarde;139;40;3,47;
São José dos Campos;Guaratinguetá;Lorena;Vale do Paraíba/Litoral Norte;Etec Padre Carlos Leôncio da Silva;240;Integrado;Gestão e Negócios;Gestão;Recursos Humanos - MTec-PI;Manhã e Tarde;75;40;1,87;
São José dos Campos;Guaratinguetá;Lorena;Vale do Paraíba/Litoral Norte;Etec Padre Carlos Leôncio da Silva;240;Integrado;Gestão e Negócios;Gestão;Serviços Jurídicos - MTec-PI;Manhã e Tarde;115;40;2,87;
São José dos Campos;São José dos Campos;Caçapava;Vale do Paraíba/Litoral Norte;Etec Machado de Assis;082;Técnico;Gestão e Negócios;Gestão;Administração;Noite;62;40;1,55;
São José dos Campos;São José dos Campos;Caçapava;Vale do Paraíba/Litoral Norte;Etec Machado de Assis;082;Técnico;Informação e Comunicação;Informática;Desenvolvimento de Sistemas;Noite;53;40;1,32;
São José dos Campos;São José dos Campos;Caçapava;Vale do Paraíba/Litoral Norte;Etec Machado de Assis;082;Técnico;Controle e Processos Industriais;Indústria;Mecânica;Noite;96;40;2,40;
São José dos Campos;São José dos Campos;Caçapava;Vale do Paraíba/Litoral Norte;Etec Machado de Assis;082;Integrado;Gestão e Negócios;Gestão;Administração - MTec-PI;Manhã e Tarde;196;40;4,90;
São José dos Campos;São José dos Campos;Caçapava;Vale do Paraíba/Litoral Norte;Etec Machado de Assis;082;Integrado;Informação e Comunicação;Informática;Desenvolvimento de Sistemas - MTec-PI ;Manhã e Tarde;212;40;5,30;
São José dos Campos;São José dos Campos;Caçapava;Vale do Paraíba/Litoral Norte;Etec Machado de Assis;082;Integrado;Informação e Comunicação;Informática;Informática - MTec-N;Noite;42;40;1,05;
São José dos Campos;São José dos Campos;Caçapava;Vale do Paraíba/Litoral Norte;Etec Machado de Assis;082;Integrado;Controle e Processos Industriais;Indústria;Mecânica - MTec-PI ;Manhã e Tarde;116;40;2,90;
São José dos Campos;São José dos Campos;Jacareí;Vale do Paraíba/Litoral Norte;Etec Cônego José Bento;048;Integrado;Gestão e Negócios;Gestão;Administração - MTec-PI;Manhã e Tarde;409;40;10,22;
São José dos Campos;São José dos Campos;Jacareí;Vale do Paraíba/Litoral Norte;Etec Cônego José Bento;048;Integrado;Recursos Naturais;Agropecuária;Agropecuária - MTec-PI;Manhã e Tarde;268;40;6,70;
São José dos Campos;São José dos Campos;Jacareí;Vale do Paraíba/Litoral Norte;Etec Cônego José Bento;048;Integrado;Informação e Comunicação;Informática;Desenvolvimento de Sistemas - MTec-AMS;Manhã;125;40;3,12;
São José dos Campos;São José dos Campos;Jacareí;Vale do Paraíba/Litoral Norte;Etec Cônego José Bento;048;Integrado;Informação e Comunicação;Informática;Desenvolvimento de Sistemas - Mtec-N;Noite;97;40;2,42;
São José dos Campos;São José dos Campos;Jacareí;Vale do Paraíba/Litoral Norte;Etec Cônego José Bento;048;Integrado;Gestão e Negócios;Gestão;Logística - Mtec-N;Noite;58;40;1,45;
São José dos Campos;São José dos Campos;Jacareí;Vale do Paraíba/Litoral Norte;Etec Cônego José Bento;048;Integrado;Ambiente e Saúde;Meio Ambiente;Meio Ambiente - MTec-PI;Manhã e Tarde;131;40;3,27;
São José dos Campos;São José dos Campos;Jacareí;Vale do Paraíba/Litoral Norte;Etec Cônego José Bento;048;Integrado;Produção Industrial;Química;Química - MTec-PI;Manhã e Tarde;218;40;5,45;
São José dos Campos;São José dos Campos;São José dos Campos;Vale do Paraíba/Litoral Norte;Etec Professora Ilza Nascimento Pintus;195;Integrado;Gestão e Negócios;Gestão;Administração - MTec-N;Noite;120;40;3,00;
São José dos Campos;São José dos Campos;São José dos Campos;Vale do Paraíba/Litoral Norte;Etec Professora Ilza Nascimento Pintus;195;Integrado;Gestão e Negócios;Gestão;Administração - MTec-PI;Manhã e Tarde;485;40;12,12;
São José dos Campos;São José dos Campos;São José dos Campos;Vale do Paraíba/Litoral Norte;Etec Professora Ilza Nascimento Pintus;195;Integrado;Informação e Comunicação;Informática;Desenvolvimento de Sistemas - Mtec-N;Noite;159;40;3,97;
São José dos Campos;São José dos Campos;São José dos Campos;Vale do Paraíba/Litoral Norte;Etec Professora Ilza Nascimento Pintus;195;Integrado;Informação e Comunicação;Informática;Desenvolvimento de Sistemas - MTec-PI ;Manhã e Tarde;743;40;18,57;
São José dos Campos;São José dos Campos;São José dos Campos;Vale do Paraíba/Litoral Norte;Etec Professora Ilza Nascimento Pintus;195;Integrado;Gestão e Negócios;Gestão;Recursos Humanos - MTec-N;Noite;37;40;0,92;
São José dos Campos;São José dos Campos;São José dos Campos;Vale do Paraíba/Litoral Norte;Etec Professora Ilza Nascimento Pintus;195;Integrado;Gestão e Negócios;Gestão;Recursos Humanos - MTec-PI;Manhã e Tarde;172;40;4,30;
São José dos Campos;São José dos Campos;São José dos Campos;Vale do Paraíba/Litoral Norte;Etec Professora Ilza Nascimento Pintus (EE Prof. José Vieira Macedo);195.01 - Ext/Etec;Técnico;Gestão e Negócios;Gestão;Comércio Exterior;Noite;46;40;1,14;
São José dos Campos;São José dos Campos;São José dos Campos;Vale do Paraíba/Litoral Norte;Etec Professora Ilza Nascimento Pintus (EE Prof. José Vieira Macedo);195.01 - Ext/Etec;Técnico;Gestão e Negócios;Gestão;Qualidade;Noite;55;40;1,37;
São José dos Campos;Taubaté;Lagoinha;Vale do Paraíba/Litoral Norte;Etec Professor Marcos Uchôas dos Santos (EMEF Prof. Alceu Coelho - Lagoinha);044.5 - Cd_Cps;Técnico;Gestão e Negócios;Gestão;Recursos Humanos;Noite;37;40;0,92;
São José dos Campos;Taubaté;Pindamonhangaba;Vale do Paraíba/Litoral Norte;Etec João Gomes de Araújo;068;Técnico;Gestão e Negócios;Gestão;Administração (MNP);Noite;52;40;1,30;
São José dos Campos;Taubaté;Pindamonhangaba;Vale do Paraíba/Litoral Norte;Etec João Gomes de Araújo;068;Técnico;Turismo, Hospitalidade e Lazer;Turismo e Hospitalidade;Gastronomia (MNP);Noite;45;40;1,12;
São José dos Campos;Taubaté;Pindamonhangaba;Vale do Paraíba/Litoral Norte;Etec João Gomes de Araújo;068;Técnico;Controle e Processos Industriais;Indústria;Mecânica;Noite;78;40;1,95;
São José dos Campos;Taubaté;Pindamonhangaba;Vale do Paraíba/Litoral Norte;Etec João Gomes de Araújo;068;Integrado;Gestão e Negócios;Gestão;Administração - MTec-PI;Manhã e Tarde;173;40;4,32;
São José dos Campos;Taubaté;Pindamonhangaba;Vale do Paraíba/Litoral Norte;Etec João Gomes de Araújo;068;Integrado;Recursos Naturais;Agropecuária;Agronegócio - MTec-PI;Manhã e Tarde;49;40;1,22;
São José dos Campos;Taubaté;Pindamonhangaba;Vale do Paraíba/Litoral Norte;Etec João Gomes de Araújo;068;Integrado;Informação e Comunicação;Informática;Desenvolvimento de Sistemas - MTec-PI ;Manhã e Tarde;184;40;4,59;
São José dos Campos;Taubaté;Pindamonhangaba;Vale do Paraíba/Litoral Norte;Etec João Gomes de Araújo;068;Integrado;Controle e Processos Industriais;Indústria;Mecânica - MTec-PI ;Manhã e Tarde;131;40;3,27;
São José dos Campos;Taubaté;Pindamonhangaba;Vale do Paraíba/Litoral Norte;Etec João Gomes de Araújo;068;Integrado;Ambiente e Saúde;Saúde;Nutrição e Dietética - MTec-PI;Manhã e Tarde;158;40;3,95;
São José dos Campos;Taubaté;Pindamonhangaba;Vale do Paraíba/Litoral Norte;Etec João Gomes de Araújo;068;Integrado;Gestão e Negócios;Gestão;Serviços Jurídicos - MTec-PI;Manhã e Tarde;136;40;3,40;
São José dos Campos;Taubaté;Pindamonhangaba;Vale do Paraíba/Litoral Norte;Etec João Gomes de Araújo;068;Especialização;Ambiente e Saúde;Saúde;Gestão de Unidades de Alimentação e Nutrição;Noite;27;25;1,08;
São José dos Campos;Taubaté;Pindamonhangaba;Vale do Paraíba/Litoral Norte;Etec João Gomes de Araújo (EE Deputado Claro César);068.08 - Ext/Etec;Técnico;Gestão e Negócios;Gestão;Qualidade;Noite;59;35;1,68;
São José dos Campos;Taubaté;Pindamonhangaba;Vale do Paraíba/Litoral Norte;Etec João Gomes de Araújo / Fatec de Pindamonhangaba;068/133 - Etec/Fatec;Integrado;Gestão e Negócios;Gestão;Administração - MTec-AMS;Tarde;62;40;1,55;
São José dos Campos;Taubaté;Pindamonhangaba;Vale do Paraíba/Litoral Norte;Etec João Gomes de Araújo / Fatec de Pindamonhangaba;068/133 - Etec/Fatec;Integrado;Informação e Comunicação;Informática;Desenvolvimento de Sistemas - MTec-AMS (MNP);Tarde;74;40;1,85;
São José dos Campos;Taubaté;Taubaté;Vale do Paraíba/Litoral Norte;Etec Doutor Geraldo José Rodrigues Alckmin;125;Integrado;Gestão e Negócios;Gestão;Administração - MTec-N;Noite;108;35;3,08;
São José dos Campos;Taubaté;Taubaté;Vale do Paraíba/Litoral Norte;Etec Doutor Geraldo José Rodrigues Alckmin;125;Integrado;Gestão e Negócios;Gestão;Administração - MTec-PI;Manhã e Tarde;216;35;6,17;
São José dos Campos;Taubaté;Taubaté;Vale do Paraíba/Litoral Norte;Etec Doutor Geraldo José Rodrigues Alckmin;125;Integrado;Informação e Comunicação;Informática;Informática para Internet - MTec-PI;Manhã e Tarde;239;35;6,82;
São José dos Campos;Taubaté;Taubaté;Vale do Paraíba/Litoral Norte;Etec Doutor Geraldo José Rodrigues Alckmin;125;Integrado;Gestão e Negócios;Gestão;Marketing - MTec-PI;Manhã e Tarde;198;35;5,65;
São José dos Campos;Taubaté;Taubaté;Vale do Paraíba/Litoral Norte;Etec Doutor Geraldo José Rodrigues Alckmin;125;Integrado;Gestão e Negócios;Gestão;Recursos Humanos - MTec-N;Noite;86;35;2,45;
São José dos Campos;Taubaté;Taubaté;Vale do Paraíba/Litoral Norte;Etec Doutor Geraldo José Rodrigues Alckmin;125;Integrado;Segurança;Saúde;Segurança do Trabalho - MTec-N;Noite;68;35;1,94;
São José dos Campos;Taubaté;Taubaté;Vale do Paraíba/Litoral Norte;Etec Doutor Geraldo José Rodrigues Alckmin;125;Integrado;Segurança;Saúde;Segurança do Trabalho - MTec-PI;Manhã e Tarde;159;35;4,54;
São José dos Campos;Taubaté;Taubaté;Vale do Paraíba/Litoral Norte;Etec Doutor Geraldo José Rodrigues Alckmin / Fatec de Taubaté;125/251 - Etec/Fatec;Integrado;Informação e Comunicação;Informática;Desenvolvimento de Sistemas - MTec (MNP);Manhã;295;40;7,37;
São José dos Campos;Taubaté;Taubaté;Vale do Paraíba/Litoral Norte;Etec Doutor Geraldo José Rodrigues Alckmin / Fatec de Taubaté;125/251 - Etec/Fatec;Integrado;Informação e Comunicação;Informática;Desenvolvimento de Sistemas - MTec-AMS (MNP);Tarde;123;40;3,07;
São José dos Campos;Taubaté;Taubaté;Vale do Paraíba/Litoral Norte;Etec Doutor Geraldo José Rodrigues Alckmin / Fatec de Taubaté;125/251 - Etec/Fatec;Integrado;Gestão e Negócios;Gestão;Logística - MTec;Tarde;107;40;2,67;
Sorocaba;Avaré;Avaré;Sorocaba;Etec Professor Fausto Mazzola;145;Técnico;Informação e Comunicação;Informática;Ciência de Dados;Noite;31;35;0,88;
Sorocaba;Avaré;Avaré;Sorocaba;Etec Professor Fausto Mazzola;145;Integrado;Gestão e Negócios;Gestão;Administração - MTec;Manhã;175;35;5,00;
Sorocaba;Avaré;Avaré;Sorocaba;Etec Professor Fausto Mazzola;145;Integrado;Informação e Comunicação;Informática;Desenvolvimento de Sistemas - MTec;Tarde;58;35;1,65;
Sorocaba;Avaré;Avaré;Sorocaba;Etec Professor Fausto Mazzola;145;Integrado;Produção Cultural e Design;Design;Design Gráfico - Mtec-N;Noite;41;35;1,17;
Sorocaba;Avaré;Avaré;Sorocaba;Etec Professor Fausto Mazzola;145;Integrado;Ambiente e Saúde;Saúde;Farmácia - MTec-N;Noite;79;35;2,25;
Sorocaba;Avaré;Avaré;Sorocaba;Etec Professor Fausto Mazzola;145;Integrado;Gestão e Negócios;Comércio;Marketing - MTec;Tarde;34;35;0,97;
Sorocaba;Avaré;Avaré;Sorocaba;Etec Professor Fausto Mazzola;145;Integrado;Ambiente e Saúde;Saúde;Nutrição e Dietética - MTec;Manhã;191;35;5,45;
Sorocaba;Avaré;Avaré;Sorocaba;Etec Professor Fausto Mazzola;145;Integrado;Informação e Comunicação;Informática;Programação de Jogos Digitais - MTec;Manhã;113;35;3,22;
Sorocaba;Avaré;Cerqueira Cesar;Sorocaba;Etec Prefeito José Esteves;072;Técnico;Recursos Naturais;Agropecuária;Agricultura;Noite;38;35;1,08;
Sorocaba;Avaré;Cerqueira Cesar;Sorocaba;Etec Prefeito José Esteves;072;Integrado;Recursos Naturais;Agropecuária;Agropecuária - MTec;Manhã;124;70;1,77;
Sorocaba;Botucatu;Botucatu;Sorocaba;Etec Doutor Domingos Minicucci Filho;051;Integrado;Gestão e Negócios;Gestão;Administração - MTec;Manhã;195;40;4,87;
Sorocaba;Botucatu;Botucatu;Sorocaba;Etec Doutor Domingos Minicucci Filho;051;Integrado;Gestão e Negócios;Gestão;Administração - MTec;Tarde;68;40;1,70;
Sorocaba;Botucatu;Botucatu;Sorocaba;Etec Doutor Domingos Minicucci Filho;051;Integrado;Informação e Comunicação;Informática;Desenvolvimento de Sistemas - MTec;Manhã;272;40;6,80;
Sorocaba;Botucatu;Botucatu;Sorocaba;Etec Doutor Domingos Minicucci Filho;051;Integrado;Informação e Comunicação;Informática;Desenvolvimento de Sistemas - Mtec-N;Noite;86;40;2,15;
Sorocaba;Botucatu;Botucatu;Sorocaba;Etec Doutor Domingos Minicucci Filho;051;Integrado;Controle e Processos Industriais;Indústria;Eletrotécnica - MTec-N;Noite;51;40;1,27;
Sorocaba;Botucatu;Botucatu;Sorocaba;Etec Doutor Domingos Minicucci Filho;051;Integrado;Controle e Processos Industriais;Indústria;Eletrônica - MTec;Manhã;99;40;2,47;
Sorocaba;Botucatu;Botucatu;Sorocaba;Etec Doutor Domingos Minicucci Filho;051;Integrado;Turismo, Hospitalidade e Lazer;Turismo e Hospitalidade;Gastronomia - MTec;Tarde;91;40;2,27;
Sorocaba;Botucatu;Botucatu;Sorocaba;Etec Doutor Domingos Minicucci Filho;051;Integrado;Controle e Processos Industriais;Indústria;Mecatrônica - MTec;Tarde;76;40;1,90;
Sorocaba;Botucatu;Botucatu;Sorocaba;Etec Doutor Domingos Minicucci Filho;051;Integrado;Controle e Processos Industriais;Indústria;Mecânica - MTec;Manhã;155;40;3,87;
Sorocaba;Botucatu;Botucatu;Sorocaba;Etec Doutor Domingos Minicucci Filho;051;Integrado;Controle e Processos Industriais;Indústria;Mecânica - Mtec-N;Noite;73;40;1,82;
Sorocaba;Botucatu;Botucatu;Sorocaba;Etec Doutor Domingos Minicucci Filho;051;Integrado;Ambiente e Saúde;Saúde;Nutrição e Dietética - MTec;Manhã;216;40;5,40;
Sorocaba;Botucatu;Botucatu;Sorocaba;Etec Doutor Domingos Minicucci Filho;051;Integrado;Ambiente e Saúde;Saúde;Nutrição e Dietética - Mtec-N;Noite;72;40;1,80;
Sorocaba;Botucatu;Botucatu;Sorocaba;Etec Doutor Domingos Minicucci Filho;051;Integrado;Produção Industrial;Química;Química - Mtec-N;Noite;37;40;0,92;
Sorocaba;Botucatu;Botucatu;Sorocaba;Etec Doutor Domingos Minicucci Filho;051;Integrado;Segurança;Saúde;Segurança do Trabalho - MTec-N;Noite;46;40;1,14;
Sorocaba;Botucatu;Botucatu;Sorocaba;Etec Doutor Domingos Minicucci Filho;051;Integrado;Gestão e Negócios;Gestão;Serviços Jurídicos - MTec;Tarde;89;40;2,22;
Sorocaba;Botucatu;Itatinga;Sorocaba;Etec Doutor Domingos Minicucci Filho (EMEI Prefeito Aristeu Pedroso de Almeida - Itatinga);051.2 - Cd_Cps;Técnico;Gestão e Negócios;Gestão;Administração;Noite;58;35;1,65;
Sorocaba;Botucatu;Laranjal Paulista;Sorocaba;Etec de Cerquilho (EM João Salto - Laranjal Paulista);248.4 - Cd_Cps;Técnico;Gestão e Negócios;Gestão;Administração;Noite;39;30;1,30;
Sorocaba;Botucatu;Laranjal Paulista;Sorocaba;Etec de Cerquilho (EM João Salto - Laranjal Paulista);248.4 - Cd_Cps;Técnico;Gestão e Negócios;Gestão;Contabilidade;Noite;44;30;1,46;
Sorocaba;Botucatu;São Manuel;Sorocaba;Etec Dona Sebastiana de Barros;102;Técnico;Produção Industrial;Química;Química;Noite;31;40;0,77;
Sorocaba;Botucatu;São Manuel;Sorocaba;Etec Dona Sebastiana de Barros;102;Integrado;Gestão e Negócios;Gestão;Administração - MTec-N;Noite;44;40;1,10;
Sorocaba;Botucatu;São Manuel;Sorocaba;Etec Dona Sebastiana de Barros;102;Integrado;Recursos Naturais;Agropecuária;Agropecuária - MTec;Manhã;148;40;3,70;
Sorocaba;Botucatu;São Manuel;Sorocaba;Etec Dona Sebastiana de Barros;102;Integrado;Ambiente e Saúde;Meio Ambiente;Meio Ambiente - MTec;Manhã;63;40;1,57;
Sorocaba;Itapetininga;Boituva;Sorocaba;Etec Salles Gomes (EMEF Prof.ª Esmeralda Bertolli Labronici - Boituva);101.5 - Cd_Cps;Técnico;Turismo, Hospitalidade e Lazer;Turismo e Hospitalidade;Turismo Receptivo;Noite;41;35;1,17;
Sorocaba;Itapetininga;Boituva;Sorocaba;Etec Salles Gomes (EMEF Prof.ª Esmeralda Bertolli Labronici - Boituva);101.5 - Cd_Cps;Integrado;Gestão e Negócios;Gestão;Administração - MTec;Manhã;245;35;7,00;
Sorocaba;Itapetininga;Capela do Alto;Sorocaba;Etec Salles Gomes (EMEF Marcílio Leite de Almeida - Capela do Alto);101.10 - Cd_Cps;Técnico;Gestão e Negócios;Gestão;Logística;Noite;41;35;1,17;
Sorocaba;Itapetininga;Cerquilho;Sorocaba;Etec de Cerquilho;248;Integrado;Gestão e Negócios;Gestão;Administração - MTec;Manhã;167;40;4,17;
Sorocaba;Itapetininga;Cerquilho;Sorocaba;Etec de Cerquilho;248;Integrado;Informação e Comunicação;Informática;Desenvolvimento de Sistemas - MTec;Tarde;74;40;1,85;
Sorocaba;Itapetininga;Cerquilho;Sorocaba;Etec de Cerquilho;248;Integrado;Produção Cultural e Design;Design;Modelagem do Vestuário - MTec;Manhã;47;40;1,17;
Sorocaba;Itapetininga;Cesário Lange;Sorocaba;Etec Sales Gomes (EMEF Prof. Francisco Mendes de Almeida - Cesário Lange);101.6 - Cd_Cps;Técnico;Gestão e Negócios;Gestão;Finanças;Noite;58;35;1,65;
Sorocaba;Itapetininga;Itapetininga;Sorocaba;Etec Darcy Pereira de Moraes;261;Técnico;Ambiente e Saúde;Saúde;Enfermagem;Tarde;75;30;2,50;
Sorocaba;Itapetininga;Itapetininga;Sorocaba;Etec Darcy Pereira de Moraes;261;Integrado;Gestão e Negócios;Gestão;Administração - MTec-AMS;Manhã;112;40;2,80;
Sorocaba;Itapetininga;Itapetininga;Sorocaba;Etec Darcy Pereira de Moraes;261;Integrado;Gestão e Negócios;Gestão;Comércio Exterior - MTec;Tarde;43;40;1,07;
Sorocaba;Itapetininga;Itapetininga;Sorocaba;Etec Darcy Pereira de Moraes;261;Integrado;Informação e Comunicação;Informática;Desenvolvimento de Sistemas - Mtec-N;Noite;89;40;2,22;
Sorocaba;Itapetininga;Itapetininga;Sorocaba;Etec Darcy Pereira de Moraes;261;Integrado;Informação e Comunicação;Informática;Informática para Internet - MTec;Tarde;95;40;2,37;
Sorocaba;Itapetininga;Itapetininga;Sorocaba;Etec Darcy Pereira de Moraes;261;Integrado;Gestão e Negócios;Comércio;Marketing - MTec;Manhã;156;40;3,90;
Sorocaba;Itapetininga;Itapetininga;Sorocaba;Etec Darcy Pereira de Moraes;261;Integrado;Gestão e Negócios;Gestão;Recursos Humanos - MTec;Manhã;141;40;3,52;
Sorocaba;Itapetininga;Itapetininga;Sorocaba;Etec Darcy Pereira de Moraes;261;Integrado;Segurança;Saúde;Segurança do Trabalho - MTec;Manhã;89;40;2,22;
Sorocaba;Itapetininga;Itapetininga;Sorocaba;Etec Darcy Pereira de Moraes;261;Integrado;Gestão e Negócios;Gestão;Serviços Jurídicos - MTec-N;Noite;87;40;2,17;
Sorocaba;Itapetininga;Itapetininga;Sorocaba;Etec Professor Edson Galvão;053;Técnico;Turismo, Hospitalidade e Lazer;Turismo e Hospitalidade;Gastronomia;Noite;39;35;1,11;
Sorocaba;Itapetininga;Itapetininga;Sorocaba;Etec Professor Edson Galvão;053;Técnico;Recursos Naturais;Agropecuária;Zootecnia;Noite;50;35;1,42;
Sorocaba;Itapetininga;Itapetininga;Sorocaba;Etec Professor Edson Galvão;053;Integrado;Recursos Naturais;Agropecuária;Agronegócio - MTec-AMS;Manhã;80;40;2,00;
Sorocaba;Itapetininga;Itapetininga;Sorocaba;Etec Professor Edson Galvão;053;Integrado;Recursos Naturais;Agropecuária;Agropecuária - MTec;Tarde;44;40;1,10;
Sorocaba;Itapetininga;Itapetininga;Sorocaba;Etec Professor Edson Galvão;053;Integrado;Recursos Naturais;Agropecuária;Agropecuária - MTec;Manhã;230;40;5,75;
Sorocaba;Itapetininga;Itapetininga;Sorocaba;Etec Professor Edson Galvão;053;Integrado;Informação e Comunicação;Informática;Desenvolvimento de Sistemas - MTec-AMS;Manhã;70;40;1,75;
Sorocaba;Itapetininga;Itapetininga;Sorocaba;Etec Professor Edson Galvão;053;Integrado;Ambiente e Saúde;Saúde;Farmácia - MTec-N;Noite;47;40;1,17;
Sorocaba;Itapetininga;Itapetininga;Sorocaba;Etec Professor Edson Galvão;053;Integrado;Ambiente e Saúde;Saúde;Meio Ambiente - MTec-AMS;Manhã;46;40;1,14;
Sorocaba;Itapetininga;Itapetininga;Sorocaba;Etec Professor Edson Galvão;053;Integrado;Ambiente e Saúde;Saúde;Nutrição e Dietética - MTec;Manhã;104;40;2,60;
Sorocaba;Itapetininga;Itapetininga;Sorocaba;Etec Professor Edson Galvão;053;Integrado;Produção Industrial;Química;Química - MTec;Manhã;73;40;1,82;
Sorocaba;Itapetininga;Tatuí;Sorocaba;Etec Sales Gomes;101;Técnico;Controle e Processos Industriais;Indústria;Eletromecânica;Noite;101;35;2,88;
Sorocaba;Itapetininga;Tatuí;Sorocaba;Etec Sales Gomes;101;Técnico;Controle e Processos Industriais;Indústria;Eletrotécnica;Noite;90;35;2,57;
Sorocaba;Itapetininga;Tatuí;Sorocaba;Etec Sales Gomes;101;Técnico;Produção Industrial;Química;Química;Noite;64;35;1,82;
Sorocaba;Itapetininga;Tatuí;Sorocaba;Etec Sales Gomes;101;Técnico;Segurança;Saúde;Segurança do Trabalho;Noite;111;35;3,17;
Sorocaba;Itapetininga;Tatuí;Sorocaba;Etec Sales Gomes;101;Integrado;Gestão e Negócios;Gestão;Administração - MTec;Manhã;265;40;6,62;
Sorocaba;Itapetininga;Tatuí;Sorocaba;Etec Sales Gomes;101;Integrado;Informação e Comunicação;Informática;Desenvolvimento de Sistemas - MTec;Manhã;323;40;8,07;
Sorocaba;Itapetininga;Tatuí;Sorocaba;Etec Sales Gomes;101;Integrado;Ambiente e Saúde;Saúde;Farmácia - MTec;Tarde;159;40;3,97;
Sorocaba;Itapetininga;Tatuí;Sorocaba;Etec Sales Gomes;101;Integrado;Controle e Processos Industriais;Indústria;Mecatrônica - MTec;Tarde;108;40;2,70;
Sorocaba;Itapetininga;Tatuí;Sorocaba;Etec Sales Gomes;101;Integrado;Controle e Processos Industriais;Indústria;Mecânica - MTec;Manhã;173;40;4,32;
Sorocaba;Itapetininga;Tatuí;Sorocaba;Etec Sales Gomes;101;Integrado;Ambiente e Saúde;Meio Ambiente;Meio Ambiente - MTec;Tarde;105;40;2,62;
Sorocaba;Itapetininga;Tatuí;Sorocaba;Etec Sales Gomes;101;Integrado;Ambiente e Saúde;Saúde;Nutrição e Dietética - MTec;Manhã;274;40;6,85;
Sorocaba;Itapetininga;Tatuí;Sorocaba;Etec Sales Gomes;101;Integrado;Produção Industrial;Química;Química - MTec;Manhã;176;40;4,40;
Sorocaba;Itapetininga;Tatuí;Sorocaba;Etec Sales Gomes / Fatec Professor Wilson Roberto Ribeiro de Camargo;101/132 - Etec/Fatec;Integrado;Gestão e Negócios;Gestão;Administração - MTec-AMS;Tarde;89;40;2,22;
Sorocaba;Itapetininga;Tatuí;Sorocaba;Etec Sales Gomes / Fatec Professor Wilson Roberto Ribeiro de Camargo;101/132 - Etec/Fatec;Integrado;Informação e Comunicação;Informática;Desenvolvimento de Sistemas - MTec-AMS;Tarde;109;40;2,72;
Sorocaba;Itapetininga;Tatuí;Sorocaba;Etec Vereador Valdivino Antônio Marcusso / Fatec Professor Wilson Roberto Ribeiro de Camargo;314/132 - Etec/Fatec;Integrado;Informação e Comunicação;Informática;Desenvolvimento de Sistemas - MTec-AMS;Tarde;154;35;4,40;
Sorocaba;Sorocaba;Alumínio;Sorocaba;Etec de São Roque (Univesp - Alumínio);116.3 - Cd_Cps;Integrado;Gestão e Negócios;Gestão;Administração - MTec-N;Noite;66;40;1,65;
Sorocaba;Sorocaba;Araçoiaba da Serra;Sorocaba;Etec Fernando Prestes (EM CIE Profº Osmar Giacomelli - Araçoiaba da Serra);016.4 - Cd_Cps;Técnico;Gestão e Negócios;Gestão;Recursos Humanos;Noite;71;40;1,77;
Sorocaba;Sorocaba;Ibiúna;Sorocaba;Etec de Mairinque (EE Maria Angerami Scalamandré);235.05 - Ext/Etec;Técnico;Gestão e Negócios;Comércio;Marketing;Noite;42;35;1,20;
Sorocaba;Sorocaba;Iperó;Sorocaba;Etec Salles Gomes (EM Henory de Campos Goes - Iperó);101.7 - Cd_Cps;Técnico;Gestão e Negócios;Gestão;Recursos Humanos;Noite;39;35;1,11;
Sorocaba;Sorocaba;Itu;Sorocaba;Etec Martinho Di Ciero;086;Integrado;Gestão e Negócios;Gestão;Administração - MTec-N;Noite;69;35;1,97;
Sorocaba;Sorocaba;Itu;Sorocaba;Etec Martinho Di Ciero;086;Integrado;Produção Cultural e Design;Design;Design de Interiores - MTec;Tarde;50;35;1,42;
Sorocaba;Sorocaba;Itu;Sorocaba;Etec Martinho Di Ciero;086;Integrado;Informação e Comunicação;Informática;Informática - MTec-N;Noite;37;35;1,05;
Sorocaba;Sorocaba;Itu;Sorocaba;Etec Martinho Di Ciero;086;Integrado;Informação e Comunicação;Informática;Informática para Internet - MTec;Manhã;166;35;4,74;
Sorocaba;Sorocaba;Itu;Sorocaba;Etec Martinho Di Ciero;086;Integrado;Gestão e Negócios;Comércio;Marketing - MTec;Manhã;107;35;3,05;
Sorocaba;Sorocaba;Itu;Sorocaba;Etec Martinho Di Ciero;086;Integrado;Ambiente e Saúde;Meio Ambiente;Meio Ambiente - MTec;Manhã;108;35;3,08;
Sorocaba;Sorocaba;Itu;Sorocaba;Etec Martinho Di Ciero;086;Integrado;Gestão e Negócios;Gestão;Recursos Humanos - MTec;Tarde;32;35;0,91;
Sorocaba;Sorocaba;Itu;Sorocaba;Etec Martinho Di Ciero / Fatec Dom Amauri Castanho;086/178 - Etec/Fatec;Integrado;Gestão e Negócios;Gestão;Administração - MTec-AMS;Tarde;70;40;1,75;
Sorocaba;Sorocaba;Itu;Sorocaba;Etec Martinho Di Ciero / Fatec Dom Amauri Castanho;086/178 - Etec/Fatec;Integrado;Informação e Comunicação;Informática;Desenvolvimento de Sistemas - MTec-AMS;Tarde;110;40;2,75;
Sorocaba;Sorocaba;Mairinque;Sorocaba;Etec de Mairinque;235;Técnico;Gestão e Negócios;Gestão;Administração;Noite;44;35;1,25;
Sorocaba;Sorocaba;Mairinque;Sorocaba;Etec de Mairinque;235;Técnico;Turismo, Hospitalidade e Lazer;Turismo e Hospitalidade;Gastronomia;Noite;41;35;1,17;
Sorocaba;Sorocaba;Mairinque;Sorocaba;Etec de Mairinque;235;Técnico;Gestão e Negócios;Gestão;Logística;Noite;30;35;0,85;
Sorocaba;Sorocaba;Mairinque;Sorocaba;Etec de Mairinque;235;Integrado;Gestão e Negócios;Gestão;Administração - MTec;Tarde;118;35;3,37;
Sorocaba;Sorocaba;Mairinque;Sorocaba;Etec de Mairinque;235;Integrado;Turismo, Hospitalidade e Lazer;Turismo e Hospitalidade;Gastronomia - MTec;Manhã;134;35;3,82;
Sorocaba;Sorocaba;Mairinque;Sorocaba;Etec de Mairinque;235;Integrado;Gestão e Negócios;Comércio;Marketing - MTec;Manhã;126;35;3,60;
Sorocaba;Sorocaba;Mairinque;Sorocaba;Etec de Mairinque;235;Integrado;Produção Industrial;Química;Química - MTec;Tarde;100;35;2,85;
Sorocaba;Sorocaba;Piedade;Sorocaba;Etec de Piedade;203;Integrado;Gestão e Negócios;Gestão;Administração - MTec-PI;Manhã e Tarde;107;40;2,67;
Sorocaba;Sorocaba;Piedade;Sorocaba;Etec de Piedade;203;Integrado;Recursos Naturais;Agropecuária;Agronegócio - MTec-N;Noite;56;40;1,40;
Sorocaba;Sorocaba;Piedade;Sorocaba;Etec de Piedade;203;Integrado;Produção Alimentícia;Química;Alimentos - MTec-PI;Manhã e Tarde;104;40;2,60;
Sorocaba;Sorocaba;Piedade;Sorocaba;Etec de Piedade;203;Integrado;Ambiente e Saúde;Meio Ambiente;Meio Ambiente - MTec-PI;Manhã e Tarde;66;40;1,65;
Sorocaba;Sorocaba;Pilar do Sul;Sorocaba;Etec de Piedade (EMEF Profª Hilda Holtz de Carvalho - Pilar do Sul);203.1 - Cd_Cps;Técnico;Gestão e Negócios;Gestão;Recursos Humanos;Noite;49;40;1,22;
Sorocaba;Sorocaba;Porto Feliz;Sorocaba;Etec de Porto Feliz;289;Integrado;Gestão e Negócios;Gestão;Administração - MTec-N;Noite;50;35;1,42;
Sorocaba;Sorocaba;Porto Feliz;Sorocaba;Etec de Porto Feliz;289;Integrado;Gestão e Negócios;Gestão;Administração - MTec-PI;Manhã e Tarde;250;70;3,57;
Sorocaba;Sorocaba;Porto Feliz;Sorocaba;Etec de Porto Feliz;289;Integrado;Segurança;Saúde;Segurança do Trabalho - MTec-N;Noite;41;35;1,17;
Sorocaba;Sorocaba;Salto de Pirapora;Sorocaba;Etec Armando Pannunzio (EMEF Vereadora Célia Dias Batista dos Santos - Salto de Pirapora);264.1 - Cd_Cps;Integrado;Gestão e Negócios;Gestão;Administração - MTec-N;Noite;94;35;2,68;
Sorocaba;Sorocaba;Salto de Pirapora;Sorocaba;Etec Armando Pannunzio (EMEF Vereadora Célia Dias Batista dos Santos - Salto de Pirapora);264.1 - Cd_Cps;Integrado;Gestão e Negócios;Gestão;Logística - Mtec-N;Noite;45;35;1,28;
Sorocaba;Sorocaba;São Roque;Sorocaba;Etec de São Roque;116;Técnico;Ambiente e Saúde;Saúde;Enfermagem;Tarde;77;30;2,56;
Sorocaba;Sorocaba;São Roque;Sorocaba;Etec de São Roque;116;Integrado;Gestão e Negócios;Gestão;Administração - MTec-N;Noite;87;35;2,48;
Sorocaba;Sorocaba;São Roque;Sorocaba;Etec de São Roque;116;Integrado;Informação e Comunicação;Informática;Informática - MTec;Manhã;316;35;9,02;
Sorocaba;Sorocaba;São Roque;Sorocaba;Etec de São Roque;116;Integrado;Gestão e Negócios;Comércio;Marketing - MTec;Tarde;110;35;3,14;
Sorocaba;Sorocaba;Sorocaba;Sorocaba;Etec Armando Pannunzio;264;Técnico;Controle e Processos Industriais;Indústria;Automação Industrial;Noite;94;40;2,35;
Sorocaba;Sorocaba;Sorocaba;Sorocaba;Etec Armando Pannunzio;264;Integrado;Gestão e Negócios;Gestão;Administração - MTec-PI;Manhã e Tarde;185;40;4,62;
Sorocaba;Sorocaba;Sorocaba;Sorocaba;Etec Armando Pannunzio;264;Integrado;Controle e Processos Industriais;Indústria;Automação Industrial - MTec-PI;Manhã e Tarde;124;40;3,10;
Sorocaba;Sorocaba;Sorocaba;Sorocaba;Etec Armando Pannunzio;264;Integrado;Gestão e Negócios;Gestão;Comércio Exterior - MTec-N;Noite;70;40;1,75;
Sorocaba;Sorocaba;Sorocaba;Sorocaba;Etec Armando Pannunzio;264;Integrado;Controle e Processos Industriais;Indústria;Eletroeletrônica - MTec-N;Noite;60;40;1,50;
Sorocaba;Sorocaba;Sorocaba;Sorocaba;Etec Armando Pannunzio;264;Integrado;Gestão e Negócios;Gestão;Recursos Humanos - MTec-PI;Manhã e Tarde;88;40;2,20;
Sorocaba;Sorocaba;Sorocaba;Sorocaba;Etec Fernando Prestes;016;Técnico;Gestão e Negócios;Gestão;Administração;Noite;82;40;2,04;
Sorocaba;Sorocaba;Sorocaba;Sorocaba;Etec Fernando Prestes;016;Técnico;Informação e Comunicação;Informática;Ciência de Dados;Noite;46;40;1,14;
Sorocaba;Sorocaba;Sorocaba;Sorocaba;Etec Fernando Prestes;016;Técnico;Infraestrutura;Construção Civil;Desenho de Construção Civil;Noite;29;40;0,72;
Sorocaba;Sorocaba;Sorocaba;Sorocaba;Etec Fernando Prestes;016;Técnico;Produção Cultural e Design;Design;Design de Interiores;Noite;50;40;1,25;
Sorocaba;Sorocaba;Sorocaba;Sorocaba;Etec Fernando Prestes;016;Técnico;Gestão e Negócios;Gestão;Logística;Noite;47;40;1,17;
Sorocaba;Sorocaba;Sorocaba;Sorocaba;Etec Fernando Prestes;016;Técnico;Gestão e Negócios;Gestão;Recursos Humanos;Noite;50;40;1,25;
Sorocaba;Sorocaba;Sorocaba;Sorocaba;Etec Fernando Prestes;016;Técnico;Segurança;Saúde;Segurança do Trabalho (MNP);Noite;76;40;1,90;
Sorocaba;Sorocaba;Sorocaba;Sorocaba;Etec Fernando Prestes;016;Integrado;Gestão e Negócios;Gestão;Administração - MTec;Manhã;455;40;11,37;
Sorocaba;Sorocaba;Sorocaba;Sorocaba;Etec Fernando Prestes;016;Integrado;Gestão e Negócios;Gestão;Administração - MTec;Tarde;119;40;2,97;
Sorocaba;Sorocaba;Sorocaba;Sorocaba;Etec Fernando Prestes;016;Integrado;Turismo, Hospitalidade e Lazer;Turismo e Hospitalidade;Agenciamento de Viagem - MTec;Manhã;116;40;2,90;
Sorocaba;Sorocaba;Sorocaba;Sorocaba;Etec Fernando Prestes;016;Integrado;Gestão e Negócios;Gestão;Contabilidade - MTec;Tarde;80;40;2,00;
Sorocaba;Sorocaba;Sorocaba;Sorocaba;Etec Fernando Prestes;016;Integrado;Informação e Comunicação;Informática;Desenvolvimento de Sistemas - MTec;Tarde;111;40;2,77;
Sorocaba;Sorocaba;Sorocaba;Sorocaba;Etec Fernando Prestes;016;Integrado;Informação e Comunicação;Informática;Desenvolvimento de Sistemas - MTec;Manhã;442;40;11,05;
Sorocaba;Sorocaba;Sorocaba;Sorocaba;Etec Fernando Prestes;016;Integrado;Infraestrutura;Construção Civil;Edificações - MTec;Manhã;169;40;4,22;
Sorocaba;Sorocaba;Sorocaba;Sorocaba;Etec Fernando Prestes;016;Integrado;Turismo, Hospitalidade e Lazer;Lazer e Desenvolvimento Social;Eventos - MTec;Manhã;238;40;5,95;
Sorocaba;Sorocaba;Sorocaba;Sorocaba;Etec Fernando Prestes;016;Integrado;Informação e Comunicação;Informática;Informática para Internet - MTec;Manhã;183;40;4,57;
Sorocaba;Sorocaba;Sorocaba;Sorocaba;Etec Fernando Prestes;016;Integrado;Gestão e Negócios;Comércio;Marketing - MTec;Tarde;200;40;5,00;
Sorocaba;Sorocaba;Sorocaba;Sorocaba;Etec Fernando Prestes;016;Integrado;Gestão e Negócios;Gestão;Recursos Humanos - MTec;Tarde;121;40;3,02;
Sorocaba;Sorocaba;Sorocaba;Sorocaba;Etec Fernando Prestes;016;Integrado;Gestão e Negócios;Gestão;Secretariado - MTec;Tarde;65;40;1,62;
Sorocaba;Sorocaba;Sorocaba;Sorocaba;Etec Fernando Prestes (EE João Clímaco de Camargo Pires);016.05 - Ext/Etec;Técnico;Gestão e Negócios;Gestão;Administração (MNP);Noite;33;35;0,94;
Sorocaba;Sorocaba;Sorocaba;Sorocaba;Etec Fernando Prestes (EE João Clímaco de Camargo Pires);016.05 - Ext/Etec;Técnico;Gestão e Negócios;Gestão;Contabilidade;Noite;39;35;1,11;
Sorocaba;Sorocaba;Sorocaba;Sorocaba;Etec Fernando Prestes (EE João Clímaco de Camargo Pires);016.05 - Ext/Etec;Técnico;Gestão e Negócios;Gestão;Qualidade;Noite;35;35;1,00;
Sorocaba;Sorocaba;Sorocaba;Sorocaba;Etec Fernando Prestes / Fatec José Crespo Gonzales;016/003 - Etec/Fatec;Integrado;Informação e Comunicação;Informática;Desenvolvimento de Sistemas - MTec-AMS;Tarde;211;40;5,27;
Sorocaba;Sorocaba;Sorocaba;Sorocaba;Etec Fernando Prestes / Fatec José Crespo Gonzales;016/003 - Etec/Fatec;Integrado;Gestão e Negócios;Gestão;Logística - MTec-AMS;Tarde;97;40;2,42;
Sorocaba;Sorocaba;Sorocaba;Sorocaba;Etec Rubens de Faria e Souza;017;Técnico;Controle e Processos Industriais;Indústria;Eletrotécnica;Noite;151;40;3,77;
Sorocaba;Sorocaba;Sorocaba;Sorocaba;Etec Rubens de Faria e Souza;017;Técnico;Controle e Processos Industriais;Indústria;Eletrônica;Noite;75;40;1,87;
Sorocaba;Sorocaba;Sorocaba;Sorocaba;Etec Rubens de Faria e Souza;017;Técnico;Ambiente e Saúde;Saúde;Enfermagem;Tarde;119;30;3,96;
Sorocaba;Sorocaba;Sorocaba;Sorocaba;Etec Rubens de Faria e Souza;017;Técnico;Controle e Processos Industriais;Indústria;Mecatrônica;Noite;177;40;4,42;
Sorocaba;Sorocaba;Sorocaba;Sorocaba;Etec Rubens de Faria e Souza;017;Técnico;Controle e Processos Industriais;Indústria;Mecânica;Noite;124;40;3,10;
Sorocaba;Sorocaba;Sorocaba;Sorocaba;Etec Rubens de Faria e Souza;017;Técnico;Ambiente e Saúde;Saúde;Nutrição e Dietética;Noite;114;40;2,85;
Sorocaba;Sorocaba;Sorocaba;Sorocaba;Etec Rubens de Faria e Souza;017;Técnico;Produção Industrial;Química;Química;Noite;113;40;2,82;
Sorocaba;Sorocaba;Sorocaba;Sorocaba;Etec Rubens de Faria e Souza;017;Integrado;Produção Alimentícia;Química;Alimentos - MTec ;Manhã;310;40;7,75;
Sorocaba;Sorocaba;Sorocaba;Sorocaba;Etec Rubens de Faria e Souza;017;Integrado;Controle e Processos Industriais;Indústria;Eletrotécnica - MTec;Tarde;78;40;1,95;
Sorocaba;Sorocaba;Sorocaba;Sorocaba;Etec Rubens de Faria e Souza;017;Integrado;Controle e Processos Industriais;Indústria;Eletrônica - MTec;Manhã;202;40;5,05;
Sorocaba;Sorocaba;Sorocaba;Sorocaba;Etec Rubens de Faria e Souza;017;Integrado;Turismo, Hospitalidade e Lazer;Turismo e Hospitalidade;Gastronomia - MTec;Tarde;240;40;6,00;
Sorocaba;Sorocaba;Sorocaba;Sorocaba;Etec Rubens de Faria e Souza;017;Integrado;Controle e Processos Industriais;Indústria;Mecatrônica - MTec;Manhã;419;40;10,47;
Sorocaba;Sorocaba;Sorocaba;Sorocaba;Etec Rubens de Faria e Souza;017;Integrado;Controle e Processos Industriais;Indústria;Mecatrônica - MTec;Tarde;82;40;2,04;
Sorocaba;Sorocaba;Sorocaba;Sorocaba;Etec Rubens de Faria e Souza;017;Integrado;Controle e Processos Industriais;Indústria;Mecânica - MTec;Manhã;242;40;6,05;
Sorocaba;Sorocaba;Sorocaba;Sorocaba;Etec Rubens de Faria e Souza;017;Integrado;Ambiente e Saúde;Saúde;Nutrição e Dietética - MTec;Tarde;279;40;6,97;
Sorocaba;Sorocaba;Sorocaba;Sorocaba;Etec Rubens de Faria e Souza;017;Integrado;Produção Industrial;Química;Química - MTec;Manhã;340;40;8,50;
Sorocaba;Sorocaba;Sorocaba;Sorocaba;Etec Rubens de Faria e Souza;017;Integrado;Gestão e Negócios;Gestão;Serviços Jurídicos - MTec;Manhã;483;40;12,07;
Sorocaba;Sorocaba;Tietê;Sorocaba;Etec Doutor Nelson Alves Vianna;246;Técnico;Gestão e Negócios;Gestão;Administração;Noite;59;40;1,47;
Sorocaba;Sorocaba;Tietê;Sorocaba;Etec Doutor Nelson Alves Vianna;246;Técnico;Produção Industrial;Química;Química;Noite;62;40;1,55;
Sorocaba;Sorocaba;Tietê;Sorocaba;Etec Doutor Nelson Alves Vianna;246;Integrado;Gestão e Negócios;Gestão;Administração - MTec;Manhã;169;40;4,22;
Sorocaba;Sorocaba;Tietê;Sorocaba;Etec Doutor Nelson Alves Vianna;246;Integrado;Gestão e Negócios;Gestão;Administração - MTec;Tarde;31;40;0,77;
Sorocaba;Sorocaba;Tietê;Sorocaba;Etec Doutor Nelson Alves Vianna;246;Integrado;Informação e Comunicação;Informática;Desenvolvimento de Sistemas - MTec;Manhã;120;40;3,00;
Sorocaba;Sorocaba;Tietê;Sorocaba;Etec Doutor Nelson Alves Vianna;246;Integrado;Produção Industrial;Química;Química - MTec;Tarde;67;40;1,67;
Sorocaba;Sorocaba;Votorantim;Sorocaba;Etec Professor Elias Miguel Júnior;197;Integrado;Gestão e Negócios;Gestão;Administração - MTec;Manhã;241;35;6,88;
Sorocaba;Sorocaba;Votorantim;Sorocaba;Etec Professor Elias Miguel Júnior;197;Integrado;Gestão e Negócios;Gestão;Administração - MTec-N;Noite;89;35;2,54;
Sorocaba;Sorocaba;Votorantim;Sorocaba;Etec Professor Elias Miguel Júnior;197;Integrado;Informação e Comunicação;Informática;Desenvolvimento de Sistemas - Mtec-N;Noite;120;35;3,42;
Sorocaba;Sorocaba;Votorantim;Sorocaba;Etec Professor Elias Miguel Júnior;197;Integrado;Gestão e Negócios;Gestão;Recursos Humanos - MTec;Manhã;136;35;3,88;
Sorocaba;Sorocaba;Votorantim;Sorocaba;Etec Professor Elias Miguel Júnior / Fatec de Votorantim;197/301 - Etec/Fatec;Integrado;Informação e Comunicação;Informática;Desenvolvimento de Sistemas - MTec-AMS;Tarde;88;35;2,51;
