Região Administrativa;Região de Governo;Município;Núcleo Regional;Unidades do CEETEPS;Código;Tipo de Ensino;Eixo Tecnológico/Educação Básica;Área Profissional;Curso/Habilitação;Período;Inscritos;Vagas;Demanda
Araçatuba;Andradina;Andradina;Bauru/Araçatuba;Etec Sebastiana Augusta de Moraes;028;Técnico;Recursos Naturais;Agropecuária;Agronegócio;Noite;55;40;1,37;
Araçatuba;Andradina;Andradina;Bauru/Araçatuba;Etec Sebastiana Augusta de Moraes;028;Integrado;Recursos Naturais;Agropecuária;Agropecuária (Alternância) - MTec-PI ;Manhã e Tarde;45;40;1,12;
Araçatuba;Andradina;Andradina;Bauru/Araçatuba;Etec Sebastiana Augusta de Moraes;028;Integrado;Recursos Naturais;Agropecuária;Agropecuária - MTec-PI;Manhã e Tarde;80;40;2,00;
Araçatuba;Andradina;Andradina;Bauru/Araçatuba;Etec Sebastiana Augusta de Moraes (EE Alice Marques da Silva Rocha);028.01 - Ext/Etec;Técnico;Gestão e Negócios;Gestão;Administração;Noite;72;40;1,80;
Araçatuba;Andradina;Ilha Solteira;Bauru/Araçatuba;Etec de Ilha Solteira;065;Médio;Educação Básica;Educação Básica - Ensino Médio;Ensino Médio com Itinerário Formativo de Ciências da Natureza e suas Tecnologias;Manhã;119;40;2,97;
Araçatuba;Andradina;Ilha Solteira;Bauru/Araçatuba;Etec de Ilha Solteira;065;Técnico;Controle e Processos Industriais;Indústria;Eletrotécnica;Noite;151;40;3,77;
Araçatuba;Andradina;Ilha Solteira;Bauru/Araçatuba;Etec de Ilha Solteira;065;Técnico;Ambiente e Saúde;Saúde;Enfermagem;Noite;118;40;2,95;
Araçatuba;Andradina;Ilha Solteira;Bauru/Araçatuba;Etec de Ilha Solteira;065;Técnico;Ambiente e Saúde;Saúde;Farmácia;Noite;118;40;2,95;
Araçatuba;Andradina;Ilha Solteira;Bauru/Araçatuba;Etec de Ilha Solteira;065;Técnico;Controle e Processos Industriais;Indústria;Mecânica;Noite;84;40;2,10;
Araçatuba;Andradina;Ilha Solteira;Bauru/Araçatuba;Etec de Ilha Solteira;065;Integrado;Informação e Comunicação;Informática;Desenvolvimento de Sistemas - MTec-PI ;Manhã e Tarde;137;40;3,42;
Araçatuba;Andradina;Ilha Solteira;Bauru/Araçatuba;Etec de Ilha Solteira;065;Integrado;Controle e Processos Industriais;Indústria;Mecatrônica - MTec;Manhã;155;40;3,87;
Araçatuba;Andradina;Ilha Solteira;Bauru/Araçatuba;Etec de Ilha Solteira (EE Urubupungá);065.02 - Ext/Etec;Técnico;Gestão e Negócios;Gestão;Recursos Humanos;Noite;74;40;1,85;
Araçatuba;Andradina;Mirandópolis;Bauru/Araçatuba;Etec Sebastiana Augusta de Moraes (EE Dona Noemia Dias Perotti);028.02 - Ext/Etec;Técnico;Gestão e Negócios;Gestão;Administração;Noite;47;40;1,17;
Araçatuba;Andradina;Mirandópolis;Bauru/Araçatuba;Etec Sebastiana Augusta de Moraes (EE Dona Noemia Dias Perotti);028.02 - Ext/Etec;Técnico;Informação e Comunicação;Informática;Desenvolvimento de Sistemas;Noite;42;40;1,05;
Araçatuba;Andradina;Nova Independência;Bauru/Araçatuba;Etec Sebastiana Augusta de Moraes (EMEF Gildo Pereira - Nova Independência);028.4 - Cd_Cps;Técnico;Recursos Naturais;Agropecuária;Agronegócio;Noite;43;40;1,07;
Araçatuba;Andradina;Pereira Barreto;Bauru/Araçatuba;Etec de Ilha Solteira (EE Cel. Francisco Schmidt);065.01 - Ext/Etec;Técnico;Gestão e Negócios;Gestão;Administração;Noite;75;40;1,87;
Araçatuba;Andradina;Pereira Barreto;Bauru/Araçatuba;Etec de Ilha Solteira (EE Cel. Francisco Schmidt);065.01 - Ext/Etec;Técnico;Gestão e Negócios;Gestão;Serviços Jurídicos;Noite;64;40;1,60;
Araçatuba;Araçatuba;Araçatuba;Bauru/Araçatuba;Etec de Araçatuba;165;Médio;Educação Básica;Educação Básica - Ensino Médio;Ensino Médio com Itinerário Formativo de Ciências da Natureza e suas Tecnologias;Manhã;312;40;7,80;
Araçatuba;Araçatuba;Araçatuba;Bauru/Araçatuba;Etec de Araçatuba;165;Médio;Educação Básica;Educação Básica - Ensino Médio;Ensino Médio com Itinerário Formativo de Matemática e suas Tecnologias;Manhã;181;40;4,52;
Araçatuba;Araçatuba;Araçatuba;Bauru/Araçatuba;Etec de Araçatuba;165;Técnico;Produção Industrial;Química;Química (MNP);Noite;75;40;1,87;
Araçatuba;Araçatuba;Araçatuba;Bauru/Araçatuba;Etec de Araçatuba;165;Integrado;Gestão e Negócios;Gestão;Administração - MTec-N;Noite;84;40;2,10;
Araçatuba;Araçatuba;Araçatuba;Bauru/Araçatuba;Etec de Araçatuba (EE Manoel Bento da Cruz);165.01 - Ext/Etec;Técnico;Gestão e Negócios;Gestão;Recursos Humanos (MNP);Noite;63;40;1,57;
Araçatuba;Araçatuba;Araçatuba;Bauru/Araçatuba;Etec de Araçatuba / Faculdade de Tecnologia Professor Fernando Amaral de Almeida Prado;165/177 - Etec/Fatec;Integrado;Informação e Comunicação;Informática;Desenvolvimento de Sistemas - MTec-AMS;Tarde;149;40;3,72;
Araçatuba;Araçatuba;Auriflama;Bauru/Araçatuba;Etec de Araçatuba (EMEF Dona Conceição de Oliveira Moreira - Auriflama);165.2 - Cd_Cps;Técnico;Gestão e Negócios;Gestão;Qualidade;Noite;60;40;1,50;
Araçatuba;Araçatuba;Birigui;Bauru/Araçatuba;Etec Doutor Renato Cordeiro;123;Médio;Educação Básica;Educação Básica - Ensino Médio;Ensino Médio com Itinerário Formativo de Matemática e suas Tecnologias;Manhã;93;40;2,32;
Araçatuba;Araçatuba;Birigui;Bauru/Araçatuba;Etec Doutor Renato Cordeiro;123;Técnico;Gestão e Negócios;Gestão;Administração;Noite;66;40;1,65;
Araçatuba;Araçatuba;Birigui;Bauru/Araçatuba;Etec Doutor Renato Cordeiro;123;Técnico;Produção Cultural e Design;Design;Design Gráfico;Noite;79;40;1,97;
Araçatuba;Araçatuba;Birigui;Bauru/Araçatuba;Etec Doutor Renato Cordeiro;123;Técnico;Ambiente e Saúde;Saúde;Enfermagem;Noite;259;40;6,47;
Araçatuba;Araçatuba;Birigui;Bauru/Araçatuba;Etec Doutor Renato Cordeiro;123;Integrado;Gestão e Negócios;Gestão;Administração - MTec;Manhã;204;40;5,09;
Araçatuba;Araçatuba;Birigui;Bauru/Araçatuba;Etec Doutor Renato Cordeiro;123;Integrado;Gestão e Negócios;Gestão;Contabilidade - MTec;Tarde;84;40;2,10;
Araçatuba;Araçatuba;Birigui;Bauru/Araçatuba;Etec Doutor Renato Cordeiro;123;Integrado;Informação e Comunicação;Informática;Desenvolvimento de Sistemas - MTec;Tarde;102;40;2,54;
Araçatuba;Araçatuba;Birigui;Bauru/Araçatuba;Etec Doutor Renato Cordeiro;123;Integrado;Gestão e Negócios;Comércio;Marketing - MTec;Manhã;147;40;3,67;
Araçatuba;Araçatuba;Guararapes;Bauru/Araçatuba;Etec de Araçatuba (EM Prof. Celso Geraldo Queiroz - Guararapes);165.3 - Cd_Cps;Técnico;Gestão e Negócios;Gestão;Administração (MNP);Noite;51;40;1,27;
Araçatuba;Araçatuba;Penápolis;Bauru/Araçatuba;Etec João Jorge Geraissate;069;Integrado;Recursos Naturais;Agropecuária;Agropecuária - MTec-PI;Manhã e Tarde;86;70;1,22;
Araçatuba;Araçatuba;Penápolis;Bauru/Araçatuba;Etec João Jorge Geraissate (EE Adelino Peters);069.01 - Ext/Etec;Técnico;Gestão e Negócios;Gestão;Recursos Humanos;Noite;53;40;1,32;
Araçatuba;Araçatuba;Valparaíso;Bauru/Araçatuba;Etec Sebastiana Augusta de Moraes (EE Vicente Barbosa);028.03 - Ext/Etec;Técnico;Recursos Naturais;Agropecuária;Agronegócio;Noite;61;40;1,52;
Barretos;Barretos;Barretos;Ribeirão Preto/Franca/Barretos;Etec Coronel Raphael Brandão;108;;;;;Tarde;32;30;1,06;
Barretos;Barretos;Barretos;Ribeirão Preto/Franca/Barretos;Etec Coronel Raphael Brandão;108;Técnico;Ambiente e Saúde;Saúde;Enfermagem;Tarde;71;40;1,77;
Barretos;Barretos;Barretos;Ribeirão Preto/Franca/Barretos;Etec Coronel Raphael Brandão;108;Técnico;Controle e Processos Industriais;Indústria;Mecânica;Noite;81;40;2,02;
Barretos;Barretos;Barretos;Ribeirão Preto/Franca/Barretos;Etec Coronel Raphael Brandão;108;Técnico;Produção Industrial;Química;Química;Noite;60;40;1,50;
Barretos;Barretos;Barretos;Ribeirão Preto/Franca/Barretos;Etec Coronel Raphael Brandão;108;Técnico;Segurança;Saúde;Segurança do Trabalho;Noite;76;40;1,90;
Barretos;Barretos;Barretos;Ribeirão Preto/Franca/Barretos;Etec Coronel Raphael Brandão;108;Integrado;Gestão e Negócios;Gestão;Administração - MTec-PI;Manhã e Tarde;172;40;4,30;
Barretos;Barretos;Barretos;Ribeirão Preto/Franca/Barretos;Etec Coronel Raphael Brandão;108;Integrado;Informação e Comunicação;Informática;Desenvolvimento de Sistemas - Mtec-N;Noite;60;40;1,50;
Barretos;Barretos;Barretos;Ribeirão Preto/Franca/Barretos;Etec Coronel Raphael Brandão;108;Integrado;Informação e Comunicação;Informática;Desenvolvimento de Sistemas - MTec-PI ;Manhã e Tarde;172;40;4,30;
Barretos;Barretos;Barretos;Ribeirão Preto/Franca/Barretos;Etec Coronel Raphael Brandão;108;Integrado;Ambiente e Saúde;Meio Ambiente;Meio Ambiente - MTec-PI;Manhã e Tarde;117;40;2,92;
Barretos;Barretos;Barretos;Ribeirão Preto/Franca/Barretos;Etec Coronel Raphael Brandão;108;Integrado;Ambiente e Saúde;Saúde;Nutrição e Dietética - Mtec-N;Noite;32;40;0,80;
Barretos;Barretos;Barretos;Ribeirão Preto/Franca/Barretos;Etec Coronel Raphael Brandão;108;Integrado;Ambiente e Saúde;Saúde;Nutrição e Dietética - MTec-PI;Manhã e Tarde;238;40;5,95;
Barretos;Barretos;Barretos;Ribeirão Preto/Franca/Barretos;Etec Coronel Raphael Brandão;108;Integrado;Produção Industrial;Química;Química - MTec-PI;Manhã e Tarde;98;40;2,45;
Barretos;Barretos;Barretos;Ribeirão Preto/Franca/Barretos;Etec Coronel Raphael Brandão (EE Doutor Antonio Olympio);108.01 - Ext/Etec;Técnico;Gestão e Negócios;Gestão;Administração;Noite;74;40;1,85;
Barretos;Barretos;Barretos;Ribeirão Preto/Franca/Barretos;Etec Coronel Raphael Brandão (EE Doutor Antonio Olympio);108.01 - Ext/Etec;Técnico;Gestão e Negócios;Gestão;Recursos Humanos;Noite;38;40;0,95;
Barretos;Barretos;Barretos;Ribeirão Preto/Franca/Barretos;Etec Coronel Raphael Brandão (EE Doutor Antonio Olympio);108.01 - Ext/Etec;Técnico;Gestão e Negócios;Gestão;Serviços Jurídicos;Noite;64;40;1,60;
Barretos;Barretos;Bebedouro;Ribeirão Preto/Franca/Barretos;Etec Professor Ídio Zucchi;151;Técnico;Gestão e Negócios;Gestão;Administração;Noite;77;40;1,92;
Barretos;Barretos;Bebedouro;Ribeirão Preto/Franca/Barretos;Etec Professor Ídio Zucchi;151;Técnico;Informação e Comunicação;Informática;Desenvolvimento de Sistemas;Noite;70;40;1,75;
Barretos;Barretos;Bebedouro;Ribeirão Preto/Franca/Barretos;Etec Professor Ídio Zucchi;151;Técnico;Ambiente e Saúde;Saúde;Enfermagem;Noite;234;40;5,85;
Barretos;Barretos;Bebedouro;Ribeirão Preto/Franca/Barretos;Etec Professor Ídio Zucchi;151;Técnico;Gestão e Negócios;Gestão;Serviços Jurídicos;Noite;63;40;1,57;
Barretos;Barretos;Bebedouro;Ribeirão Preto/Franca/Barretos;Etec Professor Ídio Zucchi;151;Integrado;Gestão e Negócios;Gestão;Administração - MTec-PI;Manhã e Tarde;105;40;2,62;
Barretos;Barretos;Bebedouro;Ribeirão Preto/Franca/Barretos;Etec Professor Ídio Zucchi;151;Integrado;Informação e Comunicação;Informática;Informática para Internet - MTec-PI;Manhã e Tarde;136;40;3,40;
Barretos;Barretos;Bebedouro;Ribeirão Preto/Franca/Barretos;Etec Professor Ídio Zucchi;151;Integrado;Gestão e Negócios;Comércio;Marketing - MTec;Manhã;281;40;7,02;
Barretos;Barretos;Bebedouro;Ribeirão Preto/Franca/Barretos;Etec Professor Ídio Zucchi;151;Integrado;Gestão e Negócios;Gestão;Recursos Humanos - MTec-N;Noite;38;40;0,95;
Barretos;Barretos;Bebedouro;Ribeirão Preto/Franca/Barretos;Etec Professor Ídio Zucchi;151;Integrado;Gestão e Negócios;Gestão;Serviços Jurídicos - MTec;Manhã;127;40;3,17;
Barretos;Barretos;Bebedouro;Ribeirão Preto/Franca/Barretos;Etec Professor Ídio Zucchi (Fundação Coopercitrus/Credicitrus - Bebedouro);151.8 - Cd_Cps;Técnico;Recursos Naturais;Agropecuária;Agronegócio;Noite;84;40;2,10;
Barretos;Barretos;Guaíra;Ribeirão Preto/Franca/Barretos;Etec de Guaíra;304;Integrado;Gestão e Negócios;Gestão;Administração - MTec-PI;Manhã e Tarde;92;40;2,29;
Barretos;Barretos;Olímpia;Ribeirão Preto/Franca/Barretos;Etec Professor José Carlos Seno Junior;232;Técnico;Gestão e Negócios;Gestão;Recursos Humanos;Noite;65;40;1,62;
Barretos;Barretos;Olímpia;Ribeirão Preto/Franca/Barretos;Etec Professor José Carlos Seno Junior;232;Integrado;Gestão e Negócios;Gestão;Administração - MTec-PI;Manhã e Tarde;230;40;5,75;
Barretos;Barretos;Olímpia;Ribeirão Preto/Franca/Barretos;Etec Professor José Carlos Seno Junior;232;Integrado;Informação e Comunicação;Informática;Desenvolvimento de Sistemas - Mtec-N;Noite;47;40;1,17;
Barretos;Barretos;Olímpia;Ribeirão Preto/Franca/Barretos;Etec Professor José Carlos Seno Junior;232;Integrado;Informação e Comunicação;Informática;Desenvolvimento de Sistemas - MTec-PI ;Manhã e Tarde;220;40;5,50;
Barretos;Barretos;Olímpia;Ribeirão Preto/Franca/Barretos;Etec Professor José Carlos Seno Junior;232;Integrado;Produção Industrial;Química;Química - Mtec-N;Noite;42;40;1,05;
Barretos;Barretos;Olímpia;Ribeirão Preto/Franca/Barretos;Etec Professor José Carlos Seno Junior;232;Integrado;Produção Industrial;Química;Química - MTec-PI;Manhã e Tarde;201;40;5,02;
Bauru;Bauru;Bauru;Bauru/Araçatuba;Etec Astor de Mattos Carvalho (EE Prof. Christino Cabral);038.01 - Ext/Etec;Técnico;Gestão e Negócios;Gestão;Contabilidade;Noite;71;40;1,77;
Bauru;Bauru;Bauru;Bauru/Araçatuba;Etec Rodrigues de Abreu;135;Médio;Educação Básica;Educação Básica - Ensino Médio;Ensino Médio com Itinerário Formativo de Ciências Humanas e Sociais Aplicadas;Manhã;225;35;6,42;
Bauru;Bauru;Bauru;Bauru/Araçatuba;Etec Rodrigues de Abreu;135;Técnico;Gestão e Negócios;Gestão;Administração;Noite;124;40;3,10;
Bauru;Bauru;Bauru;Bauru/Araçatuba;Etec Rodrigues de Abreu;135;Técnico;Informação e Comunicação;Informática;Desenvolvimento de Sistemas;Noite;116;40;2,90;
Bauru;Bauru;Bauru;Bauru/Araçatuba;Etec Rodrigues de Abreu;135;Técnico;Ambiente e Saúde;Saúde;Enfermagem;Manhã;221;40;5,52;
Bauru;Bauru;Bauru;Bauru/Araçatuba;Etec Rodrigues de Abreu;135;Técnico;Segurança;Saúde;Segurança do Trabalho (MNP);Noite;100;40;2,50;
Bauru;Bauru;Bauru;Bauru/Araçatuba;Etec Rodrigues de Abreu;135;Integrado;Gestão e Negócios;Gestão;Administração - MTec-N;Noite;110;40;2,75;
Bauru;Bauru;Bauru;Bauru/Araçatuba;Etec Rodrigues de Abreu;135;Integrado;Gestão e Negócios;Gestão;Administração - MTec-PI;Manhã e Tarde;277;40;6,92;
Bauru;Bauru;Bauru;Bauru/Araçatuba;Etec Rodrigues de Abreu;135;Integrado;Informação e Comunicação;Informática;Desenvolvimento de Sistemas - MTec-PI ;Manhã e Tarde;400;40;10,00;
Bauru;Bauru;Bauru;Bauru/Araçatuba;Etec Rodrigues de Abreu;135;Integrado;Informação e Comunicação;Informática;Informática para Internet - MTec;Tarde;187;40;4,67;
Bauru;Bauru;Bauru;Bauru/Araçatuba;Etec Rodrigues de Abreu;135;Integrado;Gestão e Negócios;Gestão;Serviços Jurídicos - MTec;Tarde;160;40;4,00;
Bauru;Bauru;Bauru;Bauru/Araçatuba;Etec Rodrigues de Abreu (EE Ernesto Monte);135.01 - Ext/Etec;Técnico;Gestão e Negócios;Gestão;Logística;Noite;49;40;1,22;
Bauru;Bauru;Cabrália Paulista;Bauru/Araçatuba;Etec Astor de Mattos Carvalho;038;Técnico;Produção Industrial;Química;Química;Noite;55;35;1,57;
Bauru;Bauru;Cabrália Paulista;Bauru/Araçatuba;Etec Astor de Mattos Carvalho;038;Integrado;Gestão e Negócios;Gestão;Administração - MTec-PI;Manhã e Tarde;55;35;1,57;
Bauru;Bauru;Cabrália Paulista;Bauru/Araçatuba;Etec Astor de Mattos Carvalho;038;Integrado;Recursos Naturais;Agropecuária;Agropecuária - MTec-PI;Manhã e Tarde;81;35;2,31;
Bauru;Bauru;Cabrália Paulista;Bauru/Araçatuba;Etec Astor de Mattos Carvalho;038;Integrado;Informação e Comunicação;Informática;Informática para Internet - MTec-PI;Manhã e Tarde;58;35;1,65;
Bauru;Bauru;Lençóis Paulista;Bauru/Araçatuba;Etec Cidade do Livro;244;Técnico;Gestão e Negócios;Gestão;Logística;Noite;102;40;2,54;
Bauru;Bauru;Lençóis Paulista;Bauru/Araçatuba;Etec Cidade do Livro;244;Técnico;Produção Industrial;Química;Química;Noite;145;40;3,62;
Bauru;Bauru;Lençóis Paulista;Bauru/Araçatuba;Etec Cidade do Livro;244;Integrado;Informação e Comunicação;Informática;Desenvolvimento de Sistemas - MTec-PI ;Manhã e Tarde;147;40;3,67;
Bauru;Bauru;Lençóis Paulista;Bauru/Araçatuba;Etec Cidade do Livro;244;Integrado;Infraestrutura;Construção Civil;Edificações - Mtec-N;Noite;70;40;1,75;
Bauru;Bauru;Lençóis Paulista;Bauru/Araçatuba;Etec Cidade do Livro;244;Integrado;Gestão e Negócios;Comércio;Marketing - MTec;Manhã;109;40;2,72;
Bauru;Bauru;Lençóis Paulista;Bauru/Araçatuba;Etec Cidade do Livro;244;Integrado;Produção Industrial;Química;Química - MTec-PI;Manhã e Tarde;147;40;3,67;
Bauru;Bauru;Lençóis Paulista;Bauru/Araçatuba;Etec Cidade do Livro;244;Integrado;Gestão e Negócios;Gestão;Recursos Humanos - MTec-N;Noite;59;40;1,47;
Bauru;Bauru;Lençóis Paulista;Bauru/Araçatuba;Etec Cidade do Livro (EE Virgilio Capoani);244.01 - Ext/Etec;Técnico;Gestão e Negócios;Gestão;Administração;Noite;88;35;2,51;
Bauru;Bauru;Pederneiras;Bauru/Araçatuba;Etec Professor Urias Ferreira (EE Anchieta);090.01 - Ext/Etec;Técnico;Gestão e Negócios;Gestão;Recursos Humanos;Noite;52;40;1,30;
Bauru;Jaú;Barra Bonita;Bauru/Araçatuba;Etec Comendador João Rays;040;Médio;Educação Básica;Educação Básica - Ensino Médio;Ensino Médio com Itinerário Formativo de Linguagens, Ciência Humanas e Sociais;Manhã;201;35;5,74;
Bauru;Jaú;Barra Bonita;Bauru/Araçatuba;Etec Comendador João Rays;040;Técnico;Informação e Comunicação;Informática;Desenvolvimento de Sistemas;Noite;102;40;2,54;
Bauru;Jaú;Barra Bonita;Bauru/Araçatuba;Etec Comendador João Rays;040;Técnico;Gestão e Negócios;Comércio;Marketing;Noite;67;40;1,67;
Bauru;Jaú;Barra Bonita;Bauru/Araçatuba;Etec Comendador João Rays;040;Técnico;Gestão e Negócios;Gestão;Secretariado;Noite;63;40;1,57;
Bauru;Jaú;Barra Bonita;Bauru/Araçatuba;Etec Comendador João Rays;040;Integrado;Informação e Comunicação;Informática;Informática para Internet - MTec-PI;Manhã e Tarde;160;35;4,57;
Bauru;Jaú;Jaú;Bauru/Araçatuba;Etec Joaquim Ferreira do Amaral;070;Técnico;Gestão e Negócios;Gestão;Administração;Noite;81;40;2,02;
Bauru;Jaú;Jaú;Bauru/Araçatuba;Etec Joaquim Ferreira do Amaral;070;Técnico;Informação e Comunicação;Informática;Desenvolvimento de Sistemas;Noite;122;40;3,05;
Bauru;Jaú;Jaú;Bauru/Araçatuba;Etec Joaquim Ferreira do Amaral;070;Técnico;Infraestrutura;Construção Civil;Edificações;Noite;70;40;1,75;
Bauru;Jaú;Jaú;Bauru/Araçatuba;Etec Joaquim Ferreira do Amaral;070;Técnico;Controle e Processos Industriais;Indústria;Eletrotécnica;Noite;57;40;1,42;
Bauru;Jaú;Jaú;Bauru/Araçatuba;Etec Joaquim Ferreira do Amaral;070;Técnico;Ambiente e Saúde;Saúde;Enfermagem;Noite;144;40;3,60;
Bauru;Jaú;Jaú;Bauru/Araçatuba;Etec Joaquim Ferreira do Amaral;070;Técnico;Ambiente e Saúde;Saúde;Nutrição e Dietética;Noite;54;40;1,35;
Bauru;Jaú;Jaú;Bauru/Araçatuba;Etec Joaquim Ferreira do Amaral;070;Técnico;Gestão e Negócios;Gestão;Recursos Humanos;Noite;44;40;1,10;
Bauru;Jaú;Jaú;Bauru/Araçatuba;Etec Joaquim Ferreira do Amaral;070;Técnico;Segurança;Saúde;Segurança do Trabalho;Noite;41;40;1,02;
Bauru;Jaú;Jaú;Bauru/Araçatuba;Etec Joaquim Ferreira do Amaral;070;Técnico;Controle e Processos Industriais;Indústria;Soldagem;Noite;68;40;1,70;
Bauru;Jaú;Jaú;Bauru/Araçatuba;Etec Joaquim Ferreira do Amaral;070;Integrado;Gestão e Negócios;Gestão;Administração - MTec-PI;Manhã e Tarde;264;40;6,60;
Bauru;Jaú;Jaú;Bauru/Araçatuba;Etec Joaquim Ferreira do Amaral;070;Integrado;Infraestrutura;Construção Civil;Edificações - MTec-PI;Manhã e Tarde;119;40;2,97;
Bauru;Jaú;Jaú;Bauru/Araçatuba;Etec Joaquim Ferreira do Amaral;070;Integrado;Informação e Comunicação;Informática;Informática - MTec-PI;Manhã e Tarde;263;40;6,57;
Bauru;Jaú;Jaú;Bauru/Araçatuba;Etec Joaquim Ferreira do Amaral;070;Integrado;Controle e Processos Industriais;Indústria;Mecatrônica - MTec-PI;Manhã e Tarde;108;40;2,70;
Bauru;Jaú;Jaú;Bauru/Araçatuba;Etec Joaquim Ferreira do Amaral;070;Especialização;Ambiente e Saúde;Saúde;Gestão de Unidades de Alimentação e Nutrição;Noite;32;40;0,80;
Bauru;Jaú;Jaú;Bauru/Araçatuba;Etec Professor Urias Ferreira;090;Integrado;Recursos Naturais;Agropecuária;Agropecuária - MTec-PI;Manhã e Tarde;148;70;2,11;
Bauru;Lins;Cafelândia;Bauru/Araçatuba;Etec Professora Helcy Moreira Martins Aguiar;062;Médio;Educação Básica;Educação Básica - Ensino Médio;Ensino Médio com Itinerário Formativo de Ciências Humanas e Sociais Aplicadas;Manhã;52;40;1,30;
Bauru;Lins;Cafelândia;Bauru/Araçatuba;Etec Professora Helcy Moreira Martins Aguiar;062;Técnico;Produção Industrial;Química;Açúcar e Álcool;Noite;49;40;1,22;
Bauru;Lins;Cafelândia;Bauru/Araçatuba;Etec Professora Helcy Moreira Martins Aguiar;062;Técnico;Recursos Naturais;Agropecuária;Agronegócio;Noite;57;40;1,42;
Bauru;Lins;Cafelândia;Bauru/Araçatuba;Etec Professora Helcy Moreira Martins Aguiar;062;Técnico;Gestão e Negócios;Gestão;Recursos Humanos;Noite;64;40;1,60;
Bauru;Lins;Cafelândia;Bauru/Araçatuba;Etec Professora Helcy Moreira Martins Aguiar;062;Integrado;Gestão e Negócios;Gestão;Administração - MTec-N;Noite;69;40;1,72;
Bauru;Lins;Cafelândia;Bauru/Araçatuba;Etec Professora Helcy Moreira Martins Aguiar;062;Integrado;Recursos Naturais;Agropecuária;Agropecuária - MTec-PI;Manhã e Tarde;75;40;1,87;
Bauru;Lins;Cafelândia;Bauru/Araçatuba;Etec Professora Helcy Moreira Martins Aguiar;062;Integrado;Informação e Comunicação;Informática;Desenvolvimento de Sistemas - MTec;Manhã;78;40;1,95;
Bauru;Lins;Lins;Bauru/Araçatuba;Etec de Lins;148;Médio;Educação Básica;Educação Básica - Ensino Médio;Ensino Médio com Itinerário Formativo de Linguagens, Ciência Humanas e Sociais;Manhã;115;40;2,87;
Bauru;Lins;Lins;Bauru/Araçatuba;Etec de Lins;148;Técnico;Gestão e Negócios;Gestão;Administração;Noite;118;40;2,95;
Bauru;Lins;Lins;Bauru/Araçatuba;Etec de Lins;148;Técnico;Ambiente e Saúde;Saúde;Enfermagem;Tarde;92;40;2,29;
Bauru;Lins;Lins;Bauru/Araçatuba;Etec de Lins;148;Técnico;Produção Industrial;Química;Química;Noite;87;40;2,17;
Bauru;Lins;Lins;Bauru/Araçatuba;Etec de Lins;148;Integrado;Gestão e Negócios;Gestão;Contabilidade - MTec;Tarde;77;40;1,92;
Bauru;Lins;Lins;Bauru/Araçatuba;Etec de Lins;148;Integrado;Informação e Comunicação;Informática;Desenvolvimento de Sistemas - MTec;Manhã;231;40;5,77;
Bauru;Lins;Lins;Bauru/Araçatuba;Etec de Lins;148;Integrado;Infraestrutura;Construção Civil;Edificações - Mtec-N;Noite;73;40;1,82;
Bauru;Lins;Lins;Bauru/Araçatuba;Etec de Lins;148;Integrado;Produção Industrial;Química;Química - Mtec-N;Noite;88;40;2,20;
Bauru;Lins;Lins;Bauru/Araçatuba;Etec de Lins;148;Integrado;Gestão e Negócios;Gestão;Recursos Humanos - MTec;Tarde;104;40;2,60;
Bauru;Lins;Lins;Bauru/Araçatuba;Etec de Lins (EE Fernando Costa);148.01 - Ext/Etec;Técnico;Gestão e Negócios;Comércio;Marketing;Noite;69;40;1,72;
Bauru;Lins;Lins;Bauru/Araçatuba;Etec de Lins (EE Fernando Costa);148.01 - Ext/Etec;Técnico;Gestão e Negócios;Gestão;Secretariado;Noite;44;40;1,10;
Bauru;Lins;Lins;Bauru/Araçatuba;Etec de Lins (EE Fernando Costa);148.01 - Ext/Etec;Técnico;Gestão e Negócios;Gestão;Serviços Jurídicos;Noite;80;40;2,00;
Bauru;Lins;Lins;Bauru/Araçatuba;Etec de Lins / Fatec Professor Antonio Seabra;148/192 - Etec/Fatec;Integrado;Informação e Comunicação;Informática;Desenvolvimento de Sistemas - MTec-AMS;Tarde;93;40;2,32;
Bauru;Lins;Promissão;Bauru/Araçatuba;Etec Professora Helcy Moreira Martins Aguiar (EMEF Colégio Xavier - Promissão);062.4 - Cd_Cps;Técnico;Gestão e Negócios;Gestão;Administração;Noite;56;40;1,40;
Central;Araraquara;Araraquara;São José do Rio Preto/Central;Etec Professora Anna de Oliveira Ferraz;029;Técnico;Gestão e Negócios;Gestão;Administração;Noite;117;40;2,92;
Central;Araraquara;Araraquara;São José do Rio Preto/Central;Etec Professora Anna de Oliveira Ferraz;029;Técnico;Ambiente e Saúde;Saúde;Enfermagem;Tarde;117;40;2,92;
Central;Araraquara;Araraquara;São José do Rio Preto/Central;Etec Professora Anna de Oliveira Ferraz;029;Técnico;Turismo, Hospitalidade e Lazer;Turismo e Hospitalidade;Gastronomia;Tarde;43;40;1,07;
Central;Araraquara;Araraquara;São José do Rio Preto/Central;Etec Professora Anna de Oliveira Ferraz;029;Técnico;Informação e Comunicação;Informática;Informática para Internet;Noite;103;40;2,57;
Central;Araraquara;Araraquara;São José do Rio Preto/Central;Etec Professora Anna de Oliveira Ferraz;029;Técnico;Gestão e Negócios;Gestão;Logística;Noite;76;40;1,90;
Central;Araraquara;Araraquara;São José do Rio Preto/Central;Etec Professora Anna de Oliveira Ferraz;029;Técnico;Controle e Processos Industriais;Indústria;Mecatrônica;Noite;106;40;2,65;
Central;Araraquara;Araraquara;São José do Rio Preto/Central;Etec Professora Anna de Oliveira Ferraz;029;Técnico;Controle e Processos Industriais;Indústria;Mecânica;Noite;78;40;1,95;
Central;Araraquara;Araraquara;São José do Rio Preto/Central;Etec Professora Anna de Oliveira Ferraz;029;Técnico;Ambiente e Saúde;Saúde;Nutrição e Dietética;Noite;66;40;1,65;
Central;Araraquara;Araraquara;São José do Rio Preto/Central;Etec Professora Anna de Oliveira Ferraz;029;Técnico;Gestão e Negócios;Gestão;Recursos Humanos;Noite;71;40;1,77;
Central;Araraquara;Araraquara;São José do Rio Preto/Central;Etec Professora Anna de Oliveira Ferraz;029;Técnico;Gestão e Negócios;Gestão;Transações Imobiliárias;Noite;77;40;1,92;
Central;Araraquara;Araraquara;São José do Rio Preto/Central;Etec Professora Anna de Oliveira Ferraz;029;Integrado;Gestão e Negócios;Gestão;Administração - MTec-PI;Manhã e Tarde;408;80;5,09;
Central;Araraquara;Araraquara;São José do Rio Preto/Central;Etec Professora Anna de Oliveira Ferraz;029;Integrado;Informação e Comunicação;Informática;Desenvolvimento de Sistemas - MTec-PI ;Manhã e Tarde;284;40;7,10;
Central;Araraquara;Araraquara;São José do Rio Preto/Central;Etec Professora Anna de Oliveira Ferraz;029;Integrado;Informação e Comunicação;Informática;Informática para Internet - MTec-PI;Manhã e Tarde;284;40;7,10;
Central;Araraquara;Araraquara;São José do Rio Preto/Central;Etec Professora Anna de Oliveira Ferraz;029;Integrado;Controle e Processos Industriais;Indústria;Mecatrônica - MTec-PI;Manhã e Tarde;247;40;6,17;
Central;Araraquara;Borborema;São José do Rio Preto/Central;Etec Professora Marinês Teodoro de Freitas Almeida (EMEIF Profª Ana Rosa - Borborema);212.3 - Cd_Cps;Técnico;Informação e Comunicação;Informática;Desenvolvimento de Sistemas;Noite;57;40;1,42;
Central;Araraquara;Ibitinga;São José do Rio Preto/Central;Etec Vereador e Vice Prefeito Sérgio da Fonseca;161;Técnico;Gestão e Negócios;Gestão;Contabilidade;Noite;89;40;2,22;
Central;Araraquara;Ibitinga;São José do Rio Preto/Central;Etec Vereador e Vice Prefeito Sérgio da Fonseca;161;Integrado;Gestão e Negócios;Gestão;Administração - MTec;Manhã;76;40;1,90;
Central;Araraquara;Ibitinga;São José do Rio Preto/Central;Etec Vereador e Vice Prefeito Sérgio da Fonseca;161;Integrado;Informação e Comunicação;Informática;Desenvolvimento de Sistemas - MTec;Manhã;65;40;1,62;
Central;Araraquara;Ibitinga;São José do Rio Preto/Central;Etec Vereador e Vice Prefeito Sérgio da Fonseca;161;Integrado;Informação e Comunicação;Informática;Desenvolvimento de Sistemas - Mtec-N;Noite;60;40;1,50;
Central;Araraquara;Itápolis;São José do Rio Preto/Central;Etec Vereador e Vice Prefeito Sérgio da Fonseca (CEC Fundecitrus - Itápolis);161.4 - Cd_Cps;Técnico;Gestão e Negócios;Gestão;Administração;Noite;59;35;1,68;
Central;Araraquara;Matão;São José do Rio Preto/Central;Etec Sylvio de Mattos Carvalho;103;Técnico;Gestão e Negócios;Gestão;Administração;Noite;130;40;3,25;
Central;Araraquara;Matão;São José do Rio Preto/Central;Etec Sylvio de Mattos Carvalho;103;Técnico;Informação e Comunicação;Informática;Desenvolvimento de Sistemas (MNP);Noite;99;40;2,47;
Central;Araraquara;Matão;São José do Rio Preto/Central;Etec Sylvio de Mattos Carvalho;103;Técnico;Controle e Processos Industriais;Indústria;Eletrotécnica;Noite;76;40;1,90;
Central;Araraquara;Matão;São José do Rio Preto/Central;Etec Sylvio de Mattos Carvalho;103;Técnico;Ambiente e Saúde;Saúde;Enfermagem;Noite;142;30;4,73;
Central;Araraquara;Matão;São José do Rio Preto/Central;Etec Sylvio de Mattos Carvalho;103;Técnico;Controle e Processos Industriais;Indústria;Mecânica;Noite;93;40;2,32;
Central;Araraquara;Matão;São José do Rio Preto/Central;Etec Sylvio de Mattos Carvalho;103;Integrado;Informação e Comunicação;Informática;Informática para Internet - MTec;Manhã;400;80;5,00;
Central;Araraquara;Matão;São José do Rio Preto/Central;Etec Sylvio de Mattos Carvalho;103;Integrado;Informação e Comunicação;Informática;Informática para Internet - MTec;Tarde;110;40;2,75;
Central;Araraquara;Matão;São José do Rio Preto/Central;Etec Sylvio de Mattos Carvalho;103;Integrado;Controle e Processos Industriais;Indústria;Mecatrônica - MTec;Manhã;164;80;2,04;
Central;Araraquara;Matão;São José do Rio Preto/Central;Etec Sylvio de Mattos Carvalho;103;Integrado;Controle e Processos Industriais;Indústria;Mecatrônica - MTec-N;Noite;56;40;1,40;
Central;Araraquara;Taquaritinga;São José do Rio Preto/Central;Etec Doutor Adail Nunes da Silva;019;Técnico;Gestão e Negócios;Gestão;Administração;Noite;74;40;1,85;
Central;Araraquara;Taquaritinga;São José do Rio Preto/Central;Etec Doutor Adail Nunes da Silva;019;Técnico;Produção Alimentícia;Agropecuária;Agroindústria;Noite;65;40;1,62;
Central;Araraquara;Taquaritinga;São José do Rio Preto/Central;Etec Doutor Adail Nunes da Silva;019;Técnico;Ambiente e Saúde;Saúde;Enfermagem;Manhã;88;40;2,20;
Central;Araraquara;Taquaritinga;São José do Rio Preto/Central;Etec Doutor Adail Nunes da Silva;019;Técnico;Ambiente e Saúde;Saúde;Farmácia;Noite;99;40;2,47;
Central;Araraquara;Taquaritinga;São José do Rio Preto/Central;Etec Doutor Adail Nunes da Silva;019;Técnico;Informação e Comunicação;Informática;Informática para Internet;Noite;79;40;1,97;
Central;Araraquara;Taquaritinga;São José do Rio Preto/Central;Etec Doutor Adail Nunes da Silva;019;Técnico;Gestão e Negócios;Gestão;Recursos Humanos;Noite;65;40;1,62;
Central;Araraquara;Taquaritinga;São José do Rio Preto/Central;Etec Doutor Adail Nunes da Silva;019;Integrado;Gestão e Negócios;Gestão;Administração - MTec-PI;Manhã e Tarde;92;40;2,29;
Central;Araraquara;Taquaritinga;São José do Rio Preto/Central;Etec Doutor Adail Nunes da Silva;019;Integrado;Produção Alimentícia;Química;Alimentos - MTec-PI;Manhã e Tarde;101;40;2,52;
Central;Araraquara;Taquaritinga;São José do Rio Preto/Central;Etec Doutor Adail Nunes da Silva;019;Integrado;Informação e Comunicação;Informática;Informática para Internet - MTec-PI;Manhã e Tarde;137;40;3,42;
Central;Araraquara;Taquaritinga;São José do Rio Preto/Central;Etec Doutor Adail Nunes da Silva;019;Integrado;Produção Industrial;Química;Química - MTec-PI;Manhã e Tarde;82;40;2,04;
Central;Araraquara;Taquaritinga;São José do Rio Preto/Central;Etec Doutor Adail Nunes da Silva / Fatec de Taquaritinga;019/022 - Etec/Fatec;Integrado;Informação e Comunicação;Informática;Desenvolvimento de Sistemas - MTec-AMS;Manhã;131;40;3,27;
Central;São Carlos;Ibaté;São José do Rio Preto/Central;Etec de Ibaté;263;Técnico;Gestão e Negócios;Gestão;Administração;Noite;61;40;1,52;
Central;São Carlos;Ibaté;São José do Rio Preto/Central;Etec de Ibaté;263;Integrado;Gestão e Negócios;Gestão;Administração - MTec-PI;Manhã e Tarde;120;40;3,00;
Central;São Carlos;Ibaté;São José do Rio Preto/Central;Etec de Ibaté;263;Integrado;Gestão e Negócios;Gestão;Recursos Humanos - MTec-PI;Manhã e Tarde;35;40;0,87;
Central;São Carlos;Porto Ferreira;Campinas Norte;Etec Professor Jadyr Salles;202;Técnico;Gestão e Negócios;Gestão;Recursos Humanos;Noite;56;35;1,60;
Central;São Carlos;Porto Ferreira;Campinas Norte;Etec Professor Jadyr Salles;202;Integrado;Gestão e Negócios;Gestão;Administração - MTec-PI;Manhã e Tarde;95;35;2,71;
Central;São Carlos;Porto Ferreira;Campinas Norte;Etec Professor Jadyr Salles;202;Integrado;Informação e Comunicação;Informática;Informática para Internet - MTec-PI;Manhã e Tarde;107;35;3,05;
Central;São Carlos;Santa Rita do Passa Quatro;Ribeirão Preto/Franca/Barretos;Etec Manoel dos Reis Araújo;083;Técnico;Ambiente e Saúde;Saúde;Enfermagem;Noite;109;40;2,72;
Central;São Carlos;Santa Rita do Passa Quatro;Ribeirão Preto/Franca/Barretos;Etec Manoel dos Reis Araújo;083;Integrado;Informação e Comunicação;Informática;Informática para Internet - MTec;Manhã;82;40;2,04;
Central;São Carlos;São Carlos;São José do Rio Preto/Central;Etec Paulino Botelho;091;Médio;Educação Básica;Educação Básica - Ensino Médio;Ensino Médio com Itinerário Formativo de Ciências Humanas e Sociais Aplicadas;Manhã;87;40;2,17;
Central;São Carlos;São Carlos;São José do Rio Preto/Central;Etec Paulino Botelho;091;Médio;Educação Básica;Educação Básica - Ensino Médio;Ensino Médio com Itinerário Formativo de Matemática e suas Tecnologias;Manhã;46;40;1,14;
Central;São Carlos;São Carlos;São José do Rio Preto/Central;Etec Paulino Botelho;091;Técnico;Gestão e Negócios;Gestão;Administração;Noite;95;40;2,37;
Central;São Carlos;São Carlos;São José do Rio Preto/Central;Etec Paulino Botelho;091;Técnico;Controle e Processos Industriais;Indústria;Eletrotécnica;Noite;74;40;1,85;
Central;São Carlos;São Carlos;São José do Rio Preto/Central;Etec Paulino Botelho;091;Técnico;Ambiente e Saúde;Saúde;Enfermagem;Tarde;114;40;2,85;
Central;São Carlos;São Carlos;São José do Rio Preto/Central;Etec Paulino Botelho;091;Técnico;Controle e Processos Industriais;Indústria;Mecatrônica;Noite;148;40;3,70;
Central;São Carlos;São Carlos;São José do Rio Preto/Central;Etec Paulino Botelho;091;Integrado;Gestão e Negócios;Gestão;Administração - MTec;Manhã;316;40;7,90;
Central;São Carlos;São Carlos;São José do Rio Preto/Central;Etec Paulino Botelho;091;Integrado;Informação e Comunicação;Informática;Desenvolvimento de Sistemas - Mtec-N;Noite;50;40;1,25;
Central;São Carlos;São Carlos;São José do Rio Preto/Central;Etec Paulino Botelho;091;Integrado;Informação e Comunicação;Informática;Informática para Internet - MTec-PI;Manhã e Tarde;172;40;4,30;
Central;São Carlos;São Carlos;São José do Rio Preto/Central;Etec Paulino Botelho;091;Integrado;Controle e Processos Industriais;Indústria;Mecatrônica - MTec-PI;Manhã e Tarde;149;40;3,72;
Central;São Carlos;São Carlos;São José do Rio Preto/Central;Etec Paulino Botelho (EE Professor Luiz Viviani Filho);091.06 - Ext/Etec;Técnico;Gestão e Negócios;Gestão;Administração;Noite;50;40;1,25;
Franca;Franca;Batatais;Ribeirão Preto/Franca/Barretos;Etec Antonio de Pádua Cardoso;030;Médio;Educação Básica;Educação Básica - Ensino Médio;Ensino Médio com Itinerário Formativo de Matemática e suas Tecnologias;Manhã;57;40;1,42;
Franca;Franca;Batatais;Ribeirão Preto/Franca/Barretos;Etec Antonio de Pádua Cardoso;030;Técnico;Gestão e Negócios;Gestão;Administração;Noite;56;40;1,40;
Franca;Franca;Batatais;Ribeirão Preto/Franca/Barretos;Etec Antonio de Pádua Cardoso;030;Técnico;Informação e Comunicação;Informática;Desenvolvimento de Sistemas;Noite;61;40;1,52;
Franca;Franca;Batatais;Ribeirão Preto/Franca/Barretos;Etec Antonio de Pádua Cardoso;030;Técnico;Ambiente e Saúde;Saúde;Farmácia;Noite;95;40;2,37;
Franca;Franca;Batatais;Ribeirão Preto/Franca/Barretos;Etec Antonio de Pádua Cardoso;030;Técnico;Controle e Processos Industriais;Indústria;Mecânica;Noite;63;40;1,57;
Franca;Franca;Batatais;Ribeirão Preto/Franca/Barretos;Etec Antonio de Pádua Cardoso;030;Integrado;Gestão e Negócios;Gestão;Administração - MTec-PI;Manhã e Tarde;67;40;1,67;
Franca;Franca;Batatais;Ribeirão Preto/Franca/Barretos;Etec Antonio de Pádua Cardoso;030;Integrado;Informação e Comunicação;Informática;Desenvolvimento de Sistemas - MTec-PI ;Manhã e Tarde;74;40;1,85;
Franca;Franca;Batatais;Ribeirão Preto/Franca/Barretos;Etec Antonio de Pádua Cardoso;030;Integrado;Informação e Comunicação;Informática;Informática para Internet - MTec;Tarde;34;40;0,85;
Franca;Franca;Batatais;Ribeirão Preto/Franca/Barretos;Etec Antonio de Pádua Cardoso;030;Integrado;Controle e Processos Industriais;Indústria;Mecânica - MTec-PI ;Manhã e Tarde;56;40;1,40;
Franca;Franca;Batatais;Ribeirão Preto/Franca/Barretos;Etec Antonio de Pádua Cardoso;030;Integrado;Gestão e Negócios;Gestão;Recursos Humanos - MTec;Manhã;109;40;2,72;
Franca;Franca;Batatais;Ribeirão Preto/Franca/Barretos;Etec Antonio de Pádua Cardoso;030;Especialização;Turismo, Hospitalidade e Lazer;Turismo e Hospitalidade;Organização de Eventos Corporativos;Noite;46;40;1,14;
Franca;Franca;Franca;Ribeirão Preto/Franca/Barretos;Etec Doutor Júlio Cardoso;078;Médio;Educação Básica;Educação Básica - Ensino Médio;Ensino Médio com Itinerário Formativo de Ciências Humanas e Sociais Aplicadas;Manhã;164;40;4,09;
Franca;Franca;Franca;Ribeirão Preto/Franca/Barretos;Etec Doutor Júlio Cardoso;078;Técnico;Gestão e Negócios;Gestão;Administração;Noite;113;40;2,82;
Franca;Franca;Franca;Ribeirão Preto/Franca/Barretos;Etec Doutor Júlio Cardoso;078;Técnico;Gestão e Negócios;Gestão;Contabilidade;Noite;77;40;1,92;
Franca;Franca;Franca;Ribeirão Preto/Franca/Barretos;Etec Doutor Júlio Cardoso;078;Técnico;Controle e Processos Industriais;Indústria;Eletroeletrônica;Noite;67;40;1,67;
Franca;Franca;Franca;Ribeirão Preto/Franca/Barretos;Etec Doutor Júlio Cardoso;078;Técnico;Controle e Processos Industriais;Indústria;Eletrotécnica;Noite;81;40;2,02;
Franca;Franca;Franca;Ribeirão Preto/Franca/Barretos;Etec Doutor Júlio Cardoso;078;Técnico;Ambiente e Saúde;Saúde;Enfermagem;Manhã;136;40;3,40;
Franca;Franca;Franca;Ribeirão Preto/Franca/Barretos;Etec Doutor Júlio Cardoso;078;Técnico;Gestão e Negócios;Gestão;Finanças;Noite;39;40;0,97;
Franca;Franca;Franca;Ribeirão Preto/Franca/Barretos;Etec Doutor Júlio Cardoso;078;Técnico;Controle e Processos Industriais;Indústria;Mecânica;Noite;67;40;1,67;
Franca;Franca;Franca;Ribeirão Preto/Franca/Barretos;Etec Doutor Júlio Cardoso;078;Integrado;Gestão e Negócios;Gestão;Administração - MTec-PI;Manhã e Tarde;119;40;2,97;
Franca;Franca;Franca;Ribeirão Preto/Franca/Barretos;Etec Doutor Júlio Cardoso;078;Integrado;Gestão e Negócios;Gestão;Contabilidade - MTec;Tarde;64;40;1,60;
Franca;Franca;Franca;Ribeirão Preto/Franca/Barretos;Etec Doutor Júlio Cardoso;078;Integrado;Informação e Comunicação;Informática;Desenvolvimento de Sistemas - MTec-PI ;Manhã e Tarde;186;40;4,65;
Franca;Franca;Franca;Ribeirão Preto/Franca/Barretos;Etec Doutor Júlio Cardoso;078;Integrado;Controle e Processos Industriais;Indústria;Eletrônica - MTec;Tarde;34;40;0,85;
Franca;Franca;Franca;Ribeirão Preto/Franca/Barretos;Etec Doutor Júlio Cardoso;078;Integrado;Gestão e Negócios;Comércio;Marketing - MTec;Manhã;256;40;6,40;
Franca;Franca;Franca;Ribeirão Preto/Franca/Barretos;Etec Doutor Júlio Cardoso;078;Integrado;Controle e Processos Industriais;Indústria;Mecatrônica - MTec;Tarde;69;40;1,72;
Franca;Franca;Franca;Ribeirão Preto/Franca/Barretos;Etec Doutor Júlio Cardoso / Faculdade de Tecnologia Doutor Thomaz Novelino;078/109 - Etec/Fatec;Integrado;Gestão e Negócios;Gestão;Administração - MTec-AMS;Manhã;116;40;2,90;
Franca;Franca;Franca;Ribeirão Preto/Franca/Barretos;Etec Professor Carmelino Correa Júnior;046;Técnico;Recursos Naturais;Agropecuária;Agropecuária;Tarde;58;40;1,45;
Franca;Franca;Franca;Ribeirão Preto/Franca/Barretos;Etec Professor Carmelino Correa Júnior;046;Técnico;Recursos Naturais;Agropecuária;Cafeicultura;Noite;78;40;1,95;
Franca;Franca;Franca;Ribeirão Preto/Franca/Barretos;Etec Professor Carmelino Correa Júnior;046;Integrado;Recursos Naturais;Agropecuária;Agronegócio - MTec-N;Noite;53;40;1,32;
Franca;Franca;Franca;Ribeirão Preto/Franca/Barretos;Etec Professor Carmelino Correa Júnior;046;Integrado;Recursos Naturais;Agropecuária;Agropecuária - MTec;Manhã;153;40;3,82;
Franca;Franca;Franca;Ribeirão Preto/Franca/Barretos;Etec Professor Carmelino Correa Júnior;046;Integrado;Recursos Naturais;Agropecuária;Agropecuária - MTec;Tarde;81;40;2,02;
Franca;Franca;Franca;Ribeirão Preto/Franca/Barretos;Etec Professor Carmelino Correa Júnior;046;Integrado;Produção Industrial;Meio Ambiente;Biotecnologia - MTec-PI;Manhã e Tarde;63;40;1,57;
Franca;Franca;Franca;Ribeirão Preto/Franca/Barretos;Etec Professor Carmelino Correa Júnior;046;Integrado;Produção Industrial;Química;Química - MTec;Manhã;82;40;2,04;
Franca;Franca;Igarapava;Ribeirão Preto/Franca/Barretos;Etec Antonio Junqueira da Veiga;033;Técnico;Recursos Naturais;Agropecuária;Agropecuária;Noite;62;40;1,55;
Franca;Franca;Igarapava;Ribeirão Preto/Franca/Barretos;Etec Antonio Junqueira da Veiga;033;Técnico;Gestão e Negócios;Gestão;Logística;Noite;49;40;1,22;
Franca;Franca;Igarapava;Ribeirão Preto/Franca/Barretos;Etec Antonio Junqueira da Veiga;033;Técnico;Ambiente e Saúde;Saúde;Veterinária;Noite;74;40;1,85;
Franca;Franca;Igarapava;Ribeirão Preto/Franca/Barretos;Etec Antonio Junqueira da Veiga;033;Integrado;Gestão e Negócios;Gestão;Administração - MTec;Manhã;93;40;2,32;
Franca;Franca;Igarapava;Ribeirão Preto/Franca/Barretos;Etec Antonio Junqueira da Veiga;033;Integrado;Recursos Naturais;Agropecuária;Agropecuária - MTec-PI;Manhã e Tarde;125;40;3,12;
Franca;Franca;Igarapava;Ribeirão Preto/Franca/Barretos;Etec Antonio Junqueira da Veiga;033;Integrado;Informação e Comunicação;Informática;Informática para Internet - MTec;Tarde;110;40;2,75;
Franca;Franca;Igarapava;Ribeirão Preto/Franca/Barretos;Etec Antonio Junqueira da Veiga;033;Integrado;Ambiente e Saúde;Saúde;Nutrição e Dietética - MTec;Manhã;91;40;2,27;
Franca;Franca;Igarapava;Ribeirão Preto/Franca/Barretos;Etec Antonio Junqueira da Veiga;033;Integrado;Produção Industrial;Química;Química - MTec;Manhã;90;40;2,25;
Franca;Franca;Ituverava;Ribeirão Preto/Franca/Barretos;Etec Professor José Ignácio Azevedo Filho;233;Técnico;Ambiente e Saúde;Saúde;Farmácia;Noite;81;40;2,02;
Franca;Franca;Ituverava;Ribeirão Preto/Franca/Barretos;Etec Professor José Ignácio Azevedo Filho;233;Técnico;Informação e Comunicação;Informática;Manutenção e Suporte em Informática;Noite;70;40;1,75;
Franca;Franca;Ituverava;Ribeirão Preto/Franca/Barretos;Etec Professor José Ignácio Azevedo Filho;233;Técnico;Gestão e Negócios;Gestão;Serviços Jurídicos;Noite;65;40;1,62;
Franca;Franca;Ituverava;Ribeirão Preto/Franca/Barretos;Etec Professor José Ignácio Azevedo Filho;233;Integrado;Gestão e Negócios;Gestão;Administração - MTec-N;Noite;69;40;1,72;
Franca;Franca;Ituverava;Ribeirão Preto/Franca/Barretos;Etec Professor José Ignácio Azevedo Filho;233;Integrado;Informação e Comunicação;Informática;Desenvolvimento de Sistemas - MTec-PI ;Manhã e Tarde;148;40;3,70;
Franca;Franca;Ituverava;Ribeirão Preto/Franca/Barretos;Etec Professor José Ignácio Azevedo Filho;233;Integrado;Ambiente e Saúde;Meio Ambiente;Meio Ambiente - MTec-PI;Manhã e Tarde;69;40;1,72;
Franca;Franca;Ituverava;Ribeirão Preto/Franca/Barretos;Etec Professor José Ignácio Azevedo Filho;233;Integrado;Gestão e Negócios;Gestão;Serviços Jurídicos - MTec-PI;Manhã e Tarde;97;40;2,42;
Franca;Franca;Miguelópolis;Ribeirão Preto/Franca/Barretos;Etec Laurindo Alves de Queiroz;079;Técnico;Recursos Naturais;Agropecuária;Agropecuária;Manhã;67;40;1,67;
Franca;Franca;Miguelópolis;Ribeirão Preto/Franca/Barretos;Etec Laurindo Alves de Queiroz;079;Técnico;Segurança;Saúde;Segurança do Trabalho;Noite;71;40;1,77;
Franca;Franca;Miguelópolis;Ribeirão Preto/Franca/Barretos;Etec Laurindo Alves de Queiroz;079;Integrado;Gestão e Negócios;Gestão;Administração - MTec-N;Noite;53;40;1,32;
Franca;Franca;Miguelópolis;Ribeirão Preto/Franca/Barretos;Etec Laurindo Alves de Queiroz;079;Integrado;Recursos Naturais;Agropecuária;Agropecuária - MTec-PI;Manhã e Tarde;124;80;1,55;
Franca;Franca;Miguelópolis;Ribeirão Preto/Franca/Barretos;Etec Laurindo Alves de Queiroz;079;Integrado;Gestão e Negócios;Gestão;Serviços Jurídicos - MTec;Manhã;89;40;2,22;
Franca;São Joaquim da Barra;Orlândia;Ribeirão Preto/Franca/Barretos;Etec Professor Alcídio de Souza Prado;025;Técnico;Ambiente e Saúde;Saúde;Enfermagem;Tarde;117;40;2,92;
Franca;São Joaquim da Barra;Orlândia;Ribeirão Preto/Franca/Barretos;Etec Professor Alcídio de Souza Prado;025;Técnico;Gestão e Negócios;Gestão;Finanças;Noite;104;40;2,60;
Franca;São Joaquim da Barra;Orlândia;Ribeirão Preto/Franca/Barretos;Etec Professor Alcídio de Souza Prado;025;Técnico;Gestão e Negócios;Comércio;Marketing;Noite;84;40;2,10;
Franca;São Joaquim da Barra;Orlândia;Ribeirão Preto/Franca/Barretos;Etec Professor Alcídio de Souza Prado;025;Integrado;Gestão e Negócios;Gestão;Administração - MTec;Tarde;86;40;2,15;
Franca;São Joaquim da Barra;Orlândia;Ribeirão Preto/Franca/Barretos;Etec Professor Alcídio de Souza Prado;025;Integrado;Gestão e Negócios;Gestão;Administração - MTec;Manhã;259;80;3,23;
Franca;São Joaquim da Barra;Orlândia;Ribeirão Preto/Franca/Barretos;Etec Professor Alcídio de Souza Prado;025;Integrado;Informação e Comunicação;Informática;Desenvolvimento de Sistemas - MTec;Manhã;199;40;4,97;
Franca;São Joaquim da Barra;Orlândia;Ribeirão Preto/Franca/Barretos;Etec Professor Alcídio de Souza Prado;025;Integrado;Informação e Comunicação;Informática;Desenvolvimento de Sistemas - MTec-PI ;Manhã e Tarde;113;40;2,82;
Franca;São Joaquim da Barra;Orlândia;Ribeirão Preto/Franca/Barretos;Etec Professor Alcídio de Souza Prado;025;Integrado;Informação e Comunicação;Informática;Informática - MTec;Tarde;89;40;2,22;
Franca;São Joaquim da Barra;São Joaquim da Barra;Ribeirão Preto/Franca/Barretos;Etec Pedro Badran;094;Técnico;Gestão e Negócios;Gestão;Administração;Noite;95;40;2,37;
Franca;São Joaquim da Barra;São Joaquim da Barra;Ribeirão Preto/Franca/Barretos;Etec Pedro Badran;094;Técnico;Informação e Comunicação;Informática;Informática;Noite;67;40;1,67;
Franca;São Joaquim da Barra;São Joaquim da Barra;Ribeirão Preto/Franca/Barretos;Etec Pedro Badran;094;Técnico;Produção Industrial;Química;Química;Noite;71;40;1,77;
Franca;São Joaquim da Barra;São Joaquim da Barra;Ribeirão Preto/Franca/Barretos;Etec Pedro Badran;094;Técnico;Gestão e Negócios;Gestão;Secretariado;Noite;61;40;1,52;
Franca;São Joaquim da Barra;São Joaquim da Barra;Ribeirão Preto/Franca/Barretos;Etec Pedro Badran;094;Técnico;Segurança;Saúde;Segurança do Trabalho;Noite;137;40;3,42;
Franca;São Joaquim da Barra;São Joaquim da Barra;Ribeirão Preto/Franca/Barretos;Etec Pedro Badran;094;Integrado;Gestão e Negócios;Gestão;Administração - MTec;Manhã;236;40;5,90;
Franca;São Joaquim da Barra;São Joaquim da Barra;Ribeirão Preto/Franca/Barretos;Etec Pedro Badran;094;Integrado;Informação e Comunicação;Informática;Desenvolvimento de Sistemas - MTec-PI ;Manhã e Tarde;138;40;3,45;
Franca;São Joaquim da Barra;São Joaquim da Barra;Ribeirão Preto/Franca/Barretos;Etec Pedro Badran;094;Integrado;Controle e Processos Industriais;Indústria;Eletrônica - Mtec-N;Noite;86;40;2,15;
Franca;São Joaquim da Barra;São Joaquim da Barra;Ribeirão Preto/Franca/Barretos;Etec Pedro Badran;094;Integrado;Gestão e Negócios;Comércio;Marketing - MTec;Manhã;186;40;4,65;
Franca;São Joaquim da Barra;São Joaquim da Barra;Ribeirão Preto/Franca/Barretos;Etec Pedro Badran;094;Integrado;Ambiente e Saúde;Meio Ambiente;Meio Ambiente - MTec-PI;Manhã e Tarde;110;40;2,75;
Franca;São Joaquim da Barra;São Joaquim da Barra;Ribeirão Preto/Franca/Barretos;Etec Pedro Badran;094;Integrado;Produção Industrial;Química;Química - MTec;Tarde;124;40;3,10;
Itapeva;Itapeva;Angatuba;Sorocaba;Etec Professor Edson Galvão (EMEF Dr. Fortunato de Camargo - Angatuba);053.15 - Cd_Cps;Técnico;Gestão e Negócios;Gestão;Administração;Noite;66;35;1,88;
Itapeva;Itapeva;Apiaí;Itapeva/Registro;Etec de Apiaí;281;Técnico;Gestão e Negócios;Gestão;Recursos Humanos;Noite;45;35;1,28;
Itapeva;Itapeva;Apiaí;Itapeva/Registro;Etec de Apiaí;281;Integrado;Gestão e Negócios;Gestão;Administração - MTec-N;Noite;34;35;0,97;
Itapeva;Itapeva;Apiaí;Itapeva/Registro;Etec de Apiaí;281;Integrado;Gestão e Negócios;Gestão;Administração - MTec-PI;Manhã e Tarde;71;35;2,02;
Itapeva;Itapeva;Apiaí;Itapeva/Registro;Etec de Apiaí;281;Integrado;Gestão e Negócios;Gestão;Recursos Humanos - MTec;Manhã;102;35;2,91;
Itapeva;Itapeva;Campina do Monte Alegre;Sorocaba;Etec Professor Edson Galvão (EMEF Prof.ª Alzira de Oliveira Garcia - Campina do Monte Alegre);053.14 - Cd_Cps;Técnico;Recursos Naturais;Agropecuária;Zootecnia;Noite;53;35;1,51;
Itapeva;Itapeva;Capão Bonito;Itapeva/Registro;Etec Doutor Celso Charuri;124;Médio;Educação Básica;Educação Básica - Ensino Médio;Ensino Médio com Itinerário Formativo de Matemática e suas Tecnologias;Manhã;47;35;1,34;
Itapeva;Itapeva;Capão Bonito;Itapeva/Registro;Etec Doutor Celso Charuri;124;Integrado;Gestão e Negócios;Gestão;Administração - MTec;Manhã;132;35;3,77;
Itapeva;Itapeva;Capão Bonito;Itapeva/Registro;Etec Doutor Celso Charuri;124;Integrado;Turismo, Hospitalidade e Lazer;Turismo e Hospitalidade;Guia de Turismo - MTec;Manhã;55;35;1,57;
Itapeva;Itapeva;Capão Bonito;Itapeva/Registro;Etec Doutor Celso Charuri;124;Integrado;Gestão e Negócios;Gestão;Serviços Jurídicos - MTec-N;Noite;64;35;1,82;
Itapeva;Itapeva;Itaberá;Itapeva/Registro;Etec Doutor Dário Pacheco Pedroso (Itaberá);049.7 - Cd_Cps;Técnico;Gestão e Negócios;Gestão;Administração;Noite;69;40;1,72;
Itapeva;Itapeva;Itaberá;Itapeva/Registro;Etec Doutor Dário Pacheco Pedroso (Itaberá);049.7 - Cd_Cps;Técnico;Recursos Naturais;Agropecuária;Agronegócio;Noite;111;40;2,77;
Itapeva;Itapeva;Itapeva;Itapeva/Registro;Etec Doutor Demétrio Azevedo Júnior;050;Técnico;Gestão e Negócios;Gestão;Administração (MNP);Noite;109;40;2,72;
Itapeva;Itapeva;Itapeva;Itapeva/Registro;Etec Doutor Demétrio Azevedo Júnior;050;Técnico;Controle e Processos Industriais;Indústria;Eletrotécnica;Noite;128;40;3,20;
Itapeva;Itapeva;Itapeva;Itapeva/Registro;Etec Doutor Demétrio Azevedo Júnior;050;Técnico;Ambiente e Saúde;Saúde;Enfermagem;Tarde;168;40;4,20;
Itapeva;Itapeva;Itapeva;Itapeva/Registro;Etec Doutor Demétrio Azevedo Júnior;050;Técnico;Informação e Comunicação;Informática;Informática;Noite;108;40;2,70;
Itapeva;Itapeva;Itapeva;Itapeva/Registro;Etec Doutor Demétrio Azevedo Júnior;050;Técnico;Controle e Processos Industriais;Indústria;Metalurgia;Noite;76;40;1,90;
Itapeva;Itapeva;Itapeva;Itapeva/Registro;Etec Doutor Demétrio Azevedo Júnior;050;Integrado;Gestão e Negócios;Gestão;Administração - MTec;Tarde;165;40;4,12;
Itapeva;Itapeva;Itapeva;Itapeva/Registro;Etec Doutor Demétrio Azevedo Júnior;050;Integrado;Informação e Comunicação;Informática;Desenvolvimento de Sistemas - MTec;Manhã;210;40;5,25;
Itapeva;Itapeva;Itapeva;Itapeva/Registro;Etec Doutor Demétrio Azevedo Júnior;050;Integrado;Infraestrutura;Construção Civil;Edificações - MTec;Tarde;83;40;2,07;
Itapeva;Itapeva;Itapeva;Itapeva/Registro;Etec Doutor Demétrio Azevedo Júnior;050;Integrado;Recursos Naturais;Mineração;Mineração - MTec-N;Noite;53;40;1,32;
Itapeva;Itapeva;Itapeva;Itapeva/Registro;Etec Doutor Demétrio Azevedo Júnior;050;Integrado;Ambiente e Saúde;Saúde;Nutrição e Dietética - MTec;Tarde;128;40;3,20;
Itapeva;Itapeva;Itapeva;Itapeva/Registro;Etec Doutor Demétrio Azevedo Júnior;050;Integrado;Produção Industrial;Química;Química - MTec;Manhã;116;40;2,90;
Itapeva;Itapeva;Itapeva;Itapeva/Registro;Etec Doutor Demétrio Azevedo Júnior;050;Integrado;Gestão e Negócios;Gestão;Recursos Humanos - MTec-N;Noite;53;40;1,32;
Itapeva;Itapeva;Itapeva;Itapeva/Registro;Etec Doutor Demétrio Azevedo Júnior;050;Integrado;Gestão e Negócios;Gestão;Serviços Jurídicos - MTec;Manhã;174;40;4,34;
Itapeva;Itapeva;Itararé;Itapeva/Registro;Etec de Itararé;243;Integrado;Gestão e Negócios;Gestão;Administração - MTec-N;Noite;71;40;1,77;
Itapeva;Itapeva;Itararé;Itapeva/Registro;Etec de Itararé;243;Integrado;Gestão e Negócios;Gestão;Administração - MTec-PI;Manhã e Tarde;84;40;2,10;
Itapeva;Itapeva;Itararé;Itapeva/Registro;Etec de Itararé;243;Integrado;Gestão e Negócios;Gestão;Serviços Jurídicos - MTec-PI;Manhã e Tarde;82;40;2,04;
Itapeva;Itapeva;Piraju;Itapeva/Registro;Etec Waldyr Duron Junior;162;Técnico;Controle e Processos Industriais;Indústria;Eletrotécnica;Noite;109;40;2,72;
Itapeva;Itapeva;Piraju;Itapeva/Registro;Etec Waldyr Duron Junior;162;Integrado;Gestão e Negócios;Gestão;Administração - MTec;Manhã;56;40;1,40;
Itapeva;Itapeva;Piraju;Itapeva/Registro;Etec Waldyr Duron Junior;162;Integrado;Informação e Comunicação;Informática;Desenvolvimento de Sistemas - MTec;Manhã;101;40;2,52;
Itapeva;Itapeva;Taquarituba;Itapeva/Registro;Etec Professora Terezinha Monteiro dos Santos;140;Técnico;Gestão e Negócios;Comércio;Comércio;Noite;40;35;1,14;
Itapeva;Itapeva;Taquarituba;Itapeva/Registro;Etec Professora Terezinha Monteiro dos Santos;140;Integrado;Gestão e Negócios;Gestão;Administração - MTec-PI;Manhã e Tarde;170;35;4,85;
Itapeva;Itapeva;Taquarituba;Itapeva/Registro;Etec Professora Terezinha Monteiro dos Santos;140;Integrado;Informação e Comunicação;Informática;Desenvolvimento de Sistemas - MTec-PI ;Manhã e Tarde;131;35;3,74;
Itapeva;Itapeva;Taquarituba;Itapeva/Registro;Etec Professora Terezinha Monteiro dos Santos;140;Integrado;Gestão e Negócios;Gestão;Marketing - MTec-PI;Manhã e Tarde;115;35;3,28;
Itapeva;Itapeva;Taquarivaí;Itapeva/Registro;Etec Doutor Dário Pacheco Pedroso;049;Técnico;Gestão e Negócios;Gestão;Administração;Noite;44;40;1,10;
Itapeva;Itapeva;Taquarivaí;Itapeva/Registro;Etec Doutor Dário Pacheco Pedroso;049;Integrado;Recursos Naturais;Agropecuária;Agronegócio - MTec-PI;Manhã e Tarde;90;40;2,25;
Itapeva;Itapeva;Taquarivaí;Itapeva/Registro;Etec Doutor Dário Pacheco Pedroso;049;Integrado;Recursos Naturais;Agropecuária;Agropecuária - MTec-PI;Manhã e Tarde;97;40;2,42;
Marília;Assis;Assis;Marília/Presidente Prudente;Etec Pedro D'Arcádia Neto;095;Médio;Educação Básica;Educação Básica - Ensino Médio;Ensino Médio com Itinerário Formativo de Ciências Humanas e Sociais Aplicadas;Manhã;154;40;3,85;
Marília;Assis;Assis;Marília/Presidente Prudente;Etec Pedro D'Arcádia Neto;095;Técnico;Gestão e Negócios;Gestão;Administração;Noite;122;40;3,05;
Marília;Assis;Assis;Marília/Presidente Prudente;Etec Pedro D'Arcádia Neto;095;Técnico;Gestão e Negócios;Gestão;Contabilidade;Noite;76;40;1,90;
Marília;Assis;Assis;Marília/Presidente Prudente;Etec Pedro D'Arcádia Neto;095;Técnico;Ambiente e Saúde;Saúde;Enfermagem;Manhã;91;40;2,27;
Marília;Assis;Assis;Marília/Presidente Prudente;Etec Pedro D'Arcádia Neto;095;Técnico;Ambiente e Saúde;Saúde;Farmácia;Noite;127;40;3,17;
Marília;Assis;Assis;Marília/Presidente Prudente;Etec Pedro D'Arcádia Neto;095;Técnico;Controle e Processos Industriais;Indústria;Mecânica;Noite;83;40;2,07;
Marília;Assis;Assis;Marília/Presidente Prudente;Etec Pedro D'Arcádia Neto;095;Integrado;Gestão e Negócios;Gestão;Administração - MTec-PI;Manhã e Tarde;128;40;3,20;
Marília;Assis;Assis;Marília/Presidente Prudente;Etec Pedro D'Arcádia Neto;095;Integrado;Informação e Comunicação;Informática;Informática para Internet - MTec;Manhã;283;40;7,07;
Marília;Assis;Assis;Marília/Presidente Prudente;Etec Pedro D'Arcádia Neto;095;Integrado;Controle e Processos Industriais;Indústria;Mecânica - MTec-PI ;Manhã e Tarde;61;40;1,52;
Marília;Assis;Assis;Marília/Presidente Prudente;Etec Pedro D'Arcádia Neto;095;Especialização;Gestão e Negócios;Gestão;Cálculos Trabalhistas;Noite;64;40;1,60;
Marília;Assis;Cândido Mota;Marília/Presidente Prudente;Etec Professor Luiz Pires Barbosa;081;Médio;Educação Básica;Educação Básica - Ensino Médio;Ensino Médio com Itinerário Formativo de Ciências Humanas e Sociais Aplicadas;Manhã;135;40;3,37;
Marília;Assis;Cândido Mota;Marília/Presidente Prudente;Etec Professor Luiz Pires Barbosa;081;Técnico;Produção Industrial;Química;Açúcar e Álcool;Noite;69;40;1,72;
Marília;Assis;Cândido Mota;Marília/Presidente Prudente;Etec Professor Luiz Pires Barbosa;081;Técnico;Gestão e Negócios;Gestão;Administração;Noite;72;40;1,80;
Marília;Assis;Cândido Mota;Marília/Presidente Prudente;Etec Professor Luiz Pires Barbosa;081;Técnico;Informação e Comunicação;Informática;Informática;Noite;85;40;2,12;
Marília;Assis;Cândido Mota;Marília/Presidente Prudente;Etec Professor Luiz Pires Barbosa;081;Integrado;Recursos Naturais;Agropecuária;Agropecuária - MTec-PI;Manhã e Tarde;169;80;2,11;
Marília;Assis;Cândido Mota;Marília/Presidente Prudente;Etec Professor Luiz Pires Barbosa;081;Integrado;Informação e Comunicação;Informática;Informática para Internet - MTec-PI;Manhã e Tarde;61;40;1,52;
Marília;Assis;Ibirarema;Marília/Presidente Prudente;Etec Jacinto Ferreira de Sá (EM Prof.ª Augusta Novaes Coronado - Ibirarema);066.3 - Cd_Cps;Técnico;Gestão e Negócios;Gestão;Serviços Públicos;Noite;70;40;1,75;
Marília;Assis;Maracaí;Marília/Presidente Prudente;Etec Pedro D\'Arcádia Neto (EMEF Prof.ª Maria Helena da Silva Silvério - Maracaí);095.2 - Cd_Cps;Técnico;Gestão e Negócios;Gestão;Administração;Noite;68;40;1,70;
Marília;Assis;Maracaí;Marília/Presidente Prudente;Etec Pedro D\'Arcádia Neto (EMEF Prof.ª Maria Helena da Silva Silvério - Maracaí);095.2 - Cd_Cps;Técnico;Produção Industrial;Química;Química;Noite;62;40;1,55;
Marília;Assis;Palmital;Marília/Presidente Prudente;Etec Professor Mário Antônio Verza;164;Técnico;Gestão e Negócios;Gestão;Administração;Noite;68;40;1,70;
Marília;Assis;Palmital;Marília/Presidente Prudente;Etec Professor Mário Antônio Verza;164;Técnico;Informação e Comunicação;Informática;Informática para Internet;Noite;72;40;1,80;
Marília;Assis;Palmital;Marília/Presidente Prudente;Etec Professor Mário Antônio Verza;164;Integrado;Gestão e Negócios;Gestão;Administração - MTec-PI;Manhã e Tarde;89;40;2,22;
Marília;Assis;Palmital;Marília/Presidente Prudente;Etec Professor Mário Antônio Verza;164;Integrado;Informação e Comunicação;Informática;Informática para Internet - MTec-PI;Manhã e Tarde;75;40;1,87;
Marília;Assis;Paraguaçu Paulista;Marília/Presidente Prudente;Etec Augusto Tortolero Araújo;039;Médio;Educação Básica;Educação Básica - Ensino Médio;Ensino Médio com Itinerário Formativo de Linguagens, Ciência Humanas e Sociais;Manhã;111;40;2,77;
Marília;Assis;Paraguaçu Paulista;Marília/Presidente Prudente;Etec Augusto Tortolero Araújo;039;Técnico;Produção Industrial;Química;Açúcar e Álcool;Noite;120;40;3,00;
Marília;Assis;Paraguaçu Paulista;Marília/Presidente Prudente;Etec Augusto Tortolero Araújo;039;Técnico;Recursos Naturais;Agropecuária;Agropecuária;Tarde;62;40;1,55;
Marília;Assis;Paraguaçu Paulista;Marília/Presidente Prudente;Etec Augusto Tortolero Araújo;039;Integrado;Recursos Naturais;Agropecuária;Agropecuária - MTec-PI;Manhã e Tarde;114;40;2,85;
Marília;Assis;Paraguaçu Paulista;Marília/Presidente Prudente;Etec Augusto Tortolero Araújo;039;Integrado;Produção Alimentícia;Química;Alimentos - MTec ;Tarde;93;40;2,32;
Marília;Assis;Tarumã;Marília/Presidente Prudente;Etec Pedro D\'Arcádia Neto (Polo Universitário Odila Guedes Ribeiro - Tarumã);095.3 - Cd_Cps;Técnico;Controle e Processos Industriais;Indústria;Manutenção de Máquinas Pesadas;Noite;101;40;2,52;
Marília;Marilia;Garça;Marília/Presidente Prudente;Etec Deputado Paulo Ornellas Carvalho de Barros;093;Médio;Educação Básica;Educação Básica - Ensino Médio;Ensino Médio com Itinerário Formativo de Ciências da Natureza e suas Tecnologias;Manhã;60;35;1,71;
Marília;Marilia;Garça;Marília/Presidente Prudente;Etec Deputado Paulo Ornellas Carvalho de Barros;093;Técnico;Recursos Naturais;Agropecuária;Cafeicultura;Noite;50;35;1,42;
Marília;Marilia;Garça;Marília/Presidente Prudente;Etec Deputado Paulo Ornellas Carvalho de Barros;093;Técnico;Turismo, Hospitalidade e Lazer;Turismo e Hospitalidade;Gastronomia;Noite;61;35;1,74;
Marília;Marilia;Garça;Marília/Presidente Prudente;Etec Deputado Paulo Ornellas Carvalho de Barros;093;Integrado;Recursos Naturais;Agropecuária;Agropecuária - MTec-PI;Manhã e Tarde;128;35;3,65;
Marília;Marilia;Garça;Marília/Presidente Prudente;Etec Monsenhor Antônio Magliano;088;Médio;Educação Básica;Educação Básica - Ensino Médio;Ensino Médio com Itinerário Formativo de Linguagens, Ciência Humanas e Sociais;Manhã;98;40;2,45;
Marília;Marilia;Garça;Marília/Presidente Prudente;Etec Monsenhor Antônio Magliano;088;Técnico;Gestão e Negócios;Gestão;Administração;Noite;63;40;1,57;
Marília;Marilia;Garça;Marília/Presidente Prudente;Etec Monsenhor Antônio Magliano;088;Técnico;Controle e Processos Industriais;Indústria;Eletrônica;Noite;92;40;2,29;
Marília;Marilia;Garça;Marília/Presidente Prudente;Etec Monsenhor Antônio Magliano;088;Técnico;Ambiente e Saúde;Saúde;Enfermagem;Noite;152;40;3,80;
Marília;Marilia;Garça;Marília/Presidente Prudente;Etec Monsenhor Antônio Magliano;088;Técnico;Informação e Comunicação;Informática;Informática;Noite;102;40;2,54;
Marília;Marilia;Garça;Marília/Presidente Prudente;Etec Monsenhor Antônio Magliano;088;Técnico;Controle e Processos Industriais;Indústria;Mecânica;Noite;65;40;1,62;
Marília;Marilia;Garça;Marília/Presidente Prudente;Etec Monsenhor Antônio Magliano;088;Técnico;Segurança;Saúde;Segurança do Trabalho;Noite;66;40;1,65;
Marília;Marilia;Garça;Marília/Presidente Prudente;Etec Monsenhor Antônio Magliano;088;Integrado;Informação e Comunicação;Informática;Desenvolvimento de Sistemas - MTec-PI ;Manhã e Tarde;114;40;2,85;
Marília;Marilia;Garça;Marília/Presidente Prudente;Etec Monsenhor Antônio Magliano;088;Integrado;Controle e Processos Industriais;Indústria;Mecatrônica - MTec-PI;Manhã e Tarde;81;40;2,02;
Marília;Marilia;Garça;Marília/Presidente Prudente;Etec Monsenhor Antônio Magliano / Fatec Deputado Julio Julinho Marcondes de Moura;088/119 - Etec/Fatec;Integrado;Informação e Comunicação;Informática;Desenvolvimento de Sistemas - MTec-AMS;Tarde;68;40;1,70;
Marília;Marilia;Marília;Marília/Presidente Prudente;Etec Antonio Devisate;031;Técnico;Gestão e Negócios;Gestão;Administração;Noite;67;40;1,67;
Marília;Marilia;Marília;Marília/Presidente Prudente;Etec Antonio Devisate;031;Técnico;Gestão e Negócios;Gestão;Contabilidade;Noite;47;40;1,17;
Marília;Marilia;Marília;Marília/Presidente Prudente;Etec Antonio Devisate;031;Técnico;Ambiente e Saúde;Saúde;Enfermagem;Tarde;107;40;2,67;
Marília;Marilia;Marília;Marília/Presidente Prudente;Etec Antonio Devisate;031;Técnico;Segurança;Saúde;Segurança do Trabalho;Noite;52;40;1,30;
Marília;Marilia;Marília;Marília/Presidente Prudente;Etec Antonio Devisate;031;Integrado;Gestão e Negócios;Gestão;Administração - MTec-PI;Manhã e Tarde;251;40;6,27;
Marília;Marilia;Marília;Marília/Presidente Prudente;Etec Antonio Devisate;031;Integrado;Informação e Comunicação;Informática;Desenvolvimento de Sistemas - MTec-PI ;Manhã e Tarde;293;40;7,32;
Marília;Marilia;Marília;Marília/Presidente Prudente;Etec Antonio Devisate (EE Monsenhor Bicudo);031.01 - Ext/Etec;Técnico;Informação e Comunicação;Informática;Desenvolvimento de Sistemas;Noite;58;40;1,45;
Marília;Marilia;Marília;Marília/Presidente Prudente;Etec Antonio Devisate (EE Monsenhor Bicudo);031.01 - Ext/Etec;Técnico;Gestão e Negócios;Gestão;Logística;Noite;70;40;1,75;
Marília;Marilia;Marília;Marília/Presidente Prudente;Etec Antonio Devisate (EE Monsenhor Bicudo);031.01 - Ext/Etec;Técnico;Gestão e Negócios;Gestão;Serviços Jurídicos;Noite;42;40;1,05;
Marília;Marilia;Vera Cruz;Marília/Presidente Prudente;Etec Paulo Guerreiro Franco;092;Integrado;Gestão e Negócios;Gestão;Administração - MTec-PI;Manhã e Tarde;59;40;1,47;
Marília;Marilia;Vera Cruz;Marília/Presidente Prudente;Etec Paulo Guerreiro Franco;092;Integrado;Recursos Naturais;Agropecuária;Agropecuária - MTec-PI;Manhã e Tarde;100;40;2,50;
Marília;Ourinhos;Chavantes;Marília/Presidente Prudente;Etec Jacinto Ferreira de Sá (EMEF Olegário Bueno - Chavantes);066.7 - Cd_Cps;Técnico;Controle e Processos Industriais;Indústria;Mecânica;Noite;35;30;1,16;
Marília;Ourinhos;Ipaussu;Marília/Presidente Prudente;Etec Professor Pedro Leme Brisolla Sobrinho;097;Médio;Educação Básica;Educação Básica - Ensino Médio;Ensino Médio com Itinerário Formativo de Ciências Humanas e Sociais Aplicadas;Manhã;70;40;1,75;
Marília;Ourinhos;Ipaussu;Marília/Presidente Prudente;Etec Professor Pedro Leme Brisolla Sobrinho;097;Técnico;Ambiente e Saúde;Saúde;Nutrição e Dietética;Noite;64;40;1,60;
Marília;Ourinhos;Ipaussu;Marília/Presidente Prudente;Etec Professor Pedro Leme Brisolla Sobrinho;097;Integrado;Gestão e Negócios;Gestão;Administração - MTec-PI;Manhã e Tarde;88;40;2,20;
Marília;Ourinhos;Ipaussu;Marília/Presidente Prudente;Etec Professor Pedro Leme Brisolla Sobrinho;097;Integrado;Informação e Comunicação;Informática;Desenvolvimento de Sistemas - MTec;Manhã;95;40;2,37;
Marília;Ourinhos;Ourinhos;Marília/Presidente Prudente;Etec Jacinto Ferreira de Sá;066;Médio;Educação Básica;Educação Básica - Ensino Médio;Ensino Médio com Itinerário Formativo de Ciências Humanas e Sociais Aplicadas;Manhã;73;40;1,82;
Marília;Ourinhos;Ourinhos;Marília/Presidente Prudente;Etec Jacinto Ferreira de Sá;066;Médio;Educação Básica;Educação Básica - Ensino Médio;Ensino Médio com Itinerário Formativo de Linguagens, Ciência Humanas e Sociais;Manhã;72;40;1,80;
Marília;Ourinhos;Ourinhos;Marília/Presidente Prudente;Etec Jacinto Ferreira de Sá;066;Técnico;Controle e Processos Industriais;Indústria;Automação Industrial;Noite;67;40;1,67;
Marília;Ourinhos;Ourinhos;Marília/Presidente Prudente;Etec Jacinto Ferreira de Sá;066;Técnico;Produção Cultural e Design;Artes;Canto;Noite;33;30;1,10;
Marília;Ourinhos;Ourinhos;Marília/Presidente Prudente;Etec Jacinto Ferreira de Sá;066;Técnico;Infraestrutura;Construção Civil;Edificações;Noite;66;40;1,65;
Marília;Ourinhos;Ourinhos;Marília/Presidente Prudente;Etec Jacinto Ferreira de Sá;066;Técnico;Controle e Processos Industriais;Indústria;Eletromecânica;Noite;62;40;1,55;
Marília;Ourinhos;Ourinhos;Marília/Presidente Prudente;Etec Jacinto Ferreira de Sá;066;Técnico;Ambiente e Saúde;Saúde;Enfermagem;Tarde;57;40;1,42;
Marília;Ourinhos;Ourinhos;Marília/Presidente Prudente;Etec Jacinto Ferreira de Sá;066;Técnico;Produção Industrial;Química;Química;Noite;73;40;1,82;
Marília;Ourinhos;Ourinhos;Marília/Presidente Prudente;Etec Jacinto Ferreira de Sá;066;Técnico;Segurança;Saúde;Segurança do Trabalho;Noite;67;40;1,67;
Marília;Ourinhos;Ourinhos;Marília/Presidente Prudente;Etec Jacinto Ferreira de Sá;066;Integrado;Controle e Processos Industriais;Indústria;Automação Industrial - MTec;Tarde;60;40;1,50;
Marília;Ourinhos;Ourinhos;Marília/Presidente Prudente;Etec Jacinto Ferreira de Sá;066;Integrado;Infraestrutura;Construção Civil;Edificações - MTec-PI;Manhã e Tarde;87;40;2,17;
Marília;Ourinhos;Ourinhos;Marília/Presidente Prudente;Etec Jacinto Ferreira de Sá;066;Integrado;Informação e Comunicação;Informática;Informática para Internet - MTec;Manhã;196;40;4,90;
Marília;Ourinhos;Ourinhos;Marília/Presidente Prudente;Etec Jacinto Ferreira de Sá;066;Integrado;Ambiente e Saúde;Meio Ambiente;Meio Ambiente - MTec;Manhã;77;40;1,92;
Marília;Ourinhos;Ourinhos;Marília/Presidente Prudente;Etec Jacinto Ferreira de Sá (EE Virginia Ramalho);066.01 - Ext/Etec;Técnico;Gestão e Negócios;Gestão;Recursos Humanos;Noite;63;40;1,57;
Marília;Ourinhos;Ourinhos;Marília/Presidente Prudente;Etec Jacinto Ferreira de Sá / Fatec de Ourinhos;066/021 - Etec/Fatec;Integrado;Informação e Comunicação;Informática;Desenvolvimento de Sistemas - MTec-AMS;Tarde;103;40;2,57;
Marília;Ourinhos;Santa Cruz do Rio Pardo;Marília/Presidente Prudente;Etec Orlando Quagliato;084;Médio;Educação Básica;Educação Básica - Ensino Médio;Ensino Médio com Itinerário Formativo de Ciências Humanas e Sociais Aplicadas;Manhã;112;30;3,73;
Marília;Ourinhos;Santa Cruz do Rio Pardo;Marília/Presidente Prudente;Etec Orlando Quagliato;084;Técnico;Produção Alimentícia;Química;Alimentos;Noite;89;40;2,22;
Marília;Ourinhos;Santa Cruz do Rio Pardo;Marília/Presidente Prudente;Etec Orlando Quagliato;084;Técnico;Ambiente e Saúde;Saúde;Enfermagem;Noite;92;40;2,29;
Marília;Ourinhos;Santa Cruz do Rio Pardo;Marília/Presidente Prudente;Etec Orlando Quagliato;084;Integrado;Recursos Naturais;Agropecuária;Agropecuária - MTec-PI;Manhã e Tarde;148;80;1,85;
Marília;Ourinhos;Santa Cruz do Rio Pardo;Marília/Presidente Prudente;Etec Orlando Quagliato;084;Integrado;Informação e Comunicação;Informática;Informática para Internet - MTec-PI;Manhã e Tarde;91;30;3,03;
Marília;Tupã;Bastos;Marília/Presidente Prudente;Etec Engenheiro Herval Bellusci (EE Águia de Haia);063.01 - Ext/Etec;Técnico;Gestão e Negócios;Gestão;Contabilidade;Noite;65;40;1,62;
Marília;Tupã;Quatá;Marília/Presidente Prudente;Etec Doutor Luiz Cesar Couto;080;Técnico;Produção Industrial;Química;Açúcar e Álcool;Noite;50;40;1,25;
Marília;Tupã;Quatá;Marília/Presidente Prudente;Etec Doutor Luiz Cesar Couto;080;Técnico;Segurança;Saúde;Segurança do Trabalho;Noite;47;40;1,17;
Marília;Tupã;Quatá;Marília/Presidente Prudente;Etec Doutor Luiz Cesar Couto;080;Integrado;Recursos Naturais;Agropecuária;Agropecuária - MTec;Manhã;82;35;2,34;
Marília;Tupã;Quatá;Marília/Presidente Prudente;Etec Doutor Luiz Cesar Couto;080;Integrado;Produção Industrial;Química;Química - MTec;Manhã;64;35;1,82;
Marília;Tupã;Tupã;Marília/Presidente Prudente;Etec Professor Massuyuki Kawano;136;Médio;Educação Básica;Educação Básica - Ensino Médio;Ensino Médio com Itinerário Formativo de Ciências da Natureza e suas Tecnologias;Manhã;175;40;4,37;
Marília;Tupã;Tupã;Marília/Presidente Prudente;Etec Professor Massuyuki Kawano;136;Médio;Educação Básica;Educação Básica - Ensino Médio;Ensino Médio com Itinerário Formativo de Linguagens, Ciência Humanas e Sociais;Manhã;111;40;2,77;
Marília;Tupã;Tupã;Marília/Presidente Prudente;Etec Professor Massuyuki Kawano;136;Médio;Educação Básica;Educação Básica - Ensino Médio;Ensino Médio com Itinerário Formativo de Matemática e suas Tecnologias;Manhã;95;40;2,37;
Marília;Tupã;Tupã;Marília/Presidente Prudente;Etec Professor Massuyuki Kawano;136;Técnico;Gestão e Negócios;Gestão;Administração;Noite;90;40;2,25;
Marília;Tupã;Tupã;Marília/Presidente Prudente;Etec Professor Massuyuki Kawano;136;Técnico;Gestão e Negócios;Gestão;Contabilidade;Noite;61;40;1,52;
Marília;Tupã;Tupã;Marília/Presidente Prudente;Etec Professor Massuyuki Kawano;136;Técnico;Produção Cultural e Design;Design;Design de Interiores;Noite;67;40;1,67;
Marília;Tupã;Tupã;Marília/Presidente Prudente;Etec Professor Massuyuki Kawano;136;Técnico;Ambiente e Saúde;Saúde;Enfermagem;Noite;152;40;3,80;
Marília;Tupã;Tupã;Marília/Presidente Prudente;Etec Professor Massuyuki Kawano;136;Técnico;Informação e Comunicação;Informática;Redes de Computadores;Noite;84;40;2,10;
Marília;Tupã;Tupã;Marília/Presidente Prudente;Etec Professor Massuyuki Kawano;136;Integrado;Gestão e Negócios;Gestão;Administração - MTec;Manhã;211;40;5,27;
Marília;Tupã;Tupã;Marília/Presidente Prudente;Etec Professor Massuyuki Kawano;136;Integrado;Informação e Comunicação;Informática;Desenvolvimento de Sistemas - MTec-PI ;Manhã e Tarde;189;40;4,72;
Metropolitana da Baixada Santista;Metropolitana da Baixada Santista;Bertioga;Grande São Paulo Sul/Baixada Santista;Etec Alberto Santos Dumont (EM José de Oliveira Santos - Bertioga);152.1 - Cd_Cps;Técnico;Gestão e Negócios;Gestão;Administração;Noite;50;40;1,25;
Metropolitana da Baixada Santista;Metropolitana da Baixada Santista;Cubatão;Grande São Paulo Sul/Baixada Santista;Etec de Cubatão;181;Técnico;Gestão e Negócios;Gestão;Logística;Noite;175;40;4,37;
Metropolitana da Baixada Santista;Metropolitana da Baixada Santista;Cubatão;Grande São Paulo Sul/Baixada Santista;Etec de Cubatão;181;Técnico;Ambiente e Saúde;Meio Ambiente;Meio Ambiente;Noite;56;40;1,40;
Metropolitana da Baixada Santista;Metropolitana da Baixada Santista;Cubatão;Grande São Paulo Sul/Baixada Santista;Etec de Cubatão;181;Integrado;Gestão e Negócios;Gestão;Administração - MTec;Manhã;190;40;4,75;
Metropolitana da Baixada Santista;Metropolitana da Baixada Santista;Cubatão;Grande São Paulo Sul/Baixada Santista;Etec de Cubatão;181;Integrado;Informação e Comunicação;Informática;Informática - MTec;Tarde;208;40;5,20;
Metropolitana da Baixada Santista;Metropolitana da Baixada Santista;Cubatão;Grande São Paulo Sul/Baixada Santista;Etec de Cubatão;181;Integrado;Gestão e Negócios;Gestão;Logística - MTec;Manhã;159;40;3,97;
Metropolitana da Baixada Santista;Metropolitana da Baixada Santista;Cubatão;Grande São Paulo Sul/Baixada Santista;Etec de Cubatão;181;Integrado;Ambiente e Saúde;Meio Ambiente;Meio Ambiente - MTec;Manhã;147;40;3,67;
Metropolitana da Baixada Santista;Metropolitana da Baixada Santista;Cubatão;Grande São Paulo Sul/Baixada Santista;Etec de Cubatão;181;Integrado;Gestão e Negócios;Gestão;Recursos Humanos - MTec;Tarde;58;40;1,45;
Metropolitana da Baixada Santista;Metropolitana da Baixada Santista;Cubatão;Grande São Paulo Sul/Baixada Santista;Etec de Cubatão (EE Afonso Schimidt);181.01 - Ext/Etec;Técnico;Gestão e Negócios;Gestão;Administração;Noite;160;40;4,00;
Metropolitana da Baixada Santista;Metropolitana da Baixada Santista;Cubatão;Grande São Paulo Sul/Baixada Santista;Etec de Cubatão (EE Afonso Schimidt);181.01 - Ext/Etec;Técnico;Gestão e Negócios;Gestão;Contabilidade;Noite;46;40;1,14;
Metropolitana da Baixada Santista;Metropolitana da Baixada Santista;Guarujá;Grande São Paulo Sul/Baixada Santista;Etec Alberto Santos Dumont;152;Médio;Educação Básica;Educação Básica - Ensino Médio;Ensino Médio com Itinerário Formativo de Ciências da Natureza e suas Tecnologias;Manhã;165;40;4,12;
Metropolitana da Baixada Santista;Metropolitana da Baixada Santista;Guarujá;Grande São Paulo Sul/Baixada Santista;Etec Alberto Santos Dumont;152;Médio;Educação Básica;Educação Básica - Ensino Médio;Ensino Médio com Itinerário Formativo de Ciências Humanas e Sociais Aplicadas;Manhã;203;40;5,07;
Metropolitana da Baixada Santista;Metropolitana da Baixada Santista;Guarujá;Grande São Paulo Sul/Baixada Santista;Etec Alberto Santos Dumont;152;Médio;Educação Básica;Educação Básica - Ensino Médio;Ensino Médio com Itinerário Formativo de Matemática e suas Tecnologias;Manhã;192;40;4,80;
Metropolitana da Baixada Santista;Metropolitana da Baixada Santista;Guarujá;Grande São Paulo Sul/Baixada Santista;Etec Alberto Santos Dumont;152;Técnico;Turismo, Hospitalidade e Lazer;Turismo e Hospitalidade;Gastronomia;Noite;109;40;2,72;
Metropolitana da Baixada Santista;Metropolitana da Baixada Santista;Guarujá;Grande São Paulo Sul/Baixada Santista;Etec Alberto Santos Dumont;152;Técnico;Informação e Comunicação;Informática;Informática;Noite;151;40;3,77;
Metropolitana da Baixada Santista;Metropolitana da Baixada Santista;Guarujá;Grande São Paulo Sul/Baixada Santista;Etec Alberto Santos Dumont;152;Técnico;Gestão e Negócios;Gestão;Logística;Noite;173;40;4,32;
Metropolitana da Baixada Santista;Metropolitana da Baixada Santista;Guarujá;Grande São Paulo Sul/Baixada Santista;Etec Alberto Santos Dumont;152;Integrado;Turismo, Hospitalidade e Lazer;Lazer e Desenvolvimento Social;Eventos - MTec;Tarde;88;40;2,20;
Metropolitana da Baixada Santista;Metropolitana da Baixada Santista;Guarujá;Grande São Paulo Sul/Baixada Santista;Etec Alberto Santos Dumont;152;Integrado;Turismo, Hospitalidade e Lazer;Turismo e Hospitalidade;Guia de Turismo - MTec;Tarde;78;40;1,95;
Metropolitana da Baixada Santista;Metropolitana da Baixada Santista;Guarujá;Grande São Paulo Sul/Baixada Santista;Etec Alberto Santos Dumont;152;Integrado;Gestão e Negócios;Gestão;Secretariado - MTec;Tarde;218;40;5,45;
Metropolitana da Baixada Santista;Metropolitana da Baixada Santista;Itanhaém;Grande São Paulo Sul/Baixada Santista;Etec de Itanhaém;158;Técnico;Gestão e Negócios;Gestão;Administração;Noite;65;40;1,62;
Metropolitana da Baixada Santista;Metropolitana da Baixada Santista;Itanhaém;Grande São Paulo Sul/Baixada Santista;Etec de Itanhaém;158;Técnico;Informação e Comunicação;Informática;Desenvolvimento de Sistemas;Noite;110;40;2,75;
Metropolitana da Baixada Santista;Metropolitana da Baixada Santista;Itanhaém;Grande São Paulo Sul/Baixada Santista;Etec de Itanhaém;158;Técnico;Ambiente e Saúde;Saúde;Farmácia;Noite;101;40;2,52;
Metropolitana da Baixada Santista;Metropolitana da Baixada Santista;Itanhaém;Grande São Paulo Sul/Baixada Santista;Etec de Itanhaém;158;Integrado;Gestão e Negócios;Gestão;Administração - MTec-PI;Manhã e Tarde;249;40;6,22;
Metropolitana da Baixada Santista;Metropolitana da Baixada Santista;Itanhaém;Grande São Paulo Sul/Baixada Santista;Etec de Itanhaém;158;Integrado;Informação e Comunicação;Informática;Informática para Internet - MTec-PI;Manhã e Tarde;289;40;7,22;
Metropolitana da Baixada Santista;Metropolitana da Baixada Santista;Itanhaém;Grande São Paulo Sul/Baixada Santista;Etec de Itanhaém;158;Integrado;Ambiente e Saúde;Meio Ambiente;Meio Ambiente - MTec-PI;Manhã e Tarde;179;40;4,47;
Metropolitana da Baixada Santista;Metropolitana da Baixada Santista;Mongaguá;Grande São Paulo Sul/Baixada Santista;Etec Adolpho Berezin;107;Médio;Educação Básica;Educação Básica - Ensino Médio;Ensino Médio com Itinerário Formativo de Ciências Humanas e Sociais Aplicadas;Manhã;141;35;4,02;
Metropolitana da Baixada Santista;Metropolitana da Baixada Santista;Mongaguá;Grande São Paulo Sul/Baixada Santista;Etec Adolpho Berezin;107;Médio;Educação Básica;Educação Básica - Ensino Médio;Ensino Médio com Itinerário Formativo de Matemática e suas Tecnologias;Manhã;91;35;2,60;
Metropolitana da Baixada Santista;Metropolitana da Baixada Santista;Mongaguá;Grande São Paulo Sul/Baixada Santista;Etec Adolpho Berezin;107;Técnico;Gestão e Negócios;Gestão;Administração;Noite;85;40;2,12;
Metropolitana da Baixada Santista;Metropolitana da Baixada Santista;Mongaguá;Grande São Paulo Sul/Baixada Santista;Etec Adolpho Berezin;107;Técnico;Infraestrutura;Construção Civil;Edificações;Noite;67;40;1,67;
Metropolitana da Baixada Santista;Metropolitana da Baixada Santista;Mongaguá;Grande São Paulo Sul/Baixada Santista;Etec Adolpho Berezin;107;Técnico;Ambiente e Saúde;Saúde;Enfermagem;Manhã;226;40;5,65;
Metropolitana da Baixada Santista;Metropolitana da Baixada Santista;Mongaguá;Grande São Paulo Sul/Baixada Santista;Etec Adolpho Berezin;107;Técnico;Informação e Comunicação;Informática;Informática;Noite;112;40;2,80;
Metropolitana da Baixada Santista;Metropolitana da Baixada Santista;Mongaguá;Grande São Paulo Sul/Baixada Santista;Etec Adolpho Berezin;107;Técnico;Turismo, Hospitalidade e Lazer;Turismo e Hospitalidade;Turismo Receptivo;Noite;75;40;1,87;
Metropolitana da Baixada Santista;Metropolitana da Baixada Santista;Mongaguá;Grande São Paulo Sul/Baixada Santista;Etec Adolpho Berezin;107;Integrado;Gestão e Negócios;Gestão;Administração - MTec;Tarde;177;40;4,42;
Metropolitana da Baixada Santista;Metropolitana da Baixada Santista;Mongaguá;Grande São Paulo Sul/Baixada Santista;Etec Adolpho Berezin;107;Integrado;Informação e Comunicação;Informática;Desenvolvimento de Sistemas - MTec;Tarde;213;40;5,32;
Metropolitana da Baixada Santista;Metropolitana da Baixada Santista;Peruíbe;Grande São Paulo Sul/Baixada Santista;Etec de Peruíbe;266;Técnico;Gestão e Negócios;Gestão;Administração;Noite;69;40;1,72;
Metropolitana da Baixada Santista;Metropolitana da Baixada Santista;Peruíbe;Grande São Paulo Sul/Baixada Santista;Etec de Peruíbe;266;Técnico;Produção Cultural e Design;Design;Design de Interiores;Noite;62;40;1,55;
Metropolitana da Baixada Santista;Metropolitana da Baixada Santista;Peruíbe;Grande São Paulo Sul/Baixada Santista;Etec de Peruíbe;266;Técnico;Infraestrutura;Construção Civil;Edificações;Noite;45;40;1,12;
Metropolitana da Baixada Santista;Metropolitana da Baixada Santista;Peruíbe;Grande São Paulo Sul/Baixada Santista;Etec de Peruíbe;266;Técnico;Gestão e Negócios;Gestão;Transações Imobiliárias;Noite;35;40;0,87;
Metropolitana da Baixada Santista;Metropolitana da Baixada Santista;Peruíbe;Grande São Paulo Sul/Baixada Santista;Etec de Peruíbe;266;Integrado;Gestão e Negócios;Gestão;Administração - MTec-PI;Manhã e Tarde;115;40;2,87;
Metropolitana da Baixada Santista;Metropolitana da Baixada Santista;Peruíbe;Grande São Paulo Sul/Baixada Santista;Etec de Peruíbe;266;Integrado;Informação e Comunicação;Informática;Desenvolvimento de Sistemas - MTec-PI ;Manhã e Tarde;131;40;3,27;
Metropolitana da Baixada Santista;Metropolitana da Baixada Santista;Peruíbe;Grande São Paulo Sul/Baixada Santista;Etec de Peruíbe;266;Integrado;Produção Cultural e Design;Imagem Pessoal;Design de Interiores - MTec-PI;Manhã e Tarde;39;40;0,97;
Metropolitana da Baixada Santista;Metropolitana da Baixada Santista;Peruíbe;Grande São Paulo Sul/Baixada Santista;Etec de Peruíbe;266;Integrado;Informação e Comunicação;Informática;Programação de Jogos Digitais - MTec;Manhã;118;40;2,95;
Metropolitana da Baixada Santista;Metropolitana da Baixada Santista;Praia Grande;Grande São Paulo Sul/Baixada Santista;Etec de Praia Grande;153;Técnico;Ambiente e Saúde;Saúde;Farmácia;Manhã;118;40;2,95;
Metropolitana da Baixada Santista;Metropolitana da Baixada Santista;Praia Grande;Grande São Paulo Sul/Baixada Santista;Etec de Praia Grande;153;Técnico;Ambiente e Saúde;Saúde;Farmácia;Noite;138;40;3,45;
Metropolitana da Baixada Santista;Metropolitana da Baixada Santista;Praia Grande;Grande São Paulo Sul/Baixada Santista;Etec de Praia Grande;153;Técnico;Informação e Comunicação;Informática;Informática;Noite;114;40;2,85;
Metropolitana da Baixada Santista;Metropolitana da Baixada Santista;Praia Grande;Grande São Paulo Sul/Baixada Santista;Etec de Praia Grande;153;Técnico;Gestão e Negócios;Gestão;Logística;Noite;100;40;2,50;
Metropolitana da Baixada Santista;Metropolitana da Baixada Santista;Praia Grande;Grande São Paulo Sul/Baixada Santista;Etec de Praia Grande;153;Técnico;Gestão e Negócios;Gestão;Recursos Humanos;Noite;95;40;2,37;
Metropolitana da Baixada Santista;Metropolitana da Baixada Santista;Praia Grande;Grande São Paulo Sul/Baixada Santista;Etec de Praia Grande;153;Integrado;Gestão e Negócios;Gestão;Contabilidade - MTec;Tarde;132;40;3,30;
Metropolitana da Baixada Santista;Metropolitana da Baixada Santista;Praia Grande;Grande São Paulo Sul/Baixada Santista;Etec de Praia Grande;153;Integrado;Informação e Comunicação;Informática;Desenvolvimento de Sistemas - MTec;Manhã;671;40;16,77;
Metropolitana da Baixada Santista;Metropolitana da Baixada Santista;Praia Grande;Grande São Paulo Sul/Baixada Santista;Etec de Praia Grande;153;Integrado;Gestão e Negócios;Gestão;Logística - MTec;Manhã;295;40;7,37;
Metropolitana da Baixada Santista;Metropolitana da Baixada Santista;Praia Grande;Grande São Paulo Sul/Baixada Santista;Etec de Praia Grande;153;Integrado;Produção Industrial;Química;Química - MTec;Tarde;187;40;4,67;
Metropolitana da Baixada Santista;Metropolitana da Baixada Santista;Praia Grande;Grande São Paulo Sul/Baixada Santista;Etec de Praia Grande (Escola Min. Paulo Renato Costa Souza - Balneário Maracanã - Praia Grande);153.3 - Cd_Cps;Técnico;Gestão e Negócios;Gestão;Administração;Noite;83;40;2,07;
Metropolitana da Baixada Santista;Metropolitana da Baixada Santista;Praia Grande;Grande São Paulo Sul/Baixada Santista;Etec de Praia Grande (Escola Min. Paulo Renato Costa Souza - Balneário Maracanã - Praia Grande);153.3 - Cd_Cps;Técnico;Informação e Comunicação;Informática;Informática para Internet;Noite;99;40;2,47;
Metropolitana da Baixada Santista;Metropolitana da Baixada Santista;Praia Grande;Grande São Paulo Sul/Baixada Santista;Etec de Praia Grande (Escola Min. Paulo Renato Costa Souza - Balneário Maracanã - Praia Grande);153.3 - Cd_Cps;Integrado;Gestão e Negócios;Gestão;Administração - MTec;Tarde;218;40;5,45;
Metropolitana da Baixada Santista;Metropolitana da Baixada Santista;Praia Grande;Grande São Paulo Sul/Baixada Santista;Etec de Praia Grande (Escola Min. Paulo Renato Costa Souza - Balneário Maracanã - Praia Grande);153.3 - Cd_Cps;Integrado;Informação e Comunicação;Informática;Informática para Internet - MTec;Tarde;293;40;7,32;
Metropolitana da Baixada Santista;Metropolitana da Baixada Santista;Praia Grande;Grande São Paulo Sul/Baixada Santista;Etec de Praia Grande (Escola Min. Paulo Renato Costa Souza - Balneário Maracanã - Praia Grande);153.3 - Cd_Cps;Integrado;Gestão e Negócios;Comércio;Marketing - MTec;Manhã;309;40;7,72;
Metropolitana da Baixada Santista;Metropolitana da Baixada Santista;Praia Grande;Grande São Paulo Sul/Baixada Santista;Etec de Praia Grande (Escola Min. Paulo Renato Costa Souza - Balneário Maracanã - Praia Grande);153.3 - Cd_Cps;Integrado;Segurança;Saúde;Segurança do Trabalho - MTec;Manhã;195;40;4,87;
Metropolitana da Baixada Santista;Metropolitana da Baixada Santista;Santos;Grande São Paulo Sul/Baixada Santista;Etec Aristóteles Ferreira;035;Técnico;Infraestrutura;Construção Civil;Desenho de Construção Civil;Noite;51;40;1,27;
Metropolitana da Baixada Santista;Metropolitana da Baixada Santista;Santos;Grande São Paulo Sul/Baixada Santista;Etec Aristóteles Ferreira;035;Técnico;Infraestrutura;Construção Civil;Edificações;Noite;70;40;1,75;
Metropolitana da Baixada Santista;Metropolitana da Baixada Santista;Santos;Grande São Paulo Sul/Baixada Santista;Etec Aristóteles Ferreira;035;Técnico;Controle e Processos Industriais;Indústria;Eletrotécnica;Noite;126;40;3,15;
Metropolitana da Baixada Santista;Metropolitana da Baixada Santista;Santos;Grande São Paulo Sul/Baixada Santista;Etec Aristóteles Ferreira;035;Técnico;Controle e Processos Industriais;Indústria;Eletrônica (MNP);Noite;58;40;1,45;
Metropolitana da Baixada Santista;Metropolitana da Baixada Santista;Santos;Grande São Paulo Sul/Baixada Santista;Etec Aristóteles Ferreira;035;Técnico;Controle e Processos Industriais;Indústria;Mecânica;Noite;117;80;1,46;
Metropolitana da Baixada Santista;Metropolitana da Baixada Santista;Santos;Grande São Paulo Sul/Baixada Santista;Etec Aristóteles Ferreira;035;Técnico;Controle e Processos Industriais;Indústria;Soldagem;Noite;63;40;1,57;
Metropolitana da Baixada Santista;Metropolitana da Baixada Santista;Santos;Grande São Paulo Sul/Baixada Santista;Etec Aristóteles Ferreira;035;Integrado;Controle e Processos Industriais;Indústria;Automação Industrial - MTec;Tarde;101;36;2,80;
Metropolitana da Baixada Santista;Metropolitana da Baixada Santista;Santos;Grande São Paulo Sul/Baixada Santista;Etec Aristóteles Ferreira;035;Integrado;Informação e Comunicação;Informática;Desenvolvimento de Sistemas - MTec-AMS;Manhã;301;36;8,36;
Metropolitana da Baixada Santista;Metropolitana da Baixada Santista;Santos;Grande São Paulo Sul/Baixada Santista;Etec Aristóteles Ferreira;035;Integrado;Infraestrutura;Construção Civil;Edificações - MTec;Tarde;105;36;2,91;
Metropolitana da Baixada Santista;Metropolitana da Baixada Santista;Santos;Grande São Paulo Sul/Baixada Santista;Etec Aristóteles Ferreira;035;Integrado;Controle e Processos Industriais;Indústria;Eletrotécnica - MTec;Manhã;82;36;2,27;
Metropolitana da Baixada Santista;Metropolitana da Baixada Santista;Santos;Grande São Paulo Sul/Baixada Santista;Etec Aristóteles Ferreira;035;Integrado;Controle e Processos Industriais;Indústria;Eletrônica - MTec;Manhã;99;36;2,75;
Metropolitana da Baixada Santista;Metropolitana da Baixada Santista;Santos;Grande São Paulo Sul/Baixada Santista;Etec Aristóteles Ferreira;035;Integrado;Informação e Comunicação;Informática;Informática para Internet - MTec;Manhã;383;36;10,63;
Metropolitana da Baixada Santista;Metropolitana da Baixada Santista;Santos;Grande São Paulo Sul/Baixada Santista;Etec Aristóteles Ferreira;035;Integrado;Informação e Comunicação;Informática;Programação de Jogos Digitais - MTec;Tarde;260;36;7,22;
Metropolitana da Baixada Santista;Metropolitana da Baixada Santista;Santos;Grande São Paulo Sul/Baixada Santista;Etec Aristóteles Ferreira;035;Especialização;Turismo, Hospitalidade e Lazer;Turismo e Hospitalidade;Organização de Eventos Corporativos;Noite;29;30;0,96;
Metropolitana da Baixada Santista;Metropolitana da Baixada Santista;Santos;Grande São Paulo Sul/Baixada Santista;Etec Dona Escolástica Rosa;122;Técnico;Gestão e Negócios;Gestão;Administração;Tarde;72;40;1,80;
Metropolitana da Baixada Santista;Metropolitana da Baixada Santista;Santos;Grande São Paulo Sul/Baixada Santista;Etec Dona Escolástica Rosa;122;Técnico;Gestão e Negócios;Gestão;Administração;Noite;111;40;2,77;
Metropolitana da Baixada Santista;Metropolitana da Baixada Santista;Santos;Grande São Paulo Sul/Baixada Santista;Etec Dona Escolástica Rosa;122;Técnico;Gestão e Negócios;Gestão;Comércio Exterior;Noite;151;40;3,77;
Metropolitana da Baixada Santista;Metropolitana da Baixada Santista;Santos;Grande São Paulo Sul/Baixada Santista;Etec Dona Escolástica Rosa;122;Técnico;Gestão e Negócios;Gestão;Logística;Tarde;75;40;1,87;
Metropolitana da Baixada Santista;Metropolitana da Baixada Santista;Santos;Grande São Paulo Sul/Baixada Santista;Etec Dona Escolástica Rosa;122;Técnico;Ambiente e Saúde;Saúde;Nutrição e Dietética;Noite;131;40;3,27;
Metropolitana da Baixada Santista;Metropolitana da Baixada Santista;Santos;Grande São Paulo Sul/Baixada Santista;Etec Dona Escolástica Rosa;122;Técnico;Segurança;Saúde;Segurança do Trabalho;Noite;156;40;3,90;
Metropolitana da Baixada Santista;Metropolitana da Baixada Santista;Santos;Grande São Paulo Sul/Baixada Santista;Etec Dona Escolástica Rosa;122;Integrado;Gestão e Negócios;Gestão;Administração - MTec;Manhã;282;40;7,05;
Metropolitana da Baixada Santista;Metropolitana da Baixada Santista;Santos;Grande São Paulo Sul/Baixada Santista;Etec Dona Escolástica Rosa;122;Integrado;Gestão e Negócios;Gestão;Logística - MTec;Manhã;232;40;5,80;
Metropolitana da Baixada Santista;Metropolitana da Baixada Santista;Santos;Grande São Paulo Sul/Baixada Santista;Etec Dona Escolástica Rosa;122;Integrado;Ambiente e Saúde;Saúde;Nutrição e Dietética - MTec;Manhã;273;40;6,82;
Metropolitana da Baixada Santista;Metropolitana da Baixada Santista;Santos;Grande São Paulo Sul/Baixada Santista;Etec Dona Escolástica Rosa;122;Integrado;Segurança;Saúde;Segurança do Trabalho - MTec;Manhã;115;40;2,87;
Metropolitana da Baixada Santista;Metropolitana da Baixada Santista;Santos;Grande São Paulo Sul/Baixada Santista;Etec Dona Escolástica Rosa (EE Prof.ª Zulmira Campos);122.01 - Ext/Etec;Técnico;Gestão e Negócios;Gestão;Administração;Noite;68;40;1,70;
Metropolitana da Baixada Santista;Metropolitana da Baixada Santista;Santos;Grande São Paulo Sul/Baixada Santista;Etec Dona Escolástica Rosa (EE Prof.ª Zulmira Campos);122.01 - Ext/Etec;Técnico;Gestão e Negócios;Gestão;Logística;Noite;75;40;1,87;
Metropolitana da Baixada Santista;Metropolitana da Baixada Santista;Santos;Grande São Paulo Sul/Baixada Santista;Etec Dona Escolástica Rosa (EE Prof.ª Zulmira Campos);122.01 - Ext/Etec;Técnico;Infraestrutura;Indústria;Portos;Noite;66;40;1,65;
Metropolitana da Baixada Santista;Metropolitana da Baixada Santista;Santos;Grande São Paulo Sul/Baixada Santista;Etec Dona Escolástica Rosa (Unidade Municipal de Educação Vinte e Oito de Fevereiro - Santos);122.8 - Cd_Cps;Técnico;Gestão e Negócios;Gestão;Administração;Noite;40;40;1,00;
Metropolitana da Baixada Santista;Metropolitana da Baixada Santista;Santos;Grande São Paulo Sul/Baixada Santista;Etec Dona Escolástica Rosa / Fatec Rubens Lara;122/005 - Etec/Fatec;Integrado;Gestão e Negócios;Gestão;Administração - MTec-AMS;Tarde;128;40;3,20;
Metropolitana da Baixada Santista;Metropolitana da Baixada Santista;Santos;Grande São Paulo Sul/Baixada Santista;Etec Dona Escolástica Rosa / Fatec Rubens Lara;122/005 - Etec/Fatec;Integrado;Gestão e Negócios;Gestão;Logística - MTec-AMS;Tarde;90;40;2,25;
Metropolitana da Baixada Santista;Metropolitana da Baixada Santista;São Vicente;Grande São Paulo Sul/Baixada Santista;Etec Doutora Ruth Cardoso;194;Médio;Educação Básica;Educação Básica - Ensino Médio;Ensino Médio com Itinerário Formativo de Ciências da Natureza e suas Tecnologias;Manhã;228;40;5,70;
Metropolitana da Baixada Santista;Metropolitana da Baixada Santista;São Vicente;Grande São Paulo Sul/Baixada Santista;Etec Doutora Ruth Cardoso;194;Médio;Educação Básica;Educação Básica - Ensino Médio;Ensino Médio com Itinerário Formativo de Linguagens, Ciência Humanas e Sociais;Manhã;236;40;5,90;
Metropolitana da Baixada Santista;Metropolitana da Baixada Santista;São Vicente;Grande São Paulo Sul/Baixada Santista;Etec Doutora Ruth Cardoso;194;Técnico;Informação e Comunicação;Informática;Desenvolvimento de Sistemas;Noite;224;40;5,60;
Metropolitana da Baixada Santista;Metropolitana da Baixada Santista;São Vicente;Grande São Paulo Sul/Baixada Santista;Etec Doutora Ruth Cardoso;194;Técnico;Informação e Comunicação;Informática;Desenvolvimento de Sistemas;Tarde;229;40;5,72;
Metropolitana da Baixada Santista;Metropolitana da Baixada Santista;São Vicente;Grande São Paulo Sul/Baixada Santista;Etec Doutora Ruth Cardoso;194;Técnico;Infraestrutura;Construção Civil;Edificações;Noite;85;40;2,12;
Metropolitana da Baixada Santista;Metropolitana da Baixada Santista;São Vicente;Grande São Paulo Sul/Baixada Santista;Etec Doutora Ruth Cardoso;194;Técnico;Ambiente e Saúde;Saúde;Enfermagem;Manhã;262;40;6,55;
Metropolitana da Baixada Santista;Metropolitana da Baixada Santista;São Vicente;Grande São Paulo Sul/Baixada Santista;Etec Doutora Ruth Cardoso;194;Integrado;Infraestrutura;Construção Civil;Edificações - MTec;Tarde;278;40;6,95;
Metropolitana da Baixada Santista;Metropolitana da Baixada Santista;São Vicente;Grande São Paulo Sul/Baixada Santista;Etec Doutora Ruth Cardoso (EE Prof.ª Zulmira de Almeida Lambert);194.02 - Ext/Etec;Técnico;Gestão e Negócios;Gestão;Administração;Noite;76;40;1,90;
Metropolitana da Baixada Santista;Metropolitana da Baixada Santista;São Vicente;Grande São Paulo Sul/Baixada Santista;Etec Doutora Ruth Cardoso (EE Prof.ª Zulmira de Almeida Lambert);194.02 - Ext/Etec;Técnico;Gestão e Negócios;Gestão;Logística;Noite;70;40;1,75;
Metropolitana da Baixada Santista;Metropolitana da Baixada Santista;São Vicente;Grande São Paulo Sul/Baixada Santista;Etec Doutora Ruth Cardoso (EMEF Francisco Martins dos Santos - São Vicente );194.1 - Cd_Cps;Técnico;Gestão e Negócios;Gestão;Recursos Humanos;Noite;109;40;2,72;
Metropolitana da Grande São Paulo;Metropolitana da Grande São Paulo;Arujá;Vale do Paraíba/Litoral Norte;Etec Professora Luzia Maria Machado;274;Técnico;Gestão e Negócios;Gestão;Administração;Tarde;106;40;2,65;
Metropolitana da Grande São Paulo;Metropolitana da Grande São Paulo;Arujá;Vale do Paraíba/Litoral Norte;Etec Professora Luzia Maria Machado;274;Técnico;Gestão e Negócios;Gestão;Administração;Noite;77;40;1,92;
Metropolitana da Grande São Paulo;Metropolitana da Grande São Paulo;Arujá;Vale do Paraíba/Litoral Norte;Etec Professora Luzia Maria Machado;274;Técnico;Gestão e Negócios;Gestão;Logística;Noite;61;40;1,52;
Metropolitana da Grande São Paulo;Metropolitana da Grande São Paulo;Arujá;Vale do Paraíba/Litoral Norte;Etec Professora Luzia Maria Machado;274;Técnico;Gestão e Negócios;Gestão;Recursos Humanos;Manhã;69;40;1,72;
Metropolitana da Grande São Paulo;Metropolitana da Grande São Paulo;Arujá;Vale do Paraíba/Litoral Norte;Etec Professora Luzia Maria Machado;274;Integrado;Gestão e Negócios;Gestão;Administração - MTec;Tarde;257;40;6,42;
Metropolitana da Grande São Paulo;Metropolitana da Grande São Paulo;Arujá;Vale do Paraíba/Litoral Norte;Etec Professora Luzia Maria Machado;274;Integrado;Gestão e Negócios;Gestão;Recursos Humanos - MTec;Manhã;224;40;5,60;
Metropolitana da Grande São Paulo;Metropolitana da Grande São Paulo;Barueri;Grande São Paulo Noroeste;Etec Antônio Furlan;245;Técnico;Informação e Comunicação;Informática;Desenvolvimento de Sistemas;Noite;222;40;5,55;
Metropolitana da Grande São Paulo;Metropolitana da Grande São Paulo;Barueri;Grande São Paulo Noroeste;Etec Antônio Furlan;245;Técnico;Ambiente e Saúde;Saúde;Enfermagem;Tarde;204;40;5,09;
Metropolitana da Grande São Paulo;Metropolitana da Grande São Paulo;Barueri;Grande São Paulo Noroeste;Etec Antônio Furlan;245;Técnico;Gestão e Negócios;Gestão;Recursos Humanos;Noite;75;40;1,87;
Metropolitana da Grande São Paulo;Metropolitana da Grande São Paulo;Barueri;Grande São Paulo Noroeste;Etec Antônio Furlan;245;Integrado;Gestão e Negócios;Gestão;Administração - MTec-PI;Manhã e Tarde;230;40;5,75;
Metropolitana da Grande São Paulo;Metropolitana da Grande São Paulo;Barueri;Grande São Paulo Noroeste;Etec Antônio Furlan;245;Integrado;Gestão e Negócios;Gestão;Contabilidade - MTec-PI;Manhã e Tarde;115;40;2,87;
Metropolitana da Grande São Paulo;Metropolitana da Grande São Paulo;Barueri;Grande São Paulo Noroeste;Etec Antônio Furlan;245;Integrado;Informação e Comunicação;Informática;Informática - MTec;Manhã;872;40;21,80;
Metropolitana da Grande São Paulo;Metropolitana da Grande São Paulo;Barueri;Grande São Paulo Noroeste;Etec Antônio Furlan;245;Integrado;Gestão e Negócios;Gestão;Recursos Humanos - MTec;Manhã;323;40;8,07;
Metropolitana da Grande São Paulo;Metropolitana da Grande São Paulo;Caieiras;Grande São Paulo Noroeste;Etec Paulo do Carmo Monteiro;279;Técnico;Gestão e Negócios;Gestão;Administração;Noite;59;40;1,47;
Metropolitana da Grande São Paulo;Metropolitana da Grande São Paulo;Caieiras;Grande São Paulo Noroeste;Etec Paulo do Carmo Monteiro;279;Técnico;Segurança;Saúde;Segurança do Trabalho;Noite;80;40;2,00;
Metropolitana da Grande São Paulo;Metropolitana da Grande São Paulo;Caieiras;Grande São Paulo Noroeste;Etec Paulo do Carmo Monteiro;279;Integrado;Gestão e Negócios;Gestão;Administração - MTec;Manhã;140;40;3,50;
Metropolitana da Grande São Paulo;Metropolitana da Grande São Paulo;Caieiras;Grande São Paulo Noroeste;Etec Paulo do Carmo Monteiro;279;Integrado;Informação e Comunicação;Informática;Informática para Internet - MTec;Tarde;86;40;2,15;
Metropolitana da Grande São Paulo;Metropolitana da Grande São Paulo;Caieiras;Grande São Paulo Noroeste;Etec Paulo do Carmo Monteiro;279;Integrado;Informação e Comunicação;Informática;Informática para Internet - MTec-N;Noite;35;40;0,87;
Metropolitana da Grande São Paulo;Metropolitana da Grande São Paulo;Caieiras;Grande São Paulo Noroeste;Etec Paulo do Carmo Monteiro;279;Integrado;Gestão e Negócios;Comércio;Marketing - MTec;Tarde;26;40;0,65;
Metropolitana da Grande São Paulo;Metropolitana da Grande São Paulo;Caieiras;Grande São Paulo Noroeste;Etec Paulo do Carmo Monteiro;279;Integrado;Gestão e Negócios;Comércio;Marketing - MTec;Manhã;79;40;1,97;
Metropolitana da Grande São Paulo;Metropolitana da Grande São Paulo;Cajamar;Grande São Paulo Noroeste;Etec Gino Rezaghi;191;Médio;Educação Básica;Educação Básica - Ensino Médio;Ensino Médio com Itinerário Formativo de Ciências Humanas e Sociais Aplicadas;Manhã;119;40;2,97;
Metropolitana da Grande São Paulo;Metropolitana da Grande São Paulo;Cajamar;Grande São Paulo Noroeste;Etec Gino Rezaghi;191;Técnico;Gestão e Negócios;Gestão;Administração;Noite;99;40;2,47;
Metropolitana da Grande São Paulo;Metropolitana da Grande São Paulo;Cajamar;Grande São Paulo Noroeste;Etec Gino Rezaghi;191;Integrado;Gestão e Negócios;Gestão;Administração - MTec-PI;Manhã e Tarde;201;40;5,02;
Metropolitana da Grande São Paulo;Metropolitana da Grande São Paulo;Cajamar;Grande São Paulo Noroeste;Etec Gino Rezaghi;191;Integrado;Gestão e Negócios;Gestão;Logística - Mtec-N;Noite;92;40;2,29;
Metropolitana da Grande São Paulo;Metropolitana da Grande São Paulo;Cajamar;Grande São Paulo Noroeste;Etec Gino Rezaghi;191;Integrado;Gestão e Negócios;Comércio;Marketing - MTec;Tarde;163;40;4,07;
Metropolitana da Grande São Paulo;Metropolitana da Grande São Paulo;Carapicuíba;Grande São Paulo Noroeste;Etec de Carapicuíba;144;Técnico;Gestão e Negócios;Gestão;Administração (MNP);Noite;86;40;2,15;
Metropolitana da Grande São Paulo;Metropolitana da Grande São Paulo;Carapicuíba;Grande São Paulo Noroeste;Etec de Carapicuíba;144;Técnico;Gestão e Negócios;Gestão;Contabilidade;Noite;62;40;1,55;
Metropolitana da Grande São Paulo;Metropolitana da Grande São Paulo;Carapicuíba;Grande São Paulo Noroeste;Etec de Carapicuíba;144;Técnico;Produção Cultural e Design;Design;Design Gráfico;Noite;111;40;2,77;
Metropolitana da Grande São Paulo;Metropolitana da Grande São Paulo;Carapicuíba;Grande São Paulo Noroeste;Etec de Carapicuíba;144;Técnico;Produção Cultural e Design;Design;Multimídia;Noite;58;40;1,45;
Metropolitana da Grande São Paulo;Metropolitana da Grande São Paulo;Carapicuíba;Grande São Paulo Noroeste;Etec de Carapicuíba;144;Integrado;Gestão e Negócios;Gestão;Administração - MTec;Manhã;361;40;9,02;
Metropolitana da Grande São Paulo;Metropolitana da Grande São Paulo;Carapicuíba;Grande São Paulo Noroeste;Etec de Carapicuíba;144;Integrado;Produção Cultural e Design;Design;Design Gráfico - MTec;Manhã;323;40;8,07;
Metropolitana da Grande São Paulo;Metropolitana da Grande São Paulo;Carapicuíba;Grande São Paulo Noroeste;Etec de Carapicuíba;144;Integrado;Gestão e Negócios;Comércio;Marketing - MTec;Manhã;180;40;4,50;
Metropolitana da Grande São Paulo;Metropolitana da Grande São Paulo;Carapicuíba;Grande São Paulo Noroeste;Etec de Carapicuíba;144;Integrado;Produção Cultural e Design;Design;Multimídia - MTec;Tarde;123;40;3,07;
Metropolitana da Grande São Paulo;Metropolitana da Grande São Paulo;Carapicuíba;Grande São Paulo Noroeste;Etec de Carapicuíba;144;Integrado;Produção Cultural e Design;Design;Processos Fotográficos - MTec;Tarde;88;40;2,20;
Metropolitana da Grande São Paulo;Metropolitana da Grande São Paulo;Carapicuíba;Grande São Paulo Noroeste;Etec de Carapicuíba / Fatec de Carapicuíba;144/143 - Etec/Fatec;Integrado;Informação e Comunicação;Informática;Desenvolvimento de Sistemas - MTec-AMS;Tarde;342;40;8,55;
Metropolitana da Grande São Paulo;Metropolitana da Grande São Paulo;Cotia;Grande São Paulo Sul/Baixada Santista;Etec de Cotia;222;Técnico;Gestão e Negócios;Gestão;Administração;Noite;134;40;3,35;
Metropolitana da Grande São Paulo;Metropolitana da Grande São Paulo;Cotia;Grande São Paulo Sul/Baixada Santista;Etec de Cotia;222;Técnico;Gestão e Negócios;Gestão;Contabilidade;Noite;83;40;2,07;
Metropolitana da Grande São Paulo;Metropolitana da Grande São Paulo;Cotia;Grande São Paulo Sul/Baixada Santista;Etec de Cotia;222;Integrado;Gestão e Negócios;Gestão;Administração - MTec-PI;Manhã e Tarde;407;40;10,17;
Metropolitana da Grande São Paulo;Metropolitana da Grande São Paulo;Cotia;Grande São Paulo Sul/Baixada Santista;Etec de Cotia;222;Integrado;Gestão e Negócios;Gestão;Contabilidade - MTec-PI;Manhã e Tarde;99;40;2,47;
Metropolitana da Grande São Paulo;Metropolitana da Grande São Paulo;Cotia;Grande São Paulo Sul/Baixada Santista;Etec de Cotia;222;Integrado;Informação e Comunicação;Informática;Desenvolvimento de Sistemas - Mtec-N;Noite;371;40;9,27;
Metropolitana da Grande São Paulo;Metropolitana da Grande São Paulo;Diadema;Grande São Paulo Sul/Baixada Santista;Etec Juscelino Kubitschek de Oliveira;166;Médio;Educação Básica;Educação Básica - Ensino Médio;Ensino Médio com Itinerário Formativo de Ciências Humanas e Sociais Aplicadas;Manhã;153;40;3,82;
Metropolitana da Grande São Paulo;Metropolitana da Grande São Paulo;Diadema;Grande São Paulo Sul/Baixada Santista;Etec Juscelino Kubitschek de Oliveira;166;Técnico;Gestão e Negócios;Gestão;Administração;Noite;114;40;2,85;
Metropolitana da Grande São Paulo;Metropolitana da Grande São Paulo;Diadema;Grande São Paulo Sul/Baixada Santista;Etec Juscelino Kubitschek de Oliveira;166;Técnico;Gestão e Negócios;Gestão;Administração;Tarde;112;40;2,80;
Metropolitana da Grande São Paulo;Metropolitana da Grande São Paulo;Diadema;Grande São Paulo Sul/Baixada Santista;Etec Juscelino Kubitschek de Oliveira;166;Técnico;Informação e Comunicação;Informática;Desenvolvimento de Sistemas;Noite;165;40;4,12;
Metropolitana da Grande São Paulo;Metropolitana da Grande São Paulo;Diadema;Grande São Paulo Sul/Baixada Santista;Etec Juscelino Kubitschek de Oliveira;166;Técnico;Informação e Comunicação;Informática;Desenvolvimento de Sistemas;Tarde;123;40;3,07;
Metropolitana da Grande São Paulo;Metropolitana da Grande São Paulo;Diadema;Grande São Paulo Sul/Baixada Santista;Etec Juscelino Kubitschek de Oliveira;166;Técnico;Gestão e Negócios;Gestão;Logística;Noite;84;40;2,10;
Metropolitana da Grande São Paulo;Metropolitana da Grande São Paulo;Diadema;Grande São Paulo Sul/Baixada Santista;Etec Juscelino Kubitschek de Oliveira;166;Integrado;Gestão e Negócios;Gestão;Administração - MTec;Manhã;375;40;9,37;
Metropolitana da Grande São Paulo;Metropolitana da Grande São Paulo;Diadema;Grande São Paulo Sul/Baixada Santista;Etec Juscelino Kubitschek de Oliveira;166;Integrado;Gestão e Negócios;Gestão;Administração - MTec-PI;Manhã e Tarde;271;40;6,77;
Metropolitana da Grande São Paulo;Metropolitana da Grande São Paulo;Embu das Artes;Grande São Paulo Sul/Baixada Santista;Etec de Embu;241;Técnico;Gestão e Negócios;Gestão;Administração;Noite;125;40;3,12;
Metropolitana da Grande São Paulo;Metropolitana da Grande São Paulo;Embu das Artes;Grande São Paulo Sul/Baixada Santista;Etec de Embu;241;Técnico;Gestão e Negócios;Gestão;Contabilidade;Noite;72;40;1,80;
Metropolitana da Grande São Paulo;Metropolitana da Grande São Paulo;Embu das Artes;Grande São Paulo Sul/Baixada Santista;Etec de Embu;241;Técnico;Informação e Comunicação;Informática;Desenvolvimento de Sistemas;Noite;172;40;4,30;
Metropolitana da Grande São Paulo;Metropolitana da Grande São Paulo;Embu das Artes;Grande São Paulo Sul/Baixada Santista;Etec de Embu;241;Técnico;Controle e Processos Industriais;Indústria;Eletroeletrônica;Noite;86;40;2,15;
Metropolitana da Grande São Paulo;Metropolitana da Grande São Paulo;Embu das Artes;Grande São Paulo Sul/Baixada Santista;Etec de Embu;241;Técnico;Gestão e Negócios;Gestão;Logística;Noite;49;40;1,22;
Metropolitana da Grande São Paulo;Metropolitana da Grande São Paulo;Embu das Artes;Grande São Paulo Sul/Baixada Santista;Etec de Embu;241;Técnico;Gestão e Negócios;Gestão;Recursos Humanos;Tarde;52;40;1,30;
Metropolitana da Grande São Paulo;Metropolitana da Grande São Paulo;Embu das Artes;Grande São Paulo Sul/Baixada Santista;Etec de Embu;241;Técnico;Informação e Comunicação;Informática;Redes de Computadores;Tarde;66;40;1,65;
Metropolitana da Grande São Paulo;Metropolitana da Grande São Paulo;Embu das Artes;Grande São Paulo Sul/Baixada Santista;Etec de Embu;241;Integrado;Gestão e Negócios;Gestão;Administração - MTec;Manhã;588;40;14,70;
Metropolitana da Grande São Paulo;Metropolitana da Grande São Paulo;Embu das Artes;Grande São Paulo Sul/Baixada Santista;Etec de Embu;241;Integrado;Controle e Processos Industriais;Indústria;Automação Industrial - MTec;Tarde;146;40;3,65;
Metropolitana da Grande São Paulo;Metropolitana da Grande São Paulo;Embu das Artes;Grande São Paulo Sul/Baixada Santista;Etec de Embu;241;Integrado;Informação e Comunicação;Informática;Redes de Computadores - MTec;Manhã;532;40;13,30;
Metropolitana da Grande São Paulo;Metropolitana da Grande São Paulo;Ferraz de Vasconcelos;Grande São Paulo Leste;Etec de Ferraz de Vasconcelos;170;Técnico;Gestão e Negócios;Gestão;Administração;Noite;84;40;2,10;
Metropolitana da Grande São Paulo;Metropolitana da Grande São Paulo;Ferraz de Vasconcelos;Grande São Paulo Leste;Etec de Ferraz de Vasconcelos;170;Técnico;Gestão e Negócios;Gestão;Logística;Noite;43;40;1,07;
Metropolitana da Grande São Paulo;Metropolitana da Grande São Paulo;Ferraz de Vasconcelos;Grande São Paulo Leste;Etec de Ferraz de Vasconcelos;170;Técnico;Segurança;Saúde;Segurança do Trabalho;Noite;68;40;1,70;
Metropolitana da Grande São Paulo;Metropolitana da Grande São Paulo;Ferraz de Vasconcelos;Grande São Paulo Leste;Etec de Ferraz de Vasconcelos;170;Integrado;Gestão e Negócios;Gestão;Administração - MTec;Manhã;644;120;5,36;
Metropolitana da Grande São Paulo;Metropolitana da Grande São Paulo;Ferraz de Vasconcelos;Grande São Paulo Leste;Etec de Ferraz de Vasconcelos;170;Integrado;Gestão e Negócios;Comércio;Marketing - MTec;Tarde;201;40;5,02;
Metropolitana da Grande São Paulo;Metropolitana da Grande São Paulo;Ferraz de Vasconcelos;Grande São Paulo Leste;Etec de Ferraz de Vasconcelos;170;Integrado;Informação e Comunicação;Informática;Programação de Jogos Digitais - MTec;Tarde;252;40;6,30;
Metropolitana da Grande São Paulo;Metropolitana da Grande São Paulo;Francisco Morato;Grande São Paulo Noroeste;Etec de Francisco Morato;231;Técnico;Gestão e Negócios;Gestão;Administração;Noite;68;40;1,70;
Metropolitana da Grande São Paulo;Metropolitana da Grande São Paulo;Francisco Morato;Grande São Paulo Noroeste;Etec de Francisco Morato;231;Integrado;Gestão e Negócios;Gestão;Administração - MTec;Manhã;246;40;6,15;
Metropolitana da Grande São Paulo;Metropolitana da Grande São Paulo;Francisco Morato;Grande São Paulo Noroeste;Etec de Francisco Morato;231;Integrado;Gestão e Negócios;Gestão;Administração - MTec;Tarde;102;40;2,54;
Metropolitana da Grande São Paulo;Metropolitana da Grande São Paulo;Francisco Morato;Grande São Paulo Noroeste;Etec de Francisco Morato;231;Integrado;Informação e Comunicação;Informática;Informática para Internet - MTec;Manhã;240;40;6,00;
Metropolitana da Grande São Paulo;Metropolitana da Grande São Paulo;Francisco Morato;Grande São Paulo Noroeste;Etec de Francisco Morato;231;Integrado;Informação e Comunicação;Informática;Informática para Internet - MTec;Tarde;100;40;2,50;
Metropolitana da Grande São Paulo;Metropolitana da Grande São Paulo;Francisco Morato;Grande São Paulo Noroeste;Etec de Francisco Morato;231;Integrado;Gestão e Negócios;Gestão;Logística - MTec;Manhã;108;40;2,70;
Metropolitana da Grande São Paulo;Metropolitana da Grande São Paulo;Francisco Morato;Grande São Paulo Noroeste;Etec de Francisco Morato;231;Integrado;Gestão e Negócios;Comércio;Marketing - MTec;Manhã;128;40;3,20;
Metropolitana da Grande São Paulo;Metropolitana da Grande São Paulo;Franco da Rocha;Grande São Paulo Noroeste;Etec Doutor Emílio Hernandez Aguilar;142;Médio;Educação Básica;Educação Básica - Ensino Médio;Ensino Médio com Itinerário Formativo de Linguagens, Ciência Humanas e Sociais;Manhã;202;40;5,05;
Metropolitana da Grande São Paulo;Metropolitana da Grande São Paulo;Franco da Rocha;Grande São Paulo Noroeste;Etec Doutor Emílio Hernandez Aguilar;142;Técnico;Gestão e Negócios;Gestão;Administração;Tarde;85;40;2,12;
Metropolitana da Grande São Paulo;Metropolitana da Grande São Paulo;Franco da Rocha;Grande São Paulo Noroeste;Etec Doutor Emílio Hernandez Aguilar;142;Técnico;Gestão e Negócios;Gestão;Administração;Noite;86;40;2,15;
Metropolitana da Grande São Paulo;Metropolitana da Grande São Paulo;Franco da Rocha;Grande São Paulo Noroeste;Etec Doutor Emílio Hernandez Aguilar;142;Técnico;Informação e Comunicação;Informática;Desenvolvimento de Sistemas;Noite;108;40;2,70;
Metropolitana da Grande São Paulo;Metropolitana da Grande São Paulo;Franco da Rocha;Grande São Paulo Noroeste;Etec Doutor Emílio Hernandez Aguilar;142;Técnico;Informação e Comunicação;Informática;Desenvolvimento de Sistemas;Tarde;131;40;3,27;
Metropolitana da Grande São Paulo;Metropolitana da Grande São Paulo;Franco da Rocha;Grande São Paulo Noroeste;Etec Doutor Emílio Hernandez Aguilar;142;Técnico;Gestão e Negócios;Gestão;Logística;Noite;61;40;1,52;
Metropolitana da Grande São Paulo;Metropolitana da Grande São Paulo;Franco da Rocha;Grande São Paulo Noroeste;Etec Doutor Emílio Hernandez Aguilar;142;Integrado;Gestão e Negócios;Gestão;Administração - MTec;Manhã;370;40;9,25;
Metropolitana da Grande São Paulo;Metropolitana da Grande São Paulo;Franco da Rocha;Grande São Paulo Noroeste;Etec Doutor Emílio Hernandez Aguilar;142;Integrado;Informação e Comunicação;Informática;Informática para Internet - MTec;Manhã;405;40;10,12;
Metropolitana da Grande São Paulo;Metropolitana da Grande São Paulo;Franco da Rocha;Grande São Paulo Noroeste;Etec Doutor Emílio Hernandez Aguilar;142;Integrado;Gestão e Negócios;Gestão;Logística - MTec;Tarde;92;40;2,29;
Metropolitana da Grande São Paulo;Metropolitana da Grande São Paulo;Franco da Rocha;Grande São Paulo Noroeste;Etec Doutor Emílio Hernandez Aguilar;142;Integrado;Gestão e Negócios;Comércio;Marketing - MTec;Manhã;238;40;5,95;
Metropolitana da Grande São Paulo;Metropolitana da Grande São Paulo;Franco da Rocha;Grande São Paulo Noroeste;Etec Doutor Emílio Hernandez Aguilar;142;Integrado;Ambiente e Saúde;Meio Ambiente;Meio Ambiente - MTec;Tarde;83;40;2,07;
Metropolitana da Grande São Paulo;Metropolitana da Grande São Paulo;Guarulhos;Grande São Paulo Leste;Etec de Guarulhos;295;Técnico;Gestão e Negócios;Gestão;Administração (MNP);Noite;204;40;5,09;
Metropolitana da Grande São Paulo;Metropolitana da Grande São Paulo;Guarulhos;Grande São Paulo Leste;Etec de Guarulhos;295;Técnico;Informação e Comunicação;Informática;Desenvolvimento de Sistemas (MNP);Noite;281;40;7,02;
Metropolitana da Grande São Paulo;Metropolitana da Grande São Paulo;Guarulhos;Grande São Paulo Leste;Etec de Guarulhos;295;Integrado;Gestão e Negócios;Gestão;Administração - MTec;Manhã;995;40;24,87;
Metropolitana da Grande São Paulo;Metropolitana da Grande São Paulo;Guarulhos;Grande São Paulo Leste;Etec de Guarulhos;295;Integrado;Informação e Comunicação;Informática;Desenvolvimento de Sistemas - MTec;Manhã;1.352;40;33,79;
Metropolitana da Grande São Paulo;Metropolitana da Grande São Paulo;Guarulhos;Grande São Paulo Leste;Etec de Guarulhos;295;Integrado;Gestão e Negócios;Gestão;Logística - MTec;Manhã;327;40;8,17;
Metropolitana da Grande São Paulo;Metropolitana da Grande São Paulo;Guarulhos;Grande São Paulo Leste;Etec Martin Luther King (EE João Crispiniano Soares);085.03 - Ext/Etec;Técnico;Gestão e Negócios;Gestão;Administração;Noite;66;35;1,88;
Metropolitana da Grande São Paulo;Metropolitana da Grande São Paulo;Guarulhos;Grande São Paulo Leste;Etec Martin Luther King (EE João Crispiniano Soares);085.03 - Ext/Etec;Técnico;Gestão e Negócios;Gestão;Contabilidade;Noite;40;35;1,14;
Metropolitana da Grande São Paulo;Metropolitana da Grande São Paulo;Guarulhos;Grande São Paulo Leste;Etec Professor Aprígio Gonzaga (EE Coronel Ary Gomes);034.02 - Ext/Etec;Técnico;Gestão e Negócios;Gestão;Comércio Exterior;Noite;59;40;1,47;
Metropolitana da Grande São Paulo;Metropolitana da Grande São Paulo;Itapevi;Grande São Paulo Noroeste;Etec José Miguel Soares;300;Técnico;Gestão e Negócios;Gestão;Administração;Noite;131;40;3,27;
Metropolitana da Grande São Paulo;Metropolitana da Grande São Paulo;Itapevi;Grande São Paulo Noroeste;Etec José Miguel Soares;300;Técnico;Informação e Comunicação;Informática;Desenvolvimento de Sistemas;Noite;165;40;4,12;
Metropolitana da Grande São Paulo;Metropolitana da Grande São Paulo;Itapevi;Grande São Paulo Noroeste;Etec José Miguel Soares;300;Técnico;Gestão e Negócios;Gestão;Logística;Noite;42;40;1,05;
Metropolitana da Grande São Paulo;Metropolitana da Grande São Paulo;Itapevi;Grande São Paulo Noroeste;Etec José Miguel Soares;300;Integrado;Gestão e Negócios;Gestão;Administração - MTec;Manhã;467;80;5,83;
Metropolitana da Grande São Paulo;Metropolitana da Grande São Paulo;Itapevi;Grande São Paulo Noroeste;Etec José Miguel Soares;300;Integrado;Gestão e Negócios;Gestão;Logística - MTec;Manhã;76;40;1,90;
Metropolitana da Grande São Paulo;Metropolitana da Grande São Paulo;Itaquaquecetuba;Grande São Paulo Leste;Etec de Itaquaquecetuba;249;Técnico;Informação e Comunicação;Informática;Informática;Noite;113;40;2,82;
Metropolitana da Grande São Paulo;Metropolitana da Grande São Paulo;Itaquaquecetuba;Grande São Paulo Leste;Etec de Itaquaquecetuba;249;Técnico;Segurança;Saúde;Segurança do Trabalho;Noite;73;40;1,82;
Metropolitana da Grande São Paulo;Metropolitana da Grande São Paulo;Itaquaquecetuba;Grande São Paulo Leste;Etec de Itaquaquecetuba;249;Integrado;Gestão e Negócios;Gestão;Administração - MTec;Manhã;374;40;9,35;
Metropolitana da Grande São Paulo;Metropolitana da Grande São Paulo;Itaquaquecetuba;Grande São Paulo Leste;Etec de Itaquaquecetuba;249;Integrado;Informação e Comunicação;Informática;Desenvolvimento de Sistemas - MTec;Manhã;462;40;11,55;
Metropolitana da Grande São Paulo;Metropolitana da Grande São Paulo;Itaquaquecetuba;Grande São Paulo Leste;Etec de Itaquaquecetuba;249;Integrado;Turismo, Hospitalidade e Lazer;Lazer e Desenvolvimento Social;Eventos - MTec;Tarde;126;40;3,15;
Metropolitana da Grande São Paulo;Metropolitana da Grande São Paulo;Itaquaquecetuba;Grande São Paulo Leste;Etec de Itaquaquecetuba;249;Integrado;Gestão e Negócios;Gestão;Recursos Humanos - MTec;Tarde;151;40;3,77;
Metropolitana da Grande São Paulo;Metropolitana da Grande São Paulo;Jandira;Grande São Paulo Noroeste;Etec Prefeito Braz Paschoalin;268;Técnico;Gestão e Negócios;Gestão;Administração;Noite;94;40;2,35;
Metropolitana da Grande São Paulo;Metropolitana da Grande São Paulo;Jandira;Grande São Paulo Noroeste;Etec Prefeito Braz Paschoalin;268;Técnico;Gestão e Negócios;Gestão;Finanças;Noite;44;40;1,10;
Metropolitana da Grande São Paulo;Metropolitana da Grande São Paulo;Jandira;Grande São Paulo Noroeste;Etec Prefeito Braz Paschoalin;268;Técnico;Gestão e Negócios;Gestão;Serviços Jurídicos;Noite;57;40;1,42;
Metropolitana da Grande São Paulo;Metropolitana da Grande São Paulo;Jandira;Grande São Paulo Noroeste;Etec Prefeito Braz Paschoalin;268;Integrado;Gestão e Negócios;Gestão;Administração - MTec;Manhã;255;40;6,37;
Metropolitana da Grande São Paulo;Metropolitana da Grande São Paulo;Jandira;Grande São Paulo Noroeste;Etec Prefeito Braz Paschoalin;268;Integrado;Gestão e Negócios;Gestão;Administração - MTec;Tarde;108;80;1,35;
Metropolitana da Grande São Paulo;Metropolitana da Grande São Paulo;Jandira;Grande São Paulo Noroeste;Etec Prefeito Braz Paschoalin;268;Integrado;Gestão e Negócios;Gestão;Recursos Humanos - MTec;Manhã;96;40;2,40;
Metropolitana da Grande São Paulo;Metropolitana da Grande São Paulo;Mairiporã;Grande São Paulo Leste;Etec de Mairiporã;271;Técnico;Gestão e Negócios;Gestão;Administração;Noite;61;40;1,52;
Metropolitana da Grande São Paulo;Metropolitana da Grande São Paulo;Mairiporã;Grande São Paulo Leste;Etec de Mairiporã;271;Integrado;Gestão e Negócios;Gestão;Administração - MTec-PI;Manhã e Tarde;163;40;4,07;
Metropolitana da Grande São Paulo;Metropolitana da Grande São Paulo;Mairiporã;Grande São Paulo Leste;Etec de Mairiporã;271;Integrado;Gestão e Negócios;Gestão;Logística - MTec-PI;Manhã e Tarde;113;40;2,82;
Metropolitana da Grande São Paulo;Metropolitana da Grande São Paulo;Mauá;Grande São Paulo Sul/Baixada Santista;Etec de Mauá;128;Técnico;Gestão e Negócios;Gestão;Administração;Noite;121;40;3,02;
Metropolitana da Grande São Paulo;Metropolitana da Grande São Paulo;Mauá;Grande São Paulo Sul/Baixada Santista;Etec de Mauá;128;Técnico;Ambiente e Saúde;Saúde;Farmácia;Noite;210;40;5,25;
Metropolitana da Grande São Paulo;Metropolitana da Grande São Paulo;Mauá;Grande São Paulo Sul/Baixada Santista;Etec de Mauá;128;Técnico;Informação e Comunicação;Informática;Informática;Noite;125;40;3,12;
Metropolitana da Grande São Paulo;Metropolitana da Grande São Paulo;Mauá;Grande São Paulo Sul/Baixada Santista;Etec de Mauá;128;Integrado;Gestão e Negócios;Gestão;Administração - MTec;Manhã;243;40;6,07;
Metropolitana da Grande São Paulo;Metropolitana da Grande São Paulo;Mauá;Grande São Paulo Sul/Baixada Santista;Etec de Mauá;128;Integrado;Informação e Comunicação;Informática;Desenvolvimento de Sistemas - MTec;Manhã;409;40;10,22;
Metropolitana da Grande São Paulo;Metropolitana da Grande São Paulo;Mauá;Grande São Paulo Sul/Baixada Santista;Etec de Mauá;128;Integrado;Produção Industrial;Química;Química - MTec;Tarde;102;40;2,54;
Metropolitana da Grande São Paulo;Metropolitana da Grande São Paulo;Mauá;Grande São Paulo Sul/Baixada Santista;Etec de Mauá (EE João Paulo II);128.02 - Ext/Etec;Técnico;Gestão e Negócios;Gestão;Administração;Noite;90;40;2,25;
Metropolitana da Grande São Paulo;Metropolitana da Grande São Paulo;Mauá;Grande São Paulo Sul/Baixada Santista;Etec de Mauá (EE João Paulo II);128.02 - Ext/Etec;Técnico;Gestão e Negócios;Gestão;Logística;Noite;60;40;1,50;
Metropolitana da Grande São Paulo;Metropolitana da Grande São Paulo;Mogi das Cruzes;Vale do Paraíba/Litoral Norte;Etec Presidente Vargas;015;Técnico;Gestão e Negócios;Gestão;Administração;Noite;171;40;4,27;
Metropolitana da Grande São Paulo;Metropolitana da Grande São Paulo;Mogi das Cruzes;Vale do Paraíba/Litoral Norte;Etec Presidente Vargas;015;Técnico;Controle e Processos Industriais;Indústria;Automação Industrial;Noite;113;40;2,82;
Metropolitana da Grande São Paulo;Metropolitana da Grande São Paulo;Mogi das Cruzes;Vale do Paraíba/Litoral Norte;Etec Presidente Vargas;015;Técnico;Infraestrutura;Construção Civil;Edificações;Noite;75;40;1,87;
Metropolitana da Grande São Paulo;Metropolitana da Grande São Paulo;Mogi das Cruzes;Vale do Paraíba/Litoral Norte;Etec Presidente Vargas;015;Técnico;Controle e Processos Industriais;Indústria;Eletrotécnica;Noite;159;40;3,97;
Metropolitana da Grande São Paulo;Metropolitana da Grande São Paulo;Mogi das Cruzes;Vale do Paraíba/Litoral Norte;Etec Presidente Vargas;015;Técnico;Gestão e Negócios;Gestão;Logística;Noite;69;40;1,72;
Metropolitana da Grande São Paulo;Metropolitana da Grande São Paulo;Mogi das Cruzes;Vale do Paraíba/Litoral Norte;Etec Presidente Vargas;015;Técnico;Controle e Processos Industriais;Indústria;Mecânica;Noite;129;40;3,22;
Metropolitana da Grande São Paulo;Metropolitana da Grande São Paulo;Mogi das Cruzes;Vale do Paraíba/Litoral Norte;Etec Presidente Vargas;015;Técnico;Ambiente e Saúde;Saúde;Nutrição e Dietética;Noite;173;40;4,32;
Metropolitana da Grande São Paulo;Metropolitana da Grande São Paulo;Mogi das Cruzes;Vale do Paraíba/Litoral Norte;Etec Presidente Vargas;015;Técnico;Segurança;Saúde;Segurança do Trabalho;Noite;119;40;2,97;
Metropolitana da Grande São Paulo;Metropolitana da Grande São Paulo;Mogi das Cruzes;Vale do Paraíba/Litoral Norte;Etec Presidente Vargas;015;Integrado;Gestão e Negócios;Gestão;Administração - MTec;Manhã;543;40;13,57;
Metropolitana da Grande São Paulo;Metropolitana da Grande São Paulo;Mogi das Cruzes;Vale do Paraíba/Litoral Norte;Etec Presidente Vargas;015;Integrado;Controle e Processos Industriais;Indústria;Automação Industrial - MTec;Tarde;193;40;4,82;
Metropolitana da Grande São Paulo;Metropolitana da Grande São Paulo;Mogi das Cruzes;Vale do Paraíba/Litoral Norte;Etec Presidente Vargas;015;Integrado;Produção Cultural e Design;Design;Design de Interiores - MTec;Manhã;442;40;11,05;
Metropolitana da Grande São Paulo;Metropolitana da Grande São Paulo;Mogi das Cruzes;Vale do Paraíba/Litoral Norte;Etec Presidente Vargas;015;Integrado;Infraestrutura;Construção Civil;Edificações - MTec;Manhã;210;40;5,25;
Metropolitana da Grande São Paulo;Metropolitana da Grande São Paulo;Mogi das Cruzes;Vale do Paraíba/Litoral Norte;Etec Presidente Vargas;015;Integrado;Controle e Processos Industriais;Indústria;Eletroeletrônica  - MTec;Tarde;92;40;2,29;
Metropolitana da Grande São Paulo;Metropolitana da Grande São Paulo;Mogi das Cruzes;Vale do Paraíba/Litoral Norte;Etec Presidente Vargas;015;Integrado;Controle e Processos Industriais;Indústria;Eletrônica - MTec;Manhã;205;40;5,12;
Metropolitana da Grande São Paulo;Metropolitana da Grande São Paulo;Mogi das Cruzes;Vale do Paraíba/Litoral Norte;Etec Presidente Vargas;015;Integrado;Controle e Processos Industriais;Indústria;Mecatrônica - MTec;Manhã;430;40;10,75;
Metropolitana da Grande São Paulo;Metropolitana da Grande São Paulo;Mogi das Cruzes;Vale do Paraíba/Litoral Norte;Etec Presidente Vargas;015;Integrado;Controle e Processos Industriais;Indústria;Mecânica - MTec;Manhã;176;40;4,40;
Metropolitana da Grande São Paulo;Metropolitana da Grande São Paulo;Mogi das Cruzes;Vale do Paraíba/Litoral Norte;Etec Presidente Vargas;015;Integrado;Ambiente e Saúde;Saúde;Nutrição e Dietética - MTec;Manhã;570;40;14,25;
Metropolitana da Grande São Paulo;Metropolitana da Grande São Paulo;Mogi das Cruzes;Vale do Paraíba/Litoral Norte;Etec Presidente Vargas;015;Integrado;Produção Industrial;Química;Química - MTec;Manhã;347;40;8,67;
Metropolitana da Grande São Paulo;Metropolitana da Grande São Paulo;Mogi das Cruzes;Vale do Paraíba/Litoral Norte;Etec Presidente Vargas;015;Integrado;Gestão e Negócios;Gestão;Recursos Humanos - MTec;Tarde;146;40;3,65;
Metropolitana da Grande São Paulo;Metropolitana da Grande São Paulo;Mogi das Cruzes;Vale do Paraíba/Litoral Norte;Etec Presidente Vargas;015;Integrado;Gestão e Negócios;Gestão;Secretariado - MTec;Tarde;99;40;2,47;
Metropolitana da Grande São Paulo;Metropolitana da Grande São Paulo;Osasco;Grande São Paulo Noroeste;Etec Dr. Celso Giglio;242;Médio;Educação Básica;Educação Básica - Ensino Médio;Ensino Médio com Itinerário Formativo de Matemática e suas Tecnologias;Manhã;115;40;2,87;
Metropolitana da Grande São Paulo;Metropolitana da Grande São Paulo;Osasco;Grande São Paulo Noroeste;Etec Dr. Celso Giglio;242;Técnico;Gestão e Negócios;Gestão;Contabilidade;Noite;60;40;1,50;
Metropolitana da Grande São Paulo;Metropolitana da Grande São Paulo;Osasco;Grande São Paulo Noroeste;Etec Dr. Celso Giglio;242;Técnico;Ambiente e Saúde;Saúde;Nutrição e Dietética;Noite;75;40;1,87;
Metropolitana da Grande São Paulo;Metropolitana da Grande São Paulo;Osasco;Grande São Paulo Noroeste;Etec Dr. Celso Giglio;242;Técnico;Produção Industrial;Química;Química;Noite;76;40;1,90;
Metropolitana da Grande São Paulo;Metropolitana da Grande São Paulo;Osasco;Grande São Paulo Noroeste;Etec Dr. Celso Giglio;242;Integrado;Informação e Comunicação;Informática;Desenvolvimento de Sistemas - MTec-PI ;Manhã e Tarde;491;40;12,27;
Metropolitana da Grande São Paulo;Metropolitana da Grande São Paulo;Osasco;Grande São Paulo Noroeste;Etec Dr. Celso Giglio;242;Integrado;Ambiente e Saúde;Meio Ambiente;Meio Ambiente - MTec-PI;Manhã e Tarde;91;40;2,27;
Metropolitana da Grande São Paulo;Metropolitana da Grande São Paulo;Osasco;Grande São Paulo Noroeste;Etec Dr. Celso Giglio;242;Integrado;Ambiente e Saúde;Saúde;Nutrição e Dietética - MTec-PI;Manhã e Tarde;219;40;5,47;
Metropolitana da Grande São Paulo;Metropolitana da Grande São Paulo;Osasco;Grande São Paulo Noroeste;Etec Dr. Celso Giglio;242;Integrado;Produção Industrial;Química;Química - MTec-PI;Manhã e Tarde;164;80;2,04;
Metropolitana da Grande São Paulo;Metropolitana da Grande São Paulo;Osasco;Grande São Paulo Noroeste;Etec Professor André Bogasian;149;Médio;Educação Básica;Educação Básica - Ensino Médio;Ensino Médio com Itinerário Formativo de Ciências Humanas e Sociais Aplicadas;Manhã;119;40;2,97;
Metropolitana da Grande São Paulo;Metropolitana da Grande São Paulo;Osasco;Grande São Paulo Noroeste;Etec Professor André Bogasian;149;Técnico;Gestão e Negócios;Gestão;Administração;Noite;89;40;2,22;
Metropolitana da Grande São Paulo;Metropolitana da Grande São Paulo;Osasco;Grande São Paulo Noroeste;Etec Professor André Bogasian;149;Técnico;Gestão e Negócios;Gestão;Logística;Noite;44;40;1,10;
Metropolitana da Grande São Paulo;Metropolitana da Grande São Paulo;Osasco;Grande São Paulo Noroeste;Etec Professor André Bogasian;149;Técnico;Gestão e Negócios;Comércio;Marketing;Noite;58;40;1,45;
Metropolitana da Grande São Paulo;Metropolitana da Grande São Paulo;Osasco;Grande São Paulo Noroeste;Etec Professor André Bogasian;149;Técnico;Gestão e Negócios;Gestão;Recursos Humanos;Noite;50;40;1,25;
Metropolitana da Grande São Paulo;Metropolitana da Grande São Paulo;Osasco;Grande São Paulo Noroeste;Etec Professor André Bogasian;149;Integrado;Gestão e Negócios;Gestão;Administração - MTec;Tarde;134;40;3,35;
Metropolitana da Grande São Paulo;Metropolitana da Grande São Paulo;Osasco;Grande São Paulo Noroeste;Etec Professor André Bogasian;149;Integrado;Gestão e Negócios;Gestão;Administração - MTec-PI;Manhã e Tarde;132;40;3,30;
Metropolitana da Grande São Paulo;Metropolitana da Grande São Paulo;Osasco;Grande São Paulo Noroeste;Etec Professor André Bogasian;149;Integrado;Gestão e Negócios;Gestão;Marketing - MTec-PI;Manhã e Tarde;131;40;3,27;
Metropolitana da Grande São Paulo;Metropolitana da Grande São Paulo;Osasco;Grande São Paulo Noroeste;Etec Professor André Bogasian;149;Integrado;Gestão e Negócios;Gestão;Recursos Humanos - MTec;Manhã;210;40;5,25;
Metropolitana da Grande São Paulo;Metropolitana da Grande São Paulo;Osasco;Grande São Paulo Noroeste;Etec Professor André Bogasian;149;Integrado;Gestão e Negócios;Gestão;Recursos Humanos - MTec;Tarde;47;40;1,17;
Metropolitana da Grande São Paulo;Metropolitana da Grande São Paulo;Poá;Grande São Paulo Leste;Etec de Poá;210;Técnico;Gestão e Negócios;Gestão;Administração;Noite;71;40;1,77;
Metropolitana da Grande São Paulo;Metropolitana da Grande São Paulo;Poá;Grande São Paulo Leste;Etec de Poá;210;Integrado;Gestão e Negócios;Gestão;Administração - MTec;Manhã;356;40;8,90;
Metropolitana da Grande São Paulo;Metropolitana da Grande São Paulo;Poá;Grande São Paulo Leste;Etec de Poá;210;Integrado;Informação e Comunicação;Informática;Desenvolvimento de Sistemas - MTec;Manhã;502;40;12,55;
Metropolitana da Grande São Paulo;Metropolitana da Grande São Paulo;Poá;Grande São Paulo Leste;Etec de Poá;210;Integrado;Informação e Comunicação;Informática;Desenvolvimento de Sistemas - Mtec-N;Noite;97;40;2,42;
Metropolitana da Grande São Paulo;Metropolitana da Grande São Paulo;Poá;Grande São Paulo Leste;Etec de Poá;210;Integrado;Informação e Comunicação;Informática;Informática para Internet - MTec;Tarde;188;40;4,70;
Metropolitana da Grande São Paulo;Metropolitana da Grande São Paulo;Poá;Grande São Paulo Leste;Etec de Poá;210;Integrado;Gestão e Negócios;Comércio;Marketing - MTec;Tarde;206;40;5,15;
Metropolitana da Grande São Paulo;Metropolitana da Grande São Paulo;Ribeirão Pires;Grande São Paulo Sul/Baixada Santista;Etec Professora Maria Cristina Medeiros;141;Técnico;Gestão e Negócios;Gestão;Administração;Noite;95;40;2,37;
Metropolitana da Grande São Paulo;Metropolitana da Grande São Paulo;Ribeirão Pires;Grande São Paulo Sul/Baixada Santista;Etec Professora Maria Cristina Medeiros;141;Técnico;Gestão e Negócios;Gestão;Contabilidade;Noite;55;40;1,37;
Metropolitana da Grande São Paulo;Metropolitana da Grande São Paulo;Ribeirão Pires;Grande São Paulo Sul/Baixada Santista;Etec Professora Maria Cristina Medeiros;141;Técnico;Gestão e Negócios;Gestão;Logística;Noite;71;40;1,77;
Metropolitana da Grande São Paulo;Metropolitana da Grande São Paulo;Ribeirão Pires;Grande São Paulo Sul/Baixada Santista;Etec Professora Maria Cristina Medeiros;141;Técnico;Produção Industrial;Química;Química;Noite;95;40;2,37;
Metropolitana da Grande São Paulo;Metropolitana da Grande São Paulo;Ribeirão Pires;Grande São Paulo Sul/Baixada Santista;Etec Professora Maria Cristina Medeiros;141;Integrado;Gestão e Negócios;Gestão;Administração - MTec;Manhã;210;40;5,25;
Metropolitana da Grande São Paulo;Metropolitana da Grande São Paulo;Ribeirão Pires;Grande São Paulo Sul/Baixada Santista;Etec Professora Maria Cristina Medeiros;141;Integrado;Informação e Comunicação;Informática;Informática para Internet - MTec;Manhã;377;40;9,42;
Metropolitana da Grande São Paulo;Metropolitana da Grande São Paulo;Ribeirão Pires;Grande São Paulo Sul/Baixada Santista;Etec Professora Maria Cristina Medeiros;141;Integrado;Informação e Comunicação;Informática;Informática para Internet - MTec;Tarde;117;40;2,92;
Metropolitana da Grande São Paulo;Metropolitana da Grande São Paulo;Ribeirão Pires;Grande São Paulo Sul/Baixada Santista;Etec Professora Maria Cristina Medeiros;141;Integrado;Produção Industrial;Química;Química - MTec;Tarde;112;40;2,80;
Metropolitana da Grande São Paulo;Metropolitana da Grande São Paulo;Ribeirão Pires;Grande São Paulo Sul/Baixada Santista;Etec Professora Maria Cristina Medeiros;141;Integrado;Gestão e Negócios;Gestão;Recursos Humanos - MTec;Manhã;140;40;3,50;
Metropolitana da Grande São Paulo;Metropolitana da Grande São Paulo;Rio Grande da Serra;Grande São Paulo Sul/Baixada Santista;Etec de Rio Grande da Serra;282;Técnico;Gestão e Negócios;Gestão;Administração (MNP);Noite;79;40;1,97;
Metropolitana da Grande São Paulo;Metropolitana da Grande São Paulo;Rio Grande da Serra;Grande São Paulo Sul/Baixada Santista;Etec de Rio Grande da Serra;282;Técnico;Gestão e Negócios;Gestão;Recursos Humanos (MNP);Noite;63;40;1,57;
Metropolitana da Grande São Paulo;Metropolitana da Grande São Paulo;Rio Grande da Serra;Grande São Paulo Sul/Baixada Santista;Etec de Rio Grande da Serra;282;Integrado;Gestão e Negócios;Gestão;Administração - MTec;Manhã;175;40;4,37;
Metropolitana da Grande São Paulo;Metropolitana da Grande São Paulo;Rio Grande da Serra;Grande São Paulo Sul/Baixada Santista;Etec de Rio Grande da Serra;282;Integrado;Gestão e Negócios;Gestão;Administração - MTec-N;Noite;38;40;0,95;
Metropolitana da Grande São Paulo;Metropolitana da Grande São Paulo;Rio Grande da Serra;Grande São Paulo Sul/Baixada Santista;Etec de Rio Grande da Serra;282;Integrado;Informação e Comunicação;Informática;Desenvolvimento de Sistemas - Mtec-N;Noite;48;40;1,20;
Metropolitana da Grande São Paulo;Metropolitana da Grande São Paulo;Rio Grande da Serra;Grande São Paulo Sul/Baixada Santista;Etec de Rio Grande da Serra;282;Integrado;Informação e Comunicação;Informática;Desenvolvimento de Sistemas - MTec-PI ;Manhã e Tarde;125;40;3,12;
Metropolitana da Grande São Paulo;Metropolitana da Grande São Paulo;Rio Grande da Serra;Grande São Paulo Sul/Baixada Santista;Etec de Rio Grande da Serra;282;Integrado;Infraestrutura;Construção Civil;Edificações - MTec;Manhã;94;40;2,35;
Metropolitana da Grande São Paulo;Metropolitana da Grande São Paulo;Rio Grande da Serra;Grande São Paulo Sul/Baixada Santista;Etec de Rio Grande da Serra;282;Integrado;Informação e Comunicação;Informática;Informática para Internet - MTec;Tarde;96;40;2,40;
Metropolitana da Grande São Paulo;Metropolitana da Grande São Paulo;Santa Isabel;Vale do Paraíba/Litoral Norte;Etec de Santa Isabel;219;Técnico;Gestão e Negócios;Gestão;Administração;Noite;59;35;1,68;
Metropolitana da Grande São Paulo;Metropolitana da Grande São Paulo;Santa Isabel;Vale do Paraíba/Litoral Norte;Etec de Santa Isabel;219;Técnico;Produção Industrial;Química;Química;Noite;40;35;1,14;
Metropolitana da Grande São Paulo;Metropolitana da Grande São Paulo;Santa Isabel;Vale do Paraíba/Litoral Norte;Etec de Santa Isabel;219;Integrado;Gestão e Negócios;Gestão;Administração - MTec-PI;Manhã e Tarde;185;35;5,28;
Metropolitana da Grande São Paulo;Metropolitana da Grande São Paulo;Santa Isabel;Vale do Paraíba/Litoral Norte;Etec de Santa Isabel;219;Integrado;Informação e Comunicação;Informática;Informática para Internet - MTec-PI;Manhã e Tarde;143;35;4,08;
Metropolitana da Grande São Paulo;Metropolitana da Grande São Paulo;Santa Isabel;Vale do Paraíba/Litoral Norte;Etec de Santa Isabel;219;Integrado;Gestão e Negócios;Gestão;Recursos Humanos - MTec-N;Noite;32;35;0,91;
Metropolitana da Grande São Paulo;Metropolitana da Grande São Paulo;Santana de Parnaíba;Grande São Paulo Noroeste;Etec Bartolomeu Bueno da Silva - Anhanguera;262;Técnico;Gestão e Negócios;Gestão;Contabilidade;Noite;99;40;2,47;
Metropolitana da Grande São Paulo;Metropolitana da Grande São Paulo;Santana de Parnaíba;Grande São Paulo Noroeste;Etec Bartolomeu Bueno da Silva - Anhanguera;262;Técnico;Segurança;Saúde;Segurança do Trabalho;Noite;98;40;2,45;
Metropolitana da Grande São Paulo;Metropolitana da Grande São Paulo;Santana de Parnaíba;Grande São Paulo Noroeste;Etec Bartolomeu Bueno da Silva - Anhanguera;262;Integrado;Informação e Comunicação;Informática;Informática para Internet - MTec-AMS;Manhã;311;40;7,77;
Metropolitana da Grande São Paulo;Metropolitana da Grande São Paulo;Santana de Parnaíba;Grande São Paulo Noroeste;Etec Bartolomeu Bueno da Silva - Anhanguera;262;Integrado;Informação e Comunicação;Informática;Informática para Internet - MTec-PI;Manhã e Tarde;293;40;7,32;
Metropolitana da Grande São Paulo;Metropolitana da Grande São Paulo;Santana de Parnaíba;Grande São Paulo Noroeste;Etec Bartolomeu Bueno da Silva - Anhanguera;262;Integrado;Gestão e Negócios;Gestão;Logística - MTec-PI;Manhã e Tarde;127;40;3,17;
Metropolitana da Grande São Paulo;Metropolitana da Grande São Paulo;Santana de Parnaíba;Grande São Paulo Noroeste;Etec Bartolomeu Bueno da Silva - Anhanguera;262;Integrado;Gestão e Negócios;Gestão;Recursos Humanos - MTec-PI;Manhã e Tarde;200;40;5,00;
Metropolitana da Grande São Paulo;Metropolitana da Grande São Paulo;Santana de Parnaíba;Grande São Paulo Noroeste;Etec Professora Ermelinda Giannini Teixeira;187;Técnico;Gestão e Negócios;Gestão;Administração (MNP);Noite;92;40;2,29;
Metropolitana da Grande São Paulo;Metropolitana da Grande São Paulo;Santana de Parnaíba;Grande São Paulo Noroeste;Etec Professora Ermelinda Giannini Teixeira;187;Técnico;Informação e Comunicação;Informática;Desenvolvimento de Sistemas (MNP);Noite;95;40;2,37;
Metropolitana da Grande São Paulo;Metropolitana da Grande São Paulo;Santana de Parnaíba;Grande São Paulo Noroeste;Etec Professora Ermelinda Giannini Teixeira;187;Integrado;Gestão e Negócios;Gestão;Administração - MTec;Manhã;241;40;6,02;
Metropolitana da Grande São Paulo;Metropolitana da Grande São Paulo;Santana de Parnaíba;Grande São Paulo Noroeste;Etec Professora Ermelinda Giannini Teixeira;187;Integrado;Informação e Comunicação;Informática;Desenvolvimento de Sistemas - MTec;Manhã;292;40;7,30;
Metropolitana da Grande São Paulo;Metropolitana da Grande São Paulo;Santana de Parnaíba;Grande São Paulo Noroeste;Etec Professora Ermelinda Giannini Teixeira;187;Integrado;Gestão e Negócios;Comércio;Marketing - MTec;Tarde;150;40;3,75;
Metropolitana da Grande São Paulo;Metropolitana da Grande São Paulo;Santana de Parnaíba;Grande São Paulo Noroeste;Etec Professora Ermelinda Giannini Teixeira;187;Integrado;Informação e Comunicação;Informática;Programação de Jogos Digitais - MTec;Tarde;113;40;2,82;
Metropolitana da Grande São Paulo;Metropolitana da Grande São Paulo;Santo André;Grande São Paulo Sul/Baixada Santista;Etec Júlio de Mesquita;014;Técnico;Controle e Processos Industriais;Indústria;Automação Industrial;Noite;78;40;1,95;
Metropolitana da Grande São Paulo;Metropolitana da Grande São Paulo;Santo André;Grande São Paulo Sul/Baixada Santista;Etec Júlio de Mesquita;014;Técnico;Infraestrutura;Construção Civil;Edificações;Noite;84;40;2,10;
Metropolitana da Grande São Paulo;Metropolitana da Grande São Paulo;Santo André;Grande São Paulo Sul/Baixada Santista;Etec Júlio de Mesquita;014;Técnico;Controle e Processos Industriais;Indústria;Eletrônica;Tarde;69;40;1,72;
Metropolitana da Grande São Paulo;Metropolitana da Grande São Paulo;Santo André;Grande São Paulo Sul/Baixada Santista;Etec Júlio de Mesquita;014;Técnico;Controle e Processos Industriais;Indústria;Eletrônica;Noite;70;40;1,75;
Metropolitana da Grande São Paulo;Metropolitana da Grande São Paulo;Santo André;Grande São Paulo Sul/Baixada Santista;Etec Júlio de Mesquita;014;Técnico;Turismo, Hospitalidade e Lazer;Turismo e Hospitalidade;Gastronomia;Noite;150;40;3,75;
Metropolitana da Grande São Paulo;Metropolitana da Grande São Paulo;Santo André;Grande São Paulo Sul/Baixada Santista;Etec Júlio de Mesquita;014;Técnico;Controle e Processos Industriais;Indústria;Mecatrônica;Noite;146;40;3,65;
Metropolitana da Grande São Paulo;Metropolitana da Grande São Paulo;Santo André;Grande São Paulo Sul/Baixada Santista;Etec Júlio de Mesquita;014;Técnico;Controle e Processos Industriais;Indústria;Mecânica;Noite;101;40;2,52;
Metropolitana da Grande São Paulo;Metropolitana da Grande São Paulo;Santo André;Grande São Paulo Sul/Baixada Santista;Etec Júlio de Mesquita;014;Técnico;Ambiente e Saúde;Meio Ambiente;Meio Ambiente;Noite;65;40;1,62;
Metropolitana da Grande São Paulo;Metropolitana da Grande São Paulo;Santo André;Grande São Paulo Sul/Baixada Santista;Etec Júlio de Mesquita;014;Técnico;Ambiente e Saúde;Saúde;Nutrição e Dietética;Tarde;149;40;3,72;
Metropolitana da Grande São Paulo;Metropolitana da Grande São Paulo;Santo André;Grande São Paulo Sul/Baixada Santista;Etec Júlio de Mesquita;014;Técnico;Ambiente e Saúde;Saúde;Nutrição e Dietética (MNP);Noite;124;40;3,10;
Metropolitana da Grande São Paulo;Metropolitana da Grande São Paulo;Santo André;Grande São Paulo Sul/Baixada Santista;Etec Júlio de Mesquita;014;Técnico;Produção Industrial;Química;Química;Noite;116;40;2,90;
Metropolitana da Grande São Paulo;Metropolitana da Grande São Paulo;Santo André;Grande São Paulo Sul/Baixada Santista;Etec Júlio de Mesquita;014;Integrado;Gestão e Negócios;Gestão;Administração - MTec;Tarde;401;40;10,02;
Metropolitana da Grande São Paulo;Metropolitana da Grande São Paulo;Santo André;Grande São Paulo Sul/Baixada Santista;Etec Júlio de Mesquita;014;Integrado;Controle e Processos Industriais;Indústria;Automação Industrial - MTec-PI;Manhã e Tarde;173;40;4,32;
Metropolitana da Grande São Paulo;Metropolitana da Grande São Paulo;Santo André;Grande São Paulo Sul/Baixada Santista;Etec Júlio de Mesquita;014;Integrado;Produção Cultural e Design;Imagem Pessoal;Design de Interiores - MTec-PI;Manhã e Tarde;268;40;6,70;
Metropolitana da Grande São Paulo;Metropolitana da Grande São Paulo;Santo André;Grande São Paulo Sul/Baixada Santista;Etec Júlio de Mesquita;014;Integrado;Infraestrutura;Construção Civil;Edificações - MTec-PI;Manhã e Tarde;114;40;2,85;
Metropolitana da Grande São Paulo;Metropolitana da Grande São Paulo;Santo André;Grande São Paulo Sul/Baixada Santista;Etec Júlio de Mesquita;014;Integrado;Controle e Processos Industriais;Indústria;Eletrônica - MTec-PI;Manhã e Tarde;190;40;4,75;
Metropolitana da Grande São Paulo;Metropolitana da Grande São Paulo;Santo André;Grande São Paulo Sul/Baixada Santista;Etec Júlio de Mesquita;014;Integrado;Controle e Processos Industriais;Indústria;Mecatrônica - MTec;Tarde;259;40;6,47;
Metropolitana da Grande São Paulo;Metropolitana da Grande São Paulo;Santo André;Grande São Paulo Sul/Baixada Santista;Etec Júlio de Mesquita;014;Integrado;Controle e Processos Industriais;Indústria;Mecânica - MTec;Manhã;189;40;4,72;
Metropolitana da Grande São Paulo;Metropolitana da Grande São Paulo;Santo André;Grande São Paulo Sul/Baixada Santista;Etec Júlio de Mesquita;014;Integrado;Ambiente e Saúde;Meio Ambiente;Meio Ambiente - MTec;Manhã;260;40;6,50;
Metropolitana da Grande São Paulo;Metropolitana da Grande São Paulo;Santo André;Grande São Paulo Sul/Baixada Santista;Etec Júlio de Mesquita;014;Integrado;Ambiente e Saúde;Saúde;Nutrição e Dietética - MTec-PI;Manhã e Tarde;386;40;9,65;
Metropolitana da Grande São Paulo;Metropolitana da Grande São Paulo;Santo André;Grande São Paulo Sul/Baixada Santista;Etec Júlio de Mesquita;014;Integrado;Produção Industrial;Química;Química - MTec-PI;Manhã e Tarde;208;40;5,20;
Metropolitana da Grande São Paulo;Metropolitana da Grande São Paulo;Santo André;Grande São Paulo Sul/Baixada Santista;Etec Júlio de Mesquita (EE Américo Brasiliense);014.05 - Ext/Etec;Técnico;Gestão e Negócios;Gestão;Administração;Noite;132;80;1,65;
Metropolitana da Grande São Paulo;Metropolitana da Grande São Paulo;Santo André;Grande São Paulo Sul/Baixada Santista;Etec Júlio de Mesquita (EE Américo Brasiliense);014.05 - Ext/Etec;Técnico;Gestão e Negócios;Gestão;Recursos Humanos;Noite;58;40;1,45;
Metropolitana da Grande São Paulo;Metropolitana da Grande São Paulo;São Bernardo do Campo;Grande São Paulo Sul/Baixada Santista;Etec Juscelino Kubitschek de Oliveira (EE Senador Robert Kennedy);166.01 - Ext/Etec;Técnico;Gestão e Negócios;Gestão;Recursos Humanos;Noite;56;40;1,40;
Metropolitana da Grande São Paulo;Metropolitana da Grande São Paulo;São Bernardo do Campo;Grande São Paulo Sul/Baixada Santista;Etec Lauro Gomes;010;Médio;Educação Básica;Educação Básica - Ensino Médio;Ensino Médio com Itinerário Formativo de Ciências Humanas e Sociais Aplicadas;Manhã;437;40;10,92;
Metropolitana da Grande São Paulo;Metropolitana da Grande São Paulo;São Bernardo do Campo;Grande São Paulo Sul/Baixada Santista;Etec Lauro Gomes;010;Técnico;Gestão e Negócios;Gestão;Administração;Noite;202;80;2,52;
Metropolitana da Grande São Paulo;Metropolitana da Grande São Paulo;São Bernardo do Campo;Grande São Paulo Sul/Baixada Santista;Etec Lauro Gomes;010;Técnico;Controle e Processos Industriais;Indústria;Automação Industrial;Noite;107;40;2,67;
Metropolitana da Grande São Paulo;Metropolitana da Grande São Paulo;São Bernardo do Campo;Grande São Paulo Sul/Baixada Santista;Etec Lauro Gomes;010;Técnico;Gestão e Negócios;Gestão;Contabilidade;Noite;88;40;2,20;
Metropolitana da Grande São Paulo;Metropolitana da Grande São Paulo;São Bernardo do Campo;Grande São Paulo Sul/Baixada Santista;Etec Lauro Gomes;010;Técnico;Informação e Comunicação;Informática;Desenvolvimento de Sistemas;Tarde;266;40;6,65;
Metropolitana da Grande São Paulo;Metropolitana da Grande São Paulo;São Bernardo do Campo;Grande São Paulo Sul/Baixada Santista;Etec Lauro Gomes;010;Técnico;Controle e Processos Industriais;Indústria;Eletroeletrônica;Noite;69;40;1,72;
Metropolitana da Grande São Paulo;Metropolitana da Grande São Paulo;São Bernardo do Campo;Grande São Paulo Sul/Baixada Santista;Etec Lauro Gomes;010;Técnico;Controle e Processos Industriais;Indústria;Eletrônica;Noite;56;40;1,40;
Metropolitana da Grande São Paulo;Metropolitana da Grande São Paulo;São Bernardo do Campo;Grande São Paulo Sul/Baixada Santista;Etec Lauro Gomes;010;Técnico;Informação e Comunicação;Informática;Informática para Internet;Noite;108;40;2,70;
Metropolitana da Grande São Paulo;Metropolitana da Grande São Paulo;São Bernardo do Campo;Grande São Paulo Sul/Baixada Santista;Etec Lauro Gomes;010;Técnico;Gestão e Negócios;Gestão;Logística;Tarde;71;40;1,77;
Metropolitana da Grande São Paulo;Metropolitana da Grande São Paulo;São Bernardo do Campo;Grande São Paulo Sul/Baixada Santista;Etec Lauro Gomes;010;Técnico;Gestão e Negócios;Gestão;Logística;Noite;107;40;2,67;
Metropolitana da Grande São Paulo;Metropolitana da Grande São Paulo;São Bernardo do Campo;Grande São Paulo Sul/Baixada Santista;Etec Lauro Gomes;010;Técnico;Controle e Processos Industriais;Indústria;Mecatrônica;Noite;185;80;2,31;
Metropolitana da Grande São Paulo;Metropolitana da Grande São Paulo;São Bernardo do Campo;Grande São Paulo Sul/Baixada Santista;Etec Lauro Gomes;010;Técnico;Informação e Comunicação;Informática;Programação de Jogos Digitais ;Noite;85;40;2,12;
Metropolitana da Grande São Paulo;Metropolitana da Grande São Paulo;São Bernardo do Campo;Grande São Paulo Sul/Baixada Santista;Etec Lauro Gomes;010;Técnico;Produção Industrial;Química;Química;Noite;120;40;3,00;
Metropolitana da Grande São Paulo;Metropolitana da Grande São Paulo;São Bernardo do Campo;Grande São Paulo Sul/Baixada Santista;Etec Lauro Gomes;010;Integrado;Gestão e Negócios;Gestão;Administração - MTec-PI;Manhã e Tarde;476;80;5,95;
Metropolitana da Grande São Paulo;Metropolitana da Grande São Paulo;São Bernardo do Campo;Grande São Paulo Sul/Baixada Santista;Etec Lauro Gomes;010;Integrado;Controle e Processos Industriais;Indústria;Automação Industrial - MTec;Tarde;156;40;3,90;
Metropolitana da Grande São Paulo;Metropolitana da Grande São Paulo;São Bernardo do Campo;Grande São Paulo Sul/Baixada Santista;Etec Lauro Gomes;010;Integrado;Controle e Processos Industriais;Indústria;Automação Industrial - MTec-AMS;Tarde;110;40;2,75;
Metropolitana da Grande São Paulo;Metropolitana da Grande São Paulo;São Bernardo do Campo;Grande São Paulo Sul/Baixada Santista;Etec Lauro Gomes;010;Integrado;Controle e Processos Industriais;Indústria;Automação Industrial - MTec-PI;Manhã e Tarde;127;40;3,17;
Metropolitana da Grande São Paulo;Metropolitana da Grande São Paulo;São Bernardo do Campo;Grande São Paulo Sul/Baixada Santista;Etec Lauro Gomes;010;Integrado;Gestão e Negócios;Gestão;Comércio Exterior - MTec-N;Noite;110;40;2,75;
Metropolitana da Grande São Paulo;Metropolitana da Grande São Paulo;São Bernardo do Campo;Grande São Paulo Sul/Baixada Santista;Etec Lauro Gomes;010;Integrado;Informação e Comunicação;Informática;Desenvolvimento de Sistemas - MTec-PI ;Manhã e Tarde;607;40;15,17;
Metropolitana da Grande São Paulo;Metropolitana da Grande São Paulo;São Bernardo do Campo;Grande São Paulo Sul/Baixada Santista;Etec Lauro Gomes;010;Integrado;Controle e Processos Industriais;Indústria;Eletrônica - MTec;Manhã;282;40;7,05;
Metropolitana da Grande São Paulo;Metropolitana da Grande São Paulo;São Bernardo do Campo;Grande São Paulo Sul/Baixada Santista;Etec Lauro Gomes;010;Integrado;Controle e Processos Industriais;Indústria;Eletrônica - Mtec-N;Noite;79;40;1,97;
Metropolitana da Grande São Paulo;Metropolitana da Grande São Paulo;São Bernardo do Campo;Grande São Paulo Sul/Baixada Santista;Etec Lauro Gomes;010;Integrado;Informação e Comunicação;Informática;Informática para Internet - MTec-PI;Manhã e Tarde;271;40;6,77;
Metropolitana da Grande São Paulo;Metropolitana da Grande São Paulo;São Bernardo do Campo;Grande São Paulo Sul/Baixada Santista;Etec Lauro Gomes;010;Integrado;Controle e Processos Industriais;Indústria;Mecatrônica - MTec-PI;Manhã e Tarde;287;80;3,58;
Metropolitana da Grande São Paulo;Metropolitana da Grande São Paulo;São Bernardo do Campo;Grande São Paulo Sul/Baixada Santista;Etec Lauro Gomes;010;Integrado;Controle e Processos Industriais;Indústria;Mecânica - MTec;Manhã;193;40;4,82;
Metropolitana da Grande São Paulo;Metropolitana da Grande São Paulo;São Bernardo do Campo;Grande São Paulo Sul/Baixada Santista;Etec Lauro Gomes;010;Integrado;Ambiente e Saúde;Meio Ambiente;Meio Ambiente - MTec;Tarde;169;40;4,22;
Metropolitana da Grande São Paulo;Metropolitana da Grande São Paulo;São Bernardo do Campo;Grande São Paulo Sul/Baixada Santista;Etec Lauro Gomes;010;Integrado;Produção Industrial;Química;Química - Mtec-N;Noite;75;40;1,87;
Metropolitana da Grande São Paulo;Metropolitana da Grande São Paulo;São Bernardo do Campo;Grande São Paulo Sul/Baixada Santista;Etec Lauro Gomes;010;Integrado;Produção Industrial;Química;Química - MTec-PI;Manhã e Tarde;290;80;3,62;
Metropolitana da Grande São Paulo;Metropolitana da Grande São Paulo;São Bernardo do Campo;Grande São Paulo Sul/Baixada Santista;Etec Lauro Gomes;010;Integrado;Gestão e Negócios;Gestão;Secretariado - MTec;Tarde;136;40;3,40;
Metropolitana da Grande São Paulo;Metropolitana da Grande São Paulo;São Bernardo do Campo;Grande São Paulo Sul/Baixada Santista;Etec Lauro Gomes (EE Prof. Carlos Pezzolo);010.03 - Ext/Etec;Técnico;Gestão e Negócios;Gestão;Administração;Noite;79;40;1,97;
Metropolitana da Grande São Paulo;Metropolitana da Grande São Paulo;São Bernardo do Campo;Grande São Paulo Sul/Baixada Santista;Etec Lauro Gomes (EE Prof.ª Cynira Pires dos Santos);010.02 - Ext/Etec;Técnico;Gestão e Negócios;Gestão;Logística;Noite;49;40;1,22;
Metropolitana da Grande São Paulo;Metropolitana da Grande São Paulo;São Caetano do Sul;Grande São Paulo Sul/Baixada Santista;Etec Jorge Street;011;Técnico;Controle e Processos Industriais;Indústria;Eletrotécnica;Noite;66;40;1,65;
Metropolitana da Grande São Paulo;Metropolitana da Grande São Paulo;São Caetano do Sul;Grande São Paulo Sul/Baixada Santista;Etec Jorge Street;011;Técnico;Controle e Processos Industriais;Indústria;Manutenção Automotiva;Noite;65;40;1,62;
Metropolitana da Grande São Paulo;Metropolitana da Grande São Paulo;São Caetano do Sul;Grande São Paulo Sul/Baixada Santista;Etec Jorge Street;011;Técnico;Controle e Processos Industriais;Indústria;Mecatrônica;Noite;62;40;1,55;
Metropolitana da Grande São Paulo;Metropolitana da Grande São Paulo;São Caetano do Sul;Grande São Paulo Sul/Baixada Santista;Etec Jorge Street;011;Técnico;Controle e Processos Industriais;Indústria;Mecânica;Noite;52;40;1,30;
Metropolitana da Grande São Paulo;Metropolitana da Grande São Paulo;São Caetano do Sul;Grande São Paulo Sul/Baixada Santista;Etec Jorge Street;011;Integrado;Gestão e Negócios;Gestão;Administração - MTec;Manhã;398;40;9,94;
Metropolitana da Grande São Paulo;Metropolitana da Grande São Paulo;São Caetano do Sul;Grande São Paulo Sul/Baixada Santista;Etec Jorge Street;011;Integrado;Gestão e Negócios;Gestão;Administração - MTec;Tarde;101;40;2,52;
Metropolitana da Grande São Paulo;Metropolitana da Grande São Paulo;São Caetano do Sul;Grande São Paulo Sul/Baixada Santista;Etec Jorge Street;011;Integrado;Controle e Processos Industriais;Indústria;Automação Industrial - MTec;Tarde;79;40;1,97;
Metropolitana da Grande São Paulo;Metropolitana da Grande São Paulo;São Caetano do Sul;Grande São Paulo Sul/Baixada Santista;Etec Jorge Street;011;Integrado;Informação e Comunicação;Informática;Desenvolvimento de Sistemas - MTec;Manhã;579;40;14,47;
Metropolitana da Grande São Paulo;Metropolitana da Grande São Paulo;São Caetano do Sul;Grande São Paulo Sul/Baixada Santista;Etec Jorge Street;011;Integrado;Controle e Processos Industriais;Indústria;Eletrônica - Mtec-N;Noite;21;40;0,52;
Metropolitana da Grande São Paulo;Metropolitana da Grande São Paulo;São Caetano do Sul;Grande São Paulo Sul/Baixada Santista;Etec Jorge Street;011;Integrado;Informação e Comunicação;Informática;Informática - MTec;Tarde;167;40;4,17;
Metropolitana da Grande São Paulo;Metropolitana da Grande São Paulo;São Caetano do Sul;Grande São Paulo Sul/Baixada Santista;Etec Jorge Street;011;Integrado;Controle e Processos Industriais;Indústria;Mecatrônica - MTec;Manhã;255;40;6,37;
Metropolitana da Grande São Paulo;Metropolitana da Grande São Paulo;São Caetano do Sul;Grande São Paulo Sul/Baixada Santista;Etec Jorge Street;011;Integrado;Controle e Processos Industriais;Indústria;Mecatrônica - MTec;Tarde;85;40;2,12;
Metropolitana da Grande São Paulo;Metropolitana da Grande São Paulo;São Caetano do Sul;Grande São Paulo Sul/Baixada Santista;Etec Jorge Street;011;Integrado;Controle e Processos Industriais;Indústria;Mecânica - MTec;Manhã;99;40;2,47;
Metropolitana da Grande São Paulo;Metropolitana da Grande São Paulo;São Caetano do Sul;Grande São Paulo Sul/Baixada Santista;Etec Jorge Street (EE Prof.ª Maria Trujilo Torloni);011.02 - Ext/Etec;Técnico;Gestão e Negócios;Gestão;Serviços Jurídicos;Noite;45;35;1,28;
Metropolitana da Grande São Paulo;Metropolitana da Grande São Paulo;São Caetano do Sul;Grande São Paulo Sul/Baixada Santista;Etec Jorge Street / Fatec Antonio Russo;011/168 - Etec/Fatec;Integrado;Informação e Comunicação;Informática;Desenvolvimento de Sistemas - MTec-AMS;Tarde;238;40;5,95;
Metropolitana da Grande São Paulo;Metropolitana da Grande São Paulo;São Paulo;Grande São Paulo Noroeste;Etec Abdias do Nascimento;224;Técnico;Gestão e Negócios;Gestão;Administração (MNP);Noite;44;40;1,10;
Metropolitana da Grande São Paulo;Metropolitana da Grande São Paulo;São Paulo;Grande São Paulo Noroeste;Etec Abdias do Nascimento;224;Integrado;Gestão e Negócios;Gestão;Administração - MTec;Tarde;63;40;1,57;
Metropolitana da Grande São Paulo;Metropolitana da Grande São Paulo;São Paulo;Grande São Paulo Noroeste;Etec Abdias do Nascimento;224;Integrado;Gestão e Negócios;Gestão;Administração - MTec;Manhã;201;40;5,02;
Metropolitana da Grande São Paulo;Metropolitana da Grande São Paulo;São Paulo;Grande São Paulo Noroeste;Etec Abdias do Nascimento;224;Integrado;Informação e Comunicação;Informática;Desenvolvimento de Sistemas - MTec;Manhã;250;40;6,25;
Metropolitana da Grande São Paulo;Metropolitana da Grande São Paulo;São Paulo;Grande São Paulo Noroeste;Etec Abdias do Nascimento;224;Integrado;Informação e Comunicação;Informática;Desenvolvimento de Sistemas - MTec;Tarde;83;40;2,07;
Metropolitana da Grande São Paulo;Metropolitana da Grande São Paulo;São Paulo;Grande São Paulo Noroeste;Etec Abdias do Nascimento;224;Integrado;Gestão e Negócios;Gestão;Recursos Humanos - MTec;Manhã;63;40;1,57;
Metropolitana da Grande São Paulo;Metropolitana da Grande São Paulo;São Paulo;Grande São Paulo Noroeste;Etec Albert Einstein;023;Médio;Educação Básica;Educação Básica - Ensino Médio;Ensino Médio com Itinerário Formativo de Ciências da Natureza e suas Tecnologias;Manhã;178;40;4,45;
Metropolitana da Grande São Paulo;Metropolitana da Grande São Paulo;São Paulo;Grande São Paulo Noroeste;Etec Albert Einstein;023;Médio;Educação Básica;Educação Básica - Ensino Médio;Ensino Médio com Itinerário Formativo de Ciências Humanas e Sociais Aplicadas;Tarde;65;40;1,62;
Metropolitana da Grande São Paulo;Metropolitana da Grande São Paulo;São Paulo;Grande São Paulo Noroeste;Etec Albert Einstein;023;Técnico;Gestão e Negócios;Gestão;Administração;Noite;90;40;2,25;
Metropolitana da Grande São Paulo;Metropolitana da Grande São Paulo;São Paulo;Grande São Paulo Noroeste;Etec Albert Einstein;023;Técnico;Gestão e Negócios;Gestão;Comércio Exterior;Noite;49;40;1,22;
Metropolitana da Grande São Paulo;Metropolitana da Grande São Paulo;São Paulo;Grande São Paulo Noroeste;Etec Albert Einstein;023;Técnico;Informação e Comunicação;Informática;Desenvolvimento de Sistemas;Noite;162;40;4,05;
Metropolitana da Grande São Paulo;Metropolitana da Grande São Paulo;São Paulo;Grande São Paulo Noroeste;Etec Albert Einstein;023;Técnico;Produção Cultural e Design;Design;Design de Interiores;Noite;68;40;1,70;
Metropolitana da Grande São Paulo;Metropolitana da Grande São Paulo;São Paulo;Grande São Paulo Noroeste;Etec Albert Einstein;023;Técnico;Controle e Processos Industriais;Indústria;Eletrônica;Noite;51;40;1,27;
Metropolitana da Grande São Paulo;Metropolitana da Grande São Paulo;São Paulo;Grande São Paulo Noroeste;Etec Albert Einstein;023;Técnico;Gestão e Negócios;Gestão;Serviços Jurídicos;Noite;77;40;1,92;
Metropolitana da Grande São Paulo;Metropolitana da Grande São Paulo;São Paulo;Grande São Paulo Noroeste;Etec Albert Einstein;023;Integrado;Gestão e Negócios;Gestão;Administração - MTec;Manhã;331;40;8,27;
Metropolitana da Grande São Paulo;Metropolitana da Grande São Paulo;São Paulo;Grande São Paulo Noroeste;Etec Albert Einstein;023;Integrado;Gestão e Negócios;Gestão;Administração - MTec;Tarde;123;40;3,07;
Metropolitana da Grande São Paulo;Metropolitana da Grande São Paulo;São Paulo;Grande São Paulo Noroeste;Etec Albert Einstein;023;Integrado;Informação e Comunicação;Informática;Desenvolvimento de Sistemas - MTec;Manhã;473;40;11,82;
Metropolitana da Grande São Paulo;Metropolitana da Grande São Paulo;São Paulo;Grande São Paulo Noroeste;Etec Albert Einstein;023;Integrado;Produção Cultural e Design;Design;Design Gráfico - MTec;Tarde;88;40;2,20;
Metropolitana da Grande São Paulo;Metropolitana da Grande São Paulo;São Paulo;Grande São Paulo Noroeste;Etec Albert Einstein;023;Integrado;Produção Cultural e Design;Design;Design Gráfico - MTec;Manhã;297;40;7,42;
Metropolitana da Grande São Paulo;Metropolitana da Grande São Paulo;São Paulo;Grande São Paulo Noroeste;Etec Albert Einstein;023;Integrado;Controle e Processos Industriais;Indústria;Eletrônica - MTec;Manhã;135;40;3,37;
Metropolitana da Grande São Paulo;Metropolitana da Grande São Paulo;São Paulo;Grande São Paulo Noroeste;Etec Albert Einstein;023;Integrado;Informação e Comunicação;Informática;Informática para Internet - MTec;Tarde;144;40;3,60;
Metropolitana da Grande São Paulo;Metropolitana da Grande São Paulo;São Paulo;Grande São Paulo Noroeste;Etec Albert Einstein;023;Integrado;Gestão e Negócios;Gestão;Serviços Jurídicos - MTec;Manhã;392;40;9,80;
Metropolitana da Grande São Paulo;Metropolitana da Grande São Paulo;São Paulo;Grande São Paulo Leste;Etec Carlos de Campos;045;Técnico;Produção Cultural e Design;Design;Design de Interiores;Tarde;65;40;1,62;
Metropolitana da Grande São Paulo;Metropolitana da Grande São Paulo;São Paulo;Grande São Paulo Leste;Etec Carlos de Campos;045;Técnico;Produção Cultural e Design;Design;Design de Interiores;Noite;60;40;1,50;
Metropolitana da Grande São Paulo;Metropolitana da Grande São Paulo;São Paulo;Grande São Paulo Leste;Etec Carlos de Campos;045;Técnico;Produção Cultural e Design;Design;Design Gráfico;Noite;142;40;3,55;
Metropolitana da Grande São Paulo;Metropolitana da Grande São Paulo;São Paulo;Grande São Paulo Leste;Etec Carlos de Campos;045;Técnico;Infraestrutura;Construção Civil;Edificações (MNP);Noite;65;40;1,62;
Metropolitana da Grande São Paulo;Metropolitana da Grande São Paulo;São Paulo;Grande São Paulo Leste;Etec Carlos de Campos;045;Técnico;Ambiente e Saúde;Saúde;Enfermagem;Manhã;408;40;10,19;
Metropolitana da Grande São Paulo;Metropolitana da Grande São Paulo;São Paulo;Grande São Paulo Leste;Etec Carlos de Campos;045;Técnico;Turismo, Hospitalidade e Lazer;Turismo e Hospitalidade;Gastronomia;Noite;93;40;2,32;
Metropolitana da Grande São Paulo;Metropolitana da Grande São Paulo;São Paulo;Grande São Paulo Leste;Etec Carlos de Campos;045;Técnico;Produção Cultural e Design;Design;Modelagem do Vestuário;Noite;185;40;4,62;
Metropolitana da Grande São Paulo;Metropolitana da Grande São Paulo;São Paulo;Grande São Paulo Leste;Etec Carlos de Campos;045;Técnico;Ambiente e Saúde;Saúde;Nutrição e Dietética;Tarde;60;40;1,50;
Metropolitana da Grande São Paulo;Metropolitana da Grande São Paulo;São Paulo;Grande São Paulo Leste;Etec Carlos de Campos;045;Técnico;Ambiente e Saúde;Saúde;Nutrição e Dietética;Noite;62;40;1,55;
Metropolitana da Grande São Paulo;Metropolitana da Grande São Paulo;São Paulo;Grande São Paulo Leste;Etec Carlos de Campos;045;Integrado;Produção Cultural e Design;Design;Design de Interiores - MTec;Manhã;173;40;4,32;
Metropolitana da Grande São Paulo;Metropolitana da Grande São Paulo;São Paulo;Grande São Paulo Leste;Etec Carlos de Campos;045;Integrado;Produção Cultural e Design;Design;Design Gráfico - MTec;Tarde;102;40;2,54;
Metropolitana da Grande São Paulo;Metropolitana da Grande São Paulo;São Paulo;Grande São Paulo Leste;Etec Carlos de Campos;045;Integrado;Produção Cultural e Design;Design;Design Gráfico - MTec;Manhã;291;40;7,27;
Metropolitana da Grande São Paulo;Metropolitana da Grande São Paulo;São Paulo;Grande São Paulo Leste;Etec Carlos de Campos;045;Integrado;Infraestrutura;Construção Civil;Edificações - MTec;Manhã;113;40;2,82;
Metropolitana da Grande São Paulo;Metropolitana da Grande São Paulo;São Paulo;Grande São Paulo Leste;Etec Carlos de Campos;045;Integrado;Turismo, Hospitalidade e Lazer;Turismo e Hospitalidade;Gastronomia - MTec;Tarde;180;40;4,50;
Metropolitana da Grande São Paulo;Metropolitana da Grande São Paulo;São Paulo;Grande São Paulo Leste;Etec Carlos de Campos;045;Integrado;Produção Cultural e Design;Design;Modelagem do Vestuário - MTec;Tarde;197;40;4,92;
Metropolitana da Grande São Paulo;Metropolitana da Grande São Paulo;São Paulo;Grande São Paulo Leste;Etec Carlos de Campos;045;Integrado;Ambiente e Saúde;Saúde;Nutrição e Dietética - MTec;Manhã;217;40;5,42;
Metropolitana da Grande São Paulo;Metropolitana da Grande São Paulo;São Paulo;Grande São Paulo Leste;Etec Carlos de Campos;045;Especialização;Turismo, Hospitalidade e Lazer;Turismo e Hospitalidade;Guia de Turismo Internacional ;Noite;35;25;1,40;
Metropolitana da Grande São Paulo;Metropolitana da Grande São Paulo;São Paulo;Grande São Paulo Leste;Etec Carlos de Campos (EE Presidente Roosevelt);045.01 - Ext/Etec;Técnico;Turismo, Hospitalidade e Lazer;Turismo e Hospitalidade;Agenciamento de Viagem;Noite;55;35;1,57;
Metropolitana da Grande São Paulo;Metropolitana da Grande São Paulo;São Paulo;Grande São Paulo Leste;Etec Carlos de Campos (EE Presidente Roosevelt);045.01 - Ext/Etec;Técnico;Gestão e Negócios;Gestão;Recursos Humanos;Noite;51;35;1,45;
Metropolitana da Grande São Paulo;Metropolitana da Grande São Paulo;São Paulo;Grande São Paulo Sul/Baixada Santista;Etec Carolina Carinhato Sampaio;134;Técnico;Gestão e Negócios;Gestão;Administração;Noite;75;80;0,93;
Metropolitana da Grande São Paulo;Metropolitana da Grande São Paulo;São Paulo;Grande São Paulo Sul/Baixada Santista;Etec Carolina Carinhato Sampaio;134;Técnico;Gestão e Negócios;Gestão;Administração;Tarde;84;40;2,10;
Metropolitana da Grande São Paulo;Metropolitana da Grande São Paulo;São Paulo;Grande São Paulo Sul/Baixada Santista;Etec Carolina Carinhato Sampaio;134;Técnico;Controle e Processos Industriais;Indústria;Eletrônica;Noite;55;40;1,37;
Metropolitana da Grande São Paulo;Metropolitana da Grande São Paulo;São Paulo;Grande São Paulo Sul/Baixada Santista;Etec Carolina Carinhato Sampaio;134;Técnico;Ambiente e Saúde;Saúde;Enfermagem;Manhã;152;40;3,80;
Metropolitana da Grande São Paulo;Metropolitana da Grande São Paulo;São Paulo;Grande São Paulo Sul/Baixada Santista;Etec Carolina Carinhato Sampaio;134;Técnico;Ambiente e Saúde;Saúde;Enfermagem;Noite;278;40;6,95;
Metropolitana da Grande São Paulo;Metropolitana da Grande São Paulo;São Paulo;Grande São Paulo Sul/Baixada Santista;Etec Carolina Carinhato Sampaio;134;Integrado;Gestão e Negócios;Gestão;Administração - MTec;Manhã;474;40;11,85;
Metropolitana da Grande São Paulo;Metropolitana da Grande São Paulo;São Paulo;Grande São Paulo Sul/Baixada Santista;Etec Carolina Carinhato Sampaio;134;Integrado;Gestão e Negócios;Gestão;Administração - MTec;Tarde;136;40;3,40;
Metropolitana da Grande São Paulo;Metropolitana da Grande São Paulo;São Paulo;Grande São Paulo Sul/Baixada Santista;Etec Carolina Carinhato Sampaio;134;Integrado;Controle e Processos Industriais;Indústria;Eletrônica - MTec;Tarde;66;40;1,65;
Metropolitana da Grande São Paulo;Metropolitana da Grande São Paulo;São Paulo;Grande São Paulo Sul/Baixada Santista;Etec Carolina Carinhato Sampaio;134;Integrado;Controle e Processos Industriais;Indústria;Eletrônica - MTec;Manhã;204;40;5,09;
Metropolitana da Grande São Paulo;Metropolitana da Grande São Paulo;São Paulo;Grande São Paulo Sul/Baixada Santista;Etec Carolina Carinhato Sampaio;134;Integrado;Gestão e Negócios;Gestão;Recursos Humanos - MTec;Manhã;184;40;4,59;
Metropolitana da Grande São Paulo;Metropolitana da Grande São Paulo;São Paulo;Grande São Paulo Sul/Baixada Santista;Etec Carolina Carinhato Sampaio;134;Integrado;Gestão e Negócios;Gestão;Recursos Humanos - MTec;Tarde;70;40;1,75;
Metropolitana da Grande São Paulo;Metropolitana da Grande São Paulo;São Paulo;Grande São Paulo Sul/Baixada Santista;Etec Carolina Carinhato Sampaio (CEU Cantos do Amanhecer);134.04 - Etec/Ceu;Técnico;Gestão e Negócios;Gestão;Administração;Noite;101;60;1,68;
Metropolitana da Grande São Paulo;Metropolitana da Grande São Paulo;São Paulo;Grande São Paulo Sul/Baixada Santista;Etec Carolina Carinhato Sampaio (CEU Capão Redondo);134.01 - Etec/Ceu;Técnico;Gestão e Negócios;Gestão;Administração;Noite;127;60;2,11;
Metropolitana da Grande São Paulo;Metropolitana da Grande São Paulo;São Paulo;Grande São Paulo Sul/Baixada Santista;Etec Carolina Carinhato Sampaio (CEU Capão Redondo);134.01 - Etec/Ceu;Técnico;Gestão e Negócios;Gestão;Logística;Noite;53;30;1,76;
Metropolitana da Grande São Paulo;Metropolitana da Grande São Paulo;São Paulo;Grande São Paulo Noroeste;Etec Cepam;223;Técnico;Desenvolvimento Educacional e Social;Lazer e Desenvolvimento Social;Desenvolvimento Comunitário;Noite;53;40;1,32;
Metropolitana da Grande São Paulo;Metropolitana da Grande São Paulo;São Paulo;Grande São Paulo Noroeste;Etec Cepam;223;Técnico;Gestão e Negócios;Gestão;Serviços Jurídicos;Noite;77;40;1,92;
Metropolitana da Grande São Paulo;Metropolitana da Grande São Paulo;São Paulo;Grande São Paulo Noroeste;Etec Cepam;223;Integrado;Gestão e Negócios;Gestão;Serviços Jurídicos - MTec;Tarde;201;40;5,02;
Metropolitana da Grande São Paulo;Metropolitana da Grande São Paulo;São Paulo;Grande São Paulo Noroeste;Etec Cepam;223;Integrado;Gestão e Negócios;Gestão;Serviços Públicos - MTec;Manhã;220;40;5,50;
Metropolitana da Grande São Paulo;Metropolitana da Grande São Paulo;São Paulo;Grande São Paulo Noroeste;Etec Cepam;223;Integrado;Gestão e Negócios;Gestão;Serviços Públicos - MTec-N;Noite;46;40;1,14;
Metropolitana da Grande São Paulo;Metropolitana da Grande São Paulo;São Paulo;Grande São Paulo Noroeste;Etec de Artes;180;Técnico;Produção Cultural e Design;Artes;Canto;Noite;246;30;8,19;
Metropolitana da Grande São Paulo;Metropolitana da Grande São Paulo;São Paulo;Grande São Paulo Noroeste;Etec de Artes;180;Técnico;Produção Cultural e Design;Artes;Dança;Tarde;140;30;4,66;
Metropolitana da Grande São Paulo;Metropolitana da Grande São Paulo;São Paulo;Grande São Paulo Noroeste;Etec de Artes;180;Técnico;Produção Cultural e Design;Artes;Dança;Noite;157;30;5,23;
Metropolitana da Grande São Paulo;Metropolitana da Grande São Paulo;São Paulo;Grande São Paulo Noroeste;Etec de Artes;180;Técnico;Produção Cultural e Design;Design;Paisagismo;Manhã;56;30;1,86;
Metropolitana da Grande São Paulo;Metropolitana da Grande São Paulo;São Paulo;Grande São Paulo Noroeste;Etec de Artes;180;Técnico;Produção Cultural e Design;Design;Processos Fotográficos;Noite;190;30;6,33;
Metropolitana da Grande São Paulo;Metropolitana da Grande São Paulo;São Paulo;Grande São Paulo Noroeste;Etec de Artes;180;Técnico;Produção Cultural e Design;Artes;Regência;Noite;54;30;1,80;
Metropolitana da Grande São Paulo;Metropolitana da Grande São Paulo;São Paulo;Grande São Paulo Noroeste;Etec de Artes;180;Técnico;Produção Cultural e Design;Artes;Teatro;Manhã;286;30;9,53;
Metropolitana da Grande São Paulo;Metropolitana da Grande São Paulo;São Paulo;Grande São Paulo Noroeste;Etec de Artes;180;Técnico;Produção Cultural e Design;Artes;Teatro;Tarde;157;30;5,23;
Metropolitana da Grande São Paulo;Metropolitana da Grande São Paulo;São Paulo;Grande São Paulo Noroeste;Etec de Artes;180;Integrado;Produção Cultural e Design;Design;Design de Interiores - MTec;Manhã;338;30;11,26;
Metropolitana da Grande São Paulo;Metropolitana da Grande São Paulo;São Paulo;Grande São Paulo Noroeste;Etec de Artes;180;Integrado;Turismo, Hospitalidade e Lazer;Lazer e Desenvolvimento Social;Eventos - MTec;Manhã;142;30;4,73;
Metropolitana da Grande São Paulo;Metropolitana da Grande São Paulo;São Paulo;Grande São Paulo Noroeste;Etec de Artes;180;Integrado;Produção Cultural e Design;Design;Processos Fotográficos - MTec;Tarde;234;30;7,80;
Metropolitana da Grande São Paulo;Metropolitana da Grande São Paulo;São Paulo;Grande São Paulo Leste;Etec de Cidade Tiradentes;199;Técnico;Gestão e Negócios;Gestão;Administração;Noite;100;40;2,50;
Metropolitana da Grande São Paulo;Metropolitana da Grande São Paulo;São Paulo;Grande São Paulo Leste;Etec de Cidade Tiradentes;199;Técnico;Gestão e Negócios;Gestão;Administração;Tarde;76;40;1,90;
Metropolitana da Grande São Paulo;Metropolitana da Grande São Paulo;São Paulo;Grande São Paulo Leste;Etec de Cidade Tiradentes;199;Técnico;Ambiente e Saúde;Saúde;Farmácia;Noite;208;40;5,20;
Metropolitana da Grande São Paulo;Metropolitana da Grande São Paulo;São Paulo;Grande São Paulo Leste;Etec de Cidade Tiradentes;199;Técnico;Ambiente e Saúde;Saúde;Nutrição e Dietética;Manhã;113;40;2,82;
Metropolitana da Grande São Paulo;Metropolitana da Grande São Paulo;São Paulo;Grande São Paulo Leste;Etec de Cidade Tiradentes;199;Técnico;Produção Industrial;Química;Química;Noite;72;40;1,80;
Metropolitana da Grande São Paulo;Metropolitana da Grande São Paulo;São Paulo;Grande São Paulo Leste;Etec de Cidade Tiradentes;199;Técnico;Segurança;Saúde;Segurança do Trabalho;Noite;82;40;2,04;
Metropolitana da Grande São Paulo;Metropolitana da Grande São Paulo;São Paulo;Grande São Paulo Leste;Etec de Cidade Tiradentes;199;Integrado;Gestão e Negócios;Gestão;Administração - MTec;Manhã;335;40;8,37;
Metropolitana da Grande São Paulo;Metropolitana da Grande São Paulo;São Paulo;Grande São Paulo Leste;Etec de Cidade Tiradentes;199;Integrado;Informação e Comunicação;Informática;Desenvolvimento de Sistemas - MTec;Manhã;328;40;8,19;
Metropolitana da Grande São Paulo;Metropolitana da Grande São Paulo;São Paulo;Grande São Paulo Leste;Etec de Cidade Tiradentes;199;Integrado;Informação e Comunicação;Informática;Informática - MTec;Tarde;148;40;3,70;
Metropolitana da Grande São Paulo;Metropolitana da Grande São Paulo;São Paulo;Grande São Paulo Leste;Etec de Cidade Tiradentes;199;Integrado;Ambiente e Saúde;Saúde;Nutrição e Dietética - MTec;Tarde;194;40;4,84;
Metropolitana da Grande São Paulo;Metropolitana da Grande São Paulo;São Paulo;Grande São Paulo Leste;Etec de Cidade Tiradentes;199;Integrado;Produção Industrial;Química;Química - MTec;Manhã;158;40;3,95;
Metropolitana da Grande São Paulo;Metropolitana da Grande São Paulo;São Paulo;Grande São Paulo Leste;Etec de Cidade Tiradentes;199;Integrado;Gestão e Negócios;Gestão;Recursos Humanos - MTec;Tarde;127;40;3,17;
Metropolitana da Grande São Paulo;Metropolitana da Grande São Paulo;São Paulo;Grande São Paulo Leste;Etec de Cidade Tiradentes (CEU Alto Alegre);199.01 - Etec/Ceu;Técnico;Gestão e Negócios;Gestão;Administração;Noite;56;30;1,86;
Metropolitana da Grande São Paulo;Metropolitana da Grande São Paulo;São Paulo;Grande São Paulo Leste;Etec de Cidade Tiradentes (CEU Alto Alegre);199.01 - Etec/Ceu;Técnico;Gestão e Negócios;Gestão;Logística;Noite;42;30;1,40;
Metropolitana da Grande São Paulo;Metropolitana da Grande São Paulo;São Paulo;Grande São Paulo Leste;Etec de Cidade Tiradentes (CEU Alto Alegre);199.01 - Etec/Ceu;Técnico;Gestão e Negócios;Gestão;Recursos Humanos;Noite;48;30;1,60;
Metropolitana da Grande São Paulo;Metropolitana da Grande São Paulo;São Paulo;Grande São Paulo Leste;Etec de Esportes Curt Walter Otto Baumgart;267;Técnico;Turismo, Hospitalidade e Lazer;Turismo e Hospitalidade;Organização Esportiva;Manhã;68;40;1,70;
Metropolitana da Grande São Paulo;Metropolitana da Grande São Paulo;São Paulo;Grande São Paulo Leste;Etec de Esportes Curt Walter Otto Baumgart;267;Técnico;Turismo, Hospitalidade e Lazer;Turismo e Hospitalidade;Organização Esportiva;Tarde;57;40;1,42;
Metropolitana da Grande São Paulo;Metropolitana da Grande São Paulo;São Paulo;Grande São Paulo Leste;Etec de Esportes Curt Walter Otto Baumgart;267;Integrado;Gestão e Negócios;Gestão;Administração - MTec;Manhã;123;40;3,07;
Metropolitana da Grande São Paulo;Metropolitana da Grande São Paulo;São Paulo;Grande São Paulo Leste;Etec de Guaianazes;118;Técnico;Gestão e Negócios;Gestão;Administração;Noite;72;40;1,80;
Metropolitana da Grande São Paulo;Metropolitana da Grande São Paulo;São Paulo;Grande São Paulo Leste;Etec de Guaianazes;118;Técnico;Gestão e Negócios;Gestão;Administração;Tarde;62;40;1,55;
Metropolitana da Grande São Paulo;Metropolitana da Grande São Paulo;São Paulo;Grande São Paulo Leste;Etec de Guaianazes;118;Técnico;Informação e Comunicação;Informática;Desenvolvimento de Sistemas;Tarde;173;40;4,32;
Metropolitana da Grande São Paulo;Metropolitana da Grande São Paulo;São Paulo;Grande São Paulo Leste;Etec de Guaianazes;118;Técnico;Infraestrutura;Construção Civil;Edificações;Noite;61;40;1,52;
Metropolitana da Grande São Paulo;Metropolitana da Grande São Paulo;São Paulo;Grande São Paulo Leste;Etec de Guaianazes;118;Técnico;Controle e Processos Industriais;Indústria;Eletrotécnica;Noite;104;40;2,60;
Metropolitana da Grande São Paulo;Metropolitana da Grande São Paulo;São Paulo;Grande São Paulo Leste;Etec de Guaianazes;118;Integrado;Informação e Comunicação;Informática;Desenvolvimento de Sistemas - MTec;Manhã;522;40;13,05;
Metropolitana da Grande São Paulo;Metropolitana da Grande São Paulo;São Paulo;Grande São Paulo Leste;Etec de Guaianazes;118;Integrado;Ambiente e Saúde;Saúde;Nutrição e Dietética - MTec;Manhã;377;80;4,71;
Metropolitana da Grande São Paulo;Metropolitana da Grande São Paulo;São Paulo;Grande São Paulo Leste;Etec de Guaianazes (CEU Lajeado);118.01 - Etec/Ceu;Técnico;Gestão e Negócios;Gestão;Recursos Humanos;Noite;49;35;1,40;
Metropolitana da Grande São Paulo;Metropolitana da Grande São Paulo;São Paulo;Grande São Paulo Sul/Baixada Santista;ETEC de Heliópolis - Arquiteto Ruy Ohtake;205;Técnico;Gestão e Negócios;Gestão;Administração;Noite;85;40;2,12;
Metropolitana da Grande São Paulo;Metropolitana da Grande São Paulo;São Paulo;Grande São Paulo Sul/Baixada Santista;ETEC de Heliópolis - Arquiteto Ruy Ohtake;205;Técnico;Infraestrutura;Construção Civil;Edificações;Noite;51;40;1,27;
Metropolitana da Grande São Paulo;Metropolitana da Grande São Paulo;São Paulo;Grande São Paulo Sul/Baixada Santista;ETEC de Heliópolis - Arquiteto Ruy Ohtake;205;Técnico;Ambiente e Saúde;Saúde;Nutrição e Dietética;Noite;42;40;1,05;
Metropolitana da Grande São Paulo;Metropolitana da Grande São Paulo;São Paulo;Grande São Paulo Sul/Baixada Santista;ETEC de Heliópolis - Arquiteto Ruy Ohtake;205;Integrado;Gestão e Negócios;Gestão;Administração - MTec;Tarde;91;40;2,27;
Metropolitana da Grande São Paulo;Metropolitana da Grande São Paulo;São Paulo;Grande São Paulo Sul/Baixada Santista;ETEC de Heliópolis - Arquiteto Ruy Ohtake;205;Integrado;Informação e Comunicação;Informática;Desenvolvimento de Sistemas - MTec-AMS;Tarde;71;40;1,77;
Metropolitana da Grande São Paulo;Metropolitana da Grande São Paulo;São Paulo;Grande São Paulo Sul/Baixada Santista;ETEC de Heliópolis - Arquiteto Ruy Ohtake;205;Integrado;Produção Cultural e Design;Design;Design de Interiores - MTec;Manhã;75;40;1,87;
Metropolitana da Grande São Paulo;Metropolitana da Grande São Paulo;São Paulo;Grande São Paulo Sul/Baixada Santista;ETEC de Heliópolis - Arquiteto Ruy Ohtake;205;Integrado;Informação e Comunicação;Informática;Informática para Internet - MTec;Manhã;175;40;4,37;
Metropolitana da Grande São Paulo;Metropolitana da Grande São Paulo;São Paulo;Grande São Paulo Sul/Baixada Santista;ETEC de Heliópolis - Arquiteto Ruy Ohtake;205;Integrado;Gestão e Negócios;Comércio;Marketing - MTec;Manhã;161;40;4,02;
Metropolitana da Grande São Paulo;Metropolitana da Grande São Paulo;São Paulo;Grande São Paulo Sul/Baixada Santista;ETEC de Heliópolis - Arquiteto Ruy Ohtake;205;Integrado;Ambiente e Saúde;Saúde;Nutrição e Dietética - MTec;Manhã;124;40;3,10;
Metropolitana da Grande São Paulo;Metropolitana da Grande São Paulo;São Paulo;Grande São Paulo Sul/Baixada Santista;ETEC de Heliópolis - Arquiteto Ruy Ohtake;205;Integrado;Informação e Comunicação;Informática;Programação de Jogos Digitais - MTec;Tarde;94;40;2,35;
Metropolitana da Grande São Paulo;Metropolitana da Grande São Paulo;São Paulo;Grande São Paulo Sul/Baixada Santista;ETEC de Heliópolis ? Arquiteto Ruy Ohtake (CEU Meninos);205.03 - Etec/Ceu;Técnico;Gestão e Negócios;Comércio;Marketing;Noite;31;30;1,03;
Metropolitana da Grande São Paulo;Metropolitana da Grande São Paulo;São Paulo;Grande São Paulo Leste;Etec de Itaquera;169;Técnico;Gestão e Negócios;Gestão;Administração;Noite;93;40;2,32;
Metropolitana da Grande São Paulo;Metropolitana da Grande São Paulo;São Paulo;Grande São Paulo Leste;Etec de Itaquera;169;Técnico;Gestão e Negócios;Gestão;Administração;Tarde;106;40;2,65;
Metropolitana da Grande São Paulo;Metropolitana da Grande São Paulo;São Paulo;Grande São Paulo Leste;Etec de Itaquera;169;Técnico;Gestão e Negócios;Gestão;Contabilidade;Noite;63;40;1,57;
Metropolitana da Grande São Paulo;Metropolitana da Grande São Paulo;São Paulo;Grande São Paulo Leste;Etec de Itaquera;169;Técnico;Informação e Comunicação;Informática;Desenvolvimento de Sistemas;Noite;251;40;6,27;
Metropolitana da Grande São Paulo;Metropolitana da Grande São Paulo;São Paulo;Grande São Paulo Leste;Etec de Itaquera;169;Técnico;Informação e Comunicação;Informática;Desenvolvimento de Sistemas;Tarde;190;40;4,75;
Metropolitana da Grande São Paulo;Metropolitana da Grande São Paulo;São Paulo;Grande São Paulo Leste;Etec de Itaquera;169;Integrado;Gestão e Negócios;Gestão;Administração - MTec;Tarde;174;40;4,34;
Metropolitana da Grande São Paulo;Metropolitana da Grande São Paulo;São Paulo;Grande São Paulo Leste;Etec de Itaquera;169;Integrado;Gestão e Negócios;Gestão;Administração - MTec;Manhã;629;40;15,72;
Metropolitana da Grande São Paulo;Metropolitana da Grande São Paulo;São Paulo;Grande São Paulo Leste;Etec de Itaquera;169;Integrado;Informação e Comunicação;Informática;Desenvolvimento de Sistemas - MTec;Manhã;904;80;11,30;
Metropolitana da Grande São Paulo;Metropolitana da Grande São Paulo;São Paulo;Grande São Paulo Leste;Etec de Itaquera (CEU Inácio Monteiro);169.03 - Etec/Ceu;Técnico;Gestão e Negócios;Gestão;Recursos Humanos;Noite;25;30;0,83;
Metropolitana da Grande São Paulo;Metropolitana da Grande São Paulo;São Paulo;Grande São Paulo Leste;Etec de Itaquera (CEU Parque Veredas);169.02 - Etec/Ceu;Técnico;Gestão e Negócios;Gestão;Administração;Noite;30;30;1,00;
Metropolitana da Grande São Paulo;Metropolitana da Grande São Paulo;São Paulo;Grande São Paulo Leste;Etec de Itaquera (CEU Vila Curuçá);169.05 - Etec/Ceu;Técnico;Gestão e Negócios;Gestão;Administração;Noite;46;30;1,53;
Metropolitana da Grande São Paulo;Metropolitana da Grande São Paulo;São Paulo;Grande São Paulo Leste;Etec de Sapopemba;172;Técnico;Gestão e Negócios;Gestão;Administração;Noite;145;40;3,62;
Metropolitana da Grande São Paulo;Metropolitana da Grande São Paulo;São Paulo;Grande São Paulo Leste;Etec de Sapopemba;172;Técnico;Produção Alimentícia;Química;Alimentos;Noite;56;40;1,40;
Metropolitana da Grande São Paulo;Metropolitana da Grande São Paulo;São Paulo;Grande São Paulo Leste;Etec de Sapopemba;172;Técnico;Informação e Comunicação;Informática;Desenvolvimento de Sistemas;Tarde;171;40;4,27;
Metropolitana da Grande São Paulo;Metropolitana da Grande São Paulo;São Paulo;Grande São Paulo Leste;Etec de Sapopemba;172;Técnico;Gestão e Negócios;Comércio;Marketing;Noite;76;40;1,90;
Metropolitana da Grande São Paulo;Metropolitana da Grande São Paulo;São Paulo;Grande São Paulo Leste;Etec de Sapopemba;172;Integrado;Gestão e Negócios;Gestão;Administração - MTec;Manhã;413;40;10,32;
Metropolitana da Grande São Paulo;Metropolitana da Grande São Paulo;São Paulo;Grande São Paulo Leste;Etec de Sapopemba;172;Integrado;Gestão e Negócios;Gestão;Administração - MTec;Tarde;82;40;2,04;
Metropolitana da Grande São Paulo;Metropolitana da Grande São Paulo;São Paulo;Grande São Paulo Leste;Etec de Sapopemba;172;Integrado;Produção Alimentícia;Química;Alimentos - MTec ;Manhã;164;40;4,09;
Metropolitana da Grande São Paulo;Metropolitana da Grande São Paulo;São Paulo;Grande São Paulo Leste;Etec de Sapopemba;172;Integrado;Informação e Comunicação;Informática;Desenvolvimento de Sistemas - MTec;Manhã;453;40;11,32;
Metropolitana da Grande São Paulo;Metropolitana da Grande São Paulo;São Paulo;Grande São Paulo Leste;Etec de Sapopemba;172;Integrado;Gestão e Negócios;Comércio;Marketing - MTec;Tarde;126;40;3,15;
Metropolitana da Grande São Paulo;Metropolitana da Grande São Paulo;São Paulo;Grande São Paulo Leste;Etec de Sapopemba (CEU Sapopemba);172.02 - Etec/Ceu;Técnico;Gestão e Negócios;Gestão;Contabilidade;Noite;44;30;1,46;
Metropolitana da Grande São Paulo;Metropolitana da Grande São Paulo;São Paulo;Grande São Paulo Leste;Etec de Sapopemba (CEU Sapopemba);172.02 - Etec/Ceu;Técnico;Gestão e Negócios;Gestão;Serviços Jurídicos;Noite;42;30;1,40;
Metropolitana da Grande São Paulo;Metropolitana da Grande São Paulo;São Paulo;Grande São Paulo Leste;Etec de Sapopemba (CEU São Rafael);172.011 - Etec/Ceu;Técnico;Gestão e Negócios;Gestão;Recursos Humanos;Noite;52;30;1,73;
Metropolitana da Grande São Paulo;Metropolitana da Grande São Paulo;São Paulo;Grande São Paulo Noroeste;Etec de São Paulo;018;Técnico;Gestão e Negócios;Gestão;Administração (MNP);Noite;45;40;1,12;
Metropolitana da Grande São Paulo;Metropolitana da Grande São Paulo;São Paulo;Grande São Paulo Noroeste;Etec de São Paulo;018;Técnico;Informação e Comunicação;Informática;Desenvolvimento de Sistemas (MNP);Noite;119;40;2,97;
Metropolitana da Grande São Paulo;Metropolitana da Grande São Paulo;São Paulo;Grande São Paulo Noroeste;Etec de São Paulo;018;Técnico;Infraestrutura;Construção Civil;Edificações (MNP);Noite;43;40;1,07;
Metropolitana da Grande São Paulo;Metropolitana da Grande São Paulo;São Paulo;Grande São Paulo Noroeste;Etec de São Paulo;018;Técnico;Controle e Processos Industriais;Indústria;Eletroeletrônica;Noite;58;40;1,45;
Metropolitana da Grande São Paulo;Metropolitana da Grande São Paulo;São Paulo;Grande São Paulo Noroeste;Etec de São Paulo;018;Técnico;Turismo, Hospitalidade e Lazer;Turismo e Hospitalidade;Guia de Turismo;Noite;56;40;1,40;
Metropolitana da Grande São Paulo;Metropolitana da Grande São Paulo;São Paulo;Grande São Paulo Noroeste;Etec de São Paulo;018;Integrado;Gestão e Negócios;Gestão;Administração - MTec-PI;Manhã e Tarde;259;40;6,47;
Metropolitana da Grande São Paulo;Metropolitana da Grande São Paulo;São Paulo;Grande São Paulo Noroeste;Etec de São Paulo;018;Integrado;Informação e Comunicação;Informática;Desenvolvimento de Sistemas - MTec-PI ;Manhã e Tarde;669;40;16,72;
Metropolitana da Grande São Paulo;Metropolitana da Grande São Paulo;São Paulo;Grande São Paulo Noroeste;Etec de São Paulo;018;Integrado;Infraestrutura;Construção Civil;Edificações - MTec-PI;Manhã e Tarde;210;40;5,25;
Metropolitana da Grande São Paulo;Metropolitana da Grande São Paulo;São Paulo;Grande São Paulo Noroeste;Etec de São Paulo;018;Integrado;Controle e Processos Industriais;Indústria;Eletrônica - MTec-PI;Manhã e Tarde;137;40;3,42;
Metropolitana da Grande São Paulo;Metropolitana da Grande São Paulo;São Paulo;Grande São Paulo Noroeste;Etec de São Paulo;018;Integrado;Ambiente e Saúde;Meio Ambiente;Meio Ambiente - MTec-PI;Manhã e Tarde;209;40;5,22;
Metropolitana da Grande São Paulo;Metropolitana da Grande São Paulo;São Paulo;Grande São Paulo Noroeste;Etec de São Paulo (CEU Butantã);018.02 - Etec/Ceu;Técnico;Gestão e Negócios;Gestão;Administração;Noite;63;30;2,10;
Metropolitana da Grande São Paulo;Metropolitana da Grande São Paulo;São Paulo;Grande São Paulo Leste;Etec de Tiquatira;208;Técnico;Produção Cultural e Design;Design;Design Gráfico;Tarde;106;40;2,65;
Metropolitana da Grande São Paulo;Metropolitana da Grande São Paulo;São Paulo;Grande São Paulo Leste;Etec de Tiquatira;208;Técnico;Produção Cultural e Design;Design;Design Gráfico;Noite;107;40;2,67;
Metropolitana da Grande São Paulo;Metropolitana da Grande São Paulo;São Paulo;Grande São Paulo Leste;Etec de Tiquatira;208;Técnico;Produção Cultural e Design;Design;Modelagem do Vestuário;Noite;93;40;2,32;
Metropolitana da Grande São Paulo;Metropolitana da Grande São Paulo;São Paulo;Grande São Paulo Leste;Etec de Tiquatira;208;Técnico;Produção Industrial;Química;Química;Noite;62;40;1,55;
Metropolitana da Grande São Paulo;Metropolitana da Grande São Paulo;São Paulo;Grande São Paulo Leste;Etec de Tiquatira;208;Técnico;Produção Industrial;Química;Química;Tarde;47;40;1,17;
Metropolitana da Grande São Paulo;Metropolitana da Grande São Paulo;São Paulo;Grande São Paulo Leste;Etec de Tiquatira;208;Integrado;Gestão e Negócios;Gestão;Administração - MTec;Manhã;218;40;5,45;
Metropolitana da Grande São Paulo;Metropolitana da Grande São Paulo;São Paulo;Grande São Paulo Leste;Etec de Tiquatira;208;Integrado;Produção Cultural e Design;Design;Design Gráfico - MTec;Manhã;399;40;9,97;
Metropolitana da Grande São Paulo;Metropolitana da Grande São Paulo;São Paulo;Grande São Paulo Leste;Etec de Tiquatira;208;Integrado;Gestão e Negócios;Gestão;Logística - Mtec-N;Noite;40;40;1,00;
Metropolitana da Grande São Paulo;Metropolitana da Grande São Paulo;São Paulo;Grande São Paulo Leste;Etec de Tiquatira;208;Integrado;Gestão e Negócios;Comércio;Marketing - MTec;Manhã;241;40;6,02;
Metropolitana da Grande São Paulo;Metropolitana da Grande São Paulo;São Paulo;Grande São Paulo Leste;Etec de Tiquatira;208;Integrado;Produção Cultural e Design;Design;Modelagem do Vestuário - MTec;Manhã;222;40;5,55;
Metropolitana da Grande São Paulo;Metropolitana da Grande São Paulo;São Paulo;Grande São Paulo Leste;Etec de Tiquatira;208;Integrado;Produção Cultural e Design;Design;Modelagem do Vestuário - MTec;Tarde;78;40;1,95;
Metropolitana da Grande São Paulo;Metropolitana da Grande São Paulo;São Paulo;Grande São Paulo Leste;Etec de Tiquatira;208;Integrado;Produção Industrial;Química;Química - MTec;Manhã;307;40;7,67;
Metropolitana da Grande São Paulo;Metropolitana da Grande São Paulo;São Paulo;Grande São Paulo Leste;Etec de Vila Formosa;185;Integrado;Gestão e Negócios;Gestão;Administração - MTec;Manhã;153;40;3,82;
Metropolitana da Grande São Paulo;Metropolitana da Grande São Paulo;São Paulo;Grande São Paulo Leste;Etec de Vila Formosa;185;Integrado;Informação e Comunicação;Informática;Desenvolvimento de Sistemas - MTec;Manhã;302;40;7,55;
Metropolitana da Grande São Paulo;Metropolitana da Grande São Paulo;São Paulo;Grande São Paulo Leste;Etec de Vila Formosa;185;Integrado;Produção Cultural e Design;Design;Design Gráfico - Mtec-N;Noite;69;40;1,72;
Metropolitana da Grande São Paulo;Metropolitana da Grande São Paulo;São Paulo;Grande São Paulo Leste;Etec de Vila Formosa;185;Integrado;Informação e Comunicação;Informática;Informática - MTec;Tarde;141;40;3,52;
Metropolitana da Grande São Paulo;Metropolitana da Grande São Paulo;São Paulo;Grande São Paulo Leste;Etec de Vila Formosa;185;Integrado;Ambiente e Saúde;Meio Ambiente;Meio Ambiente - MTec;Manhã;69;40;1,72;
Metropolitana da Grande São Paulo;Metropolitana da Grande São Paulo;São Paulo;Grande São Paulo Leste;Etec de Vila Formosa;185;Integrado;Gestão e Negócios;Gestão;Recursos Humanos - MTec;Tarde;60;40;1,50;
Metropolitana da Grande São Paulo;Metropolitana da Grande São Paulo;São Paulo;Grande São Paulo Leste;Etec de Vila Formosa (CEU Aricanduva);185.03 - Etec/Ceu;Técnico;Turismo, Hospitalidade e Lazer;Turismo e Hospitalidade;Guia de Turismo;Noite;43;30;1,43;
Metropolitana da Grande São Paulo;Metropolitana da Grande São Paulo;São Paulo;Grande São Paulo Noroeste;Etec Doutora Maria Augusta Saraiva;154;Médio;Educação Básica;Educação Básica - Ensino Médio;Ensino Médio com Itinerário Formativo de Ciências Humanas e Sociais Aplicadas;Manhã;52;40;1,30;
Metropolitana da Grande São Paulo;Metropolitana da Grande São Paulo;São Paulo;Grande São Paulo Noroeste;Etec Doutora Maria Augusta Saraiva;154;Técnico;Produção Cultural e Design;Design;Design Gráfico;Noite;70;40;1,75;
Metropolitana da Grande São Paulo;Metropolitana da Grande São Paulo;São Paulo;Grande São Paulo Noroeste;Etec Doutora Maria Augusta Saraiva;154;Integrado;Gestão e Negócios;Gestão;Administração - MTec;Manhã;112;40;2,80;
Metropolitana da Grande São Paulo;Metropolitana da Grande São Paulo;São Paulo;Grande São Paulo Noroeste;Etec Doutora Maria Augusta Saraiva;154;Integrado;Produção Cultural e Design;Design;Design Gráfico - MTec;Tarde;77;40;1,92;
Metropolitana da Grande São Paulo;Metropolitana da Grande São Paulo;São Paulo;Grande São Paulo Noroeste;Etec Doutora Maria Augusta Saraiva;154;Integrado;Gestão e Negócios;Gestão;Recursos Humanos - MTec;Manhã;39;40;0,97;
Metropolitana da Grande São Paulo;Metropolitana da Grande São Paulo;São Paulo;Grande São Paulo Noroeste;Etec Doutora Maria Augusta Saraiva;154;Integrado;Gestão e Negócios;Gestão;Serviços Jurídicos - MTec;Tarde;101;40;2,52;
Metropolitana da Grande São Paulo;Metropolitana da Grande São Paulo;São Paulo;Grande São Paulo Sul/Baixada Santista;Etec Getúlio Vargas;013;Médio;Educação Básica;Educação Básica - Ensino Médio;Ensino Médio com Itinerário Formativo de Ciências Humanas e Sociais Aplicadas;Manhã;178;35;5,08;
Metropolitana da Grande São Paulo;Metropolitana da Grande São Paulo;São Paulo;Grande São Paulo Sul/Baixada Santista;Etec Getúlio Vargas;013;Técnico;Gestão e Negócios;Gestão;Administração;Tarde;67;40;1,67;
Metropolitana da Grande São Paulo;Metropolitana da Grande São Paulo;São Paulo;Grande São Paulo Sul/Baixada Santista;Etec Getúlio Vargas;013;Técnico;Produção Cultural e Design;Design;Design de Interiores;Noite;77;40;1,92;
Metropolitana da Grande São Paulo;Metropolitana da Grande São Paulo;São Paulo;Grande São Paulo Sul/Baixada Santista;Etec Getúlio Vargas;013;Técnico;Infraestrutura;Construção Civil;Edificações;Noite;78;40;1,95;
Metropolitana da Grande São Paulo;Metropolitana da Grande São Paulo;São Paulo;Grande São Paulo Sul/Baixada Santista;Etec Getúlio Vargas;013;Técnico;Controle e Processos Industriais;Indústria;Eletrotécnica;Noite;98;80;1,22;
Metropolitana da Grande São Paulo;Metropolitana da Grande São Paulo;São Paulo;Grande São Paulo Sul/Baixada Santista;Etec Getúlio Vargas;013;Técnico;Controle e Processos Industriais;Indústria;Eletrônica;Noite;46;40;1,14;
Metropolitana da Grande São Paulo;Metropolitana da Grande São Paulo;São Paulo;Grande São Paulo Sul/Baixada Santista;Etec Getúlio Vargas;013;Técnico;Controle e Processos Industriais;Indústria;Mecatrônica;Noite;55;40;1,37;
Metropolitana da Grande São Paulo;Metropolitana da Grande São Paulo;São Paulo;Grande São Paulo Sul/Baixada Santista;Etec Getúlio Vargas;013;Técnico;Controle e Processos Industriais;Indústria;Mecânica;Noite;62;40;1,55;
Metropolitana da Grande São Paulo;Metropolitana da Grande São Paulo;São Paulo;Grande São Paulo Sul/Baixada Santista;Etec Getúlio Vargas;013;Técnico;Ambiente e Saúde;Meio Ambiente;Meio Ambiente;Noite;47;40;1,17;
Metropolitana da Grande São Paulo;Metropolitana da Grande São Paulo;São Paulo;Grande São Paulo Sul/Baixada Santista;Etec Getúlio Vargas;013;Técnico;Ambiente e Saúde;Saúde;Nutrição e Dietética;Noite;64;40;1,60;
Metropolitana da Grande São Paulo;Metropolitana da Grande São Paulo;São Paulo;Grande São Paulo Sul/Baixada Santista;Etec Getúlio Vargas;013;Técnico;Produção Industrial;Química;Química;Noite;54;40;1,35;
Metropolitana da Grande São Paulo;Metropolitana da Grande São Paulo;São Paulo;Grande São Paulo Sul/Baixada Santista;Etec Getúlio Vargas;013;Técnico;Controle e Processos Industriais;Indústria;Sistemas de Energia Renovável - Ead;Manhã;155;40;3,87;
Metropolitana da Grande São Paulo;Metropolitana da Grande São Paulo;São Paulo;Grande São Paulo Sul/Baixada Santista;Etec Getúlio Vargas;013;Integrado;Gestão e Negócios;Gestão;Administração - MTec-PI;Manhã e Tarde;230;35;6,57;
Metropolitana da Grande São Paulo;Metropolitana da Grande São Paulo;São Paulo;Grande São Paulo Sul/Baixada Santista;Etec Getúlio Vargas;013;Integrado;Produção Alimentícia;Química;Alimentos - MTec ;Tarde;67;35;1,91;
Metropolitana da Grande São Paulo;Metropolitana da Grande São Paulo;São Paulo;Grande São Paulo Sul/Baixada Santista;Etec Getúlio Vargas;013;Integrado;Controle e Processos Industriais;Indústria;Automação Industrial - MTec;Manhã;73;35;2,08;
Metropolitana da Grande São Paulo;Metropolitana da Grande São Paulo;São Paulo;Grande São Paulo Sul/Baixada Santista;Etec Getúlio Vargas;013;Integrado;Produção Cultural e Design;Design;Design de Interiores - MTec;Manhã;246;35;7,02;
Metropolitana da Grande São Paulo;Metropolitana da Grande São Paulo;São Paulo;Grande São Paulo Sul/Baixada Santista;Etec Getúlio Vargas;013;Integrado;Produção Cultural e Design;Design;Design de Interiores - MTec;Tarde;74;35;2,11;
Metropolitana da Grande São Paulo;Metropolitana da Grande São Paulo;São Paulo;Grande São Paulo Sul/Baixada Santista;Etec Getúlio Vargas;013;Integrado;Infraestrutura;Construção Civil;Edificações - MTec;Tarde;24;35;0,68;
Metropolitana da Grande São Paulo;Metropolitana da Grande São Paulo;São Paulo;Grande São Paulo Sul/Baixada Santista;Etec Getúlio Vargas;013;Integrado;Infraestrutura;Construção Civil;Edificações - MTec;Manhã;130;35;3,71;
Metropolitana da Grande São Paulo;Metropolitana da Grande São Paulo;São Paulo;Grande São Paulo Sul/Baixada Santista;Etec Getúlio Vargas;013;Integrado;Controle e Processos Industriais;Indústria;Eletroeletrônica  - MTec;Tarde;27;35;0,77;
Metropolitana da Grande São Paulo;Metropolitana da Grande São Paulo;São Paulo;Grande São Paulo Sul/Baixada Santista;Etec Getúlio Vargas;013;Integrado;Controle e Processos Industriais;Indústria;Eletrotécnica - MTec;Manhã;46;35;1,31;
Metropolitana da Grande São Paulo;Metropolitana da Grande São Paulo;São Paulo;Grande São Paulo Sul/Baixada Santista;Etec Getúlio Vargas;013;Integrado;Controle e Processos Industriais;Indústria;Eletrônica - MTec;Manhã;85;35;2,42;
Metropolitana da Grande São Paulo;Metropolitana da Grande São Paulo;São Paulo;Grande São Paulo Sul/Baixada Santista;Etec Getúlio Vargas;013;Integrado;Gestão e Negócios;Comércio;Marketing - MTec;Tarde;154;35;4,40;
Metropolitana da Grande São Paulo;Metropolitana da Grande São Paulo;São Paulo;Grande São Paulo Sul/Baixada Santista;Etec Getúlio Vargas;013;Integrado;Controle e Processos Industriais;Indústria;Mecatrônica - MTec;Tarde;41;35;1,17;
Metropolitana da Grande São Paulo;Metropolitana da Grande São Paulo;São Paulo;Grande São Paulo Sul/Baixada Santista;Etec Getúlio Vargas;013;Integrado;Controle e Processos Industriais;Indústria;Mecatrônica - MTec;Manhã;169;35;4,82;
Metropolitana da Grande São Paulo;Metropolitana da Grande São Paulo;São Paulo;Grande São Paulo Sul/Baixada Santista;Etec Getúlio Vargas;013;Integrado;Controle e Processos Industriais;Indústria;Mecânica - MTec;Manhã;81;35;2,31;
Metropolitana da Grande São Paulo;Metropolitana da Grande São Paulo;São Paulo;Grande São Paulo Sul/Baixada Santista;Etec Getúlio Vargas;013;Integrado;Ambiente e Saúde;Meio Ambiente;Meio Ambiente - MTec-PI;Manhã e Tarde;86;35;2,45;
Metropolitana da Grande São Paulo;Metropolitana da Grande São Paulo;São Paulo;Grande São Paulo Sul/Baixada Santista;Etec Getúlio Vargas;013;Integrado;Ambiente e Saúde;Saúde;Nutrição e Dietética - MTec-PI;Manhã e Tarde;192;35;5,48;
Metropolitana da Grande São Paulo;Metropolitana da Grande São Paulo;São Paulo;Grande São Paulo Sul/Baixada Santista;Etec Getúlio Vargas;013;Integrado;Produção Industrial;Química;Química - MTec;Tarde;49;35;1,40;
Metropolitana da Grande São Paulo;Metropolitana da Grande São Paulo;São Paulo;Grande São Paulo Sul/Baixada Santista;Etec Getúlio Vargas;013;Integrado;Produção Industrial;Química;Química - MTec;Manhã;155;35;4,42;
Metropolitana da Grande São Paulo;Metropolitana da Grande São Paulo;São Paulo;Grande São Paulo Sul/Baixada Santista;Etec Getúlio Vargas;013;Integrado;Gestão e Negócios;Gestão;Serviços Jurídicos - MTec;Tarde;277;35;7,91;
Metropolitana da Grande São Paulo;Metropolitana da Grande São Paulo;São Paulo;Grande São Paulo Sul/Baixada Santista;Etec Getúlio Vargas;013;Especialização;Ambiente e Saúde;Saúde;Gestão de Unidades de Alimentação e Nutrição;Noite;34;25;1,36;
Metropolitana da Grande São Paulo;Metropolitana da Grande São Paulo;São Paulo;Grande São Paulo Sul/Baixada Santista;Etec Getúlio Vargas (EE Professor Roldão Lopes de Barros);013.05 - Ext/Etec;Técnico;Gestão e Negócios;Gestão;Administração;Noite;61;40;1,52;
Metropolitana da Grande São Paulo;Metropolitana da Grande São Paulo;São Paulo;Grande São Paulo Sul/Baixada Santista;Etec Getúlio Vargas (EE Professor Roldão Lopes de Barros);013.05 - Ext/Etec;Técnico;Gestão e Negócios;Gestão;Serviços Jurídicos;Noite;52;40;1,30;
Metropolitana da Grande São Paulo;Metropolitana da Grande São Paulo;São Paulo;Grande São Paulo Noroeste;Etec Gildo Marçal Bezerra Brandão;226;Técnico;Gestão e Negócios;Gestão;Administração;Noite;54;40;1,35;
Metropolitana da Grande São Paulo;Metropolitana da Grande São Paulo;São Paulo;Grande São Paulo Noroeste;Etec Gildo Marçal Bezerra Brandão;226;Técnico;Controle e Processos Industriais;Indústria;Automação Industrial;Noite;58;40;1,45;
Metropolitana da Grande São Paulo;Metropolitana da Grande São Paulo;São Paulo;Grande São Paulo Noroeste;Etec Gildo Marçal Bezerra Brandão;226;Integrado;Gestão e Negócios;Gestão;Administração - MTec;Manhã;225;40;5,62;
Metropolitana da Grande São Paulo;Metropolitana da Grande São Paulo;São Paulo;Grande São Paulo Noroeste;Etec Gildo Marçal Bezerra Brandão;226;Integrado;Gestão e Negócios;Gestão;Administração - MTec-PI;Manhã e Tarde;192;80;2,40;
Metropolitana da Grande São Paulo;Metropolitana da Grande São Paulo;São Paulo;Grande São Paulo Noroeste;Etec Gildo Marçal Bezerra Brandão;226;Integrado;Controle e Processos Industriais;Indústria;Automação Industrial - MTec;Tarde;44;40;1,10;
Metropolitana da Grande São Paulo;Metropolitana da Grande São Paulo;São Paulo;Grande São Paulo Noroeste;Etec Gildo Marçal Bezerra Brandão;226;Integrado;Controle e Processos Industriais;Indústria;Automação Industrial - MTec;Manhã;129;40;3,22;
Metropolitana da Grande São Paulo;Metropolitana da Grande São Paulo;São Paulo;Grande São Paulo Noroeste;Etec Gildo Marçal Bezerra Brandão;226;Especialização;Controle e Processos Industriais;Indústria;Automação Predial;Noite;40;40;1,00;
Metropolitana da Grande São Paulo;Metropolitana da Grande São Paulo;São Paulo;Grande São Paulo Noroeste;Etec Gildo Marçal Bezerra Brandão (CEU Perus);226.02 - Etec/Ceu;Técnico;Gestão e Negócios;Gestão;Recursos Humanos;Noite;45;30;1,50;
Metropolitana da Grande São Paulo;Metropolitana da Grande São Paulo;São Paulo;Grande São Paulo Noroeste;Etec Guaracy Silveira;061;Médio;Educação Básica;Educação Básica - Ensino Médio;Ensino Médio com Itinerário Formativo de Ciências Humanas e Sociais Aplicadas;Manhã;209;40;5,22;
Metropolitana da Grande São Paulo;Metropolitana da Grande São Paulo;São Paulo;Grande São Paulo Noroeste;Etec Guaracy Silveira;061;Técnico;Gestão e Negócios;Gestão;Administração;Noite;67;40;1,67;
Metropolitana da Grande São Paulo;Metropolitana da Grande São Paulo;São Paulo;Grande São Paulo Noroeste;Etec Guaracy Silveira;061;Técnico;Produção Cultural e Design;Design;Design de Móveis;Noite;62;40;1,55;
Metropolitana da Grande São Paulo;Metropolitana da Grande São Paulo;São Paulo;Grande São Paulo Noroeste;Etec Guaracy Silveira;061;Técnico;Infraestrutura;Construção Civil;Edificações;Noite;104;40;2,60;
Metropolitana da Grande São Paulo;Metropolitana da Grande São Paulo;São Paulo;Grande São Paulo Noroeste;Etec Guaracy Silveira;061;Técnico;Controle e Processos Industriais;Indústria;Eletroeletrônica;Noite;64;40;1,60;
Metropolitana da Grande São Paulo;Metropolitana da Grande São Paulo;São Paulo;Grande São Paulo Noroeste;Etec Guaracy Silveira;061;Técnico;Gestão e Negócios;Comércio;Marketing;Noite;84;40;2,10;
Metropolitana da Grande São Paulo;Metropolitana da Grande São Paulo;São Paulo;Grande São Paulo Noroeste;Etec Guaracy Silveira;061;Técnico;Ambiente e Saúde;Meio Ambiente;Meio Ambiente;Noite;55;40;1,37;
Metropolitana da Grande São Paulo;Metropolitana da Grande São Paulo;São Paulo;Grande São Paulo Noroeste;Etec Guaracy Silveira;061;Integrado;Gestão e Negócios;Gestão;Administração - MTec-PI;Manhã e Tarde;214;40;5,35;
Metropolitana da Grande São Paulo;Metropolitana da Grande São Paulo;São Paulo;Grande São Paulo Noroeste;Etec Guaracy Silveira;061;Integrado;Produção Cultural e Design;Design;Design de Interiores - MTec;Tarde;218;40;5,45;
Metropolitana da Grande São Paulo;Metropolitana da Grande São Paulo;São Paulo;Grande São Paulo Noroeste;Etec Guaracy Silveira;061;Integrado;Infraestrutura;Construção Civil;Edificações - MTec-PI;Manhã e Tarde;139;40;3,47;
Metropolitana da Grande São Paulo;Metropolitana da Grande São Paulo;São Paulo;Grande São Paulo Noroeste;Etec Guaracy Silveira;061;Integrado;Controle e Processos Industriais;Indústria;Eletrônica - MTec-PI;Manhã e Tarde;103;40;2,57;
Metropolitana da Grande São Paulo;Metropolitana da Grande São Paulo;São Paulo;Grande São Paulo Noroeste;Etec Guaracy Silveira;061;Integrado;Gestão e Negócios;Gestão;Marketing - MTec-PI;Manhã e Tarde;232;40;5,80;
Metropolitana da Grande São Paulo;Metropolitana da Grande São Paulo;São Paulo;Grande São Paulo Noroeste;Etec Guaracy Silveira;061;Integrado;Ambiente e Saúde;Meio Ambiente;Meio Ambiente - MTec-PI;Manhã e Tarde;174;40;4,34;
Metropolitana da Grande São Paulo;Metropolitana da Grande São Paulo;São Paulo;Grande São Paulo Noroeste;Etec Guaracy Silveira;061;Especialização;Ambiente e Saúde;Meio Ambiente;Gestão Ambiental;Noite;37;30;1,23;
Metropolitana da Grande São Paulo;Metropolitana da Grande São Paulo;São Paulo;Grande São Paulo Sul/Baixada Santista;Etec Irmã Agostina;238;Técnico;Gestão e Negócios;Gestão;Administração;Noite;68;40;1,70;
Metropolitana da Grande São Paulo;Metropolitana da Grande São Paulo;São Paulo;Grande São Paulo Sul/Baixada Santista;Etec Irmã Agostina;238;Técnico;Informação e Comunicação;Informática;Desenvolvimento de Sistemas (MNP);Noite;162;40;4,05;
Metropolitana da Grande São Paulo;Metropolitana da Grande São Paulo;São Paulo;Grande São Paulo Sul/Baixada Santista;Etec Irmã Agostina;238;Técnico;Ambiente e Saúde;Saúde;Nutrição e Dietética;Noite;121;40;3,02;
Metropolitana da Grande São Paulo;Metropolitana da Grande São Paulo;São Paulo;Grande São Paulo Sul/Baixada Santista;Etec Irmã Agostina;238;Técnico;Produção Industrial;Química;Química;Noite;86;40;2,15;
Metropolitana da Grande São Paulo;Metropolitana da Grande São Paulo;São Paulo;Grande São Paulo Sul/Baixada Santista;Etec Irmã Agostina;238;Integrado;Gestão e Negócios;Gestão;Administração - MTec-PI;Manhã e Tarde;610;40;15,25;
Metropolitana da Grande São Paulo;Metropolitana da Grande São Paulo;São Paulo;Grande São Paulo Sul/Baixada Santista;Etec Irmã Agostina;238;Integrado;Ambiente e Saúde;Saúde;Nutrição e Dietética - MTec-PI;Manhã e Tarde;362;40;9,05;
Metropolitana da Grande São Paulo;Metropolitana da Grande São Paulo;São Paulo;Grande São Paulo Sul/Baixada Santista;Etec Irmã Agostina;238;Integrado;Produção Industrial;Química;Química - MTec-PI;Manhã e Tarde;267;40;6,67;
Metropolitana da Grande São Paulo;Metropolitana da Grande São Paulo;São Paulo;Grande São Paulo Sul/Baixada Santista;Etec Irmã Agostina (CEU Cidade Dutra);238.04 - Etec/Ceu;Técnico;Gestão e Negócios;Gestão;Administração;Noite;92;30;3,06;
Metropolitana da Grande São Paulo;Metropolitana da Grande São Paulo;São Paulo;Grande São Paulo Sul/Baixada Santista;Etec Irmã Agostina (CEU Cidade Dutra);238.04 - Etec/Ceu;Técnico;Gestão e Negócios;Gestão;Recursos Humanos;Noite;61;30;2,03;
Metropolitana da Grande São Paulo;Metropolitana da Grande São Paulo;São Paulo;Grande São Paulo Sul/Baixada Santista;Etec Irmã Agostina (CEU Vila Rubi - Jornalista Alexandre Kadunc);238.01 - Etec/Ceu;Técnico;Gestão e Negócios;Gestão;Administração;Noite;68;30;2,26;
Metropolitana da Grande São Paulo;Metropolitana da Grande São Paulo;São Paulo;Grande São Paulo Sul/Baixada Santista;Etec Irmã Agostina (CEU Vila Rubi - Jornalista Alexandre Kadunc);238.01 - Etec/Ceu;Técnico;Gestão e Negócios;Comércio;Marketing;Noite;50;30;1,66;
Metropolitana da Grande São Paulo;Metropolitana da Grande São Paulo;São Paulo;Grande São Paulo Sul/Baixada Santista;Etec Irmã Agostina (CEU Vila Rubi - Jornalista Alexandre Kadunc);238.01 - Etec/Ceu;Técnico;Gestão e Negócios;Gestão;Recursos Humanos;Noite;56;30;1,86;
Metropolitana da Grande São Paulo;Metropolitana da Grande São Paulo;São Paulo;Grande São Paulo Leste;Etec Itaquera II;285;Técnico;Gestão e Negócios;Gestão;Administração;Noite;54;40;1,35;
Metropolitana da Grande São Paulo;Metropolitana da Grande São Paulo;São Paulo;Grande São Paulo Leste;Etec Itaquera II;285;Técnico;Produção Cultural e Design;Design;Design de Interiores;Noite;112;40;2,80;
Metropolitana da Grande São Paulo;Metropolitana da Grande São Paulo;São Paulo;Grande São Paulo Leste;Etec Itaquera II;285;Técnico;Infraestrutura;Construção Civil;Edificações;Noite;129;40;3,22;
Metropolitana da Grande São Paulo;Metropolitana da Grande São Paulo;São Paulo;Grande São Paulo Leste;Etec Itaquera II;285;Integrado;Gestão e Negócios;Gestão;Administração - MTec;Manhã;534;40;13,35;
Metropolitana da Grande São Paulo;Metropolitana da Grande São Paulo;São Paulo;Grande São Paulo Leste;Etec Itaquera II;285;Integrado;Gestão e Negócios;Gestão;Administração - MTec;Tarde;154;40;3,85;
Metropolitana da Grande São Paulo;Metropolitana da Grande São Paulo;São Paulo;Grande São Paulo Leste;Etec Itaquera II;285;Integrado;Produção Cultural e Design;Design;Design de Interiores - MTec;Tarde;121;40;3,02;
Metropolitana da Grande São Paulo;Metropolitana da Grande São Paulo;São Paulo;Grande São Paulo Leste;Etec Itaquera II;285;Integrado;Produção Cultural e Design;Design;Design Gráfico - MTec;Manhã;425;40;10,62;
Metropolitana da Grande São Paulo;Metropolitana da Grande São Paulo;São Paulo;Grande São Paulo Leste;Etec Itaquera II;285;Integrado;Infraestrutura;Construção Civil;Edificações - MTec;Tarde;93;40;2,32;
Metropolitana da Grande São Paulo;Metropolitana da Grande São Paulo;São Paulo;Grande São Paulo Leste;Etec Itaquera II;285;Integrado;Infraestrutura;Construção Civil;Edificações - MTec;Manhã;194;40;4,84;
Metropolitana da Grande São Paulo;Metropolitana da Grande São Paulo;São Paulo;Grande São Paulo Noroeste;Etec Jaraguá;228;Técnico;Gestão e Negócios;Gestão;Administração;Tarde;106;40;2,65;
Metropolitana da Grande São Paulo;Metropolitana da Grande São Paulo;São Paulo;Grande São Paulo Noroeste;Etec Jaraguá;228;Técnico;Gestão e Negócios;Gestão;Administração;Noite;98;40;2,45;
Metropolitana da Grande São Paulo;Metropolitana da Grande São Paulo;São Paulo;Grande São Paulo Noroeste;Etec Jaraguá;228;Técnico;Controle e Processos Industriais;Indústria;Eletrotécnica;Noite;89;40;2,22;
Metropolitana da Grande São Paulo;Metropolitana da Grande São Paulo;São Paulo;Grande São Paulo Noroeste;Etec Jaraguá;228;Técnico;Gestão e Negócios;Gestão;Logística;Noite;72;40;1,80;
Metropolitana da Grande São Paulo;Metropolitana da Grande São Paulo;São Paulo;Grande São Paulo Noroeste;Etec Jaraguá;228;Técnico;Informação e Comunicação;Informática;Manutenção e Suporte em Informática;Noite;68;40;1,70;
Metropolitana da Grande São Paulo;Metropolitana da Grande São Paulo;São Paulo;Grande São Paulo Noroeste;Etec Jaraguá;228;Integrado;Controle e Processos Industriais;Indústria;Automação Industrial - MTec;Manhã;183;40;4,57;
Metropolitana da Grande São Paulo;Metropolitana da Grande São Paulo;São Paulo;Grande São Paulo Noroeste;Etec Jaraguá;228;Integrado;Informação e Comunicação;Informática;Desenvolvimento de Sistemas - MTec;Tarde;352;40;8,80;
Metropolitana da Grande São Paulo;Metropolitana da Grande São Paulo;São Paulo;Grande São Paulo Noroeste;Etec Jaraguá;228;Integrado;Controle e Processos Industriais;Indústria;Eletrotécnica - MTec-PI;Manhã e Tarde;95;40;2,37;
Metropolitana da Grande São Paulo;Metropolitana da Grande São Paulo;São Paulo;Grande São Paulo Noroeste;Etec Jaraguá;228;Integrado;Gestão e Negócios;Gestão;Logística - MTec-PI;Manhã e Tarde;184;40;4,59;
Metropolitana da Grande São Paulo;Metropolitana da Grande São Paulo;São Paulo;Grande São Paulo Noroeste;Etec Jaraguá;228;Integrado;Segurança;Saúde;Segurança do Trabalho - MTec;Manhã;189;40;4,72;
Metropolitana da Grande São Paulo;Metropolitana da Grande São Paulo;São Paulo;Grande São Paulo Sul/Baixada Santista;Etec Jardim Ângela;221;Técnico;Gestão e Negócios;Gestão;Contabilidade;Noite;44;40;1,10;
Metropolitana da Grande São Paulo;Metropolitana da Grande São Paulo;São Paulo;Grande São Paulo Sul/Baixada Santista;Etec Jardim Ângela;221;Técnico;Informação e Comunicação;Informática;Desenvolvimento de Sistemas;Noite;185;40;4,62;
Metropolitana da Grande São Paulo;Metropolitana da Grande São Paulo;São Paulo;Grande São Paulo Sul/Baixada Santista;Etec Jardim Ângela;221;Técnico;Gestão e Negócios;Gestão;Recursos Humanos;Noite;87;40;2,17;
Metropolitana da Grande São Paulo;Metropolitana da Grande São Paulo;São Paulo;Grande São Paulo Sul/Baixada Santista;Etec Jardim Ângela;221;Técnico;Segurança;Saúde;Segurança do Trabalho;Noite;55;40;1,37;
Metropolitana da Grande São Paulo;Metropolitana da Grande São Paulo;São Paulo;Grande São Paulo Sul/Baixada Santista;Etec Jardim Ângela;221;Integrado;Gestão e Negócios;Gestão;Administração - MTec-PI;Manhã e Tarde;410;80;5,12;
Metropolitana da Grande São Paulo;Metropolitana da Grande São Paulo;São Paulo;Grande São Paulo Sul/Baixada Santista;Etec Jardim Ângela;221;Integrado;Informação e Comunicação;Informática;Desenvolvimento de Sistemas - MTec-PI ;Manhã e Tarde;595;80;7,43;
Metropolitana da Grande São Paulo;Metropolitana da Grande São Paulo;São Paulo;Grande São Paulo Sul/Baixada Santista;Etec Jardim Ângela (CEU Feitiço da Vila);221.04 - Etec/Ceu;Técnico;Gestão e Negócios;Gestão;Administração;Noite;56;30;1,86;
Metropolitana da Grande São Paulo;Metropolitana da Grande São Paulo;São Paulo;Grande São Paulo Sul/Baixada Santista;Etec Jardim Ângela (CEU Guarapiranga);221.05 - Etec/Ceu;Técnico;Gestão e Negócios;Gestão;Serviços Jurídicos;Noite;80;30;2,66;
Metropolitana da Grande São Paulo;Metropolitana da Grande São Paulo;São Paulo;Grande São Paulo Sul/Baixada Santista;Etec Jardim Ângela (CEU Vila do Sol);221.01 - Etec/Ceu;Técnico;Gestão e Negócios;Gestão;Administração;Noite;105;60;1,75;
Metropolitana da Grande São Paulo;Metropolitana da Grande São Paulo;São Paulo;Grande São Paulo Sul/Baixada Santista;Etec Jardim Ângela (CEU Vila do Sol);221.01 - Etec/Ceu;Técnico;Gestão e Negócios;Gestão;Logística;Noite;29;30;0,96;
Metropolitana da Grande São Paulo;Metropolitana da Grande São Paulo;São Paulo;Grande São Paulo Sul/Baixada Santista;Etec Jorge Street (CEU Parque Bristol) ;011.03 - Etec/Ceu;Técnico;Gestão e Negócios;Gestão;Recursos Humanos;Noite;53;30;1,76;
Metropolitana da Grande São Paulo;Metropolitana da Grande São Paulo;São Paulo;Grande São Paulo Sul/Baixada Santista;Etec Jornalista Roberto Marinho;253;Integrado;Produção Cultural e Design;Design;Design Gráfico - MTec;Manhã;302;40;7,55;
Metropolitana da Grande São Paulo;Metropolitana da Grande São Paulo;São Paulo;Grande São Paulo Sul/Baixada Santista;Etec Jornalista Roberto Marinho;253;Integrado;Informação e Comunicação;Informática;Informática para Internet - MTec;Manhã;286;40;7,15;
Metropolitana da Grande São Paulo;Metropolitana da Grande São Paulo;São Paulo;Grande São Paulo Sul/Baixada Santista;Etec Jornalista Roberto Marinho;253;Integrado;Gestão e Negócios;Comércio;Marketing - MTec;Tarde;167;40;4,17;
Metropolitana da Grande São Paulo;Metropolitana da Grande São Paulo;São Paulo;Grande São Paulo Sul/Baixada Santista;Etec Jornalista Roberto Marinho;253;Integrado;Informação e Comunicação;Informática;Programação de Jogos Digitais - MTec;Tarde;222;40;5,55;
Metropolitana da Grande São Paulo;Metropolitana da Grande São Paulo;São Paulo;Grande São Paulo Leste;Etec José Rocha Mendes;076;Médio;Educação Básica;Educação Básica - Ensino Médio;Ensino Médio com Itinerário Formativo de Ciências Humanas e Sociais Aplicadas;Tarde;61;40;1,52;
Metropolitana da Grande São Paulo;Metropolitana da Grande São Paulo;São Paulo;Grande São Paulo Leste;Etec José Rocha Mendes;076;Técnico;Gestão e Negócios;Gestão;Administração;Noite;50;40;1,25;
Metropolitana da Grande São Paulo;Metropolitana da Grande São Paulo;São Paulo;Grande São Paulo Leste;Etec José Rocha Mendes;076;Técnico;Produção Cultural e Design;Design;Design Gráfico;Noite;152;40;3,80;
Metropolitana da Grande São Paulo;Metropolitana da Grande São Paulo;São Paulo;Grande São Paulo Leste;Etec José Rocha Mendes;076;Técnico;Segurança;Saúde;Segurança do Trabalho;Noite;49;40;1,22;
Metropolitana da Grande São Paulo;Metropolitana da Grande São Paulo;São Paulo;Grande São Paulo Leste;Etec José Rocha Mendes;076;Integrado;Gestão e Negócios;Gestão;Administração - MTec-PI;Manhã e Tarde;123;40;3,07;
Metropolitana da Grande São Paulo;Metropolitana da Grande São Paulo;São Paulo;Grande São Paulo Leste;Etec José Rocha Mendes;076;Integrado;Controle e Processos Industriais;Indústria;Automação Industrial - MTec;Tarde;51;40;1,27;
Metropolitana da Grande São Paulo;Metropolitana da Grande São Paulo;São Paulo;Grande São Paulo Leste;Etec José Rocha Mendes;076;Integrado;Produção Cultural e Design;Design;Design de Moda - MTec;Tarde;156;40;3,90;
Metropolitana da Grande São Paulo;Metropolitana da Grande São Paulo;São Paulo;Grande São Paulo Leste;Etec José Rocha Mendes;076;Integrado;Produção Cultural e Design;Imagem Pessoal;Design Gráfico - MTec-PI;Manhã e Tarde;266;40;6,65;
Metropolitana da Grande São Paulo;Metropolitana da Grande São Paulo;São Paulo;Grande São Paulo Leste;Etec José Rocha Mendes;076;Integrado;Controle e Processos Industriais;Indústria;Eletrotécnica - MTec-N;Noite;28;40;0,70;
Metropolitana da Grande São Paulo;Metropolitana da Grande São Paulo;São Paulo;Grande São Paulo Leste;Etec José Rocha Mendes;076;Integrado;Controle e Processos Industriais;Indústria;Eletrônica - MTec;Manhã;88;40;2,20;
Metropolitana da Grande São Paulo;Metropolitana da Grande São Paulo;São Paulo;Grande São Paulo Leste;Etec José Rocha Mendes;076;Integrado;Produção Cultural e Design;Design;Modelagem do Vestuário - MTec;Manhã;130;40;3,25;
Metropolitana da Grande São Paulo;Metropolitana da Grande São Paulo;São Paulo;Grande São Paulo Leste;Etec José Rocha Mendes (EE Amadeu Amaral);076.03 - Ext/Etec;Técnico;Gestão e Negócios;Gestão;Comércio Exterior;Noite;51;40;1,27;
Metropolitana da Grande São Paulo;Metropolitana da Grande São Paulo;São Paulo;Grande São Paulo Leste;Etec José Rocha Mendes (EE Amadeu Amaral);076.03 - Ext/Etec;Técnico;Gestão e Negócios;Gestão;Contabilidade;Noite;49;40;1,22;
Metropolitana da Grande São Paulo;Metropolitana da Grande São Paulo;São Paulo;Grande São Paulo Leste;Etec José Rocha Mendes (EE Amadeu Amaral);076.03 - Ext/Etec;Técnico;Gestão e Negócios;Gestão;Transações Imobiliárias;Noite;53;40;1,32;
Metropolitana da Grande São Paulo;Metropolitana da Grande São Paulo;São Paulo;Grande São Paulo Leste;Etec José Rocha Mendes (EE Brasílio Machado);076.01 - Ext/Etec;Técnico;Gestão e Negócios;Gestão;Contabilidade;Noite;54;40;1,35;
Metropolitana da Grande São Paulo;Metropolitana da Grande São Paulo;São Paulo;Grande São Paulo Sul/Baixada Santista;Etec Juscelino Kubitschek de Oliveira (CEU Caminho do Mar);166.02 - Etec/Ceu;Técnico;Gestão e Negócios;Gestão;Administração;Noite;90;30;3,00;
Metropolitana da Grande São Paulo;Metropolitana da Grande São Paulo;São Paulo;Grande São Paulo Sul/Baixada Santista;Etec Juscelino Kubitschek de Oliveira (CEU Caminho do Mar);166.02 - Etec/Ceu;Técnico;Gestão e Negócios;Gestão;Finanças;Noite;45;30;1,50;
Metropolitana da Grande São Paulo;Metropolitana da Grande São Paulo;São Paulo;Grande São Paulo Sul/Baixada Santista;Etec Juscelino Kubitschek de Oliveira (CEU Caminho do Mar);166.02 - Etec/Ceu;Técnico;Gestão e Negócios;Gestão;Recursos Humanos;Noite;51;30;1,70;
Metropolitana da Grande São Paulo;Metropolitana da Grande São Paulo;São Paulo;Grande São Paulo Noroeste;Etec Mandaqui;247;Técnico;Infraestrutura;Construção Civil;Edificações;Noite;73;40;1,82;
Metropolitana da Grande São Paulo;Metropolitana da Grande São Paulo;São Paulo;Grande São Paulo Noroeste;Etec Mandaqui;247;Técnico;Ambiente e Saúde;Saúde;Enfermagem;Manhã;244;40;6,10;
Metropolitana da Grande São Paulo;Metropolitana da Grande São Paulo;São Paulo;Grande São Paulo Noroeste;Etec Mandaqui;247;Técnico;Ambiente e Saúde;Saúde;Nutrição e Dietética;Noite;114;40;2,85;
Metropolitana da Grande São Paulo;Metropolitana da Grande São Paulo;São Paulo;Grande São Paulo Noroeste;Etec Mandaqui;247;Integrado;Gestão e Negócios;Gestão;Administração - MTec-PI;Manhã e Tarde;333;40;8,32;
Metropolitana da Grande São Paulo;Metropolitana da Grande São Paulo;São Paulo;Grande São Paulo Noroeste;Etec Mandaqui;247;Integrado;Infraestrutura;Construção Civil;Edificações - MTec-PI;Manhã e Tarde;149;40;3,72;
Metropolitana da Grande São Paulo;Metropolitana da Grande São Paulo;São Paulo;Grande São Paulo Noroeste;Etec Mandaqui;247;Integrado;Ambiente e Saúde;Saúde;Nutrição e Dietética - MTec-PI;Manhã e Tarde;368;40;9,19;
Metropolitana da Grande São Paulo;Metropolitana da Grande São Paulo;São Paulo;Grande São Paulo Leste;Etec Martin Luther King;085;Técnico;Gestão e Negócios;Gestão;Administração;Noite;72;40;1,80;
Metropolitana da Grande São Paulo;Metropolitana da Grande São Paulo;São Paulo;Grande São Paulo Leste;Etec Martin Luther King;085;Técnico;Controle e Processos Industriais;Indústria;Automação Industrial;Noite;59;40;1,47;
Metropolitana da Grande São Paulo;Metropolitana da Grande São Paulo;São Paulo;Grande São Paulo Leste;Etec Martin Luther King;085;Técnico;Controle e Processos Industriais;Indústria;Manutenção Automotiva;Noite;112;40;2,80;
Metropolitana da Grande São Paulo;Metropolitana da Grande São Paulo;São Paulo;Grande São Paulo Leste;Etec Martin Luther King;085;Técnico;Gestão e Negócios;Comércio;Marketing;Noite;124;40;3,10;
Metropolitana da Grande São Paulo;Metropolitana da Grande São Paulo;São Paulo;Grande São Paulo Leste;Etec Martin Luther King;085;Técnico;Controle e Processos Industriais;Indústria;Mecatrônica;Noite;90;40;2,25;
Metropolitana da Grande São Paulo;Metropolitana da Grande São Paulo;São Paulo;Grande São Paulo Leste;Etec Martin Luther King;085;Técnico;Controle e Processos Industriais;Indústria;Mecânica;Noite;71;40;1,77;
Metropolitana da Grande São Paulo;Metropolitana da Grande São Paulo;São Paulo;Grande São Paulo Leste;Etec Martin Luther King;085;Técnico;Gestão e Negócios;Gestão;Serviços Jurídicos;Noite;78;40;1,95;
Metropolitana da Grande São Paulo;Metropolitana da Grande São Paulo;São Paulo;Grande São Paulo Leste;Etec Martin Luther King;085;Integrado;Gestão e Negócios;Gestão;Administração - MTec-PI;Manhã e Tarde;259;40;6,47;
Metropolitana da Grande São Paulo;Metropolitana da Grande São Paulo;São Paulo;Grande São Paulo Leste;Etec Martin Luther King;085;Integrado;Controle e Processos Industriais;Indústria;Automação Industrial - MTec-PI;Manhã e Tarde;158;40;3,95;
Metropolitana da Grande São Paulo;Metropolitana da Grande São Paulo;São Paulo;Grande São Paulo Leste;Etec Martin Luther King;085;Integrado;Gestão e Negócios;Gestão;Marketing - MTec-PI;Manhã e Tarde;353;40;8,82;
Metropolitana da Grande São Paulo;Metropolitana da Grande São Paulo;São Paulo;Grande São Paulo Leste;Etec Martin Luther King;085;Integrado;Controle e Processos Industriais;Indústria;Mecatrônica - MTec;Tarde;283;40;7,07;
Metropolitana da Grande São Paulo;Metropolitana da Grande São Paulo;São Paulo;Grande São Paulo Leste;Etec Martin Luther King;085;Integrado;Controle e Processos Industriais;Indústria;Mecatrônica - MTec-PI;Manhã e Tarde;250;40;6,25;
Metropolitana da Grande São Paulo;Metropolitana da Grande São Paulo;São Paulo;Grande São Paulo Leste;Etec Parque Belém;220;Técnico;Informação e Comunicação;Informática;Informática para Internet;Tarde;64;40;1,60;
Metropolitana da Grande São Paulo;Metropolitana da Grande São Paulo;São Paulo;Grande São Paulo Leste;Etec Parque Belém;220;Técnico;Ambiente e Saúde;Saúde;Nutrição e Dietética (MNP);Noite;71;40;1,77;
Metropolitana da Grande São Paulo;Metropolitana da Grande São Paulo;São Paulo;Grande São Paulo Leste;Etec Parque Belém;220;Técnico;Produção Industrial;Química;Química (MNP);Noite;54;40;1,35;
Metropolitana da Grande São Paulo;Metropolitana da Grande São Paulo;São Paulo;Grande São Paulo Leste;Etec Parque Belém;220;Técnico;Segurança;Saúde;Segurança do Trabalho (MNP);Noite;70;40;1,75;
Metropolitana da Grande São Paulo;Metropolitana da Grande São Paulo;São Paulo;Grande São Paulo Leste;Etec Parque Belém;220;Integrado;Gestão e Negócios;Gestão;Administração - MTec;Tarde;157;40;3,92;
Metropolitana da Grande São Paulo;Metropolitana da Grande São Paulo;São Paulo;Grande São Paulo Leste;Etec Parque Belém;220;Integrado;Informação e Comunicação;Informática;Desenvolvimento de Sistemas - MTec;Tarde;293;40;7,32;
Metropolitana da Grande São Paulo;Metropolitana da Grande São Paulo;São Paulo;Grande São Paulo Leste;Etec Parque Belém;220;Integrado;Turismo, Hospitalidade e Lazer;Lazer e Desenvolvimento Social;Eventos - MTec;Manhã;109;40;2,72;
Metropolitana da Grande São Paulo;Metropolitana da Grande São Paulo;São Paulo;Grande São Paulo Leste;Etec Parque Belém;220;Integrado;Informação e Comunicação;Informática;Informática para Internet - MTec;Manhã;313;40;7,82;
Metropolitana da Grande São Paulo;Metropolitana da Grande São Paulo;São Paulo;Grande São Paulo Leste;Etec Parque Belém;220;Integrado;Ambiente e Saúde;Saúde;Nutrição e Dietética - MTec;Manhã;302;40;7,55;
Metropolitana da Grande São Paulo;Metropolitana da Grande São Paulo;São Paulo;Grande São Paulo Leste;Etec Parque Belém;220;Integrado;Ambiente e Saúde;Saúde;Nutrição e Dietética - MTec;Tarde;121;40;3,02;
Metropolitana da Grande São Paulo;Metropolitana da Grande São Paulo;São Paulo;Grande São Paulo Leste;Etec Parque Belém;220;Integrado;Produção Industrial;Química;Química - MTec;Tarde;165;40;4,12;
Metropolitana da Grande São Paulo;Metropolitana da Grande São Paulo;São Paulo;Grande São Paulo Noroeste;Etec Parque da Juventude;159;Técnico;Gestão e Negócios;Gestão;Administração;Noite;98;40;2,45;
Metropolitana da Grande São Paulo;Metropolitana da Grande São Paulo;São Paulo;Grande São Paulo Noroeste;Etec Parque da Juventude;159;Técnico;Desenvolvimento Educacional e Social;Lazer e Desenvolvimento Social;Arquivo;Noite;61;40;1,52;
Metropolitana da Grande São Paulo;Metropolitana da Grande São Paulo;São Paulo;Grande São Paulo Noroeste;Etec Parque da Juventude;159;Técnico;Desenvolvimento Educacional e Social;Lazer e Desenvolvimento Social;Biblioteconomia;Noite;103;40;2,57;
Metropolitana da Grande São Paulo;Metropolitana da Grande São Paulo;São Paulo;Grande São Paulo Noroeste;Etec Parque da Juventude;159;Técnico;Ambiente e Saúde;Saúde;Enfermagem;Tarde;193;40;4,82;
Metropolitana da Grande São Paulo;Metropolitana da Grande São Paulo;São Paulo;Grande São Paulo Noroeste;Etec Parque da Juventude;159;Técnico;Gestão e Negócios;Gestão;Logística;Noite;60;40;1,50;
Metropolitana da Grande São Paulo;Metropolitana da Grande São Paulo;São Paulo;Grande São Paulo Noroeste;Etec Parque da Juventude;159;Integrado;Gestão e Negócios;Gestão;Administração - MTec;Manhã;432;40;10,80;
Metropolitana da Grande São Paulo;Metropolitana da Grande São Paulo;São Paulo;Grande São Paulo Noroeste;Etec Parque da Juventude;159;Integrado;Gestão e Negócios;Gestão;Administração - MTec;Tarde;120;40;3,00;
Metropolitana da Grande São Paulo;Metropolitana da Grande São Paulo;São Paulo;Grande São Paulo Noroeste;Etec Parque da Juventude;159;Integrado;Informação e Comunicação;Informática;Desenvolvimento de Sistemas - MTec;Manhã;573;40;14,32;
Metropolitana da Grande São Paulo;Metropolitana da Grande São Paulo;São Paulo;Grande São Paulo Noroeste;Etec Parque da Juventude;159;Integrado;Informação e Comunicação;Informática;Programação de Jogos Digitais - MTec;Tarde;266;40;6,65;
Metropolitana da Grande São Paulo;Metropolitana da Grande São Paulo;São Paulo;Grande São Paulo Noroeste;Etec Parque da Juventude;159;Integrado;Gestão e Negócios;Gestão;Recursos Humanos - MTec;Manhã;224;40;5,60;
Metropolitana da Grande São Paulo;Metropolitana da Grande São Paulo;São Paulo;Grande São Paulo Noroeste;Etec Parque da Juventude (CEU Jaçanã);159.02 - Etec/Ceu;Técnico;Gestão e Negócios;Gestão;Administração;Noite;69;30;2,29;
Metropolitana da Grande São Paulo;Metropolitana da Grande São Paulo;São Paulo;Grande São Paulo Noroeste;Etec Parque da Juventude (EMEFM Prof. Derville Allegretti);159.04 - Ext/Etec;Técnico;Gestão e Negócios;Gestão;Serviços Jurídicos;Noite;62;30;2,06;
Metropolitana da Grande São Paulo;Metropolitana da Grande São Paulo;São Paulo;Grande São Paulo Noroeste;Etec Paulistano;229;Técnico;Gestão e Negócios;Gestão;Administração;Noite;79;40;1,97;
Metropolitana da Grande São Paulo;Metropolitana da Grande São Paulo;São Paulo;Grande São Paulo Noroeste;Etec Paulistano;229;Técnico;Informação e Comunicação;Informática;Desenvolvimento de Sistemas;Noite;147;40;3,67;
Metropolitana da Grande São Paulo;Metropolitana da Grande São Paulo;São Paulo;Grande São Paulo Noroeste;Etec Paulistano;229;Técnico;Produção Industrial;Química;Química;Noite;48;40;1,20;
Metropolitana da Grande São Paulo;Metropolitana da Grande São Paulo;São Paulo;Grande São Paulo Noroeste;Etec Paulistano;229;Integrado;Gestão e Negócios;Gestão;Administração - MTec;Tarde;174;40;4,34;
Metropolitana da Grande São Paulo;Metropolitana da Grande São Paulo;São Paulo;Grande São Paulo Noroeste;Etec Paulistano;229;Integrado;Informação e Comunicação;Informática;Desenvolvimento de Sistemas - MTec;Manhã;325;40;8,12;
Metropolitana da Grande São Paulo;Metropolitana da Grande São Paulo;São Paulo;Grande São Paulo Noroeste;Etec Paulistano;229;Integrado;Ambiente e Saúde;Meio Ambiente;Meio Ambiente - MTec;Manhã;103;40;2,57;
Metropolitana da Grande São Paulo;Metropolitana da Grande São Paulo;São Paulo;Grande São Paulo Noroeste;Etec Paulistano;229;Integrado;Produção Industrial;Química;Química - MTec;Tarde;94;40;2,35;
Metropolitana da Grande São Paulo;Metropolitana da Grande São Paulo;São Paulo;Grande São Paulo Noroeste;Etec Paulistano;229;Integrado;Gestão e Negócios;Gestão;Recursos Humanos - MTec;Tarde;99;40;2,47;
Metropolitana da Grande São Paulo;Metropolitana da Grande São Paulo;São Paulo;Grande São Paulo Leste;Etec Professor Adhemar Batista Heméritas;207;Técnico;Gestão e Negócios;Gestão;Comércio Exterior;Noite;63;40;1,57;
Metropolitana da Grande São Paulo;Metropolitana da Grande São Paulo;São Paulo;Grande São Paulo Leste;Etec Professor Adhemar Batista Heméritas;207;Técnico;Informação e Comunicação;Informática;Desenvolvimento de Sistemas;Noite;70;40;1,75;
Metropolitana da Grande São Paulo;Metropolitana da Grande São Paulo;São Paulo;Grande São Paulo Leste;Etec Professor Adhemar Batista Heméritas;207;Técnico;Controle e Processos Industriais;Indústria;Eletrotécnica;Noite;47;40;1,17;
Metropolitana da Grande São Paulo;Metropolitana da Grande São Paulo;São Paulo;Grande São Paulo Leste;Etec Professor Adhemar Batista Heméritas;207;Técnico;Ambiente e Saúde;Saúde;Farmácia;Tarde;73;40;1,82;
Metropolitana da Grande São Paulo;Metropolitana da Grande São Paulo;São Paulo;Grande São Paulo Leste;Etec Professor Adhemar Batista Heméritas;207;Técnico;Ambiente e Saúde;Saúde;Farmácia;Noite;112;40;2,80;
Metropolitana da Grande São Paulo;Metropolitana da Grande São Paulo;São Paulo;Grande São Paulo Leste;Etec Professor Adhemar Batista Heméritas;207;Integrado;Gestão e Negócios;Gestão;Administração - MTec;Tarde;98;40;2,45;
Metropolitana da Grande São Paulo;Metropolitana da Grande São Paulo;São Paulo;Grande São Paulo Leste;Etec Professor Adhemar Batista Heméritas;207;Integrado;Gestão e Negócios;Gestão;Administração - MTec-N;Noite;63;40;1,57;
Metropolitana da Grande São Paulo;Metropolitana da Grande São Paulo;São Paulo;Grande São Paulo Leste;Etec Professor Adhemar Batista Heméritas;207;Integrado;Controle e Processos Industriais;Indústria;Eletrônica - MTec;Manhã;81;40;2,02;
Metropolitana da Grande São Paulo;Metropolitana da Grande São Paulo;São Paulo;Grande São Paulo Leste;Etec Professor Adhemar Batista Heméritas;207;Integrado;Informação e Comunicação;Informática;Informática para Internet - MTec;Manhã;134;40;3,35;
Metropolitana da Grande São Paulo;Metropolitana da Grande São Paulo;São Paulo;Grande São Paulo Leste;Etec Professor Adhemar Batista Heméritas;207;Integrado;Gestão e Negócios;Comércio;Marketing - MTec;Manhã;157;40;3,92;
Metropolitana da Grande São Paulo;Metropolitana da Grande São Paulo;São Paulo;Grande São Paulo Leste;Etec Professor Adhemar Batista Heméritas;207;Integrado;Informação e Comunicação;Informática;Programação de Jogos Digitais - MTec;Tarde;95;40;2,37;
Metropolitana da Grande São Paulo;Metropolitana da Grande São Paulo;São Paulo;Grande São Paulo Leste;Etec Professor Adhemar Batista Heméritas;207;Integrado;Gestão e Negócios;Gestão;Recursos Humanos - MTec;Manhã;89;40;2,22;
Metropolitana da Grande São Paulo;Metropolitana da Grande São Paulo;São Paulo;Grande São Paulo Noroeste;Etec Professor André Bogasian (CEU Jaguaré);149.02 - Etec/Ceu;Técnico;Gestão e Negócios;Gestão;Administração;Noite;43;30;1,43;
Metropolitana da Grande São Paulo;Metropolitana da Grande São Paulo;São Paulo;Grande São Paulo Leste;Etec Professor Aprígio Gonzaga;034;Técnico;Gestão e Negócios;Gestão;Administração;Noite;56;40;1,40;
Metropolitana da Grande São Paulo;Metropolitana da Grande São Paulo;São Paulo;Grande São Paulo Leste;Etec Professor Aprígio Gonzaga;034;Técnico;Segurança;Saúde;Segurança do Trabalho;Noite;87;40;2,17;
Metropolitana da Grande São Paulo;Metropolitana da Grande São Paulo;São Paulo;Grande São Paulo Leste;Etec Professor Aprígio Gonzaga;034;Integrado;Gestão e Negócios;Gestão;Administração - MTec;Manhã;293;40;7,32;
Metropolitana da Grande São Paulo;Metropolitana da Grande São Paulo;São Paulo;Grande São Paulo Leste;Etec Professor Aprígio Gonzaga;034;Integrado;Controle e Processos Industriais;Indústria;Eletromecânica - MTec;Tarde;70;40;1,75;
Metropolitana da Grande São Paulo;Metropolitana da Grande São Paulo;São Paulo;Grande São Paulo Leste;Etec Professor Aprígio Gonzaga;034;Integrado;Controle e Processos Industriais;Indústria;Eletrônica - MTec;Manhã;143;40;3,57;
Metropolitana da Grande São Paulo;Metropolitana da Grande São Paulo;São Paulo;Grande São Paulo Leste;Etec Professor Aprígio Gonzaga;034;Integrado;Turismo, Hospitalidade e Lazer;Turismo e Hospitalidade;Guia de Turismo - MTec;Tarde;85;40;2,12;
Metropolitana da Grande São Paulo;Metropolitana da Grande São Paulo;São Paulo;Grande São Paulo Leste;Etec Professor Aprígio Gonzaga;034;Integrado;Gestão e Negócios;Gestão;Logística - MTec;Manhã;99;40;2,47;
Metropolitana da Grande São Paulo;Metropolitana da Grande São Paulo;São Paulo;Grande São Paulo Leste;Etec Professor Aprígio Gonzaga;034;Integrado;Gestão e Negócios;Gestão;Secretariado - MTec;Manhã;58;40;1,45;
Metropolitana da Grande São Paulo;Metropolitana da Grande São Paulo;São Paulo;Grande São Paulo Leste;Etec Professor Aprígio Gonzaga;034;Integrado;Segurança;Saúde;Segurança do Trabalho - MTec;Manhã;98;40;2,45;
Metropolitana da Grande São Paulo;Metropolitana da Grande São Paulo;São Paulo;Grande São Paulo Leste;Etec Professor Aprígio Gonzaga;034;Especialização;Turismo, Hospitalidade e Lazer;Turismo e Hospitalidade;Guia de Turismo Internacional ;Noite;31;20;1,55;
Metropolitana da Grande São Paulo;Metropolitana da Grande São Paulo;São Paulo;Grande São Paulo Leste;Etec Professor Aprígio Gonzaga (CEU Quinta do Sol);034.03 - Etec/Ceu;Técnico;Gestão e Negócios;Gestão;Administração;Noite;63;35;1,80;
Metropolitana da Grande São Paulo;Metropolitana da Grande São Paulo;São Paulo;Grande São Paulo Leste;Etec Professor Aprígio Gonzaga (CEU Quinta do Sol);034.03 - Etec/Ceu;Técnico;Informação e Comunicação;Informática;Informática;Noite;87;35;2,48;
Metropolitana da Grande São Paulo;Metropolitana da Grande São Paulo;São Paulo;Grande São Paulo Leste;Etec Professor Aprígio Gonzaga (EE Esther Frankel Sampaio);034.05 - Ext/Etec;Técnico;Informação e Comunicação;Informática;Desenvolvimento de Sistemas;Noite;89;40;2,22;
Metropolitana da Grande São Paulo;Metropolitana da Grande São Paulo;São Paulo;Grande São Paulo Leste;Etec Professor Aprígio Gonzaga (EE Esther Frankel Sampaio);034.05 - Ext/Etec;Técnico;Gestão e Negócios;Gestão;Recursos Humanos;Noite;51;40;1,27;
Metropolitana da Grande São Paulo;Metropolitana da Grande São Paulo;São Paulo;Grande São Paulo Noroeste;Etec Professor Basílides de Godoy;041;Técnico;Gestão e Negócios;Gestão;Administração;Noite;45;40;1,12;
Metropolitana da Grande São Paulo;Metropolitana da Grande São Paulo;São Paulo;Grande São Paulo Noroeste;Etec Professor Basílides de Godoy;041;Técnico;Informação e Comunicação;Informática;Desenvolvimento de Sistemas;Tarde;125;40;3,12;
Metropolitana da Grande São Paulo;Metropolitana da Grande São Paulo;São Paulo;Grande São Paulo Noroeste;Etec Professor Basílides de Godoy;041;Técnico;Controle e Processos Industriais;Indústria;Eletrotécnica;Noite;130;40;3,25;
Metropolitana da Grande São Paulo;Metropolitana da Grande São Paulo;São Paulo;Grande São Paulo Noroeste;Etec Professor Basílides de Godoy;041;Técnico;Controle e Processos Industriais;Indústria;Mecatrônica;Noite;80;40;2,00;
Metropolitana da Grande São Paulo;Metropolitana da Grande São Paulo;São Paulo;Grande São Paulo Noroeste;Etec Professor Basílides de Godoy;041;Técnico;Controle e Processos Industriais;Indústria;Mecânica;Noite;60;40;1,50;
Metropolitana da Grande São Paulo;Metropolitana da Grande São Paulo;São Paulo;Grande São Paulo Noroeste;Etec Professor Basílides de Godoy;041;Integrado;Gestão e Negócios;Gestão;Administração - MTec;Tarde;90;40;2,25;
Metropolitana da Grande São Paulo;Metropolitana da Grande São Paulo;São Paulo;Grande São Paulo Noroeste;Etec Professor Basílides de Godoy;041;Integrado;Gestão e Negócios;Gestão;Administração - MTec;Manhã;317;40;7,92;
Metropolitana da Grande São Paulo;Metropolitana da Grande São Paulo;São Paulo;Grande São Paulo Noroeste;Etec Professor Basílides de Godoy;041;Integrado;Informação e Comunicação;Informática;Desenvolvimento de Sistemas - MTec;Manhã;507;40;12,67;
Metropolitana da Grande São Paulo;Metropolitana da Grande São Paulo;São Paulo;Grande São Paulo Noroeste;Etec Professor Basílides de Godoy;041;Integrado;Gestão e Negócios;Gestão;Logística - MTec;Manhã;127;40;3,17;
Metropolitana da Grande São Paulo;Metropolitana da Grande São Paulo;São Paulo;Grande São Paulo Noroeste;Etec Professor Basílides de Godoy;041;Integrado;Gestão e Negócios;Comércio;Marketing - MTec;Manhã;256;40;6,40;
Metropolitana da Grande São Paulo;Metropolitana da Grande São Paulo;São Paulo;Grande São Paulo Noroeste;Etec Professor Basílides de Godoy;041;Integrado;Controle e Processos Industriais;Indústria;Mecatrônica - MTec;Manhã;173;40;4,32;
Metropolitana da Grande São Paulo;Metropolitana da Grande São Paulo;São Paulo;Grande São Paulo Noroeste;Etec Professor Basílides de Godoy;041;Integrado;Controle e Processos Industriais;Indústria;Mecatrônica - MTec;Tarde;91;40;2,27;
Metropolitana da Grande São Paulo;Metropolitana da Grande São Paulo;São Paulo;Grande São Paulo Noroeste;Etec Professor Basílides de Godoy;041;Integrado;Informação e Comunicação;Informática;Programação de Jogos Digitais - MTec;Manhã;233;40;5,82;
Metropolitana da Grande São Paulo;Metropolitana da Grande São Paulo;São Paulo;Grande São Paulo Noroeste;Etec Professor Basílides de Godoy;041;Integrado;Gestão e Negócios;Gestão;Recursos Humanos - MTec;Tarde;77;40;1,92;
Metropolitana da Grande São Paulo;Metropolitana da Grande São Paulo;São Paulo;Grande São Paulo Noroeste;Etec Professor Basílides de Godoy (CEU Parque Anhanguera);041.03 - Etec/Ceu;Técnico;Gestão e Negócios;Gestão;Administração;Noite;69;35;1,97;
Metropolitana da Grande São Paulo;Metropolitana da Grande São Paulo;São Paulo;Grande São Paulo Noroeste;Etec Professor Basílides de Godoy (CEU Parque Anhanguera);041.03 - Etec/Ceu;Técnico;Gestão e Negócios;Gestão;Logística;Noite;60;35;1,71;
Metropolitana da Grande São Paulo;Metropolitana da Grande São Paulo;São Paulo;Grande São Paulo Noroeste;Etec Professor Basílides de Godoy (CEU Parque Anhanguera);041.03 - Etec/Ceu;Técnico;Gestão e Negócios;Gestão;Recursos Humanos;Noite;57;35;1,62;
Metropolitana da Grande São Paulo;Metropolitana da Grande São Paulo;São Paulo;Grande São Paulo Leste;Etec Professor Camargo Aranha;012;Técnico;Informação e Comunicação;Informática;Desenvolvimento de Sistemas;Noite;148;40;3,70;
Metropolitana da Grande São Paulo;Metropolitana da Grande São Paulo;São Paulo;Grande São Paulo Leste;Etec Professor Camargo Aranha;012;Técnico;Gestão e Negócios;Gestão;Finanças;Noite;79;40;1,97;
Metropolitana da Grande São Paulo;Metropolitana da Grande São Paulo;São Paulo;Grande São Paulo Leste;Etec Professor Camargo Aranha;012;Técnico;Turismo, Hospitalidade e Lazer;Turismo e Hospitalidade;Gastronomia;Noite;111;40;2,77;
Metropolitana da Grande São Paulo;Metropolitana da Grande São Paulo;São Paulo;Grande São Paulo Leste;Etec Professor Camargo Aranha;012;Técnico;Gestão e Negócios;Comércio;Marketing;Noite;68;40;1,70;
Metropolitana da Grande São Paulo;Metropolitana da Grande São Paulo;São Paulo;Grande São Paulo Leste;Etec Professor Camargo Aranha;012;Técnico;Ambiente e Saúde;Saúde;Nutrição e Dietética;Noite;69;40;1,72;
Metropolitana da Grande São Paulo;Metropolitana da Grande São Paulo;São Paulo;Grande São Paulo Leste;Etec Professor Camargo Aranha;012;Integrado;Gestão e Negócios;Gestão;Administração - MTec;Tarde;78;40;1,95;
Metropolitana da Grande São Paulo;Metropolitana da Grande São Paulo;São Paulo;Grande São Paulo Leste;Etec Professor Camargo Aranha;012;Integrado;Gestão e Negócios;Gestão;Administração - MTec;Manhã;220;40;5,50;
Metropolitana da Grande São Paulo;Metropolitana da Grande São Paulo;São Paulo;Grande São Paulo Leste;Etec Professor Camargo Aranha;012;Integrado;Gestão e Negócios;Gestão;Contabilidade - MTec;Manhã;121;40;3,02;
Metropolitana da Grande São Paulo;Metropolitana da Grande São Paulo;São Paulo;Grande São Paulo Leste;Etec Professor Camargo Aranha;012;Integrado;Informação e Comunicação;Informática;Desenvolvimento de Sistemas - MTec;Manhã;584;40;14,60;
Metropolitana da Grande São Paulo;Metropolitana da Grande São Paulo;São Paulo;Grande São Paulo Leste;Etec Professor Camargo Aranha;012;Integrado;Informação e Comunicação;Informática;Desenvolvimento de Sistemas - MTec;Tarde;174;40;4,34;
Metropolitana da Grande São Paulo;Metropolitana da Grande São Paulo;São Paulo;Grande São Paulo Leste;Etec Professor Camargo Aranha;012;Integrado;Turismo, Hospitalidade e Lazer;Lazer e Desenvolvimento Social;Eventos - MTec;Manhã;57;40;1,42;
Metropolitana da Grande São Paulo;Metropolitana da Grande São Paulo;São Paulo;Grande São Paulo Leste;Etec Professor Camargo Aranha;012;Integrado;Gestão e Negócios;Gestão;Finanças - MTec;Tarde;100;40;2,50;
Metropolitana da Grande São Paulo;Metropolitana da Grande São Paulo;São Paulo;Grande São Paulo Leste;Etec Professor Camargo Aranha;012;Integrado;Turismo, Hospitalidade e Lazer;Turismo e Hospitalidade;Gastronomia - MTec;Tarde;201;40;5,02;
Metropolitana da Grande São Paulo;Metropolitana da Grande São Paulo;São Paulo;Grande São Paulo Leste;Etec Professor Camargo Aranha;012;Integrado;Turismo, Hospitalidade e Lazer;Turismo e Hospitalidade;Guia de Turismo - MTec;Manhã;92;40;2,29;
Metropolitana da Grande São Paulo;Metropolitana da Grande São Paulo;São Paulo;Grande São Paulo Leste;Etec Professor Camargo Aranha;012;Integrado;Gestão e Negócios;Comércio;Marketing - MTec;Manhã;307;40;7,67;
Metropolitana da Grande São Paulo;Metropolitana da Grande São Paulo;São Paulo;Grande São Paulo Leste;Etec Professor Camargo Aranha;012;Integrado;Ambiente e Saúde;Saúde;Nutrição e Dietética - MTec;Tarde;123;40;3,07;
Metropolitana da Grande São Paulo;Metropolitana da Grande São Paulo;São Paulo;Grande São Paulo Leste;Etec Professor Camargo Aranha;012;Integrado;Ambiente e Saúde;Saúde;Nutrição e Dietética - MTec;Manhã;284;40;7,10;
Metropolitana da Grande São Paulo;Metropolitana da Grande São Paulo;São Paulo;Grande São Paulo Leste;Etec Professor Camargo Aranha;012;Integrado;Gestão e Negócios;Gestão;Serviços Públicos - MTec;Tarde;33;40;0,82;
Metropolitana da Grande São Paulo;Metropolitana da Grande São Paulo;São Paulo;Grande São Paulo Leste;Etec Professor Horácio Augusto da Silveira;064;Médio;Educação Básica;Educação Básica - Ensino Médio;Ensino Médio com Itinerário Formativo de Ciências Humanas e Sociais Aplicadas;Manhã;109;40;2,72;
Metropolitana da Grande São Paulo;Metropolitana da Grande São Paulo;São Paulo;Grande São Paulo Leste;Etec Professor Horácio Augusto da Silveira;064;Técnico;Gestão e Negócios;Gestão;Administração;Noite;68;40;1,70;
Metropolitana da Grande São Paulo;Metropolitana da Grande São Paulo;São Paulo;Grande São Paulo Leste;Etec Professor Horácio Augusto da Silveira;064;Técnico;Gestão e Negócios;Gestão;Administração;Tarde;56;40;1,40;
Metropolitana da Grande São Paulo;Metropolitana da Grande São Paulo;São Paulo;Grande São Paulo Leste;Etec Professor Horácio Augusto da Silveira;064;Técnico;Gestão e Negócios;Gestão;Contabilidade;Noite;52;40;1,30;
Metropolitana da Grande São Paulo;Metropolitana da Grande São Paulo;São Paulo;Grande São Paulo Leste;Etec Professor Horácio Augusto da Silveira;064;Técnico;Informação e Comunicação;Informática;Desenvolvimento de Sistemas;Noite;159;40;3,97;
Metropolitana da Grande São Paulo;Metropolitana da Grande São Paulo;São Paulo;Grande São Paulo Leste;Etec Professor Horácio Augusto da Silveira;064;Técnico;Controle e Processos Industriais;Indústria;Eletromecânica;Noite;49;40;1,22;
Metropolitana da Grande São Paulo;Metropolitana da Grande São Paulo;São Paulo;Grande São Paulo Leste;Etec Professor Horácio Augusto da Silveira;064;Técnico;Controle e Processos Industriais;Indústria;Eletrotécnica;Noite;79;40;1,97;
Metropolitana da Grande São Paulo;Metropolitana da Grande São Paulo;São Paulo;Grande São Paulo Leste;Etec Professor Horácio Augusto da Silveira;064;Técnico;Ambiente e Saúde;Saúde;Equipamentos Biomédicos;Noite;94;40;2,35;
Metropolitana da Grande São Paulo;Metropolitana da Grande São Paulo;São Paulo;Grande São Paulo Leste;Etec Professor Horácio Augusto da Silveira;064;Técnico;Gestão e Negócios;Gestão;Recursos Humanos;Noite;50;40;1,25;
Metropolitana da Grande São Paulo;Metropolitana da Grande São Paulo;São Paulo;Grande São Paulo Leste;Etec Professor Horácio Augusto da Silveira;064;Técnico;Controle e Processos Industriais;Indústria;Sistemas de Energia Renovável;Noite;52;40;1,30;
Metropolitana da Grande São Paulo;Metropolitana da Grande São Paulo;São Paulo;Grande São Paulo Leste;Etec Professor Horácio Augusto da Silveira;064;Integrado;Gestão e Negócios;Gestão;Administração - MTec;Tarde;86;40;2,15;
Metropolitana da Grande São Paulo;Metropolitana da Grande São Paulo;São Paulo;Grande São Paulo Leste;Etec Professor Horácio Augusto da Silveira;064;Integrado;Gestão e Negócios;Gestão;Administração - MTec;Manhã;253;40;6,32;
Metropolitana da Grande São Paulo;Metropolitana da Grande São Paulo;São Paulo;Grande São Paulo Leste;Etec Professor Horácio Augusto da Silveira;064;Integrado;Gestão e Negócios;Gestão;Administração - MTec-N;Noite;47;40;1,17;
Metropolitana da Grande São Paulo;Metropolitana da Grande São Paulo;São Paulo;Grande São Paulo Leste;Etec Professor Horácio Augusto da Silveira;064;Integrado;Informação e Comunicação;Informática;Desenvolvimento de Sistemas - MTec;Tarde;184;40;4,59;
Metropolitana da Grande São Paulo;Metropolitana da Grande São Paulo;São Paulo;Grande São Paulo Leste;Etec Professor Horácio Augusto da Silveira;064;Integrado;Informação e Comunicação;Informática;Desenvolvimento de Sistemas - MTec-PI ;Manhã e Tarde;269;40;6,72;
Metropolitana da Grande São Paulo;Metropolitana da Grande São Paulo;São Paulo;Grande São Paulo Leste;Etec Professor Horácio Augusto da Silveira;064;Integrado;Controle e Processos Industriais;Indústria;Eletrônica - MTec-PI;Manhã e Tarde;61;40;1,52;
Metropolitana da Grande São Paulo;Metropolitana da Grande São Paulo;São Paulo;Grande São Paulo Leste;Etec Professor Horácio Augusto da Silveira;064;Integrado;Gestão e Negócios;Gestão;Logística - MTec;Manhã;87;40;2,17;
Metropolitana da Grande São Paulo;Metropolitana da Grande São Paulo;São Paulo;Grande São Paulo Leste;Etec Professor Horácio Augusto da Silveira;064;Integrado;Controle e Processos Industriais;Indústria;Mecatrônica - MTec-PI;Manhã e Tarde;106;40;2,65;
Metropolitana da Grande São Paulo;Metropolitana da Grande São Paulo;São Paulo;Grande São Paulo Leste;Etec Professor Horácio Augusto da Silveira;064;Integrado;Controle e Processos Industriais;Indústria;Mecânica - MTec;Manhã;95;40;2,37;
Metropolitana da Grande São Paulo;Metropolitana da Grande São Paulo;São Paulo;Grande São Paulo Leste;Etec Professor Horácio Augusto da Silveira (EE Albino César);064.05 - Ext/Etec;Técnico;Gestão e Negócios;Gestão;Administração;Noite;48;35;1,37;
Metropolitana da Grande São Paulo;Metropolitana da Grande São Paulo;São Paulo;Grande São Paulo Leste;Etec Professor Horácio Augusto da Silveira (EE Professora Carmosina Monteiro Vianna);064.01 - Ext/Etec;Técnico;Gestão e Negócios;Gestão;Recursos Humanos;Noite;53;40;1,32;
Metropolitana da Grande São Paulo;Metropolitana da Grande São Paulo;São Paulo;Grande São Paulo Noroeste;Etec Professora Doutora Doroti Quiomi Kanashiro Toyohara;254;Técnico;Gestão e Negócios;Gestão;Administração;Noite;80;40;2,00;
Metropolitana da Grande São Paulo;Metropolitana da Grande São Paulo;São Paulo;Grande São Paulo Noroeste;Etec Professora Doutora Doroti Quiomi Kanashiro Toyohara;254;Técnico;Controle e Processos Industriais;Indústria;Eletrotécnica;Noite;72;40;1,80;
Metropolitana da Grande São Paulo;Metropolitana da Grande São Paulo;São Paulo;Grande São Paulo Noroeste;Etec Professora Doutora Doroti Quiomi Kanashiro Toyohara;254;Técnico;Segurança;Saúde;Segurança do Trabalho;Noite;101;40;2,52;
Metropolitana da Grande São Paulo;Metropolitana da Grande São Paulo;São Paulo;Grande São Paulo Noroeste;Etec Professora Doutora Doroti Quiomi Kanashiro Toyohara;254;Integrado;Gestão e Negócios;Gestão;Administração - MTec;Tarde;351;80;4,38;
Metropolitana da Grande São Paulo;Metropolitana da Grande São Paulo;São Paulo;Grande São Paulo Noroeste;Etec Professora Doutora Doroti Quiomi Kanashiro Toyohara;254;Integrado;Controle e Processos Industriais;Indústria;Eletrônica - MTec;Manhã;265;40;6,62;
Metropolitana da Grande São Paulo;Metropolitana da Grande São Paulo;São Paulo;Grande São Paulo Noroeste;Etec Professora Doutora Doroti Quiomi Kanashiro Toyohara;254;Integrado;Turismo, Hospitalidade e Lazer;Lazer e Desenvolvimento Social;Eventos - MTec;Manhã;206;40;5,15;
Metropolitana da Grande São Paulo;Metropolitana da Grande São Paulo;São Paulo;Grande São Paulo Noroeste;Etec Professora Doutora Doroti Quiomi Kanashiro Toyohara;254;Integrado;Segurança;Saúde;Segurança do Trabalho - MTec-PI;Manhã e Tarde;129;40;3,22;
Metropolitana da Grande São Paulo;Metropolitana da Grande São Paulo;São Paulo;Grande São Paulo Noroeste;Etec Raposo Tavares;225;Técnico;Gestão e Negócios;Gestão;Administração;Noite;81;40;2,02;
Metropolitana da Grande São Paulo;Metropolitana da Grande São Paulo;São Paulo;Grande São Paulo Noroeste;Etec Raposo Tavares;225;Técnico;Produção Industrial;Química;Química;Noite;87;40;2,17;
Metropolitana da Grande São Paulo;Metropolitana da Grande São Paulo;São Paulo;Grande São Paulo Noroeste;Etec Raposo Tavares;225;Técnico;Gestão e Negócios;Gestão;Recursos Humanos;Noite;54;40;1,35;
Metropolitana da Grande São Paulo;Metropolitana da Grande São Paulo;São Paulo;Grande São Paulo Noroeste;Etec Raposo Tavares;225;Integrado;Gestão e Negócios;Gestão;Administração - MTec;Manhã;278;40;6,95;
Metropolitana da Grande São Paulo;Metropolitana da Grande São Paulo;São Paulo;Grande São Paulo Noroeste;Etec Raposo Tavares;225;Integrado;Informação e Comunicação;Informática;Desenvolvimento de Sistemas - MTec;Manhã;416;40;10,40;
Metropolitana da Grande São Paulo;Metropolitana da Grande São Paulo;São Paulo;Grande São Paulo Noroeste;Etec Raposo Tavares;225;Integrado;Gestão e Negócios;Comércio;Marketing - MTec;Tarde;130;40;3,25;
Metropolitana da Grande São Paulo;Metropolitana da Grande São Paulo;São Paulo;Grande São Paulo Noroeste;Etec Raposo Tavares;225;Integrado;Produção Industrial;Química;Química - MTec;Tarde;125;40;3,12;
Metropolitana da Grande São Paulo;Metropolitana da Grande São Paulo;São Paulo;Grande São Paulo Noroeste;Etec Santa Ifigênia;260;Técnico;Turismo, Hospitalidade e Lazer;Turismo e Hospitalidade;Gastronomia;Noite;127;40;3,17;
Metropolitana da Grande São Paulo;Metropolitana da Grande São Paulo;São Paulo;Grande São Paulo Noroeste;Etec Santa Ifigênia;260;Técnico;Ambiente e Saúde;Saúde;Nutrição e Dietética;Noite;38;40;0,95;
Metropolitana da Grande São Paulo;Metropolitana da Grande São Paulo;São Paulo;Grande São Paulo Noroeste;Etec Santa Ifigênia;260;Integrado;Gestão e Negócios;Gestão;Administração - MTec-N;Noite;43;40;1,07;
Metropolitana da Grande São Paulo;Metropolitana da Grande São Paulo;São Paulo;Grande São Paulo Noroeste;Etec Santa Ifigênia;260;Integrado;Turismo, Hospitalidade e Lazer;Lazer e Desenvolvimento Social;Eventos - MTec;Manhã;86;40;2,15;
Metropolitana da Grande São Paulo;Metropolitana da Grande São Paulo;São Paulo;Grande São Paulo Noroeste;Etec Santa Ifigênia;260;Integrado;Turismo, Hospitalidade e Lazer;Turismo e Hospitalidade;Gastronomia - MTec;Manhã;197;40;4,92;
Metropolitana da Grande São Paulo;Metropolitana da Grande São Paulo;São Paulo;Grande São Paulo Noroeste;Etec Santa Ifigênia;260;Integrado;Turismo, Hospitalidade e Lazer;Turismo e Hospitalidade;Gastronomia - MTec;Tarde;88;40;2,20;
Metropolitana da Grande São Paulo;Metropolitana da Grande São Paulo;São Paulo;Grande São Paulo Noroeste;Etec Santa Ifigênia;260;Integrado;Turismo, Hospitalidade e Lazer;Turismo e Hospitalidade;Hospedagem - MTec;Manhã;46;40;1,14;
Metropolitana da Grande São Paulo;Metropolitana da Grande São Paulo;São Paulo;Grande São Paulo Noroeste;Etec Santa Ifigênia;260;Integrado;Ambiente e Saúde;Saúde;Nutrição e Dietética - MTec;Tarde;71;40;1,77;
Metropolitana da Grande São Paulo;Metropolitana da Grande São Paulo;São Paulo;Grande São Paulo Noroeste;Etec Santa Ifigênia;260;Integrado;Ambiente e Saúde;Saúde;Nutrição e Dietética - MTec;Manhã;149;40;3,72;
Metropolitana da Grande São Paulo;Metropolitana da Grande São Paulo;São Paulo;Grande São Paulo Leste;Etec São Mateus;227;Técnico;Gestão e Negócios;Gestão;Administração;Noite;61;40;1,52;
Metropolitana da Grande São Paulo;Metropolitana da Grande São Paulo;São Paulo;Grande São Paulo Leste;Etec São Mateus;227;Técnico;Controle e Processos Industriais;Indústria;Eletrônica (MNP);Noite;46;40;1,14;
Metropolitana da Grande São Paulo;Metropolitana da Grande São Paulo;São Paulo;Grande São Paulo Leste;Etec São Mateus;227;Técnico;Ambiente e Saúde;Saúde;Nutrição e Dietética;Noite;92;40;2,29;
Metropolitana da Grande São Paulo;Metropolitana da Grande São Paulo;São Paulo;Grande São Paulo Leste;Etec São Mateus;227;Técnico;Segurança;Saúde;Segurança do Trabalho;Noite;65;40;1,62;
Metropolitana da Grande São Paulo;Metropolitana da Grande São Paulo;São Paulo;Grande São Paulo Leste;Etec São Mateus;227;Integrado;Gestão e Negócios;Gestão;Administração - MTec;Manhã;226;40;5,65;
Metropolitana da Grande São Paulo;Metropolitana da Grande São Paulo;São Paulo;Grande São Paulo Leste;Etec São Mateus;227;Integrado;Gestão e Negócios;Gestão;Administração - MTec;Tarde;82;40;2,04;
Metropolitana da Grande São Paulo;Metropolitana da Grande São Paulo;São Paulo;Grande São Paulo Leste;Etec São Mateus;227;Integrado;Informação e Comunicação;Informática;Desenvolvimento de Sistemas - MTec;Manhã;326;40;8,15;
Metropolitana da Grande São Paulo;Metropolitana da Grande São Paulo;São Paulo;Grande São Paulo Leste;Etec São Mateus;227;Integrado;Ambiente e Saúde;Meio Ambiente;Meio Ambiente - MTec;Tarde;76;40;1,90;
Metropolitana da Grande São Paulo;Metropolitana da Grande São Paulo;São Paulo;Grande São Paulo Leste;Etec São Mateus;227;Integrado;Ambiente e Saúde;Saúde;Nutrição e Dietética - MTec;Tarde;70;40;1,75;
Metropolitana da Grande São Paulo;Metropolitana da Grande São Paulo;São Paulo;Grande São Paulo Leste;Etec São Mateus;227;Integrado;Ambiente e Saúde;Saúde;Nutrição e Dietética - MTec;Manhã;217;40;5,42;
Metropolitana da Grande São Paulo;Metropolitana da Grande São Paulo;São Paulo;Grande São Paulo Noroeste;Etec Sebrae;273;Médio;Educação Básica;Educação Básica - Ensino Médio;Ensino Médio com Itinerário Formativo de Ciências Humanas e Sociais Aplicadas;Tarde;47;35;1,34;
Metropolitana da Grande São Paulo;Metropolitana da Grande São Paulo;São Paulo;Grande São Paulo Noroeste;Etec Sebrae;273;Integrado;Informação e Comunicação;Informática;Desenvolvimento de Sistemas - MTec;Manhã;146;35;4,17;
Metropolitana da Grande São Paulo;Metropolitana da Grande São Paulo;São Paulo;Grande São Paulo Noroeste;Etec Takashi Morita;200;Técnico;Gestão e Negócios;Gestão;Administração;Noite;108;40;2,70;
Metropolitana da Grande São Paulo;Metropolitana da Grande São Paulo;São Paulo;Grande São Paulo Noroeste;Etec Takashi Morita;200;Técnico;Controle e Processos Industriais;Indústria;Automação Industrial;Noite;79;40;1,97;
Metropolitana da Grande São Paulo;Metropolitana da Grande São Paulo;São Paulo;Grande São Paulo Noroeste;Etec Takashi Morita;200;Técnico;Controle e Processos Industriais;Indústria;Eletrônica;Noite;45;40;1,12;
Metropolitana da Grande São Paulo;Metropolitana da Grande São Paulo;São Paulo;Grande São Paulo Noroeste;Etec Takashi Morita;200;Técnico;Segurança;Saúde;Segurança do Trabalho;Noite;103;40;2,57;
Metropolitana da Grande São Paulo;Metropolitana da Grande São Paulo;São Paulo;Grande São Paulo Noroeste;Etec Takashi Morita;200;Integrado;Gestão e Negócios;Gestão;Administração - MTec;Tarde;428;40;10,70;
Metropolitana da Grande São Paulo;Metropolitana da Grande São Paulo;São Paulo;Grande São Paulo Noroeste;Etec Takashi Morita;200;Integrado;Gestão e Negócios;Gestão;Administração - MTec-PI;Manhã e Tarde;454;40;11,35;
Metropolitana da Grande São Paulo;Metropolitana da Grande São Paulo;São Paulo;Grande São Paulo Noroeste;Etec Takashi Morita;200;Integrado;Controle e Processos Industriais;Indústria;Automação Industrial - MTec;Manhã;287;40;7,17;
Metropolitana da Grande São Paulo;Metropolitana da Grande São Paulo;São Paulo;Grande São Paulo Noroeste;Etec Takashi Morita;200;Integrado;Controle e Processos Industriais;Indústria;Automação Industrial - MTec;Tarde;94;40;2,35;
Metropolitana da Grande São Paulo;Metropolitana da Grande São Paulo;São Paulo;Grande São Paulo Noroeste;Etec Takashi Morita;200;Integrado;Controle e Processos Industriais;Indústria;Eletrônica - MTec-PI;Manhã e Tarde;223;40;5,57;
Metropolitana da Grande São Paulo;Metropolitana da Grande São Paulo;São Paulo;Grande São Paulo Noroeste;Etec Takashi Morita (CEU Alvarenga);200.02 - Etec/Ceu;Técnico;Gestão e Negócios;Gestão;Administração;Noite;99;30;3,30;
Metropolitana da Grande São Paulo;Metropolitana da Grande São Paulo;São Paulo;Grande São Paulo Noroeste;Etec Takashi Morita (CEU Parelheiros);200.04 - Etec/Ceu;Técnico;Gestão e Negócios;Gestão;Administração;Noite;90;30;3,00;
Metropolitana da Grande São Paulo;Metropolitana da Grande São Paulo;São Paulo;Grande São Paulo Leste;Etec Tereza Aparecida Cardoso Nunes de Oliveira;186;Técnico;Gestão e Negócios;Gestão;Administração;Noite;44;40;1,10;
Metropolitana da Grande São Paulo;Metropolitana da Grande São Paulo;São Paulo;Grande São Paulo Leste;Etec Tereza Aparecida Cardoso Nunes de Oliveira;186;Técnico;Controle e Processos Industriais;Indústria;Eletrotécnica;Noite;76;40;1,90;
Metropolitana da Grande São Paulo;Metropolitana da Grande São Paulo;São Paulo;Grande São Paulo Leste;Etec Tereza Aparecida Cardoso Nunes de Oliveira;186;Técnico;Gestão e Negócios;Gestão;Serviços Jurídicos;Noite;51;40;1,27;
Metropolitana da Grande São Paulo;Metropolitana da Grande São Paulo;São Paulo;Grande São Paulo Leste;Etec Tereza Aparecida Cardoso Nunes de Oliveira;186;Integrado;Gestão e Negócios;Gestão;Administração - MTec;Manhã;183;40;4,57;
Metropolitana da Grande São Paulo;Metropolitana da Grande São Paulo;São Paulo;Grande São Paulo Leste;Etec Tereza Aparecida Cardoso Nunes de Oliveira;186;Integrado;Gestão e Negócios;Gestão;Administração - MTec;Tarde;31;40;0,77;
Metropolitana da Grande São Paulo;Metropolitana da Grande São Paulo;São Paulo;Grande São Paulo Leste;Etec Tereza Aparecida Cardoso Nunes de Oliveira;186;Integrado;Controle e Processos Industriais;Indústria;Automação Industrial - MTec;Tarde;65;40;1,62;
Metropolitana da Grande São Paulo;Metropolitana da Grande São Paulo;São Paulo;Grande São Paulo Leste;Etec Tereza Aparecida Cardoso Nunes de Oliveira;186;Integrado;Controle e Processos Industriais;Indústria;Eletroeletrônica  - MTec;Manhã;79;40;1,97;
Metropolitana da Grande São Paulo;Metropolitana da Grande São Paulo;São Paulo;Grande São Paulo Leste;Etec Tereza Aparecida Cardoso Nunes de Oliveira;186;Integrado;Controle e Processos Industriais;Indústria;Eletrônica - MTec;Tarde;65;40;1,62;
Metropolitana da Grande São Paulo;Metropolitana da Grande São Paulo;São Paulo;Grande São Paulo Leste;Etec Tereza Aparecida Cardoso Nunes de Oliveira;186;Integrado;Gestão e Negócios;Gestão;Recursos Humanos - MTec;Tarde;87;40;2,17;
Metropolitana da Grande São Paulo;Metropolitana da Grande São Paulo;São Paulo;Grande São Paulo Leste;Etec Tereza Aparecida Cardoso Nunes de Oliveira;186;Integrado;Gestão e Negócios;Gestão;Secretariado - MTec;Manhã;53;40;1,32;
Metropolitana da Grande São Paulo;Metropolitana da Grande São Paulo;São Paulo;Grande São Paulo Leste;Etec Tereza Aparecida Cardoso Nunes de Oliveira;186;Integrado;Gestão e Negócios;Gestão;Serviços Jurídicos - MTec;Manhã;344;40;8,60;
Metropolitana da Grande São Paulo;Metropolitana da Grande São Paulo;São Paulo;Grande São Paulo Leste;Etec Tereza Aparecida Cardoso Nunes de Oliveira / Faculdade de Tecnologia de Itaquera - Professor Miguel Reale;186/257 - Etec/Fatec;Integrado;Controle e Processos Industriais;Indústria;Automação Industrial - MTec-AMS;Manhã;49;40;1,22;
Metropolitana da Grande São Paulo;Metropolitana da Grande São Paulo;São Paulo;Grande São Paulo Noroeste;Etec Uirapuru;230;Técnico;Informação e Comunicação;Informática;Desenvolvimento de Sistemas;Noite;105;40;2,62;
Metropolitana da Grande São Paulo;Metropolitana da Grande São Paulo;São Paulo;Grande São Paulo Noroeste;Etec Uirapuru;230;Técnico;Ambiente e Saúde;Saúde;Enfermagem;Noite;220;40;5,50;
Metropolitana da Grande São Paulo;Metropolitana da Grande São Paulo;São Paulo;Grande São Paulo Noroeste;Etec Uirapuru;230;Técnico;Ambiente e Saúde;Saúde;Enfermagem;Manhã;115;40;2,87;
Metropolitana da Grande São Paulo;Metropolitana da Grande São Paulo;São Paulo;Grande São Paulo Noroeste;Etec Uirapuru;230;Técnico;Turismo, Hospitalidade e Lazer;Turismo e Hospitalidade;Gastronomia;Noite;64;40;1,60;
Metropolitana da Grande São Paulo;Metropolitana da Grande São Paulo;São Paulo;Grande São Paulo Noroeste;Etec Uirapuru;230;Técnico;Ambiente e Saúde;Saúde;Nutrição e Dietética;Noite;48;40;1,20;
Metropolitana da Grande São Paulo;Metropolitana da Grande São Paulo;São Paulo;Grande São Paulo Noroeste;Etec Uirapuru;230;Técnico;Segurança;Saúde;Segurança do Trabalho;Noite;59;40;1,47;
Metropolitana da Grande São Paulo;Metropolitana da Grande São Paulo;São Paulo;Grande São Paulo Noroeste;Etec Uirapuru;230;Integrado;Gestão e Negócios;Gestão;Administração - MTec;Manhã;234;40;5,85;
Metropolitana da Grande São Paulo;Metropolitana da Grande São Paulo;São Paulo;Grande São Paulo Noroeste;Etec Uirapuru;230;Integrado;Informação e Comunicação;Informática;Desenvolvimento de Sistemas - MTec-PI ;Manhã e Tarde;221;40;5,52;
Metropolitana da Grande São Paulo;Metropolitana da Grande São Paulo;São Paulo;Grande São Paulo Noroeste;Etec Uirapuru;230;Integrado;Ambiente e Saúde;Saúde;Nutrição e Dietética - MTec-PI;Manhã e Tarde;149;40;3,72;
Metropolitana da Grande São Paulo;Metropolitana da Grande São Paulo;São Paulo;Grande São Paulo Leste;Etec Zona Leste;211;Técnico;Gestão e Negócios;Gestão;Administração (MNP);Manhã;76;35;2,17;
Metropolitana da Grande São Paulo;Metropolitana da Grande São Paulo;São Paulo;Grande São Paulo Leste;Etec Zona Leste;211;Técnico;Gestão e Negócios;Gestão;Administração (MNP);Noite;90;70;1,28;
Metropolitana da Grande São Paulo;Metropolitana da Grande São Paulo;São Paulo;Grande São Paulo Leste;Etec Zona Leste;211;Técnico;Gestão e Negócios;Gestão;Contabilidade;Noite;77;35;2,20;
Metropolitana da Grande São Paulo;Metropolitana da Grande São Paulo;São Paulo;Grande São Paulo Leste;Etec Zona Leste;211;Técnico;Informação e Comunicação;Informática;Desenvolvimento de Sistemas (MNP);Noite;232;35;6,62;
Metropolitana da Grande São Paulo;Metropolitana da Grande São Paulo;São Paulo;Grande São Paulo Leste;Etec Zona Leste;211;Técnico;Gestão e Negócios;Gestão;Logística (MNP);Noite;42;35;1,20;
Metropolitana da Grande São Paulo;Metropolitana da Grande São Paulo;São Paulo;Grande São Paulo Leste;Etec Zona Leste;211;Técnico;Gestão e Negócios;Gestão;Serviços Jurídicos (MNP);Noite;75;35;2,14;
Metropolitana da Grande São Paulo;Metropolitana da Grande São Paulo;São Paulo;Grande São Paulo Leste;Etec Zona Leste;211;Integrado;Gestão e Negócios;Gestão;Administração - MTec;Manhã;455;35;13,00;
Metropolitana da Grande São Paulo;Metropolitana da Grande São Paulo;São Paulo;Grande São Paulo Leste;Etec Zona Leste;211;Integrado;Gestão e Negócios;Gestão;Administração - MTec;Tarde;132;35;3,77;
Metropolitana da Grande São Paulo;Metropolitana da Grande São Paulo;São Paulo;Grande São Paulo Leste;Etec Zona Leste;211;Integrado;Informação e Comunicação;Informática;Desenvolvimento de Sistemas - MTec;Manhã;840;35;24,00;
Metropolitana da Grande São Paulo;Metropolitana da Grande São Paulo;São Paulo;Grande São Paulo Leste;Etec Zona Leste;211;Integrado;Gestão e Negócios;Gestão;Logística - MTec;Tarde;113;35;3,22;
Metropolitana da Grande São Paulo;Metropolitana da Grande São Paulo;São Paulo;Grande São Paulo Leste;Etec Zona Leste;211;Integrado;Gestão e Negócios;Gestão;Recursos Humanos - MTec;Manhã;236;35;6,74;
Metropolitana da Grande São Paulo;Metropolitana da Grande São Paulo;São Paulo;Grande São Paulo Leste;Etec Zona Leste (CEU Parque São Carlos);211.02 - Etec/Ceu;Técnico;Gestão e Negócios;Gestão;Administração (MNP);Noite;43;30;1,43;
Metropolitana da Grande São Paulo;Metropolitana da Grande São Paulo;São Paulo;Grande São Paulo Leste;Etec Zona Leste (CEU Parque São Carlos);211.02 - Etec/Ceu;Técnico;Gestão e Negócios;Gestão;Recursos Humanos;Noite;40;30;1,33;
Metropolitana da Grande São Paulo;Metropolitana da Grande São Paulo;São Paulo;Grande São Paulo Leste;Etec Zona Leste / Fatec Zona Leste;211/111 - Etec/Fatec;Integrado;Informação e Comunicação;Informática;Desenvolvimento de Sistemas - MTec-AMS;Tarde;474;40;11,85;
Metropolitana da Grande São Paulo;Metropolitana da Grande São Paulo;Suzano;Grande São Paulo Leste;Etec de Suzano;190;Técnico;Gestão e Negócios;Gestão;Administração;Noite;165;40;4,12;
Metropolitana da Grande São Paulo;Metropolitana da Grande São Paulo;Suzano;Grande São Paulo Leste;Etec de Suzano;190;Técnico;Gestão e Negócios;Gestão;Comércio Exterior;Noite;61;40;1,52;
Metropolitana da Grande São Paulo;Metropolitana da Grande São Paulo;Suzano;Grande São Paulo Leste;Etec de Suzano;190;Técnico;Gestão e Negócios;Gestão;Contabilidade;Noite;58;40;1,45;
Metropolitana da Grande São Paulo;Metropolitana da Grande São Paulo;Suzano;Grande São Paulo Leste;Etec de Suzano;190;Técnico;Ambiente e Saúde;Saúde;Enfermagem;Manhã;214;40;5,35;
Metropolitana da Grande São Paulo;Metropolitana da Grande São Paulo;Suzano;Grande São Paulo Leste;Etec de Suzano;190;Técnico;Produção Industrial;Química;Química;Noite;151;40;3,77;
Metropolitana da Grande São Paulo;Metropolitana da Grande São Paulo;Suzano;Grande São Paulo Leste;Etec de Suzano;190;Técnico;Gestão e Negócios;Gestão;Secretariado;Noite;35;40;0,87;
Metropolitana da Grande São Paulo;Metropolitana da Grande São Paulo;Suzano;Grande São Paulo Leste;Etec de Suzano;190;Integrado;Gestão e Negócios;Gestão;Administração - MTec;Tarde;141;40;3,52;
Metropolitana da Grande São Paulo;Metropolitana da Grande São Paulo;Suzano;Grande São Paulo Leste;Etec de Suzano;190;Integrado;Gestão e Negócios;Gestão;Administração - MTec;Manhã;446;40;11,15;
Metropolitana da Grande São Paulo;Metropolitana da Grande São Paulo;Suzano;Grande São Paulo Leste;Etec de Suzano;190;Integrado;Ambiente e Saúde;Meio Ambiente;Meio Ambiente - MTec;Manhã;173;40;4,32;
Metropolitana da Grande São Paulo;Metropolitana da Grande São Paulo;Suzano;Grande São Paulo Leste;Etec de Suzano;190;Integrado;Produção Industrial;Química;Química - MTec;Tarde;105;40;2,62;
Metropolitana da Grande São Paulo;Metropolitana da Grande São Paulo;Suzano;Grande São Paulo Leste;Etec de Suzano;190;Integrado;Produção Industrial;Química;Química - MTec;Manhã;315;40;7,87;
Metropolitana da Grande São Paulo;Metropolitana da Grande São Paulo;Suzano;Grande São Paulo Leste;Etec de Suzano;190;Integrado;Gestão e Negócios;Gestão;Secretariado - MTec;Tarde;75;40;1,87;
Metropolitana da Grande São Paulo;Metropolitana da Grande São Paulo;Taboão da Serra;Grande São Paulo Sul/Baixada Santista;Etec de Taboão da Serra;293;Técnico;Informação e Comunicação;Informática;Desenvolvimento de Sistemas (MNP);Noite;152;40;3,80;
Metropolitana da Grande São Paulo;Metropolitana da Grande São Paulo;Taboão da Serra;Grande São Paulo Sul/Baixada Santista;Etec de Taboão da Serra;293;Integrado;Informação e Comunicação;Informática;Desenvolvimento de Sistemas - MTec-PI ;Manhã e Tarde;695;80;8,68;
Metropolitana da Grande São Paulo;Metropolitana da Grande São Paulo;Taboão da Serra;Grande São Paulo Sul/Baixada Santista;Etec de Taboão da Serra;293;Integrado;Informação e Comunicação;Informática;Informática para Internet - MTec-N;Noite;165;40;4,12;
Metropolitana de Campinas;Bragança Paulista;Amparo;Campinas Sul;Etec João Belarmino;067;Médio;Educação Básica;Educação Básica - Ensino Médio;Ensino Médio com Itinerário Formativo de Ciências da Natureza e suas Tecnologias;Manhã;117;40;2,92;
Metropolitana de Campinas;Bragança Paulista;Amparo;Campinas Sul;Etec João Belarmino;067;Médio;Educação Básica;Educação Básica - Ensino Médio;Ensino Médio com Itinerário Formativo de Ciências Humanas e Sociais Aplicadas;Manhã;91;40;2,27;
Metropolitana de Campinas;Bragança Paulista;Amparo;Campinas Sul;Etec João Belarmino;067;Técnico;Gestão e Negócios;Gestão;Administração;Noite;179;40;4,47;
Metropolitana de Campinas;Bragança Paulista;Amparo;Campinas Sul;Etec João Belarmino;067;Técnico;Controle e Processos Industriais;Indústria;Eletrotécnica;Noite;145;40;3,62;
Metropolitana de Campinas;Bragança Paulista;Amparo;Campinas Sul;Etec João Belarmino;067;Técnico;Gestão e Negócios;Gestão;Finanças;Noite;53;40;1,32;
Metropolitana de Campinas;Bragança Paulista;Amparo;Campinas Sul;Etec João Belarmino;067;Técnico;Turismo, Hospitalidade e Lazer;Turismo e Hospitalidade;Gastronomia;Noite;93;40;2,32;
Metropolitana de Campinas;Bragança Paulista;Amparo;Campinas Sul;Etec João Belarmino;067;Técnico;Controle e Processos Industriais;Indústria;Mecânica;Noite;79;40;1,97;
Metropolitana de Campinas;Bragança Paulista;Amparo;Campinas Sul;Etec João Belarmino;067;Técnico;Produção Cultural e Design;Design;Paisagismo;Noite;39;40;0,97;
Metropolitana de Campinas;Bragança Paulista;Amparo;Campinas Sul;Etec João Belarmino;067;Técnico;Segurança;Saúde;Segurança do Trabalho;Noite;92;40;2,29;
Metropolitana de Campinas;Bragança Paulista;Amparo;Campinas Sul;Etec João Belarmino;067;Integrado;Gestão e Negócios;Gestão;Administração - MTec;Tarde;148;40;3,70;
Metropolitana de Campinas;Bragança Paulista;Amparo;Campinas Sul;Etec João Belarmino;067;Integrado;Informação e Comunicação;Informática;Desenvolvimento de Sistemas - MTec;Manhã;310;40;7,75;
Metropolitana de Campinas;Bragança Paulista;Amparo;Campinas Sul;Etec João Belarmino;067;Integrado;Informação e Comunicação;Informática;Desenvolvimento de Sistemas - MTec;Tarde;57;40;1,42;
Metropolitana de Campinas;Bragança Paulista;Amparo;Campinas Sul;Etec João Belarmino;067;Integrado;Infraestrutura;Construção Civil;Edificações - MTec;Manhã;101;40;2,52;
Metropolitana de Campinas;Bragança Paulista;Amparo;Campinas Sul;Etec João Belarmino;067;Integrado;Controle e Processos Industriais;Indústria;Eletrônica - MTec;Manhã;110;40;2,75;
Metropolitana de Campinas;Bragança Paulista;Amparo;Campinas Sul;Etec João Belarmino;067;Integrado;Turismo, Hospitalidade e Lazer;Lazer e Desenvolvimento Social;Eventos - MTec;Manhã;132;40;3,30;
Metropolitana de Campinas;Bragança Paulista;Amparo;Campinas Sul;Etec João Belarmino;067;Integrado;Produção Industrial;Química;Química - MTec;Manhã;168;40;4,20;
Metropolitana de Campinas;Bragança Paulista;Atibaia;Campinas Sul;Etec Professor Carmine Biagio Tundisi;147;Técnico;Ambiente e Saúde;Saúde;Enfermagem;Noite;143;40;3,57;
Metropolitana de Campinas;Bragança Paulista;Atibaia;Campinas Sul;Etec Professor Carmine Biagio Tundisi;147;Integrado;Gestão e Negócios;Gestão;Administração - MTec;Tarde;79;40;1,97;
Metropolitana de Campinas;Bragança Paulista;Atibaia;Campinas Sul;Etec Professor Carmine Biagio Tundisi;147;Integrado;Gestão e Negócios;Gestão;Administração - MTec;Manhã;244;40;6,10;
Metropolitana de Campinas;Bragança Paulista;Atibaia;Campinas Sul;Etec Professor Carmine Biagio Tundisi;147;Integrado;Informação e Comunicação;Informática;Desenvolvimento de Sistemas - MTec;Tarde;81;40;2,02;
Metropolitana de Campinas;Bragança Paulista;Atibaia;Campinas Sul;Etec Professor Carmine Biagio Tundisi;147;Integrado;Informação e Comunicação;Informática;Desenvolvimento de Sistemas - MTec;Manhã;280;40;7,00;
Metropolitana de Campinas;Bragança Paulista;Atibaia;Campinas Sul;Etec Professor Carmine Biagio Tundisi;147;Integrado;Gestão e Negócios;Comércio;Marketing - MTec;Manhã;218;40;5,45;
Metropolitana de Campinas;Bragança Paulista;Atibaia;Campinas Sul;Etec Professor Carmine Biagio Tundisi;147;Integrado;Gestão e Negócios;Comércio;Marketing - MTec;Tarde;62;40;1,55;
Metropolitana de Campinas;Bragança Paulista;Atibaia;Campinas Sul;Etec Professor Carmine Biagio Tundisi;147;Integrado;Gestão e Negócios;Gestão;Recursos Humanos - MTec-N;Noite;47;40;1,17;
Metropolitana de Campinas;Bragança Paulista;Bragança Paulista;Campinas Sul;Etec de Bragança Paulista;306;Integrado;Gestão e Negócios;Gestão;Administração - MTec;Tarde;166;40;4,15;
Metropolitana de Campinas;Bragança Paulista;Bragança Paulista;Campinas Sul;Etec de Bragança Paulista;306;Integrado;Informação e Comunicação;Informática;Desenvolvimento de Sistemas - MTec;Tarde;196;40;4,90;
Metropolitana de Campinas;Bragança Paulista;Pinhalzinho;Campinas Sul;Etec Rosa Perrone Scavone (EMEF Prof.ª Ana Gusson Franco - Pinhalzinho);100.3 - Cd_Cps;Técnico;Gestão e Negócios;Gestão;Administração;Noite;56;40;1,40;
Metropolitana de Campinas;Jundiaí;Cabreúva;Campinas Sul;Etec Benedito Storani (EMEB Anizio da Silveira - Cabreúva);042.1 - Cd_Cps;Técnico;Gestão e Negócios;Gestão;Administração;Noite;61;35;1,74;
Metropolitana de Campinas;Jundiaí;Cabreúva;Campinas Sul;Etec Benedito Storani (EMEB Anizio da Silveira - Cabreúva);042.1 - Cd_Cps;Técnico;Gestão e Negócios;Gestão;Logística;Noite;35;35;1,00;
Metropolitana de Campinas;Jundiaí;Cabreúva;Campinas Sul;Etec Benedito Storani (EMEB Anizio da Silveira - Cabreúva);042.1 - Cd_Cps;Técnico;Gestão e Negócios;Gestão;Qualidade;Noite;69;35;1,97;
Metropolitana de Campinas;Jundiaí;Campo Limpo Paulista;Campinas Sul;Etec de Campo Limpo Paulista;201;Médio;Educação Básica;Educação Básica - Ensino Médio;Ensino Médio com Itinerário Formativo de Linguagens, Ciência Humanas e Sociais;Manhã;131;35;3,74;
Metropolitana de Campinas;Jundiaí;Campo Limpo Paulista;Campinas Sul;Etec de Campo Limpo Paulista;201;Técnico;Gestão e Negócios;Comércio;Marketing;Noite;54;40;1,35;
Metropolitana de Campinas;Jundiaí;Campo Limpo Paulista;Campinas Sul;Etec de Campo Limpo Paulista;201;Integrado;Gestão e Negócios;Gestão;Administração - MTec;Tarde;226;35;6,45;
Metropolitana de Campinas;Jundiaí;Campo Limpo Paulista;Campinas Sul;Etec de Campo Limpo Paulista;201;Integrado;Informação e Comunicação;Informática;Informática para Internet - MTec;Manhã;327;35;9,34;
Metropolitana de Campinas;Jundiaí;Campo Limpo Paulista;Campinas Sul;Etec de Campo Limpo Paulista;201;Integrado;Gestão e Negócios;Gestão;Logística - Mtec-N;Noite;125;35;3,57;
Metropolitana de Campinas;Jundiaí;Itatiba;Campinas Sul;Etec Rosa Perrone Scavone;100;Técnico;Gestão e Negócios;Gestão;Administração;Noite;64;40;1,60;
Metropolitana de Campinas;Jundiaí;Itatiba;Campinas Sul;Etec Rosa Perrone Scavone;100;Técnico;Controle e Processos Industriais;Indústria;Eletromecânica;Noite;61;40;1,52;
Metropolitana de Campinas;Jundiaí;Itatiba;Campinas Sul;Etec Rosa Perrone Scavone;100;Técnico;Controle e Processos Industriais;Indústria;Eletrônica;Noite;64;40;1,60;
Metropolitana de Campinas;Jundiaí;Itatiba;Campinas Sul;Etec Rosa Perrone Scavone;100;Técnico;Controle e Processos Industriais;Indústria;Mecânica;Noite;63;40;1,57;
Metropolitana de Campinas;Jundiaí;Itatiba;Campinas Sul;Etec Rosa Perrone Scavone;100;Técnico;Gestão e Negócios;Gestão;Recursos Humanos;Noite;53;40;1,32;
Metropolitana de Campinas;Jundiaí;Itatiba;Campinas Sul;Etec Rosa Perrone Scavone;100;Integrado;Gestão e Negócios;Gestão;Administração - MTec-PI;Manhã e Tarde;214;40;5,35;
Metropolitana de Campinas;Jundiaí;Itatiba;Campinas Sul;Etec Rosa Perrone Scavone;100;Integrado;Controle e Processos Industriais;Indústria;Automação Industrial - MTec-PI;Manhã e Tarde;154;40;3,85;
Metropolitana de Campinas;Jundiaí;Itatiba;Campinas Sul;Etec Rosa Perrone Scavone;100;Integrado;Informação e Comunicação;Informática;Desenvolvimento de Sistemas - MTec-PI ;Manhã e Tarde;237;40;5,92;
Metropolitana de Campinas;Jundiaí;Itatiba;Campinas Sul;Etec Rosa Perrone Scavone;100;Integrado;Gestão e Negócios;Gestão;Logística - MTec-PI;Manhã e Tarde;131;40;3,27;
Metropolitana de Campinas;Jundiaí;Jundiaí;Campinas Sul;Etec Benedito Storani;042;Técnico;Recursos Naturais;Agropecuária;Agropecuária;Manhã;43;40;1,07;
Metropolitana de Campinas;Jundiaí;Jundiaí;Campinas Sul;Etec Benedito Storani;042;Técnico;Produção Alimentícia;Química;Alimentos;Noite;44;40;1,10;
Metropolitana de Campinas;Jundiaí;Jundiaí;Campinas Sul;Etec Benedito Storani;042;Técnico;Turismo, Hospitalidade e Lazer;Turismo e Hospitalidade;Gastronomia (MNP);Noite;69;40;1,72;
Metropolitana de Campinas;Jundiaí;Jundiaí;Campinas Sul;Etec Benedito Storani;042;Técnico;Ambiente e Saúde;Saúde;Nutrição e Dietética;Noite;88;40;2,20;
Metropolitana de Campinas;Jundiaí;Jundiaí;Campinas Sul;Etec Benedito Storani;042;Integrado;Recursos Naturais;Agropecuária;Agropecuária - MTec-PI;Manhã e Tarde;239;40;5,97;
Metropolitana de Campinas;Jundiaí;Jundiaí;Campinas Sul;Etec Benedito Storani;042;Integrado;Produção Alimentícia;Química;Alimentos - MTec ;Manhã;265;40;6,62;
Metropolitana de Campinas;Jundiaí;Jundiaí;Campinas Sul;Etec Benedito Storani;042;Integrado;Ambiente e Saúde;Saúde;Nutrição e Dietética - MTec-PI;Manhã e Tarde;340;40;8,50;
Metropolitana de Campinas;Jundiaí;Jundiaí;Campinas Sul;Etec Benedito Storani;042;Integrado;Produção Industrial;Química;Química - MTec-PI;Manhã e Tarde;261;40;6,52;
Metropolitana de Campinas;Jundiaí;Jundiaí;Campinas Sul;Etec Benedito Storani;042;Especialização;Turismo, Hospitalidade e Lazer;Agropecuária;Enogastronomia;Noite;47;30;1,56;
Metropolitana de Campinas;Jundiaí;Jundiaí;Campinas Sul;Etec Vasco Antonio Venchiarutti;008;Técnico;Infraestrutura;Geomática;Agrimensura;Noite;66;40;1,65;
Metropolitana de Campinas;Jundiaí;Jundiaí;Campinas Sul;Etec Vasco Antonio Venchiarutti;008;Técnico;Informação e Comunicação;Informática;Desenvolvimento de Sistemas;Noite;144;40;3,60;
Metropolitana de Campinas;Jundiaí;Jundiaí;Campinas Sul;Etec Vasco Antonio Venchiarutti;008;Técnico;Produção Cultural e Design;Design;Design de Interiores;Noite;60;40;1,50;
Metropolitana de Campinas;Jundiaí;Jundiaí;Campinas Sul;Etec Vasco Antonio Venchiarutti;008;Técnico;Infraestrutura;Construção Civil;Edificações;Noite;83;40;2,07;
Metropolitana de Campinas;Jundiaí;Jundiaí;Campinas Sul;Etec Vasco Antonio Venchiarutti;008;Técnico;Segurança;Saúde;Segurança do Trabalho;Noite;113;40;2,82;
Metropolitana de Campinas;Jundiaí;Jundiaí;Campinas Sul;Etec Vasco Antonio Venchiarutti;008;Integrado;Informação e Comunicação;Informática;Desenvolvimento de Sistemas - MTec-PI ;Manhã e Tarde;467;40;11,67;
Metropolitana de Campinas;Jundiaí;Jundiaí;Campinas Sul;Etec Vasco Antonio Venchiarutti;008;Integrado;Produção Cultural e Design;Imagem Pessoal;Design de Interiores - MTec-PI;Manhã e Tarde;248;40;6,20;
Metropolitana de Campinas;Jundiaí;Jundiaí;Campinas Sul;Etec Vasco Antonio Venchiarutti;008;Integrado;Infraestrutura;Construção Civil;Edificações - MTec-PI;Manhã e Tarde;147;40;3,67;
Metropolitana de Campinas;Jundiaí;Jundiaí;Campinas Sul;Etec Vasco Antonio Venchiarutti;008;Integrado;Informação e Comunicação;Informática;Informática para Internet - MTec;Manhã;371;40;9,27;
Metropolitana de Campinas;Jundiaí;Jundiaí;Campinas Sul;Etec Vasco Antonio Venchiarutti;008;Integrado;Gestão e Negócios;Gestão;Logística - MTec;Manhã;168;40;4,20;
Metropolitana de Campinas;Jundiaí;Jundiaí;Campinas Sul;Etec Vasco Antonio Venchiarutti;008;Integrado;Ambiente e Saúde;Meio Ambiente;Meio Ambiente - MTec;Tarde;96;40;2,40;
Metropolitana de Campinas;Jundiaí;Jundiaí;Campinas Sul;Etec Vasco Antonio Venchiarutti;008;Integrado;Gestão e Negócios;Gestão;Recursos Humanos - MTec;Tarde;169;40;4,22;
Metropolitana de Campinas;Jundiaí;Jundiaí;Campinas Sul;Etec Vasco Antonio Venchiarutti;008;Integrado;Segurança;Saúde;Segurança do Trabalho - MTec;Tarde;92;40;2,29;
Metropolitana de Campinas;Jundiaí;Jundiaí;Campinas Sul;Etec Vasco Antonio Venchiarutti (EE Dr. Antenor Soares Gandra);008.02 - Ext/Etec;Técnico;Gestão e Negócios;Gestão;Administração;Noite;102;40;2,54;
Metropolitana de Campinas;Jundiaí;Jundiaí;Campinas Sul;Etec Vasco Antonio Venchiarutti (EE Dr. Antenor Soares Gandra);008.02 - Ext/Etec;Técnico;Gestão e Negócios;Gestão;Contabilidade;Noite;61;40;1,52;
Metropolitana de Campinas;Jundiaí;Jundiaí;Campinas Sul;Etec Vasco Antonio Venchiarutti (EE Dr. Antenor Soares Gandra);008.02 - Ext/Etec;Técnico;Gestão e Negócios;Gestão;Logística;Noite;73;40;1,82;
Metropolitana de Campinas;Jundiaí;Jundiaí;Campinas Sul;Etec Vasco Antonio Venchiarutti (EE Prof.ª Maria de Lourdes de Franca Silveira);008.01 - Ext/Etec;Técnico;Gestão e Negócios;Gestão;Recursos Humanos;Noite;59;40;1,47;
Metropolitana de Campinas;Limeira;Araras;Campinas Norte;Etec Prefeito Alberto Feres;024;Técnico;Controle e Processos Industriais;Indústria;Eletromecânica;Noite;58;40;1,45;
Metropolitana de Campinas;Limeira;Araras;Campinas Norte;Etec Prefeito Alberto Feres;024;Técnico;Controle e Processos Industriais;Indústria;Eletrotécnica;Noite;63;40;1,57;
Metropolitana de Campinas;Limeira;Araras;Campinas Norte;Etec Prefeito Alberto Feres;024;Técnico;Ambiente e Saúde;Saúde;Enfermagem;Noite;161;40;4,02;
Metropolitana de Campinas;Limeira;Araras;Campinas Norte;Etec Prefeito Alberto Feres;024;Técnico;Ambiente e Saúde;Saúde;Nutrição e Dietética;Noite;66;40;1,65;
Metropolitana de Campinas;Limeira;Araras;Campinas Norte;Etec Prefeito Alberto Feres;024;Integrado;Controle e Processos Industriais;Indústria;Mecatrônica - MTec-PI;Manhã e Tarde;188;40;4,70;
Metropolitana de Campinas;Limeira;Araras;Campinas Norte;Etec Prefeito Alberto Feres;024;Integrado;Ambiente e Saúde;Meio Ambiente;Meio Ambiente - MTec-PI;Manhã e Tarde;150;40;3,75;
Metropolitana de Campinas;Limeira;Araras;Campinas Norte;Etec Prefeito Alberto Feres;024;Integrado;Ambiente e Saúde;Saúde;Nutrição e Dietética - MTec-PI;Manhã e Tarde;173;40;4,32;
Metropolitana de Campinas;Limeira;Araras;Campinas Norte;Etec Prefeito Alberto Feres;024;Integrado;Produção Industrial;Química;Química - MTec-PI;Manhã e Tarde;148;40;3,70;
Metropolitana de Campinas;Limeira;Araras;Campinas Norte;Etec Prefeito Alberto Feres (EE Dr. Cesário Coimbra);024.01 - Ext/Etec;Técnico;Gestão e Negócios;Gestão;Administração;Noite;89;40;2,22;
Metropolitana de Campinas;Limeira;Araras;Campinas Norte;Etec Prefeito Alberto Feres (EE Dr. Cesário Coimbra);024.01 - Ext/Etec;Técnico;Informação e Comunicação;Informática;Informática para Internet;Noite;66;40;1,65;
Metropolitana de Campinas;Limeira;Araras;Campinas Norte;Etec Prefeito Alberto Feres / Faculdade de Tecnologia Antonio Brambilla;024/290 - Etec/Fatec;Integrado;Gestão e Negócios;Gestão;Administração - MTec-AMS;Manhã;70;40;1,75;
Metropolitana de Campinas;Limeira;Araras;Campinas Norte;Etec Prefeito Alberto Feres / Faculdade de Tecnologia Antonio Brambilla;024/290 - Etec/Fatec;Integrado;Informação e Comunicação;Informática;Desenvolvimento de Sistemas - MTec-AMS;Manhã;81;40;2,02;
Metropolitana de Campinas;Limeira;Conchal;Campinas Norte;Etec Pedro Ferreira Alves (EMEF Alonso Ferreira de Camargo - Conchal);096.5 - Cd_Cps;Técnico;Gestão e Negócios;Gestão;Recursos Humanos;Noite;42;40;1,05;
Metropolitana de Campinas;Limeira;Cordeirópolis;Campinas Norte;Etec Trajano Camargo (EMEIF Prof.ª Maria Aparecida Pagoto de Moraes - Cordeirópolis);104.2 - Cd_Cps;Técnico;Gestão e Negócios;Gestão;Administração;Noite;58;35;1,65;
Metropolitana de Campinas;Limeira;Leme;Campinas Norte;Etec Deputado Salim Sedeh;110;Técnico;Gestão e Negócios;Gestão;Administração;Noite;101;40;2,52;
Metropolitana de Campinas;Limeira;Leme;Campinas Norte;Etec Deputado Salim Sedeh;110;Técnico;Informação e Comunicação;Informática;Desenvolvimento de Sistemas;Noite;83;40;2,07;
Metropolitana de Campinas;Limeira;Leme;Campinas Norte;Etec Deputado Salim Sedeh;110;Técnico;Ambiente e Saúde;Saúde;Farmácia;Noite;101;40;2,52;
Metropolitana de Campinas;Limeira;Leme;Campinas Norte;Etec Deputado Salim Sedeh;110;Integrado;Gestão e Negócios;Gestão;Administração - MTec-PI;Manhã e Tarde;145;40;3,62;
Metropolitana de Campinas;Limeira;Leme;Campinas Norte;Etec Deputado Salim Sedeh;110;Integrado;Informação e Comunicação;Informática;Desenvolvimento de Sistemas - MTec-PI ;Manhã e Tarde;162;40;4,05;
Metropolitana de Campinas;Limeira;Leme;Campinas Norte;Etec Deputado Salim Sedeh;110;Integrado;Produção Cultural e Design;Design;Design Gráfico - Mtec-N;Noite;58;40;1,45;
Metropolitana de Campinas;Limeira;Leme;Campinas Norte;Etec Deputado Salim Sedeh;110;Integrado;Produção Cultural e Design;Imagem Pessoal;Design Gráfico - MTec-PI;Manhã e Tarde;140;40;3,50;
Metropolitana de Campinas;Limeira;Leme;Campinas Norte;Etec Deputado Salim Sedeh;110;Integrado;Produção Industrial;Química;Química - MTec-PI;Manhã e Tarde;119;40;2,97;
Metropolitana de Campinas;Limeira;Limeira;Campinas Norte;Etec Trajano Camargo;104;Técnico;Controle e Processos Industriais;Indústria;Eletromecânica;Noite;79;40;1,97;
Metropolitana de Campinas;Limeira;Limeira;Campinas Norte;Etec Trajano Camargo;104;Técnico;Controle e Processos Industriais;Indústria;Eletrotécnica;Noite;60;40;1,50;
Metropolitana de Campinas;Limeira;Limeira;Campinas Norte;Etec Trajano Camargo;104;Técnico;Gestão e Negócios;Comércio;Marketing;Noite;67;40;1,67;
Metropolitana de Campinas;Limeira;Limeira;Campinas Norte;Etec Trajano Camargo;104;Técnico;Ambiente e Saúde;Saúde;Nutrição e Dietética;Noite;69;40;1,72;
Metropolitana de Campinas;Limeira;Limeira;Campinas Norte;Etec Trajano Camargo;104;Técnico;Produção Industrial;Química;Química;Noite;80;40;2,00;
Metropolitana de Campinas;Limeira;Limeira;Campinas Norte;Etec Trajano Camargo;104;Técnico;Controle e Processos Industriais;Indústria;Soldagem;Noite;63;40;1,57;
Metropolitana de Campinas;Limeira;Limeira;Campinas Norte;Etec Trajano Camargo;104;Integrado;Gestão e Negócios;Gestão;Administração - MTec-PI;Manhã e Tarde;360;40;9,00;
Metropolitana de Campinas;Limeira;Limeira;Campinas Norte;Etec Trajano Camargo;104;Integrado;Controle e Processos Industriais;Indústria;Eletroeletrônica  - MTec;Manhã;229;40;5,72;
Metropolitana de Campinas;Limeira;Limeira;Campinas Norte;Etec Trajano Camargo;104;Integrado;Turismo, Hospitalidade e Lazer;Turismo e Hospitalidade;Eventos - MTec-PI;Manhã e Tarde;148;40;3,70;
Metropolitana de Campinas;Limeira;Limeira;Campinas Norte;Etec Trajano Camargo;104;Integrado;Controle e Processos Industriais;Indústria;Mecânica - MTec-PI ;Manhã e Tarde;163;40;4,07;
Metropolitana de Campinas;Limeira;Limeira;Campinas Norte;Etec Trajano Camargo;104;Integrado;Ambiente e Saúde;Saúde;Nutrição e Dietética - MTec;Manhã;347;40;8,67;
Metropolitana de Campinas;Limeira;Pirassununga;Campinas Norte;Etec Tenente Aviador Gustavo Klug;139;Técnico;Gestão e Negócios;Gestão;Administração;Noite;81;40;2,02;
Metropolitana de Campinas;Limeira;Pirassununga;Campinas Norte;Etec Tenente Aviador Gustavo Klug;139;Técnico;Gestão e Negócios;Gestão;Contabilidade;Noite;58;40;1,45;
Metropolitana de Campinas;Limeira;Pirassununga;Campinas Norte;Etec Tenente Aviador Gustavo Klug;139;Integrado;Gestão e Negócios;Gestão;Administração - MTec-PI;Manhã e Tarde;72;40;1,80;
Metropolitana de Campinas;Limeira;Pirassununga;Campinas Norte;Etec Tenente Aviador Gustavo Klug;139;Integrado;Informação e Comunicação;Informática;Desenvolvimento de Sistemas - MTec-PI ;Manhã e Tarde;96;40;2,40;
Metropolitana de Campinas;Limeira;Pirassununga;Campinas Norte;Etec Tenente Aviador Gustavo Klug;139;Integrado;Gestão e Negócios;Gestão;Marketing - MTec-PI;Manhã e Tarde;73;40;1,82;
Metropolitana de Campinas;Limeira;Pirassununga;Campinas Norte;Etec Tenente Aviador Gustavo Klug;139;Integrado;Ambiente e Saúde;Meio Ambiente;Meio Ambiente - MTec;Manhã;71;40;1,77;
Metropolitana de Campinas;Limeira;Pirassununga;Campinas Norte;Etec Tenente Aviador Gustavo Klug;139;Integrado;Gestão e Negócios;Gestão;Recursos Humanos - MTec;Manhã;117;40;2,92;
Metropolitana de Campinas;Metropolitana de Campinas;Americana;Campinas Sul;Etec Polivalente de Americana;006;Médio;Educação Básica;Educação Básica - Ensino Médio;Ensino Médio com Itinerário Formativo de Matemática e suas Tecnologias;Manhã;68;40;1,70;
Metropolitana de Campinas;Metropolitana de Campinas;Americana;Campinas Sul;Etec Polivalente de Americana;006;Técnico;Gestão e Negócios;Gestão;Administração;Noite;80;40;2,00;
Metropolitana de Campinas;Metropolitana de Campinas;Americana;Campinas Sul;Etec Polivalente de Americana;006;Técnico;Produção Cultural e Design;Design;Design de Interiores;Noite;48;40;1,20;
Metropolitana de Campinas;Metropolitana de Campinas;Americana;Campinas Sul;Etec Polivalente de Americana;006;Técnico;Controle e Processos Industriais;Indústria;Mecânica;Noite;65;40;1,62;
Metropolitana de Campinas;Metropolitana de Campinas;Americana;Campinas Sul;Etec Polivalente de Americana;006;Técnico;Segurança;Saúde;Segurança do Trabalho;Noite;60;40;1,50;
Metropolitana de Campinas;Metropolitana de Campinas;Americana;Campinas Sul;Etec Polivalente de Americana;006;Integrado;Gestão e Negócios;Gestão;Administração - MTec;Manhã;235;40;5,87;
Metropolitana de Campinas;Metropolitana de Campinas;Americana;Campinas Sul;Etec Polivalente de Americana;006;Integrado;Produção Cultural e Design;Design;Design de Interiores - MTec;Manhã;148;40;3,70;
Metropolitana de Campinas;Metropolitana de Campinas;Americana;Campinas Sul;Etec Polivalente de Americana;006;Integrado;Produção Cultural e Design;Design;Design Gráfico - MTec;Manhã;200;40;5,00;
Metropolitana de Campinas;Metropolitana de Campinas;Americana;Campinas Sul;Etec Polivalente de Americana;006;Integrado;Infraestrutura;Construção Civil;Edificações - MTec;Manhã;83;40;2,07;
Metropolitana de Campinas;Metropolitana de Campinas;Americana;Campinas Sul;Etec Polivalente de Americana;006;Integrado;Gestão e Negócios;Gestão;Logística - MTec;Manhã;89;40;2,22;
Metropolitana de Campinas;Metropolitana de Campinas;Americana;Campinas Sul;Etec Polivalente de Americana;006;Integrado;Controle e Processos Industriais;Indústria;Mecânica - MTec;Tarde;104;40;2,60;
Metropolitana de Campinas;Metropolitana de Campinas;Americana;Campinas Sul;Etec Polivalente de Americana;006;Integrado;Produção Industrial;Química;Química - MTec;Tarde;93;40;2,32;
Metropolitana de Campinas;Metropolitana de Campinas;Americana;Campinas Sul;Etec Polivalente de Americana / Fatec Ministro Ralph Biasi;006/004 - Etec/Fatec;Integrado;Informação e Comunicação;Informática;Desenvolvimento de Sistemas - MTec-AMS;Tarde;175;40;4,37;
Metropolitana de Campinas;Metropolitana de Campinas;Artur Nogueira;Campinas Norte;Etec Trajano Camargo (EMEF Prof. Francisco Cardona - Artur Nogueira);104.3 - Cd_Cps;Técnico;Gestão e Negócios;Gestão;Logística;Noite;87;40;2,17;
Metropolitana de Campinas;Metropolitana de Campinas;Campinas;Campinas Sul;Etec Bento Quirino;043;Técnico;Gestão e Negócios;Gestão;Administração;Noite;58;35;1,65;
Metropolitana de Campinas;Metropolitana de Campinas;Campinas;Campinas Sul;Etec Bento Quirino;043;Técnico;Informação e Comunicação;Informática;Desenvolvimento de Sistemas;Noite;141;35;4,02;
Metropolitana de Campinas;Metropolitana de Campinas;Campinas;Campinas Sul;Etec Bento Quirino;043;Técnico;Controle e Processos Industriais;Indústria;Eletrotécnica;Noite;100;35;2,85;
Metropolitana de Campinas;Metropolitana de Campinas;Campinas;Campinas Sul;Etec Bento Quirino;043;Técnico;Controle e Processos Industriais;Indústria;Eletrônica;Noite;59;35;1,68;
Metropolitana de Campinas;Metropolitana de Campinas;Campinas;Campinas Sul;Etec Bento Quirino;043;Técnico;Controle e Processos Industriais;Indústria;Mecânica;Noite;57;35;1,62;
Metropolitana de Campinas;Metropolitana de Campinas;Campinas;Campinas Sul;Etec Bento Quirino;043;Técnico;Controle e Processos Industriais;Indústria;Sistemas de Energia Renovável - Ead;Manhã;37;35;1,05;
Metropolitana de Campinas;Metropolitana de Campinas;Campinas;Campinas Sul;Etec Bento Quirino;043;Integrado;Gestão e Negócios;Gestão;Administração - MTec-PI;Manhã e Tarde;403;35;11,51;
Metropolitana de Campinas;Metropolitana de Campinas;Campinas;Campinas Sul;Etec Bento Quirino;043;Integrado;Informação e Comunicação;Informática;Desenvolvimento de Sistemas - MTec;Manhã;622;35;17,77;
Metropolitana de Campinas;Metropolitana de Campinas;Campinas;Campinas Sul;Etec Bento Quirino;043;Integrado;Informação e Comunicação;Informática;Desenvolvimento de Sistemas - MTec-AMS;Tarde;216;35;6,17;
Metropolitana de Campinas;Metropolitana de Campinas;Campinas;Campinas Sul;Etec Bento Quirino;043;Integrado;Controle e Processos Industriais;Indústria;Eletrotécnica - MTec;Manhã;164;35;4,68;
Metropolitana de Campinas;Metropolitana de Campinas;Campinas;Campinas Sul;Etec Bento Quirino;043;Integrado;Controle e Processos Industriais;Indústria;Eletrônica - MTec-PI;Manhã e Tarde;259;35;7,40;
Metropolitana de Campinas;Metropolitana de Campinas;Campinas;Campinas Sul;Etec Bento Quirino;043;Integrado;Gestão e Negócios;Gestão;Logística - MTec-PI;Manhã e Tarde;182;35;5,20;
Metropolitana de Campinas;Metropolitana de Campinas;Campinas;Campinas Sul;Etec Bento Quirino;043;Integrado;Controle e Processos Industriais;Indústria;Mecânica - MTec-PI ;Manhã e Tarde;207;35;5,91;
Metropolitana de Campinas;Metropolitana de Campinas;Campinas;Campinas Sul;Etec Bento Quirino (EE Deputado Eduardo Barnabé);043.05 - Ext/Etec;Técnico;Gestão e Negócios;Gestão;Administração;Noite;46;35;1,31;
Metropolitana de Campinas;Metropolitana de Campinas;Campinas;Campinas Sul;Etec Bento Quirino (EE Francisco Glicério);043.04 - Ext/Etec;Técnico;Gestão e Negócios;Gestão;Contabilidade;Noite;87;35;2,48;
Metropolitana de Campinas;Metropolitana de Campinas;Campinas;Campinas Sul;Etec Bento Quirino (EE Francisco Glicério);043.04 - Ext/Etec;Técnico;Gestão e Negócios;Gestão;Recursos Humanos;Noite;74;35;2,11;
Metropolitana de Campinas;Metropolitana de Campinas;Campinas;Campinas Sul;Etec Bento Quirino (EE Hercy Moraes);043.01 - Ext/Etec;Técnico;Gestão e Negócios;Gestão;Administração;Noite;53;35;1,51;
Metropolitana de Campinas;Metropolitana de Campinas;Campinas;Campinas Sul;Etec Conselheiro Antonio Prado;007;Técnico;Produção Alimentícia;Química;Alimentos;Noite;34;40;0,85;
Metropolitana de Campinas;Metropolitana de Campinas;Campinas;Campinas Sul;Etec Conselheiro Antonio Prado;007;Técnico;Produção Industrial;Meio Ambiente;Biotecnologia;Noite;97;40;2,42;
Metropolitana de Campinas;Metropolitana de Campinas;Campinas;Campinas Sul;Etec Conselheiro Antonio Prado;007;Técnico;Ambiente e Saúde;Saúde;Farmácia;Noite;103;40;2,57;
Metropolitana de Campinas;Metropolitana de Campinas;Campinas;Campinas Sul;Etec Conselheiro Antonio Prado;007;Técnico;Produção Industrial;Química;Química;Noite;106;40;2,65;
Metropolitana de Campinas;Metropolitana de Campinas;Campinas;Campinas Sul;Etec Conselheiro Antonio Prado;007;Integrado;Produção Alimentícia;Química;Alimentos - MTec-PI;Manhã e Tarde;447;40;11,17;
Metropolitana de Campinas;Metropolitana de Campinas;Campinas;Campinas Sul;Etec Conselheiro Antonio Prado;007;Integrado;Produção Industrial;Meio Ambiente;Biotecnologia - MTec-PI;Manhã e Tarde;876;80;10,95;
Metropolitana de Campinas;Metropolitana de Campinas;Campinas;Campinas Sul;Etec Conselheiro Antonio Prado;007;Integrado;Ambiente e Saúde;Meio Ambiente;Meio Ambiente - MTec-PI;Manhã e Tarde;370;80;4,62;
Metropolitana de Campinas;Metropolitana de Campinas;Campinas;Campinas Sul;Etec Conselheiro Antonio Prado;007;Integrado;Produção Industrial;Química;Química - MTec-PI;Manhã e Tarde;476;80;5,95;
Metropolitana de Campinas;Metropolitana de Campinas;Hortolândia;Campinas Sul;Etec de Hortolândia;115;Técnico;Gestão e Negócios;Gestão;Administração;Noite;128;40;3,20;
Metropolitana de Campinas;Metropolitana de Campinas;Hortolândia;Campinas Sul;Etec de Hortolândia;115;Técnico;Informação e Comunicação;Informática;Informática para Internet;Noite;118;40;2,95;
Metropolitana de Campinas;Metropolitana de Campinas;Hortolândia;Campinas Sul;Etec de Hortolândia;115;Técnico;Ambiente e Saúde;Saúde;Nutrição e Dietética;Noite;94;40;2,35;
Metropolitana de Campinas;Metropolitana de Campinas;Hortolândia;Campinas Sul;Etec de Hortolândia;115;Integrado;Gestão e Negócios;Gestão;Administração - MTec-PI;Manhã e Tarde;561;80;7,01;
Metropolitana de Campinas;Metropolitana de Campinas;Hortolândia;Campinas Sul;Etec de Hortolândia;115;Integrado;Informação e Comunicação;Informática;Desenvolvimento de Sistemas - MTec-PI ;Manhã e Tarde;906;80;11,32;
Metropolitana de Campinas;Metropolitana de Campinas;Hortolândia;Campinas Sul;Etec de Hortolândia;115;Integrado;Ambiente e Saúde;Saúde;Nutrição e Dietética - MTec-PI;Manhã e Tarde;499;40;12,47;
Metropolitana de Campinas;Metropolitana de Campinas;Itapira;Campinas Norte;Etec João Maria Stevanatto;218;Médio;Educação Básica;Educação Básica - Ensino Médio;Ensino Médio com Itinerário Formativo de Ciências Humanas e Sociais Aplicadas;Manhã;83;40;2,07;
Metropolitana de Campinas;Metropolitana de Campinas;Itapira;Campinas Norte;Etec João Maria Stevanatto;218;Técnico;Gestão e Negócios;Gestão;Administração;Noite;54;40;1,35;
Metropolitana de Campinas;Metropolitana de Campinas;Itapira;Campinas Norte;Etec João Maria Stevanatto;218;Técnico;Produção Industrial;Meio Ambiente;Biotecnologia;Noite;100;40;2,50;
Metropolitana de Campinas;Metropolitana de Campinas;Itapira;Campinas Norte;Etec João Maria Stevanatto;218;Técnico;Gestão e Negócios;Gestão;Qualidade;Noite;59;40;1,47;
Metropolitana de Campinas;Metropolitana de Campinas;Itapira;Campinas Norte;Etec João Maria Stevanatto;218;Integrado;Informação e Comunicação;Informática;Desenvolvimento de Sistemas - MTec-PI ;Manhã e Tarde;153;40;3,82;
Metropolitana de Campinas;Metropolitana de Campinas;Itapira;Campinas Norte;Etec João Maria Stevanatto;218;Integrado;Produção Industrial;Química;Química - MTec-PI;Manhã e Tarde;84;40;2,10;
Metropolitana de Campinas;Metropolitana de Campinas;Itapira;Campinas Norte;Etec João Maria Stevanatto;218;Integrado;Gestão e Negócios;Gestão;Recursos Humanos - MTec-N;Noite;35;40;0,87;
Metropolitana de Campinas;Metropolitana de Campinas;Jaguariúna;Campinas Norte;Etec Euro Albino de Souza (EM Professor José Roberto Chiavegato - Bita - Jaguariúna);206.1 - Cd_Cps;Técnico;Gestão e Negócios;Gestão;Logística;Noite;68;40;1,70;
Metropolitana de Campinas;Metropolitana de Campinas;Mogi Guaçu;Campinas Norte;Etec Euro Albino de Souza;206;Técnico;Controle e Processos Industriais;Indústria;Eletrônica;Noite;67;40;1,67;
Metropolitana de Campinas;Metropolitana de Campinas;Mogi Guaçu;Campinas Norte;Etec Euro Albino de Souza;206;Integrado;Gestão e Negócios;Gestão;Administração - MTec-PI;Manhã e Tarde;163;40;4,07;
Metropolitana de Campinas;Metropolitana de Campinas;Mogi Guaçu;Campinas Norte;Etec Euro Albino de Souza;206;Integrado;Controle e Processos Industriais;Indústria;Automação Industrial - MTec;Manhã;162;40;4,05;
Metropolitana de Campinas;Metropolitana de Campinas;Mogi Guaçu;Campinas Norte;Etec Euro Albino de Souza;206;Integrado;Informação e Comunicação;Informática;Desenvolvimento de Sistemas - Mtec-N;Noite;77;40;1,92;
Metropolitana de Campinas;Metropolitana de Campinas;Mogi Guaçu;Campinas Norte;Etec Euro Albino de Souza;206;Integrado;Informação e Comunicação;Informática;Desenvolvimento de Sistemas - MTec-PI ;Manhã e Tarde;172;40;4,30;
Metropolitana de Campinas;Metropolitana de Campinas;Mogi Mirim;Campinas Norte;Etec Pedro Ferreira Alves;096;Técnico;Gestão e Negócios;Gestão;Administração;Noite;83;40;2,07;
Metropolitana de Campinas;Metropolitana de Campinas;Mogi Mirim;Campinas Norte;Etec Pedro Ferreira Alves;096;Técnico;Informação e Comunicação;Informática;Desenvolvimento de Sistemas;Noite;63;40;1,57;
Metropolitana de Campinas;Metropolitana de Campinas;Mogi Mirim;Campinas Norte;Etec Pedro Ferreira Alves;096;Técnico;Ambiente e Saúde;Saúde;Enfermagem;Noite;104;40;2,60;
Metropolitana de Campinas;Metropolitana de Campinas;Mogi Mirim;Campinas Norte;Etec Pedro Ferreira Alves;096;Técnico;Gestão e Negócios;Gestão;Logística;Noite;58;40;1,45;
Metropolitana de Campinas;Metropolitana de Campinas;Mogi Mirim;Campinas Norte;Etec Pedro Ferreira Alves;096;Integrado;Gestão e Negócios;Gestão;Administração - MTec;Manhã;221;40;5,52;
Metropolitana de Campinas;Metropolitana de Campinas;Mogi Mirim;Campinas Norte;Etec Pedro Ferreira Alves;096;Integrado;Informação e Comunicação;Informática;Desenvolvimento de Sistemas - MTec;Manhã;220;40;5,50;
Metropolitana de Campinas;Metropolitana de Campinas;Mogi Mirim;Campinas Norte;Etec Pedro Ferreira Alves;096;Integrado;Informação e Comunicação;Informática;Informática para Internet - MTec;Manhã;101;40;2,52;
Metropolitana de Campinas;Metropolitana de Campinas;Mogi Mirim;Campinas Norte;Etec Pedro Ferreira Alves;096;Integrado;Gestão e Negócios;Gestão;Logística - MTec;Manhã;101;40;2,52;
Metropolitana de Campinas;Metropolitana de Campinas;Mogi Mirim;Campinas Norte;Etec Pedro Ferreira Alves;096;Integrado;Controle e Processos Industriais;Indústria;Mecatrônica - MTec;Manhã;117;40;2,92;
Metropolitana de Campinas;Metropolitana de Campinas;Mogi Mirim;Campinas Norte;Etec Pedro Ferreira Alves;096;Integrado;Controle e Processos Industriais;Indústria;Mecânica - Mtec-N;Noite;30;40;0,75;
Metropolitana de Campinas;Metropolitana de Campinas;Mogi Mirim;Campinas Norte;Etec Pedro Ferreira Alves;096;Integrado;Ambiente e Saúde;Meio Ambiente;Meio Ambiente - MTec;Tarde;100;40;2,50;
Metropolitana de Campinas;Metropolitana de Campinas;Mogi Mirim;Campinas Norte;Etec Pedro Ferreira Alves / Fatec Arthur de Azevedo;096/163 - Etec/Fatec;Integrado;Informação e Comunicação;Informática;Desenvolvimento de Sistemas - MTec-AMS;Tarde;99;40;2,47;
Metropolitana de Campinas;Metropolitana de Campinas;Monte Mor;Campinas Sul;Etec de Monte Mor;198;Técnico;Gestão e Negócios;Gestão;Logística;Noite;61;35;1,74;
Metropolitana de Campinas;Metropolitana de Campinas;Monte Mor;Campinas Sul;Etec de Monte Mor;198;Técnico;Gestão e Negócios;Gestão;Qualidade;Noite;50;35;1,42;
Metropolitana de Campinas;Metropolitana de Campinas;Monte Mor;Campinas Sul;Etec de Monte Mor;198;Integrado;Gestão e Negócios;Gestão;Administração - MTec;Tarde;131;35;3,74;
Metropolitana de Campinas;Metropolitana de Campinas;Monte Mor;Campinas Sul;Etec de Monte Mor;198;Integrado;Gestão e Negócios;Gestão;Administração - MTec-N;Noite;44;35;1,25;
Metropolitana de Campinas;Metropolitana de Campinas;Monte Mor;Campinas Sul;Etec de Monte Mor;198;Integrado;Informação e Comunicação;Informática;Desenvolvimento de Sistemas - MTec;Manhã;263;35;7,51;
Metropolitana de Campinas;Metropolitana de Campinas;Monte Mor;Campinas Sul;Etec de Monte Mor;198;Integrado;Informação e Comunicação;Informática;Desenvolvimento de Sistemas - MTec;Tarde;48;35;1,37;
Metropolitana de Campinas;Metropolitana de Campinas;Monte Mor;Campinas Sul;Etec de Monte Mor;198;Integrado;Gestão e Negócios;Gestão;Logística - MTec;Manhã;127;35;3,62;
Metropolitana de Campinas;Metropolitana de Campinas;Nova Odessa;Campinas Sul;Etec Ferrucio Humberto Gazzetta;234;Médio;Educação Básica;Educação Básica - Ensino Médio;Ensino Médio com Itinerário Formativo de Ciências Humanas e Sociais Aplicadas;Manhã;68;40;1,70;
Metropolitana de Campinas;Metropolitana de Campinas;Nova Odessa;Campinas Sul;Etec Ferrucio Humberto Gazzetta;234;Técnico;Gestão e Negócios;Gestão;Administração;Noite;68;40;1,70;
Metropolitana de Campinas;Metropolitana de Campinas;Nova Odessa;Campinas Sul;Etec Ferrucio Humberto Gazzetta;234;Técnico;Informação e Comunicação;Informática;Desenvolvimento de Sistemas;Noite;75;40;1,87;
Metropolitana de Campinas;Metropolitana de Campinas;Nova Odessa;Campinas Sul;Etec Ferrucio Humberto Gazzetta;234;Técnico;Gestão e Negócios;Gestão;Qualidade;Noite;54;40;1,35;
Metropolitana de Campinas;Metropolitana de Campinas;Nova Odessa;Campinas Sul;Etec Ferrucio Humberto Gazzetta;234;Integrado;Gestão e Negócios;Gestão;Administração - MTec-N;Noite;59;40;1,47;
Metropolitana de Campinas;Metropolitana de Campinas;Nova Odessa;Campinas Sul;Etec Ferrucio Humberto Gazzetta;234;Integrado;Gestão e Negócios;Gestão;Administração - MTec-PI;Manhã e Tarde;137;40;3,42;
Metropolitana de Campinas;Metropolitana de Campinas;Nova Odessa;Campinas Sul;Etec Ferrucio Humberto Gazzetta;234;Integrado;Informação e Comunicação;Informática;Desenvolvimento de Sistemas - MTec-PI ;Manhã e Tarde;230;40;5,75;
Metropolitana de Campinas;Metropolitana de Campinas;Nova Odessa;Campinas Sul;Etec Ferrucio Humberto Gazzetta;234;Integrado;Gestão e Negócios;Gestão;Marketing - MTec-PI;Manhã e Tarde;165;40;4,12;
Metropolitana de Campinas;Metropolitana de Campinas;Nova Odessa;Campinas Sul;Etec Ferrucio Humberto Gazzetta;234;Integrado;Gestão e Negócios;Gestão;Recursos Humanos - MTec;Tarde;93;40;2,32;
Metropolitana de Campinas;Metropolitana de Campinas;Santa Bárbara d'Oeste;Campinas Sul;Etec Professor Doutor José Dagnoni;117;Técnico;Gestão e Negócios;Gestão;Administração;Noite;92;40;2,29;
Metropolitana de Campinas;Metropolitana de Campinas;Santa Bárbara d'Oeste;Campinas Sul;Etec Professor Doutor José Dagnoni;117;Técnico;Ambiente e Saúde;Saúde;Enfermagem;Tarde;109;40;2,72;
Metropolitana de Campinas;Metropolitana de Campinas;Santa Bárbara d'Oeste;Campinas Sul;Etec Professor Doutor José Dagnoni;117;Técnico;Produção Industrial;Química;Química;Noite;75;40;1,87;
Metropolitana de Campinas;Metropolitana de Campinas;Santa Bárbara d'Oeste;Campinas Sul;Etec Professor Doutor José Dagnoni;117;Técnico;Gestão e Negócios;Gestão;Recursos Humanos;Noite;48;40;1,20;
Metropolitana de Campinas;Metropolitana de Campinas;Santa Bárbara d'Oeste;Campinas Sul;Etec Professor Doutor José Dagnoni;117;Integrado;Gestão e Negócios;Gestão;Administração - MTec;Manhã;179;36;4,97;
Metropolitana de Campinas;Metropolitana de Campinas;Santa Bárbara d'Oeste;Campinas Sul;Etec Professor Doutor José Dagnoni;117;Integrado;Informação e Comunicação;Informática;Desenvolvimento de Sistemas - MTec;Tarde;194;36;5,38;
Metropolitana de Campinas;Metropolitana de Campinas;Santa Bárbara d'Oeste;Campinas Sul;Etec Professor Doutor José Dagnoni;117;Integrado;Gestão e Negócios;Comércio;Marketing - MTec;Manhã;150;36;4,16;
Metropolitana de Campinas;Metropolitana de Campinas;Santa Bárbara d'Oeste;Campinas Sul;Etec Professor Doutor José Dagnoni;117;Integrado;Ambiente e Saúde;Meio Ambiente;Meio Ambiente - MTec;Tarde;46;36;1,27;
Metropolitana de Campinas;Metropolitana de Campinas;Santa Bárbara d'Oeste;Campinas Sul;Etec Professor Doutor José Dagnoni;117;Integrado;Produção Industrial;Química;Química - MTec;Manhã;132;36;3,66;
Metropolitana de Campinas;Metropolitana de Campinas;Santa Bárbara d'Oeste;Campinas Sul;Etec Professor Doutor José Dagnoni;117;Integrado;Gestão e Negócios;Gestão;Recursos Humanos - MTec;Manhã;93;36;2,58;
Metropolitana de Campinas;Metropolitana de Campinas;Santa Bárbara d'Oeste;Campinas Sul;Etec Professor Doutor José Dagnoni;117;Integrado;Gestão e Negócios;Gestão;Serviços Jurídicos - MTec;Tarde;74;36;2,05;
Metropolitana de Campinas;Metropolitana de Campinas;Santo Antonio de Posse;Campinas Norte;Etec Pedro Ferreira Alves (EMEF Mario Bianchi - Santo Antonio de Posse);096.3 - Cd_Cps;Técnico;Gestão e Negócios;Gestão;Administração;Noite;61;40;1,52;
Metropolitana de Campinas;Metropolitana de Campinas;Sumaré;Campinas Sul;Etec Sumaré Cidade Orquídea;302;Técnico;Gestão e Negócios;Gestão;Administração (MNP);Noite;74;40;1,85;
Metropolitana de Campinas;Metropolitana de Campinas;Sumaré;Campinas Sul;Etec Sumaré Cidade Orquídea;302;Integrado;Gestão e Negócios;Gestão;Administração - MTec;Manhã;461;40;11,52;
Metropolitana de Campinas;Metropolitana de Campinas;Sumaré;Campinas Sul;Etec Sumaré Cidade Orquídea;302;Integrado;Ambiente e Saúde;Meio Ambiente;Meio Ambiente - MTec;Manhã;151;40;3,77;
Metropolitana de Campinas;Metropolitana de Campinas;Valinhos;Campinas Sul;Etec Benedito Storani (EE Prof. Cyro de Barros Rezende);042.05 - Ext/Etec;Técnico;Gestão e Negócios;Gestão;Administração;Noite;89;30;2,96;
Metropolitana de Campinas;Metropolitana de Campinas;Valinhos;Campinas Sul;Etec Benedito Storani (EE Prof. Cyro de Barros Rezende);042.05 - Ext/Etec;Técnico;Gestão e Negócios;Gestão;Qualidade;Noite;44;30;1,46;
Metropolitana de Campinas;Metropolitana de Campinas;Vinhedo;Campinas Sul;Etec Benedito Storani (EM Prof. André Franco Montoro - Vinhedo);042.4 - Cd_Cps;Técnico;Gestão e Negócios;Gestão;Administração;Noite;53;40;1,32;
Metropolitana de Campinas;Piracicaba;Capivari;Campinas Sul;Etec Deputado Ary de Camargo Pedroso (EMEF Augusto Castanho - Capivari);193.2 - Cd_Cps;Técnico;Gestão e Negócios;Gestão;Administração;Noite;82;35;2,34;
Metropolitana de Campinas;Piracicaba;Capivari;Campinas Sul;Etec Deputado Ary de Camargo Pedroso (EMEF Augusto Castanho - Capivari);193.2 - Cd_Cps;Técnico;Gestão e Negócios;Gestão;Logística;Noite;31;35;0,88;
Metropolitana de Campinas;Piracicaba;Piracicaba;Campinas Sul;Etec Coronel Fernando Febeliano da Costa;056;Técnico;Gestão e Negócios;Gestão;Administração;Noite;105;36;2,91;
Metropolitana de Campinas;Piracicaba;Piracicaba;Campinas Sul;Etec Coronel Fernando Febeliano da Costa;056;Técnico;Gestão e Negócios;Gestão;Contabilidade;Noite;53;36;1,47;
Metropolitana de Campinas;Piracicaba;Piracicaba;Campinas Sul;Etec Coronel Fernando Febeliano da Costa;056;Técnico;Controle e Processos Industriais;Indústria;Eletroeletrônica;Noite;86;36;2,38;
Metropolitana de Campinas;Piracicaba;Piracicaba;Campinas Sul;Etec Coronel Fernando Febeliano da Costa;056;Técnico;Ambiente e Saúde;Saúde;Enfermagem;Tarde;126;40;3,15;
Metropolitana de Campinas;Piracicaba;Piracicaba;Campinas Sul;Etec Coronel Fernando Febeliano da Costa;056;Técnico;Controle e Processos Industriais;Indústria;Mecânica;Noite;105;36;2,91;
Metropolitana de Campinas;Piracicaba;Piracicaba;Campinas Sul;Etec Coronel Fernando Febeliano da Costa;056;Técnico;Ambiente e Saúde;Saúde;Nutrição e Dietética;Noite;69;36;1,91;
Metropolitana de Campinas;Piracicaba;Piracicaba;Campinas Sul;Etec Coronel Fernando Febeliano da Costa;056;Técnico;Produção Industrial;Química;Química;Noite;98;36;2,72;
Metropolitana de Campinas;Piracicaba;Piracicaba;Campinas Sul;Etec Coronel Fernando Febeliano da Costa;056;Técnico;Segurança;Saúde;Segurança do Trabalho;Noite;107;36;2,97;
Metropolitana de Campinas;Piracicaba;Piracicaba;Campinas Sul;Etec Coronel Fernando Febeliano da Costa;056;Integrado;Gestão e Negócios;Gestão;Administração - MTec;Tarde;109;36;3,02;
Metropolitana de Campinas;Piracicaba;Piracicaba;Campinas Sul;Etec Coronel Fernando Febeliano da Costa;056;Integrado;Gestão e Negócios;Gestão;Administração - MTec;Manhã;324;36;9,00;
Metropolitana de Campinas;Piracicaba;Piracicaba;Campinas Sul;Etec Coronel Fernando Febeliano da Costa;056;Integrado;Controle e Processos Industriais;Indústria;Mecatrônica - MTec;Tarde;214;36;5,94;
Metropolitana de Campinas;Piracicaba;Piracicaba;Campinas Sul;Etec Coronel Fernando Febeliano da Costa;056;Integrado;Controle e Processos Industriais;Indústria;Mecânica - MTec;Manhã;170;36;4,72;
Metropolitana de Campinas;Piracicaba;Piracicaba;Campinas Sul;Etec Coronel Fernando Febeliano da Costa;056;Integrado;Ambiente e Saúde;Meio Ambiente;Meio Ambiente - MTec;Manhã;219;36;6,08;
Metropolitana de Campinas;Piracicaba;Piracicaba;Campinas Sul;Etec Coronel Fernando Febeliano da Costa;056;Integrado;Ambiente e Saúde;Saúde;Nutrição e Dietética - MTec;Manhã;346;36;9,61;
Metropolitana de Campinas;Piracicaba;Piracicaba;Campinas Sul;Etec Coronel Fernando Febeliano da Costa;056;Integrado;Produção Industrial;Química;Química - MTec;Manhã;176;36;4,88;
Metropolitana de Campinas;Piracicaba;Piracicaba;Campinas Sul;Etec Coronel Fernando Febeliano da Costa / Fatec Deputado Roque Trevisan;056/175 - Etec/Fatec;Integrado;Produção Industrial;Química;Química - MTec-AMS;Tarde;77;40;1,92;
Metropolitana de Campinas;Piracicaba;Piracicaba;Campinas Sul;Etec Deputado Ary de Camargo Pedroso;193;Técnico;Gestão e Negócios;Gestão;Administração;Noite;85;40;2,12;
Metropolitana de Campinas;Piracicaba;Piracicaba;Campinas Sul;Etec Deputado Ary de Camargo Pedroso;193;Técnico;Controle e Processos Industriais;Indústria;Automação Industrial;Noite;80;40;2,00;
Metropolitana de Campinas;Piracicaba;Piracicaba;Campinas Sul;Etec Deputado Ary de Camargo Pedroso;193;Técnico;Gestão e Negócios;Gestão;Logística;Noite;62;40;1,55;
Metropolitana de Campinas;Piracicaba;Piracicaba;Campinas Sul;Etec Deputado Ary de Camargo Pedroso;193;Técnico;Gestão e Negócios;Gestão;Recursos Humanos;Noite;43;40;1,07;
Metropolitana de Campinas;Piracicaba;Piracicaba;Campinas Sul;Etec Deputado Ary de Camargo Pedroso;193;Integrado;Gestão e Negócios;Gestão;Administração - MTec;Manhã;227;40;5,67;
Metropolitana de Campinas;Piracicaba;Piracicaba;Campinas Sul;Etec Deputado Ary de Camargo Pedroso;193;Integrado;Controle e Processos Industriais;Indústria;Automação Industrial - MTec;Tarde;86;40;2,15;
Metropolitana de Campinas;Piracicaba;Piracicaba;Campinas Sul;Etec Deputado Ary de Camargo Pedroso;193;Integrado;Informação e Comunicação;Informática;Desenvolvimento de Sistemas - MTec;Manhã;322;40;8,05;
Metropolitana de Campinas;Piracicaba;Piracicaba;Campinas Sul;Etec Deputado Ary de Camargo Pedroso;193;Integrado;Gestão e Negócios;Gestão;Logística - MTec-PI;Manhã e Tarde;122;40;3,05;
Metropolitana de Campinas;Piracicaba;Rio das Pedras;Campinas Sul;Etec Doutor José Coury;071;Técnico;Recursos Naturais;Agropecuária;Agronegócio;Noite;46;35;1,31;
Metropolitana de Campinas;Piracicaba;Rio das Pedras;Campinas Sul;Etec Doutor José Coury;071;Técnico;Gestão e Negócios;Gestão;Qualidade;Noite;51;35;1,45;
Metropolitana de Campinas;Piracicaba;Rio das Pedras;Campinas Sul;Etec Doutor José Coury;071;Integrado;Gestão e Negócios;Gestão;Administração - MTec;Manhã;167;70;2,38;
Metropolitana de Campinas;Piracicaba;Rio das Pedras;Campinas Sul;Etec Doutor José Coury;071;Integrado;Recursos Naturais;Agropecuária;Agropecuária - MTec;Manhã;142;35;4,05;
Metropolitana de Campinas;Piracicaba;Rio das Pedras;Campinas Sul;Etec Doutor José Coury;071;Integrado;Gestão e Negócios;Gestão;Logística - Mtec-N;Noite;53;35;1,51;
Metropolitana de Campinas;Piracicaba;São Pedro;Campinas Norte;Etec Gustavo Teixeira;236;Médio;Educação Básica;Educação Básica - Ensino Médio;Ensino Médio com Itinerário Formativo de Linguagens, Ciência Humanas e Sociais;Manhã;91;40;2,27;
Metropolitana de Campinas;Piracicaba;São Pedro;Campinas Norte;Etec Gustavo Teixeira;236;Integrado;Gestão e Negócios;Gestão;Administração - MTec-PI;Manhã e Tarde;101;40;2,52;
Metropolitana de Campinas;Piracicaba;São Pedro;Campinas Norte;Etec Gustavo Teixeira;236;Integrado;Ambiente e Saúde;Saúde;Nutrição e Dietética - MTec;Manhã;119;40;2,97;
Metropolitana de Campinas;Rio Claro;Rio Claro;Campinas Norte;Etec Professor Armando Bayeux da Silva;036;Médio;Educação Básica;Educação Básica - Ensino Médio;Ensino Médio com Itinerário Formativo de Ciências da Natureza e suas Tecnologias;Manhã;177;40;4,42;
Metropolitana de Campinas;Rio Claro;Rio Claro;Campinas Norte;Etec Professor Armando Bayeux da Silva;036;Médio;Educação Básica;Educação Básica - Ensino Médio;Ensino Médio com Itinerário Formativo de Ciências Humanas e Sociais Aplicadas;Manhã;164;40;4,09;
Metropolitana de Campinas;Rio Claro;Rio Claro;Campinas Norte;Etec Professor Armando Bayeux da Silva;036;Técnico;Gestão e Negócios;Gestão;Administração;Noite;169;40;4,22;
Metropolitana de Campinas;Rio Claro;Rio Claro;Campinas Norte;Etec Professor Armando Bayeux da Silva;036;Técnico;Informação e Comunicação;Informática;Desenvolvimento de Sistemas;Noite;115;40;2,87;
Metropolitana de Campinas;Rio Claro;Rio Claro;Campinas Norte;Etec Professor Armando Bayeux da Silva;036;Técnico;Controle e Processos Industriais;Indústria;Eletromecânica;Noite;125;40;3,12;
Metropolitana de Campinas;Rio Claro;Rio Claro;Campinas Norte;Etec Professor Armando Bayeux da Silva;036;Técnico;Ambiente e Saúde;Saúde;Enfermagem;Tarde;114;40;2,85;
Metropolitana de Campinas;Rio Claro;Rio Claro;Campinas Norte;Etec Professor Armando Bayeux da Silva;036;Técnico;Controle e Processos Industriais;Indústria;Mecatrônica;Noite;84;40;2,10;
Metropolitana de Campinas;Rio Claro;Rio Claro;Campinas Norte;Etec Professor Armando Bayeux da Silva;036;Integrado;Gestão e Negócios;Gestão;Administração - MTec;Tarde;259;40;6,47;
Metropolitana de Campinas;Rio Claro;Rio Claro;Campinas Norte;Etec Professor Armando Bayeux da Silva;036;Integrado;Informação e Comunicação;Informática;Desenvolvimento de Sistemas - MTec-PI ;Manhã e Tarde;263;40;6,57;
Metropolitana de Campinas;Rio Claro;Rio Claro;Campinas Norte;Etec Professor Armando Bayeux da Silva;036;Integrado;Gestão e Negócios;Gestão;Logística - Mtec-N;Noite;103;40;2,57;
Metropolitana de Campinas;Rio Claro;Rio Claro;Campinas Norte;Etec Professor Armando Bayeux da Silva (EE Joaquim Ribeiro);036.02 - Ext/Etec;Técnico;Gestão e Negócios;Gestão;Contabilidade;Noite;41;40;1,02;
Metropolitana de Campinas;São João da Boa Vista;Aguaí;Campinas Norte;Etec Arnaldo Pereira Cheregatti;215;Técnico;Gestão e Negócios;Gestão;Administração;Noite;68;40;1,70;
Metropolitana de Campinas;São João da Boa Vista;Aguaí;Campinas Norte;Etec Arnaldo Pereira Cheregatti;215;Técnico;Gestão e Negócios;Gestão;Recursos Humanos;Noite;83;40;2,07;
Metropolitana de Campinas;São João da Boa Vista;Aguaí;Campinas Norte;Etec Arnaldo Pereira Cheregatti;215;Técnico;Segurança;Saúde;Segurança do Trabalho;Noite;66;40;1,65;
Metropolitana de Campinas;São João da Boa Vista;Aguaí;Campinas Norte;Etec Arnaldo Pereira Cheregatti;215;Integrado;Gestão e Negócios;Gestão;Administração - MTec-PI;Manhã e Tarde;73;40;1,82;
Metropolitana de Campinas;São João da Boa Vista;Aguaí;Campinas Norte;Etec Arnaldo Pereira Cheregatti;215;Integrado;Informação e Comunicação;Informática;Informática - MTec;Manhã;73;40;1,82;
Metropolitana de Campinas;São João da Boa Vista;Aguaí;Campinas Norte;Etec Arnaldo Pereira Cheregatti;215;Integrado;Gestão e Negócios;Comércio;Marketing - MTec;Manhã;66;40;1,65;
Metropolitana de Campinas;São João da Boa Vista;Caconde;Campinas Norte;Etec Professor Rodolpho José Del Guerra (EMEF Dr. Cândido Lobo - Caconde);150.1 - Cd_Cps;Técnico;Gestão e Negócios;Gestão;Administração;Noite;50;40;1,25;
Metropolitana de Campinas;São João da Boa Vista;Casa Branca;Campinas Norte;Etec Doutor Francisco Nogueira de Lima;059;Médio;Educação Básica;Educação Básica - Ensino Médio;Ensino Médio com Itinerário Formativo de Ciências da Natureza e suas Tecnologias;Manhã;91;40;2,27;
Metropolitana de Campinas;São João da Boa Vista;Casa Branca;Campinas Norte;Etec Doutor Francisco Nogueira de Lima;059;Técnico;Gestão e Negócios;Gestão;Administração;Noite;45;40;1,12;
Metropolitana de Campinas;São João da Boa Vista;Casa Branca;Campinas Norte;Etec Doutor Francisco Nogueira de Lima;059;Técnico;Produção Alimentícia;Química;Alimentos;Noite;77;40;1,92;
Metropolitana de Campinas;São João da Boa Vista;Casa Branca;Campinas Norte;Etec Doutor Francisco Nogueira de Lima;059;Integrado;Gestão e Negócios;Gestão;Administração - MTec-PI;Manhã e Tarde;71;40;1,77;
Metropolitana de Campinas;São João da Boa Vista;Casa Branca;Campinas Norte;Etec Doutor Francisco Nogueira de Lima;059;Integrado;Informação e Comunicação;Informática;Desenvolvimento de Sistemas - MTec-PI ;Manhã e Tarde;83;40;2,07;
Metropolitana de Campinas;São João da Boa Vista;Espírito Santo do Pinhal;Campinas Norte;Etec Doutor Carolino da Motta e Silva;047;Técnico;Turismo, Hospitalidade e Lazer;Turismo e Hospitalidade;Guia de Turismo;Noite;60;40;1,50;
Metropolitana de Campinas;São João da Boa Vista;Espírito Santo do Pinhal;Campinas Norte;Etec Doutor Carolino da Motta e Silva;047;Técnico;Informação e Comunicação;Informática;Informática;Noite;64;40;1,60;
Metropolitana de Campinas;São João da Boa Vista;Espírito Santo do Pinhal;Campinas Norte;Etec Doutor Carolino da Motta e Silva;047;Técnico;Gestão e Negócios;Gestão;Recursos Humanos;Noite;63;40;1,57;
Metropolitana de Campinas;São João da Boa Vista;Espírito Santo do Pinhal;Campinas Norte;Etec Doutor Carolino da Motta e Silva;047;Integrado;Recursos Naturais;Agropecuária;Agronegócio - MTec-PI;Manhã e Tarde;61;40;1,52;
Metropolitana de Campinas;São João da Boa Vista;Espírito Santo do Pinhal;Campinas Norte;Etec Doutor Carolino da Motta e Silva;047;Integrado;Recursos Naturais;Agropecuária;Agropecuária - MTec-PI;Manhã e Tarde;116;80;1,45;
Metropolitana de Campinas;São João da Boa Vista;Espírito Santo do Pinhal;Campinas Norte;Etec Doutor Carolino da Motta e Silva;047;Integrado;Informação e Comunicação;Informática;Informática para Internet - MTec-PI;Manhã e Tarde;83;40;2,07;
Metropolitana de Campinas;São João da Boa Vista;Mococa;Ribeirão Preto/Franca/Barretos;Etec Francisco Garcia;060;Técnico;Gestão e Negócios;Gestão;Administração;Noite;75;40;1,87;
Metropolitana de Campinas;São João da Boa Vista;Mococa;Ribeirão Preto/Franca/Barretos;Etec Francisco Garcia;060;Técnico;Ambiente e Saúde;Saúde;Enfermagem;Tarde;92;40;2,29;
Metropolitana de Campinas;São João da Boa Vista;Mococa;Ribeirão Preto/Franca/Barretos;Etec Francisco Garcia;060;Técnico;Ambiente e Saúde;Saúde;Farmácia;Noite;74;40;1,85;
Metropolitana de Campinas;São João da Boa Vista;Mococa;Ribeirão Preto/Franca/Barretos;Etec Francisco Garcia;060;Técnico;Turismo, Hospitalidade e Lazer;Turismo e Hospitalidade;Gastronomia;Noite;87;40;2,17;
Metropolitana de Campinas;São João da Boa Vista;Mococa;Ribeirão Preto/Franca/Barretos;Etec Francisco Garcia;060;Técnico;Controle e Processos Industriais;Indústria;Mecânica;Noite;72;40;1,80;
Metropolitana de Campinas;São João da Boa Vista;Mococa;Ribeirão Preto/Franca/Barretos;Etec Francisco Garcia;060;Técnico;Produção Industrial;Química;Química;Noite;69;40;1,72;
Metropolitana de Campinas;São João da Boa Vista;Mococa;Ribeirão Preto/Franca/Barretos;Etec Francisco Garcia;060;Integrado;Gestão e Negócios;Gestão;Administração - MTec-PI;Manhã e Tarde;107;40;2,67;
Metropolitana de Campinas;São João da Boa Vista;Mococa;Ribeirão Preto/Franca/Barretos;Etec Francisco Garcia;060;Integrado;Gestão e Negócios;Gestão;Contabilidade - MTec-PI;Manhã e Tarde;50;40;1,25;
Metropolitana de Campinas;São João da Boa Vista;Mococa;Ribeirão Preto/Franca/Barretos;Etec Francisco Garcia;060;Integrado;Informação e Comunicação;Informática;Informática para Internet - MTec-PI;Manhã e Tarde;100;40;2,50;
Metropolitana de Campinas;São João da Boa Vista;Mococa;Ribeirão Preto/Franca/Barretos;Etec Francisco Garcia;060;Integrado;Controle e Processos Industriais;Indústria;Mecânica - MTec-PI ;Manhã e Tarde;77;40;1,92;
Metropolitana de Campinas;São João da Boa Vista;Mococa;Ribeirão Preto/Franca/Barretos;Etec Francisco Garcia;060;Integrado;Produção Industrial;Química;Química - MTec-PI;Manhã e Tarde;91;40;2,27;
Metropolitana de Campinas;São João da Boa Vista;Mococa;Ribeirão Preto/Franca/Barretos;Etec Francisco Garcia (EE Oscar Villares);060.01 - Ext/Etec;Técnico;Gestão e Negócios;Gestão;Recursos Humanos;Noite;56;36;1,55;
Metropolitana de Campinas;São João da Boa Vista;Mococa;Ribeirão Preto/Franca/Barretos;Etec Francisco Garcia (EE Oscar Villares);060.01 - Ext/Etec;Técnico;Gestão e Negócios;Gestão;Serviços Jurídicos;Noite;47;36;1,30;
Metropolitana de Campinas;São João da Boa Vista;Mococa;Ribeirão Preto/Franca/Barretos;Etec Francisco Garcia / Fatec Mococa - Mário Roberson de Sylos;060/120 - Etec/Fatec;Integrado;Gestão e Negócios;Gestão;Administração - MTec-AMS;Manhã;48;40;1,20;
Metropolitana de Campinas;São João da Boa Vista;Mococa;Ribeirão Preto/Franca/Barretos;Etec João Baptista de Lima Figueiredo;009;Técnico;Controle e Processos Industriais;Indústria;Mecatrônica;Noite;63;36;1,75;
Metropolitana de Campinas;São João da Boa Vista;Mococa;Ribeirão Preto/Franca/Barretos;Etec João Baptista de Lima Figueiredo;009;Integrado;Controle e Processos Industriais;Indústria;Automação Industrial - MTec;Manhã;71;36;1,97;
Metropolitana de Campinas;São João da Boa Vista;Mococa;Ribeirão Preto/Franca/Barretos;Etec João Baptista de Lima Figueiredo;009;Integrado;Informação e Comunicação;Informática;Desenvolvimento de Sistemas - MTec-AMS;Manhã;80;36;2,22;
Metropolitana de Campinas;São João da Boa Vista;Mococa;Ribeirão Preto/Franca/Barretos;Etec João Baptista de Lima Figueiredo;009;Integrado;Informação e Comunicação;Informática;Desenvolvimento de Sistemas - MTec-PI ;Manhã e Tarde;86;36;2,38;
Metropolitana de Campinas;São João da Boa Vista;Mococa;Ribeirão Preto/Franca/Barretos;Etec João Baptista de Lima Figueiredo;009;Integrado;Controle e Processos Industriais;Indústria;Eletrotécnica - MTec-PI;Manhã e Tarde;57;36;1,58;
Metropolitana de Campinas;São João da Boa Vista;Mococa;Ribeirão Preto/Franca/Barretos;Etec João Baptista de Lima Figueiredo;009;Integrado;Controle e Processos Industriais;Indústria;Eletrônica - Mtec-N;Noite;54;36;1,50;
Metropolitana de Campinas;São João da Boa Vista;Mococa;Ribeirão Preto/Franca/Barretos;Etec João Baptista de Lima Figueiredo;009;Integrado;Controle e Processos Industriais;Indústria;Mecatrônica - MTec-PI;Manhã e Tarde;69;36;1,91;
Metropolitana de Campinas;São João da Boa Vista;Santa Cruz das Palmeiras;Campinas Norte;Etec João Elias Margutti;287;Técnico;Produção Industrial;Química;Açúcar e Álcool;Noite;113;35;3,22;
Metropolitana de Campinas;São João da Boa Vista;Santa Cruz das Palmeiras;Campinas Norte;Etec João Elias Margutti;287;Técnico;Gestão e Negócios;Gestão;Administração;Noite;51;35;1,45;
Metropolitana de Campinas;São João da Boa Vista;Santa Cruz das Palmeiras;Campinas Norte;Etec João Elias Margutti;287;Integrado;Gestão e Negócios;Gestão;Administração - MTec;Tarde;59;35;1,68;
Metropolitana de Campinas;São João da Boa Vista;Santa Cruz das Palmeiras;Campinas Norte;Etec João Elias Margutti;287;Integrado;Gestão e Negócios;Gestão;Logística - Mtec-N;Noite;45;35;1,28;
Metropolitana de Campinas;São João da Boa Vista;Santa Cruz das Palmeiras;Campinas Norte;Etec João Elias Margutti;287;Integrado;Gestão e Negócios;Gestão;Recursos Humanos - MTec;Manhã;66;35;1,88;
Metropolitana de Campinas;São João da Boa Vista;São João da Boa Vista;Campinas Norte;Etec Doutor Carolino da Motta e Silva (São João da Boa Vista - Unidade II);047.4 - Cd_Cps;Técnico;Gestão e Negócios;Gestão;Recursos Humanos;Noite;61;40;1,52;
Metropolitana de Campinas;São João da Boa Vista;São José do Rio Pardo;Campinas Norte;Etec Professor Rodolpho José Del Guerra;150;Médio;Educação Básica;Educação Básica - Ensino Médio;Ensino Médio com Itinerário Formativo de Ciências Humanas e Sociais Aplicadas;Manhã;153;40;3,82;
Metropolitana de Campinas;São João da Boa Vista;São José do Rio Pardo;Campinas Norte;Etec Professor Rodolpho José Del Guerra;150;Técnico;Gestão e Negócios;Gestão;Administração;Noite;76;40;1,90;
Metropolitana de Campinas;São João da Boa Vista;São José do Rio Pardo;Campinas Norte;Etec Professor Rodolpho José Del Guerra;150;Técnico;Segurança;Saúde;Segurança do Trabalho;Noite;51;40;1,27;
Metropolitana de Campinas;São João da Boa Vista;São José do Rio Pardo;Campinas Norte;Etec Professor Rodolpho José Del Guerra;150;Integrado;Informação e Comunicação;Informática;Desenvolvimento de Sistemas - MTec;Tarde;82;40;2,04;
Metropolitana de Campinas;São João da Boa Vista;São José do Rio Pardo;Campinas Norte;Etec Professor Rodolpho José Del Guerra;150;Integrado;Informação e Comunicação;Informática;Informática para Internet - MTec-PI;Manhã e Tarde;177;40;4,42;
Metropolitana de Campinas;São João da Boa Vista;São José do Rio Pardo;Campinas Norte;Etec Professor Rodolpho José Del Guerra;150;Integrado;Produção Industrial;Química;Química - MTec-PI;Manhã e Tarde;109;40;2,72;
Metropolitana de Campinas;São João da Boa Vista;Vargem Grande do Sul;Campinas Norte;Etec de Vargem Grande do Sul;179;Médio;Educação Básica;Educação Básica - Ensino Médio;Ensino Médio com Itinerário Formativo de Ciências da Natureza e suas Tecnologias;Manhã;116;40;2,90;
Metropolitana de Campinas;São João da Boa Vista;Vargem Grande do Sul;Campinas Norte;Etec de Vargem Grande do Sul;179;Técnico;Informação e Comunicação;Informática;Manutenção e Suporte em Informática;Noite;55;40;1,37;
Metropolitana de Campinas;São João da Boa Vista;Vargem Grande do Sul;Campinas Norte;Etec de Vargem Grande do Sul;179;Técnico;Gestão e Negócios;Comércio;Marketing;Noite;82;40;2,04;
Metropolitana de Campinas;São João da Boa Vista;Vargem Grande do Sul;Campinas Norte;Etec de Vargem Grande do Sul;179;Integrado;Gestão e Negócios;Gestão;Administração - MTec;Manhã;148;40;3,70;
Metropolitana de Campinas;São João da Boa Vista;Vargem Grande do Sul;Campinas Norte;Etec de Vargem Grande do Sul;179;Integrado;Informação e Comunicação;Informática;Informática para Internet - MTec;Manhã;113;40;2,82;
Presidente Prudente;Adamantina;Adamantina;Marília/Presidente Prudente;Etec Engenheiro Herval Bellusci;063;Técnico;Recursos Naturais;Agropecuária;Agronegócio;Noite;47;40;1,17;
Presidente Prudente;Adamantina;Adamantina;Marília/Presidente Prudente;Etec Engenheiro Herval Bellusci;063;Técnico;Recursos Naturais;Agropecuária;Zootecnia;Noite;91;40;2,27;
Presidente Prudente;Adamantina;Adamantina;Marília/Presidente Prudente;Etec Engenheiro Herval Bellusci;063;Integrado;Recursos Naturais;Agropecuária;Agropecuária - MTec-PI;Manhã e Tarde;99;35;2,82;
Presidente Prudente;Adamantina;Adamantina;Marília/Presidente Prudente;Etec Engenheiro Herval Bellusci / Fatec de Adamantina;063/291 - Etec/Fatec;Integrado;Recursos Naturais;Agropecuária;Agronegócio - MTec-AMS;Tarde;57;40;1,42;
Presidente Prudente;Adamantina;Adamantina;Marília/Presidente Prudente;Etec Professor Eudécio Luiz Vicente;055;Médio;Educação Básica;Educação Básica - Ensino Médio;Ensino Médio com Itinerário Formativo de Ciências Humanas e Sociais Aplicadas;Manhã;97;40;2,42;
Presidente Prudente;Adamantina;Adamantina;Marília/Presidente Prudente;Etec Professor Eudécio Luiz Vicente;055;Técnico;Produção Industrial;Química;Açúcar e Álcool;Noite;62;40;1,55;
Presidente Prudente;Adamantina;Adamantina;Marília/Presidente Prudente;Etec Professor Eudécio Luiz Vicente;055;Técnico;Gestão e Negócios;Gestão;Administração;Noite;60;40;1,50;
Presidente Prudente;Adamantina;Adamantina;Marília/Presidente Prudente;Etec Professor Eudécio Luiz Vicente;055;Técnico;Gestão e Negócios;Gestão;Contabilidade;Noite;53;40;1,32;
Presidente Prudente;Adamantina;Adamantina;Marília/Presidente Prudente;Etec Professor Eudécio Luiz Vicente;055;Técnico;Segurança;Saúde;Segurança do Trabalho;Noite;48;40;1,20;
Presidente Prudente;Adamantina;Adamantina;Marília/Presidente Prudente;Etec Professor Eudécio Luiz Vicente;055;Integrado;Gestão e Negócios;Gestão;Administração - MTec-PI;Manhã e Tarde;80;40;2,00;
Presidente Prudente;Adamantina;Adamantina;Marília/Presidente Prudente;Etec Professor Eudécio Luiz Vicente;055;Integrado;Informação e Comunicação;Informática;Desenvolvimento de Sistemas - MTec;Manhã;161;40;4,02;
Presidente Prudente;Adamantina;Adamantina;Marília/Presidente Prudente;Etec Professor Eudécio Luiz Vicente;055;Integrado;Informação e Comunicação;Informática;Informática para Internet - MTec-PI;Manhã e Tarde;58;40;1,45;
Presidente Prudente;Adamantina;Adamantina;Marília/Presidente Prudente;Etec Professor Eudécio Luiz Vicente / Fatec de Adamantina;055/291 - Etec/Fatec;Integrado;Gestão e Negócios;Gestão;Logística - MTec-AMS;Tarde;51;35;1,45;
Presidente Prudente;Adamantina;Osvaldo Cruz;Marília/Presidente Prudente;Etec Amim Jundi;027;Médio;Educação Básica;Educação Básica - Ensino Médio;Ensino Médio com Itinerário Formativo de Ciências Humanas e Sociais Aplicadas;Manhã;142;40;3,55;
Presidente Prudente;Adamantina;Osvaldo Cruz;Marília/Presidente Prudente;Etec Amim Jundi;027;Técnico;Ambiente e Saúde;Saúde;Enfermagem;Noite;93;40;2,32;
Presidente Prudente;Adamantina;Osvaldo Cruz;Marília/Presidente Prudente;Etec Amim Jundi;027;Técnico;Ambiente e Saúde;Saúde;Farmácia;Noite;96;40;2,40;
Presidente Prudente;Adamantina;Osvaldo Cruz;Marília/Presidente Prudente;Etec Amim Jundi;027;Técnico;Informação e Comunicação;Informática;Informática para Internet;Noite;77;40;1,92;
Presidente Prudente;Adamantina;Osvaldo Cruz;Marília/Presidente Prudente;Etec Amim Jundi;027;Técnico;Gestão e Negócios;Comércio;Marketing;Noite;64;40;1,60;
Presidente Prudente;Adamantina;Osvaldo Cruz;Marília/Presidente Prudente;Etec Amim Jundi;027;Técnico;Gestão e Negócios;Gestão;Recursos Humanos;Noite;64;40;1,60;
Presidente Prudente;Adamantina;Osvaldo Cruz;Marília/Presidente Prudente;Etec Amim Jundi;027;Integrado;Gestão e Negócios;Gestão;Administração - MTec;Manhã;199;40;4,97;
Presidente Prudente;Adamantina;Osvaldo Cruz;Marília/Presidente Prudente;Etec Amim Jundi;027;Integrado;Informação e Comunicação;Informática;Desenvolvimento de Sistemas - MTec;Manhã;157;40;3,92;
Presidente Prudente;Adamantina;Osvaldo Cruz;Marília/Presidente Prudente;Etec Amim Jundi;027;Integrado;Produção Industrial;Química;Química - MTec;Manhã;136;40;3,40;
Presidente Prudente;Adamantina;Osvaldo Cruz;Marília/Presidente Prudente;Etec Amim Jundi;027;Integrado;Gestão e Negócios;Gestão;Recursos Humanos - MTec;Manhã;129;40;3,22;
Presidente Prudente;Dracena;Dracena;Marília/Presidente Prudente;Etec Professora Carmelina Barbosa;052;Técnico;Recursos Naturais;Agropecuária;Agronegócio;Noite;53;40;1,32;
Presidente Prudente;Dracena;Dracena;Marília/Presidente Prudente;Etec Professora Carmelina Barbosa;052;Técnico;Ambiente e Saúde;Saúde;Farmácia;Noite;68;40;1,70;
Presidente Prudente;Dracena;Dracena;Marília/Presidente Prudente;Etec Professora Carmelina Barbosa;052;Técnico;Informação e Comunicação;Informática;Informática;Noite;55;40;1,37;
Presidente Prudente;Dracena;Dracena;Marília/Presidente Prudente;Etec Professora Carmelina Barbosa;052;Técnico;Produção Industrial;Química;Química;Noite;64;40;1,60;
Presidente Prudente;Dracena;Dracena;Marília/Presidente Prudente;Etec Professora Carmelina Barbosa;052;Integrado;Recursos Naturais;Agropecuária;Agropecuária - MTec-PI;Manhã e Tarde;175;40;4,37;
Presidente Prudente;Dracena;Dracena;Marília/Presidente Prudente;Etec Professora Carmelina Barbosa;052;Integrado;Informação e Comunicação;Informática;Programação de Jogos Digitais - MTec-PI;Manhã e Tarde;69;40;1,72;
Presidente Prudente;Dracena;Dracena;Marília/Presidente Prudente;Etec Professora Carmelina Barbosa;052;Integrado;Produção Industrial;Química;Química - MTec-PI;Manhã e Tarde;105;40;2,62;
Presidente Prudente;Dracena;Dracena;Marília/Presidente Prudente;Etec Profª Carmelina Barbosa - (EMETF Prof.ª Izaura Sampaio - Dracena);052.7 - Cd_Cps;Técnico;Gestão e Negócios;Gestão;Logística;Noite;50;40;1,25;
Presidente Prudente;Presidente Prudente;Pirapozinho;Marília/Presidente Prudente;Etec Professor Adolpho Arruda Mello (EMEIF Professor Celestino Martins Padovan - Pirapozinho);252.1 - Cd_Cps;Técnico;Gestão e Negócios;Gestão;Contabilidade;Noite;58;40;1,45;
Presidente Prudente;Presidente Prudente;Presidente Prudente;Marília/Presidente Prudente;Etec Professor Adolpho Arruda Mello;252;Técnico;Gestão e Negócios;Gestão;Contabilidade;Noite;62;35;1,77;
Presidente Prudente;Presidente Prudente;Presidente Prudente;Marília/Presidente Prudente;Etec Professor Adolpho Arruda Mello;252;Técnico;Gestão e Negócios;Gestão;Serviços Jurídicos;Noite;60;35;1,71;
Presidente Prudente;Presidente Prudente;Presidente Prudente;Marília/Presidente Prudente;Etec Professor Adolpho Arruda Mello;252;Integrado;Gestão e Negócios;Gestão;Administração - MTec;Manhã;201;35;5,74;
Presidente Prudente;Presidente Prudente;Presidente Prudente;Marília/Presidente Prudente;Etec Professor Adolpho Arruda Mello;252;Integrado;Gestão e Negócios;Gestão;Administração - MTec-N;Noite;58;35;1,65;
Presidente Prudente;Presidente Prudente;Presidente Prudente;Marília/Presidente Prudente;Etec Professor Adolpho Arruda Mello;252;Integrado;Informação e Comunicação;Informática;Informática para Internet - MTec;Tarde;93;35;2,65;
Presidente Prudente;Presidente Prudente;Presidente Prudente;Marília/Presidente Prudente;Etec Professor Adolpho Arruda Mello;252;Integrado;Gestão e Negócios;Comércio;Marketing - MTec;Manhã;135;35;3,85;
Presidente Prudente;Presidente Prudente;Presidente Prudente;Marília/Presidente Prudente;Etec Professor Adolpho Arruda Mello / Fatec de Presidente Prudente;252/157 - Etec/Fatec;Integrado;Gestão e Negócios;Gestão;Administração - MTec-AMS;Tarde;60;35;1,71;
Presidente Prudente;Presidente Prudente;Presidente Prudente;Marília/Presidente Prudente;Etec Professor Doutor Antonio Eufrásio Toledo;032;Técnico;Infraestrutura;Geomática;Agrimensura;Noite;50;40;1,25;
Presidente Prudente;Presidente Prudente;Presidente Prudente;Marília/Presidente Prudente;Etec Professor Doutor Antonio Eufrásio Toledo;032;Técnico;Recursos Naturais;Agropecuária;Agropecuária;Tarde;47;40;1,17;
Presidente Prudente;Presidente Prudente;Presidente Prudente;Marília/Presidente Prudente;Etec Professor Doutor Antonio Eufrásio Toledo;032;Integrado;Recursos Naturais;Agropecuária;Agropecuária - MTec-PI;Manhã e Tarde;188;80;2,35;
Presidente Prudente;Presidente Prudente;Presidente Prudente;Marília/Presidente Prudente;Etec Professor Doutor Antonio Eufrásio Toledo;032;Integrado;Ambiente e Saúde;Meio Ambiente;Meio Ambiente - MTec-PI;Manhã e Tarde;57;40;1,42;
Presidente Prudente;Presidente Prudente;Presidente Prudente;Marília/Presidente Prudente;Etec Professor Doutor Antonio Eufrásio Toledo / Fatec de Presidente Prudente;032/157 - Etec/Fatec;Integrado;Informação e Comunicação;Informática;Desenvolvimento de Sistemas - MTec-AMS;Tarde;47;40;1,17;
Presidente Prudente;Presidente Prudente;Presidente Venceslau;Marília/Presidente Prudente;Etec Professor Milton Gazzetti;099;Médio;Educação Básica;Educação Básica - Ensino Médio;Ensino Médio com Itinerário Formativo de Ciências da Natureza e suas Tecnologias;Manhã;63;35;1,80;
Presidente Prudente;Presidente Prudente;Presidente Venceslau;Marília/Presidente Prudente;Etec Professor Milton Gazzetti;099;Técnico;Gestão e Negócios;Gestão;Administração;Noite;62;35;1,77;
Presidente Prudente;Presidente Prudente;Presidente Venceslau;Marília/Presidente Prudente;Etec Professor Milton Gazzetti;099;Técnico;Ambiente e Saúde;Saúde;Enfermagem;Noite;161;35;4,59;
Presidente Prudente;Presidente Prudente;Presidente Venceslau;Marília/Presidente Prudente;Etec Professor Milton Gazzetti;099;Técnico;Informação e Comunicação;Informática;Informática;Noite;70;35;2,00;
Presidente Prudente;Presidente Prudente;Presidente Venceslau;Marília/Presidente Prudente;Etec Professor Milton Gazzetti;099;Integrado;Gestão e Negócios;Gestão;Administração - MTec;Manhã;116;35;3,31;
Presidente Prudente;Presidente Prudente;Presidente Venceslau;Marília/Presidente Prudente;Etec Professor Milton Gazzetti;099;Integrado;Recursos Naturais;Agropecuária;Agropecuária - MTec;Manhã;72;40;1,80;
Presidente Prudente;Presidente Prudente;Presidente Venceslau;Marília/Presidente Prudente;Etec Professor Milton Gazzetti;099;Integrado;Informação e Comunicação;Informática;Informática para Internet - MTec-PI;Manhã e Tarde;109;35;3,11;
Presidente Prudente;Presidente Prudente;Rancharia;Marília/Presidente Prudente;Etec Deputado Francisco Franco;058;Médio;Educação Básica;Educação Básica - Ensino Médio;Ensino Médio com Itinerário Formativo de Linguagens, Ciência Humanas e Sociais;Manhã;98;40;2,45;
Presidente Prudente;Presidente Prudente;Rancharia;Marília/Presidente Prudente;Etec Deputado Francisco Franco;058;Técnico;Ambiente e Saúde;Saúde;Farmácia;Noite;84;40;2,10;
Presidente Prudente;Presidente Prudente;Rancharia;Marília/Presidente Prudente;Etec Deputado Francisco Franco;058;Integrado;Recursos Naturais;Agropecuária;Agropecuária - MTec-PI;Manhã e Tarde;143;80;1,78;
Presidente Prudente;Presidente Prudente;Rancharia;Marília/Presidente Prudente;Etec Deputado Francisco Franco;058;Integrado;Produção Industrial;Química;Química - MTec-PI;Manhã e Tarde;74;40;1,85;
Presidente Prudente;Presidente Prudente;Taciba;Marília/Presidente Prudente;Etec Professor Adolpho Arruda Mello (EMEF Gentila Luiza Damasceno - Taciba);252.6 - Cd_Cps;Técnico;Gestão e Negócios;Gestão;Administração;Noite;59;40;1,47;
Presidente Prudente;Presidente Prudente;Teodoro Sampaio;Marília/Presidente Prudente;Etec Professora Nair Luccas Ribeiro;156;Técnico;Gestão e Negócios;Gestão;Administração;Noite;64;35;1,82;
Presidente Prudente;Presidente Prudente;Teodoro Sampaio;Marília/Presidente Prudente;Etec Professora Nair Luccas Ribeiro;156;Integrado;Gestão e Negócios;Gestão;Logística - MTec-PI;Manhã e Tarde;72;35;2,05;
Presidente Prudente;Presidente Prudente;Teodoro Sampaio;Marília/Presidente Prudente;Etec Professora Nair Luccas Ribeiro;156;Integrado;Gestão e Negócios;Gestão;Recursos Humanos - MTec;Manhã;123;35;3,51;
Registro;Registro;Cajati;Itapeva/Registro;Etec de Registro (EM Prof. Maria da Conceição Rodrigues de Alcantara - Cajati);239.1 - Cd_Cps;Técnico;Gestão e Negócios;Gestão;Administração;Noite;55;40;1,37;
Registro;Registro;Iguape;Itapeva/Registro;Etec Engenheiro Agrônomo Narciso de Medeiros;089;Integrado;Recursos Naturais;Agropecuária;Agronegócio - MTec-PI;Manhã e Tarde;88;40;2,20;
Registro;Registro;Iguape;Itapeva/Registro;Etec Engenheiro Agrônomo Narciso de Medeiros;089;Integrado;Informação e Comunicação;Informática;Informática - MTec;Manhã;115;40;2,87;
Registro;Registro;Iguape;Itapeva/Registro;Etec Engenheiro Agrônomo Narciso de Medeiros (Cozinha Escola de Alimentos da Prefeitura de Iguape - Iguape);089.6 - Cd_Cps;Técnico;Turismo, Hospitalidade e Lazer;Turismo e Hospitalidade;Gastronomia;Noite;79;30;2,63;
Registro;Registro;Registro;Itapeva/Registro;Etec de Registro;239;Técnico;Gestão e Negócios;Gestão;Administração;Noite;41;35;1,17;
Registro;Registro;Registro;Itapeva/Registro;Etec de Registro;239;Integrado;Gestão e Negócios;Gestão;Administração - MTec-PI;Manhã e Tarde;290;35;8,28;
Registro;Registro;Registro;Itapeva/Registro;Etec de Registro;239;Integrado;Informação e Comunicação;Informática;Desenvolvimento de Sistemas - MTec-PI ;Manhã e Tarde;244;35;6,97;
Registro;Registro;Registro;Itapeva/Registro;Etec de Registro / Faculdade de Tecnologia de Registro;239/299 - Etec/Fatec;Integrado;Informação e Comunicação;Informática;Desenvolvimento de Sistemas - MTec-AMS;Tarde;125;35;3,57;
Ribeirão Preto;Ribeirão Preto;Cajuru;Ribeirão Preto/Franca/Barretos;Etec Francisco Garcia (EM André Ruggeri - Cajuru);060.2 - Cd_Cps;Técnico;Gestão e Negócios;Gestão;Administração;Noite;57;40;1,42;
Ribeirão Preto;Ribeirão Preto;Cravinhos;Ribeirão Preto/Franca/Barretos;Etec de Cravinhos;303;Técnico;Gestão e Negócios;Gestão;Administração;Noite;116;40;2,90;
Ribeirão Preto;Ribeirão Preto;Cravinhos;Ribeirão Preto/Franca/Barretos;Etec de Cravinhos;303;Técnico;Gestão e Negócios;Gestão;Logística;Noite;83;40;2,07;
Ribeirão Preto;Ribeirão Preto;Cravinhos;Ribeirão Preto/Franca/Barretos;Etec de Cravinhos;303;Integrado;Gestão e Negócios;Gestão;Administração - MTec;Manhã;84;40;2,10;
Ribeirão Preto;Ribeirão Preto;Cravinhos;Ribeirão Preto/Franca/Barretos;Etec de Cravinhos;303;Integrado;Gestão e Negócios;Gestão;Logística - MTec;Manhã;26;40;0,65;
Ribeirão Preto;Ribeirão Preto;Guariba;Ribeirão Preto/Franca/Barretos;Etec Bento Carlos Botelho do Amaral;256;Médio;Educação Básica;Educação Básica - Ensino Médio;Ensino Médio com Itinerário Formativo de Ciências Humanas e Sociais Aplicadas;Tarde;85;35;2,42;
Ribeirão Preto;Ribeirão Preto;Guariba;Ribeirão Preto/Franca/Barretos;Etec Bento Carlos Botelho do Amaral;256;Técnico;Gestão e Negócios;Gestão;Administração (MNP);Noite;90;35;2,57;
Ribeirão Preto;Ribeirão Preto;Guariba;Ribeirão Preto/Franca/Barretos;Etec Bento Carlos Botelho do Amaral;256;Integrado;Gestão e Negócios;Gestão;Administração - MTec;Manhã;151;35;4,31;
Ribeirão Preto;Ribeirão Preto;Guariba;Ribeirão Preto/Franca/Barretos;Etec Bento Carlos Botelho do Amaral;256;Integrado;Informação e Comunicação;Informática;Desenvolvimento de Sistemas - MTec;Manhã;129;35;3,68;
Ribeirão Preto;Ribeirão Preto;Guariba;Ribeirão Preto/Franca/Barretos;Etec Bento Carlos Botelho do Amaral;256;Integrado;Informação e Comunicação;Informática;Informática para Internet - MTec;Tarde;90;35;2,57;
Ribeirão Preto;Ribeirão Preto;Guariba;Ribeirão Preto/Franca/Barretos;Etec Bento Carlos Botelho do Amaral;256;Integrado;Produção Industrial;Química;Química - MTec-PI;Manhã e Tarde;85;35;2,42;
Ribeirão Preto;Ribeirão Preto;Jaboticabal;Ribeirão Preto/Franca/Barretos;Etec Bento Carlos Botelho do Amaral (EE Aurélio Arrobas Martins);256.04 - Ext/Etec;Técnico;Gestão e Negócios;Gestão;Administração (MNP);Noite;66;35;1,88;
Ribeirão Preto;Ribeirão Preto;Jaboticabal;Ribeirão Preto/Franca/Barretos;Etec Bento Carlos Botelho do Amaral / Faculdade de Tecnologia Nilo de Stéfani;256/173 - Etec/Fatec;Integrado;Produção Industrial;Química;Química - MTec-AMS;Tarde;75;35;2,14;
Ribeirão Preto;Ribeirão Preto;Monte Alto;Ribeirão Preto/Franca/Barretos;Etec Alcides Cestari;255;Técnico;Gestão e Negócios;Gestão;Qualidade;Noite;70;40;1,75;
Ribeirão Preto;Ribeirão Preto;Monte Alto;Ribeirão Preto/Franca/Barretos;Etec Alcides Cestari;255;Técnico;Gestão e Negócios;Gestão;Recursos Humanos;Noite;64;40;1,60;
Ribeirão Preto;Ribeirão Preto;Monte Alto;Ribeirão Preto/Franca/Barretos;Etec Alcides Cestari;255;Integrado;Gestão e Negócios;Gestão;Administração - MTec;Tarde;69;40;1,72;
Ribeirão Preto;Ribeirão Preto;Monte Alto;Ribeirão Preto/Franca/Barretos;Etec Alcides Cestari;255;Integrado;Gestão e Negócios;Comércio;Marketing - MTec;Manhã;96;40;2,40;
Ribeirão Preto;Ribeirão Preto;Monte Alto;Ribeirão Preto/Franca/Barretos;Etec Alcides Cestari;255;Integrado;Gestão e Negócios;Gestão;Recursos Humanos - MTec;Manhã;92;40;2,29;
Ribeirão Preto;Ribeirão Preto;Ribeirão Preto;Ribeirão Preto/Franca/Barretos;Etec José Martimiano da Silva;074;Técnico;Gestão e Negócios;Gestão;Administração;Tarde;71;40;1,77;
Ribeirão Preto;Ribeirão Preto;Ribeirão Preto;Ribeirão Preto/Franca/Barretos;Etec José Martimiano da Silva;074;Técnico;Produção Cultural e Design;Design;Design de Interiores;Noite;86;40;2,15;
Ribeirão Preto;Ribeirão Preto;Ribeirão Preto;Ribeirão Preto/Franca/Barretos;Etec José Martimiano da Silva;074;Técnico;Infraestrutura;Construção Civil;Edificações;Noite;76;40;1,90;
Ribeirão Preto;Ribeirão Preto;Ribeirão Preto;Ribeirão Preto/Franca/Barretos;Etec José Martimiano da Silva;074;Técnico;Controle e Processos Industriais;Indústria;Eletrotécnica;Noite;149;40;3,72;
Ribeirão Preto;Ribeirão Preto;Ribeirão Preto;Ribeirão Preto/Franca/Barretos;Etec José Martimiano da Silva;074;Técnico;Controle e Processos Industriais;Indústria;Eletrônica;Noite;72;40;1,80;
Ribeirão Preto;Ribeirão Preto;Ribeirão Preto;Ribeirão Preto/Franca/Barretos;Etec José Martimiano da Silva;074;Técnico;Turismo, Hospitalidade e Lazer;Turismo e Hospitalidade;Gastronomia;Manhã;68;40;1,70;
Ribeirão Preto;Ribeirão Preto;Ribeirão Preto;Ribeirão Preto/Franca/Barretos;Etec José Martimiano da Silva;074;Técnico;Controle e Processos Industriais;Indústria;Mecânica;Noite;103;40;2,57;
Ribeirão Preto;Ribeirão Preto;Ribeirão Preto;Ribeirão Preto/Franca/Barretos;Etec José Martimiano da Silva;074;Técnico;Ambiente e Saúde;Saúde;Nutrição e Dietética;Noite;90;40;2,25;
Ribeirão Preto;Ribeirão Preto;Ribeirão Preto;Ribeirão Preto/Franca/Barretos;Etec José Martimiano da Silva;074;Técnico;Gestão e Negócios;Gestão;Recursos Humanos;Noite;113;40;2,82;
Ribeirão Preto;Ribeirão Preto;Ribeirão Preto;Ribeirão Preto/Franca/Barretos;Etec José Martimiano da Silva;074;Integrado;Gestão e Negócios;Gestão;Administração - MTec-PI;Manhã e Tarde;347;40;8,67;
Ribeirão Preto;Ribeirão Preto;Ribeirão Preto;Ribeirão Preto/Franca/Barretos;Etec José Martimiano da Silva;074;Integrado;Controle e Processos Industriais;Indústria;Automação Industrial - MTec-PI;Manhã e Tarde;167;40;4,17;
Ribeirão Preto;Ribeirão Preto;Ribeirão Preto;Ribeirão Preto/Franca/Barretos;Etec José Martimiano da Silva;074;Integrado;Controle e Processos Industriais;Indústria;Eletrotécnica - MTec-PI;Manhã e Tarde;141;40;3,52;
Ribeirão Preto;Ribeirão Preto;Ribeirão Preto;Ribeirão Preto/Franca/Barretos;Etec José Martimiano da Silva;074;Integrado;Controle e Processos Industriais;Indústria;Mecatrônica - MTec;Tarde;184;40;4,59;
Ribeirão Preto;Ribeirão Preto;Ribeirão Preto;Ribeirão Preto/Franca/Barretos;Etec José Martimiano da Silva;074;Integrado;Ambiente e Saúde;Saúde;Nutrição e Dietética - MTec;Tarde;160;40;4,00;
Ribeirão Preto;Ribeirão Preto;Ribeirão Preto;Ribeirão Preto/Franca/Barretos;Etec José Martimiano da Silva;074;Integrado;Gestão e Negócios;Gestão;Recursos Humanos - MTec;Manhã;260;40;6,50;
Ribeirão Preto;Ribeirão Preto;Ribeirão Preto;Ribeirão Preto/Franca/Barretos;Etec José Martimiano da Silva;074;Integrado;Gestão e Negócios;Gestão;Secretariado - MTec;Manhã;119;40;2,97;
Ribeirão Preto;Ribeirão Preto;Ribeirão Preto;Ribeirão Preto/Franca/Barretos;Etec José Martimiano da Silva (EE Prof.ª Amélia dos Santos Musa);074.04 - Ext/Etec;Técnico;Gestão e Negócios;Gestão;Administração;Noite;76;40;1,90;
Ribeirão Preto;Ribeirão Preto;Ribeirão Preto;Ribeirão Preto/Franca/Barretos;Etec José Martimiano da Silva (EE Prof.ª Amélia dos Santos Musa);074.04 - Ext/Etec;Técnico;Informação e Comunicação;Informática;Desenvolvimento de Sistemas;Noite;106;40;2,65;
Ribeirão Preto;Ribeirão Preto;Ribeirão Preto;Ribeirão Preto/Franca/Barretos;Etec José Martimiano da Silva (EE Prof.ª Amélia dos Santos Musa);074.04 - Ext/Etec;Técnico;Gestão e Negócios;Gestão;Serviços Jurídicos;Noite;71;40;1,77;
Ribeirão Preto;Ribeirão Preto;Santa Rosa de Viterbo;Ribeirão Preto/Franca/Barretos;Etec de Santa Rosa de Viterbo;237;Técnico;Ambiente e Saúde;Saúde;Farmácia;Noite;72;40;1,80;
Ribeirão Preto;Ribeirão Preto;Santa Rosa de Viterbo;Ribeirão Preto/Franca/Barretos;Etec de Santa Rosa de Viterbo;237;Técnico;Gestão e Negócios;Gestão;Logística;Noite;78;40;1,95;
Ribeirão Preto;Ribeirão Preto;Santa Rosa de Viterbo;Ribeirão Preto/Franca/Barretos;Etec de Santa Rosa de Viterbo;237;Integrado;Gestão e Negócios;Gestão;Administração - MTec-N;Noite;60;40;1,50;
Ribeirão Preto;Ribeirão Preto;Santa Rosa de Viterbo;Ribeirão Preto/Franca/Barretos;Etec de Santa Rosa de Viterbo;237;Integrado;Gestão e Negócios;Gestão;Logística - MTec;Manhã;72;40;1,80;
Ribeirão Preto;Ribeirão Preto;Santa Rosa de Viterbo;Ribeirão Preto/Franca/Barretos;Etec de Santa Rosa de Viterbo;237;Integrado;Informação e Comunicação;Informática;Programação de Jogos Digitais - MTec;Manhã;65;40;1,62;
Ribeirão Preto;Ribeirão Preto;São Simão;Ribeirão Preto/Franca/Barretos;Etec Professor Francisco dos Santos;057;Técnico;Gestão e Negócios;Gestão;Administração;Noite;59;40;1,47;
Ribeirão Preto;Ribeirão Preto;São Simão;Ribeirão Preto/Franca/Barretos;Etec Professor Francisco dos Santos;057;Técnico;Segurança;Saúde;Segurança do Trabalho;Noite;67;40;1,67;
Ribeirão Preto;Ribeirão Preto;São Simão;Ribeirão Preto/Franca/Barretos;Etec Professor Francisco dos Santos;057;Integrado;Recursos Naturais;Agropecuária;Agropecuária - MTec-PI;Manhã e Tarde;212;80;2,65;
Ribeirão Preto;Ribeirão Preto;São Simão;Ribeirão Preto/Franca/Barretos;Etec Professor Francisco dos Santos;057;Integrado;Informação e Comunicação;Informática;Desenvolvimento de Sistemas - Mtec-N;Noite;67;40;1,67;
Ribeirão Preto;Ribeirão Preto;Serrana;Ribeirão Preto/Franca/Barretos;Etec Ângelo Cavalheiro;214;Técnico;Gestão e Negócios;Gestão;Contabilidade;Noite;45;40;1,12;
Ribeirão Preto;Ribeirão Preto;Serrana;Ribeirão Preto/Franca/Barretos;Etec Ângelo Cavalheiro;214;Técnico;Ambiente e Saúde;Saúde;Farmácia;Noite;70;40;1,75;
Ribeirão Preto;Ribeirão Preto;Serrana;Ribeirão Preto/Franca/Barretos;Etec Ângelo Cavalheiro;214;Técnico;Gestão e Negócios;Gestão;Recursos Humanos;Noite;60;40;1,50;
Ribeirão Preto;Ribeirão Preto;Serrana;Ribeirão Preto/Franca/Barretos;Etec Ângelo Cavalheiro;214;Integrado;Gestão e Negócios;Gestão;Administração - MTec;Manhã;249;80;3,11;
Ribeirão Preto;Ribeirão Preto;Serrana;Ribeirão Preto/Franca/Barretos;Etec Ângelo Cavalheiro;214;Integrado;Produção Industrial;Química;Química - MTec;Tarde;105;80;1,31;
Ribeirão Preto;Ribeirão Preto;Sertãozinho;Ribeirão Preto/Franca/Barretos;Etec José Martimiano da Silva (EE Winston Churchill);074.02 - Ext/Etec;Técnico;Gestão e Negócios;Gestão;Contabilidade;Noite;100;40;2,50;
Ribeirão Preto;Ribeirão Preto;Sertãozinho;Ribeirão Preto/Franca/Barretos;Etec José Martimiano da Silva (EE Winston Churchill);074.02 - Ext/Etec;Técnico;Gestão e Negócios;Gestão;Logística;Noite;73;40;1,82;
Ribeirão Preto;Ribeirão Preto;Sertãozinho;Ribeirão Preto/Franca/Barretos;Etec José Martimiano da Silva / Fatec de Tecnologia Deputado Waldyr Alceu Trigo;074/176 - Etec/Fatec;Integrado;Gestão e Negócios;Gestão;Administração - MTec-AMS;Manhã;198;40;4,95;
Ribeirão Preto;Ribeirão Preto;Sertãozinho;Ribeirão Preto/Franca/Barretos;Etec José Martimiano da Silva / Fatec de Tecnologia Deputado Waldyr Alceu Trigo;074/176 - Etec/Fatec;Integrado;Controle e Processos Industriais;Indústria;Mecatrônica - MTec-AMS;Manhã;151;40;3,77;
São José do Rio Preto;Catanduva;Catanduva;São José do Rio Preto/Central;Etec Elias Nechar;054;Técnico;Ambiente e Saúde;Saúde;Enfermagem;Manhã;65;40;1,62;
São José do Rio Preto;Catanduva;Catanduva;São José do Rio Preto/Central;Etec Elias Nechar;054;Técnico;Controle e Processos Industriais;Indústria;Mecânica;Noite;41;40;1,02;
São José do Rio Preto;Catanduva;Catanduva;São José do Rio Preto/Central;Etec Elias Nechar;054;Técnico;Produção Industrial;Química;Química;Noite;60;40;1,50;
São José do Rio Preto;Catanduva;Catanduva;São José do Rio Preto/Central;Etec Elias Nechar;054;Técnico;Gestão e Negócios;Gestão;Recursos Humanos;Noite;63;40;1,57;
São José do Rio Preto;Catanduva;Catanduva;São José do Rio Preto/Central;Etec Elias Nechar;054;Integrado;Gestão e Negócios;Gestão;Administração - MTec;Manhã;257;40;6,42;
São José do Rio Preto;Catanduva;Catanduva;São José do Rio Preto/Central;Etec Elias Nechar;054;Integrado;Informação e Comunicação;Informática;Desenvolvimento de Sistemas - MTec;Manhã;211;40;5,27;
São José do Rio Preto;Catanduva;Catanduva;São José do Rio Preto/Central;Etec Elias Nechar;054;Integrado;Produção Cultural e Design;Design;Design de Interiores - MTec-N;Noite;45;40;1,12;
São José do Rio Preto;Catanduva;Catanduva;São José do Rio Preto/Central;Etec Elias Nechar;054;Integrado;Infraestrutura;Construção Civil;Edificações - MTec;Manhã;93;40;2,32;
São José do Rio Preto;Catanduva;Catanduva;São José do Rio Preto/Central;Etec Elias Nechar;054;Integrado;Informação e Comunicação;Informática;Informática para Internet - MTec;Tarde;66;40;1,65;
São José do Rio Preto;Catanduva;Catanduva;São José do Rio Preto/Central;Etec Elias Nechar;054;Integrado;Produção Industrial;Química;Química - MTec-PI;Manhã e Tarde;177;40;4,42;
São José do Rio Preto;Catanduva;Catanduva;São José do Rio Preto/Central;Etec Elias Nechar;054;Especialização;Ambiente e Saúde;Saúde;Oncologia;Tarde;40;30;1,33;
São José do Rio Preto;Catanduva;Novo Horizonte;São José do Rio Preto/Central;Etec Professora Marinês Teodoro de Freitas (EMEF Manoel Roque - Novo Horizonte);212.8 - Cd_Cps;Integrado;Recursos Naturais;Agropecuária;Agropecuária (Alternância) - MTec-PI ;Manhã e Tarde;73;30;2,43;
São José do Rio Preto;Catanduva;Novo Horizonte;São José do Rio Preto/Central;Etec Professora Marinês Teodoro de Freitas Almeida;212;Técnico;Gestão e Negócios;Comércio;Marketing;Noite;64;40;1,60;
São José do Rio Preto;Catanduva;Novo Horizonte;São José do Rio Preto/Central;Etec Professora Marinês Teodoro de Freitas Almeida;212;Integrado;Gestão e Negócios;Gestão;Administração - MTec-N;Noite;96;40;2,40;
São José do Rio Preto;Catanduva;Novo Horizonte;São José do Rio Preto/Central;Etec Professora Marinês Teodoro de Freitas Almeida;212;Integrado;Informação e Comunicação;Informática;Desenvolvimento de Sistemas - MTec-PI ;Manhã e Tarde;141;40;3,52;
São José do Rio Preto;Catanduva;Novo Horizonte;São José do Rio Preto/Central;Etec Professora Marinês Teodoro de Freitas Almeida;212;Integrado;Ambiente e Saúde;Meio Ambiente;Meio Ambiente - MTec-PI;Manhã e Tarde;153;40;3,82;
São José do Rio Preto;Fernandópolis;Estrela d'Oeste;São José do Rio Preto/Central;Etec Professor Armando José Farinazzo (NMCP Prof.ª Cora Lazzarini Martins - Estrela d´Oeste);138.4 - Cd_Cps;Técnico;Informação e Comunicação;Informática;Informática para Internet;Noite;45;40;1,12;
São José do Rio Preto;Fernandópolis;Fernandópolis;São José do Rio Preto/Central;Etec Professor Armando José Farinazzo;138;Médio;Educação Básica;Educação Básica - Ensino Médio;Ensino Médio com Itinerário Formativo de Linguagens, Ciência Humanas e Sociais;Manhã;201;40;5,02;
São José do Rio Preto;Fernandópolis;Fernandópolis;São José do Rio Preto/Central;Etec Professor Armando José Farinazzo;138;Médio;Educação Básica;Educação Básica - Ensino Médio;Ensino Médio com Itinerário Formativo de Matemática e suas Tecnologias;Manhã;131;40;3,27;
São José do Rio Preto;Fernandópolis;Fernandópolis;São José do Rio Preto/Central;Etec Professor Armando José Farinazzo;138;Técnico;Gestão e Negócios;Gestão;Contabilidade;Noite;68;40;1,70;
São José do Rio Preto;Fernandópolis;Fernandópolis;São José do Rio Preto/Central;Etec Professor Armando José Farinazzo;138;Técnico;Informação e Comunicação;Informática;Desenvolvimento de Sistemas;Noite;114;40;2,85;
São José do Rio Preto;Fernandópolis;Fernandópolis;São José do Rio Preto/Central;Etec Professor Armando José Farinazzo;138;Técnico;Ambiente e Saúde;Saúde;Farmácia;Noite;128;40;3,20;
São José do Rio Preto;Fernandópolis;Fernandópolis;São José do Rio Preto/Central;Etec Professor Armando José Farinazzo;138;Técnico;Controle e Processos Industriais;Indústria;Manutenção de Máquinas Pesadas;Noite;63;40;1,57;
São José do Rio Preto;Fernandópolis;Fernandópolis;São José do Rio Preto/Central;Etec Professor Armando José Farinazzo;138;Técnico;Gestão e Negócios;Gestão;Recursos Humanos;Noite;71;40;1,77;
São José do Rio Preto;Fernandópolis;Fernandópolis;São José do Rio Preto/Central;Etec Professor Armando José Farinazzo;138;Integrado;Informação e Comunicação;Informática;Informática para Internet - MTec;Tarde;129;40;3,22;
São José do Rio Preto;Fernandópolis;Fernandópolis;São José do Rio Preto/Central;Etec Professor Armando José Farinazzo;138;Integrado;Produção Industrial;Química;Química - MTec-PI;Manhã e Tarde;102;40;2,54;
São José do Rio Preto;Fernandópolis;Fernandópolis;São José do Rio Preto/Central;Etec Professor Armando José Farinazzo;138;Integrado;Gestão e Negócios;Gestão;Serviços Jurídicos - MTec;Tarde;123;40;3,07;
São José do Rio Preto;Jales;Jales;São José do Rio Preto/Central;Etec Doutor José Luiz Viana Coutinho;073;;;;;Noite;59;40;1,47;
São José do Rio Preto;Jales;Jales;São José do Rio Preto/Central;Etec Doutor José Luiz Viana Coutinho;073;Técnico;Gestão e Negócios;Gestão;Administração;Noite;48;40;1,20;
São José do Rio Preto;Jales;Jales;São José do Rio Preto/Central;Etec Doutor José Luiz Viana Coutinho;073;Técnico;Ambiente e Saúde;Saúde;Enfermagem;Noite;75;40;1,87;
São José do Rio Preto;Jales;Jales;São José do Rio Preto/Central;Etec Doutor José Luiz Viana Coutinho;073;Técnico;Ambiente e Saúde;Saúde;Veterinária;Noite;80;40;2,00;
São José do Rio Preto;Jales;Jales;São José do Rio Preto/Central;Etec Doutor José Luiz Viana Coutinho;073;Integrado;Gestão e Negócios;Gestão;Administração - MTec;Manhã;183;40;4,57;
São José do Rio Preto;Jales;Jales;São José do Rio Preto/Central;Etec Doutor José Luiz Viana Coutinho;073;Integrado;Gestão e Negócios;Gestão;Administração - MTec-AMS;Tarde;19;40;0,47;
São José do Rio Preto;Jales;Jales;São José do Rio Preto/Central;Etec Doutor José Luiz Viana Coutinho;073;Integrado;Gestão e Negócios;Gestão;Administração - MTec-N;Noite;45;40;1,12;
São José do Rio Preto;Jales;Jales;São José do Rio Preto/Central;Etec Doutor José Luiz Viana Coutinho;073;Integrado;Recursos Naturais;Agropecuária;Agropecuária - MTec-PI;Manhã e Tarde;157;80;1,96;
São José do Rio Preto;Jales;Jales;São José do Rio Preto/Central;Etec Doutor José Luiz Viana Coutinho;073;Integrado;Informação e Comunicação;Informática;Desenvolvimento de Sistemas - MTec;Manhã;144;40;3,60;
São José do Rio Preto;Jales;Jales;São José do Rio Preto/Central;Etec Doutor José Luiz Viana Coutinho;073;Integrado;Informação e Comunicação;Informática;Desenvolvimento de Sistemas - MTec-AMS;Tarde;59;40;1,47;
São José do Rio Preto;Jales;Santa Fé do Sul;São José do Rio Preto/Central;Etec de Santa Fé do Sul;277;Técnico;Gestão e Negócios;Gestão;Administração;Noite;66;40;1,65;
São José do Rio Preto;Jales;Santa Fé do Sul;São José do Rio Preto/Central;Etec de Santa Fé do Sul;277;Integrado;Gestão e Negócios;Gestão;Administração - MTec;Manhã;183;40;4,57;
São José do Rio Preto;Jales;Santa Fé do Sul;São José do Rio Preto/Central;Etec de Santa Fé do Sul;277;Integrado;Informação e Comunicação;Informática;Desenvolvimento de Sistemas - Mtec-N;Noite;74;40;1,85;
São José do Rio Preto;Jales;Santa Fé do Sul;São José do Rio Preto/Central;Etec de Santa Fé do Sul;277;Integrado;Informação e Comunicação;Informática;Informática para Internet - MTec;Manhã;140;40;3,50;
São José do Rio Preto;Jales;Santa Fé do Sul;São José do Rio Preto/Central;Etec de Santa Fé do Sul;277;Integrado;Gestão e Negócios;Gestão;Recursos Humanos - MTec;Tarde;73;40;1,82;
São José do Rio Preto;São José do Rio Preto;Mendonça;São José do Rio Preto/Central;Etec Professora Marinês Teodoro de Freitas Almeida (Centro de Inclusão Digital Prof. José Carlos Torete - Mendonça);212.5 - Cd_Cps;Técnico;Gestão e Negócios;Gestão;Administração;Noite;50;40;1,25;
São José do Rio Preto;São José do Rio Preto;Mirassol;São José do Rio Preto/Central;Etec Professor Matheus Leite de Abreu;087;Integrado;Gestão e Negócios;Gestão;Administração - MTec;Manhã;97;40;2,42;
São José do Rio Preto;São José do Rio Preto;Monte Aprazível;São José do Rio Preto/Central;Etec Padre José Nunes Dias;075;Técnico;Produção Alimentícia;Agropecuária;Agroindústria;Noite;67;40;1,67;
São José do Rio Preto;São José do Rio Preto;Monte Aprazível;São José do Rio Preto/Central;Etec Padre José Nunes Dias;075;Técnico;Recursos Naturais;Agropecuária;Agropecuária;Noite;65;40;1,62;
São José do Rio Preto;São José do Rio Preto;Monte Aprazível;São José do Rio Preto/Central;Etec Padre José Nunes Dias;075;Técnico;Ambiente e Saúde;Saúde;Enfermagem;Noite;189;40;4,72;
São José do Rio Preto;São José do Rio Preto;Monte Aprazível;São José do Rio Preto/Central;Etec Padre José Nunes Dias;075;Integrado;Recursos Naturais;Agropecuária;Agropecuária - MTec-PI;Manhã e Tarde;145;40;3,62;
São José do Rio Preto;São José do Rio Preto;Monte Aprazível;São José do Rio Preto/Central;Etec Padre José Nunes Dias;075;Integrado;Ambiente e Saúde;Meio Ambiente;Meio Ambiente - MTec-PI;Manhã e Tarde;80;40;2,00;
São José do Rio Preto;São José do Rio Preto;São José do Rio Preto;São José do Rio Preto/Central;Etec Philadelpho Gouvea Netto;098;Médio;Educação Básica;Educação Básica - Ensino Médio;Ensino Médio com Itinerário Formativo de Matemática e suas Tecnologias;Manhã;149;40;3,72;
São José do Rio Preto;São José do Rio Preto;São José do Rio Preto;São José do Rio Preto/Central;Etec Philadelpho Gouvea Netto;098;Técnico;Gestão e Negócios;Gestão;Administração;Noite;118;40;2,95;
São José do Rio Preto;São José do Rio Preto;São José do Rio Preto;São José do Rio Preto/Central;Etec Philadelpho Gouvea Netto;098;Técnico;Gestão e Negócios;Gestão;Contabilidade;Noite;77;40;1,92;
São José do Rio Preto;São José do Rio Preto;São José do Rio Preto;São José do Rio Preto/Central;Etec Philadelpho Gouvea Netto;098;Técnico;Infraestrutura;Construção Civil;Edificações;Noite;67;40;1,67;
São José do Rio Preto;São José do Rio Preto;São José do Rio Preto;São José do Rio Preto/Central;Etec Philadelpho Gouvea Netto;098;Técnico;Controle e Processos Industriais;Indústria;Eletromecânica;Noite;80;40;2,00;
São José do Rio Preto;São José do Rio Preto;São José do Rio Preto;São José do Rio Preto/Central;Etec Philadelpho Gouvea Netto;098;Técnico;Ambiente e Saúde;Saúde;Enfermagem;Noite;258;40;6,45;
São José do Rio Preto;São José do Rio Preto;São José do Rio Preto;São José do Rio Preto/Central;Etec Philadelpho Gouvea Netto;098;Técnico;Ambiente e Saúde;Saúde;Enfermagem;Tarde;75;40;1,87;
São José do Rio Preto;São José do Rio Preto;São José do Rio Preto;São José do Rio Preto/Central;Etec Philadelpho Gouvea Netto;098;Técnico;Gestão e Negócios;Gestão;Finanças;Noite;95;40;2,37;
São José do Rio Preto;São José do Rio Preto;São José do Rio Preto;São José do Rio Preto/Central;Etec Philadelpho Gouvea Netto;098;Técnico;Informação e Comunicação;Informática;Informática para Internet;Noite;86;40;2,15;
São José do Rio Preto;São José do Rio Preto;São José do Rio Preto;São José do Rio Preto/Central;Etec Philadelpho Gouvea Netto;098;Técnico;Controle e Processos Industriais;Indústria;Mecatrônica;Noite;61;40;1,52;
São José do Rio Preto;São José do Rio Preto;São José do Rio Preto;São José do Rio Preto/Central;Etec Philadelpho Gouvea Netto;098;Técnico;Ambiente e Saúde;Saúde;Prótese Dentária;Noite;89;40;2,22;
São José do Rio Preto;São José do Rio Preto;São José do Rio Preto;São José do Rio Preto/Central;Etec Philadelpho Gouvea Netto;098;Integrado;Gestão e Negócios;Gestão;Administração - MTec;Tarde;264;40;6,60;
São José do Rio Preto;São José do Rio Preto;São José do Rio Preto;São José do Rio Preto/Central;Etec Philadelpho Gouvea Netto;098;Integrado;Informação e Comunicação;Informática;Desenvolvimento de Sistemas - MTec-PI ;Manhã e Tarde;446;80;5,57;
São José do Rio Preto;São José do Rio Preto;São José do Rio Preto;São José do Rio Preto/Central;Etec Philadelpho Gouvea Netto;098;Integrado;Infraestrutura;Construção Civil;Edificações - MTec-PI;Manhã e Tarde;162;40;4,05;
São José do Rio Preto;São José do Rio Preto;São José do Rio Preto;São José do Rio Preto/Central;Etec Philadelpho Gouvea Netto;098;Integrado;Controle e Processos Industriais;Indústria;Eletrônica - MTec;Manhã;208;40;5,20;
São José do Rio Preto;São José do Rio Preto;São José do Rio Preto;São José do Rio Preto/Central;Etec Philadelpho Gouvea Netto;098;Integrado;Controle e Processos Industriais;Indústria;Mecatrônica - MTec-PI;Manhã e Tarde;143;40;3,57;
São José do Rio Preto;São José do Rio Preto;São José do Rio Preto;São José do Rio Preto/Central;Etec Philadelpho Gouvea Netto;098;Integrado;Ambiente e Saúde;Saúde;Prótese Dentária - MTec;Manhã;188;40;4,70;
São José do Rio Preto;Votuporanga;Votuporanga;São José do Rio Preto/Central;Etec Frei Arnaldo Maria de Itaporanga;037;Integrado;Gestão e Negócios;Gestão;Administração - MTec-PI;Manhã e Tarde;177;40;4,42;
São José do Rio Preto;Votuporanga;Votuporanga;São José do Rio Preto/Central;Etec Frei Arnaldo Maria de Itaporanga;037;Integrado;Recursos Naturais;Agropecuária;Agropecuária - MTec-PI;Manhã e Tarde;259;80;3,23;
São José do Rio Preto;Votuporanga;Votuporanga;São José do Rio Preto/Central;Etec Frei Arnaldo Maria de Itaporanga;037;Integrado;Informação e Comunicação;Informática;Desenvolvimento de Sistemas - Mtec-N;Noite;76;40;1,90;
São José do Rio Preto;Votuporanga;Votuporanga;São José do Rio Preto/Central;Etec Frei Arnaldo Maria de Itaporanga;037;Integrado;Informação e Comunicação;Informática;Informática para Internet - MTec-PI;Manhã e Tarde;222;40;5,55;
São José dos Campos;Caraguatatuba;Caraguatatuba;Vale do Paraíba/Litoral Norte;Etec de Caraguatatuba;213;Técnico;Gestão e Negócios;Gestão;Administração;Noite;78;40;1,95;
São José dos Campos;Caraguatatuba;Caraguatatuba;Vale do Paraíba/Litoral Norte;Etec de Caraguatatuba;213;Técnico;Turismo, Hospitalidade e Lazer;Turismo e Hospitalidade;Gastronomia;Noite;72;40;1,80;
São José dos Campos;Caraguatatuba;Caraguatatuba;Vale do Paraíba/Litoral Norte;Etec de Caraguatatuba;213;Integrado;Gestão e Negócios;Gestão;Administração - MTec-PI;Manhã e Tarde;457;40;11,42;
São José dos Campos;Caraguatatuba;Caraguatatuba;Vale do Paraíba/Litoral Norte;Etec de Caraguatatuba;213;Integrado;Ambiente e Saúde;Meio Ambiente;Meio Ambiente - MTec-PI;Manhã e Tarde;230;40;5,75;
São José dos Campos;Caraguatatuba;Caraguatatuba;Vale do Paraíba/Litoral Norte;Etec de Caraguatatuba;213;Integrado;Gestão e Negócios;Gestão;Recursos Humanos - MTec-N;Noite;59;40;1,47;
São José dos Campos;Caraguatatuba;São Sebastião;Vale do Paraíba/Litoral Norte;Etec de São Sebastião;188;Integrado;Gestão e Negócios;Comércio;Marketing - MTec;Manhã;214;40;5,35;
São José dos Campos;Caraguatatuba;São Sebastião;Vale do Paraíba/Litoral Norte;Etec de São Sebastião;188;Integrado;Ambiente e Saúde;Meio Ambiente;Meio Ambiente - MTec;Manhã;98;40;2,45;
São José dos Campos;Caraguatatuba;São Sebastião;Vale do Paraíba/Litoral Norte;Etec de São Sebastião;188;Integrado;Ambiente e Saúde;Saúde;Nutrição e Dietética - MTec;Tarde;105;40;2,62;
São José dos Campos;Caraguatatuba;São Sebastião;Vale do Paraíba/Litoral Norte;Etec de São Sebastião (Instituto Verdescola - São Sebastião);188.4 - Cd_Cps;Técnico;Turismo, Hospitalidade e Lazer;Turismo e Hospitalidade;Gastronomia;Noite;38;30;1,26;
São José dos Campos;Caraguatatuba;São Sebastião;Vale do Paraíba/Litoral Norte;Etec de São Sebastião (Instituto Verdescola - São Sebastião);188.4 - Cd_Cps;Integrado;Gestão e Negócios;Gestão;Marketing - MTec-PI;Manhã e Tarde;80;30;2,66;
São José dos Campos;Caraguatatuba;São Sebastião;Vale do Paraíba/Litoral Norte;Etec de São Sebastião (Instituto Verdescola - São Sebastião);188.4 - Cd_Cps;Integrado;Ambiente e Saúde;Meio Ambiente;Meio Ambiente - MTec-PI;Manhã e Tarde;71;30;2,36;
São José dos Campos;Caraguatatuba;São Sebastião;Vale do Paraíba/Litoral Norte;Etec de São Sebastião / Fatec de São Sebastião;188/189 - Etec/Fatec;Integrado;Gestão e Negócios;Gestão;Administração - MTec-AMS;Tarde;73;80;0,91;
São José dos Campos;Caraguatatuba;São Sebastião;Vale do Paraíba/Litoral Norte;Etec de São Sebastião / Fatec de São Sebastião;188/189 - Etec/Fatec;Integrado;Informação e Comunicação;Informática;Desenvolvimento de Sistemas - MTec-AMS;Manhã;79;40;1,97;
São José dos Campos;Caraguatatuba;Ubatuba;Vale do Paraíba/Litoral Norte;Etec de Caraguatatuba (EM Padre José de Anchieta - Ubatuba);213.1 - Cd_Cps;Técnico;Gestão e Negócios;Gestão;Transações Imobiliárias;Noite;73;35;2,08;
São José dos Campos;Cruzeiro;Cruzeiro;Vale do Paraíba/Litoral Norte;Etec Professor José Sant'Ana de Castro;077;Médio;Educação Básica;Educação Básica - Ensino Médio;Ensino Médio com Itinerário Formativo de Ciências da Natureza e suas Tecnologias;Manhã;80;40;2,00;
São José dos Campos;Cruzeiro;Cruzeiro;Vale do Paraíba/Litoral Norte;Etec Professor José Sant'Ana de Castro;077;Técnico;Gestão e Negócios;Gestão;Administração (MNP);Noite;95;40;2,37;
São José dos Campos;Cruzeiro;Cruzeiro;Vale do Paraíba/Litoral Norte;Etec Professor José Sant'Ana de Castro;077;Técnico;Infraestrutura;Construção Civil;Desenho de Construção Civil;Noite;64;40;1,60;
São José dos Campos;Cruzeiro;Cruzeiro;Vale do Paraíba/Litoral Norte;Etec Professor José Sant'Ana de Castro;077;Técnico;Ambiente e Saúde;Saúde;Enfermagem;Noite;266;40;6,65;
São José dos Campos;Cruzeiro;Cruzeiro;Vale do Paraíba/Litoral Norte;Etec Professor José Sant'Ana de Castro;077;Técnico;Turismo, Hospitalidade e Lazer;Turismo e Hospitalidade;Gastronomia;Noite;67;40;1,67;
São José dos Campos;Cruzeiro;Cruzeiro;Vale do Paraíba/Litoral Norte;Etec Professor José Sant'Ana de Castro;077;Técnico;Informação e Comunicação;Informática;Informática para Internet;Noite;57;40;1,42;
São José dos Campos;Cruzeiro;Cruzeiro;Vale do Paraíba/Litoral Norte;Etec Professor José Sant'Ana de Castro;077;Técnico;Gestão e Negócios;Comércio;Marketing;Noite;61;40;1,52;
São José dos Campos;Cruzeiro;Cruzeiro;Vale do Paraíba/Litoral Norte;Etec Professor José Sant'Ana de Castro;077;Técnico;Controle e Processos Industriais;Indústria;Mecânica;Noite;84;40;2,10;
São José dos Campos;Cruzeiro;Cruzeiro;Vale do Paraíba/Litoral Norte;Etec Professor José Sant'Ana de Castro;077;Técnico;Ambiente e Saúde;Saúde;Nutrição e Dietética (MNP);Noite;47;40;1,17;
São José dos Campos;Cruzeiro;Cruzeiro;Vale do Paraíba/Litoral Norte;Etec Professor José Sant'Ana de Castro;077;Integrado;Informação e Comunicação;Informática;Desenvolvimento de Sistemas - MTec-PI ;Manhã e Tarde;116;40;2,90;
São José dos Campos;Cruzeiro;Cruzeiro;Vale do Paraíba/Litoral Norte;Etec Professor José Sant'Ana de Castro;077;Integrado;Gestão e Negócios;Gestão;Logística - MTec;Manhã;106;40;2,65;
São José dos Campos;Cruzeiro;Cruzeiro;Vale do Paraíba/Litoral Norte;Etec Professor José Sant'Ana de Castro;077;Integrado;Gestão e Negócios;Comércio;Marketing - MTec;Manhã;128;40;3,20;
São José dos Campos;Cruzeiro;Cruzeiro;Vale do Paraíba/Litoral Norte;Etec Professor José Sant'Ana de Castro;077;Integrado;Controle e Processos Industriais;Indústria;Mecânica - MTec-PI ;Manhã e Tarde;104;40;2,60;
São José dos Campos;Cruzeiro;Cruzeiro;Vale do Paraíba/Litoral Norte;Etec Professor José Sant'Ana de Castro;077;Integrado;Ambiente e Saúde;Saúde;Nutrição e Dietética - MTec;Manhã;112;40;2,80;
São José dos Campos;Cruzeiro;Silveiras;Vale do Paraíba/Litoral Norte;Etec Professor Marcos Uchôas dos Santos Penchel (EMEIEF D. Edmund Benedict Nugent - Silveiras);044.2 - Cd_Cps;Técnico;Gestão e Negócios;Comércio;Marketing;Noite;60;40;1,50;
São José dos Campos;Guaratinguetá;Cachoeira Paulista;Vale do Paraíba/Litoral Norte;Etec Professor Marcos Uchôas dos Santos Penchel;044;Técnico;Ambiente e Saúde;Saúde;Enfermagem;Noite;160;40;4,00;
São José dos Campos;Guaratinguetá;Cachoeira Paulista;Vale do Paraíba/Litoral Norte;Etec Professor Marcos Uchôas dos Santos Penchel;044;Técnico;Gestão e Negócios;Gestão;Logística;Noite;69;40;1,72;
São José dos Campos;Guaratinguetá;Cachoeira Paulista;Vale do Paraíba/Litoral Norte;Etec Professor Marcos Uchôas dos Santos Penchel;044;Integrado;Gestão e Negócios;Gestão;Administração - MTec-PI;Manhã e Tarde;73;40;1,82;
São José dos Campos;Guaratinguetá;Cachoeira Paulista;Vale do Paraíba/Litoral Norte;Etec Professor Marcos Uchôas dos Santos Penchel;044;Integrado;Informação e Comunicação;Informática;Desenvolvimento de Sistemas - MTec-PI ;Manhã e Tarde;69;40;1,72;
São José dos Campos;Guaratinguetá;Cachoeira Paulista;Vale do Paraíba/Litoral Norte;Etec Professor Marcos Uchôas dos Santos Penchel;044;Integrado;Controle e Processos Industriais;Indústria;Eletrônica - MTec;Manhã;77;40;1,92;
São José dos Campos;Guaratinguetá;Cachoeira Paulista;Vale do Paraíba/Litoral Norte;Etec Professor Marcos Uchôas dos Santos Penchel;044;Integrado;Gestão e Negócios;Comércio;Marketing - MTec;Manhã;70;40;1,75;
São José dos Campos;Guaratinguetá;Guaratinguetá;Vale do Paraíba/Litoral Norte;Etec Professor Alfredo de Barros Santos;026;Técnico;Gestão e Negócios;Gestão;Administração;Noite;97;40;2,42;
São José dos Campos;Guaratinguetá;Guaratinguetá;Vale do Paraíba/Litoral Norte;Etec Professor Alfredo de Barros Santos;026;Técnico;Produção Cultural e Design;Design;Design Gráfico;Noite;75;40;1,87;
São José dos Campos;Guaratinguetá;Guaratinguetá;Vale do Paraíba/Litoral Norte;Etec Professor Alfredo de Barros Santos;026;Técnico;Controle e Processos Industriais;Indústria;Eletromecânica;Noite;122;40;3,05;
São José dos Campos;Guaratinguetá;Guaratinguetá;Vale do Paraíba/Litoral Norte;Etec Professor Alfredo de Barros Santos;026;Técnico;Informação e Comunicação;Informática;Informática;Noite;87;40;2,17;
São José dos Campos;Guaratinguetá;Guaratinguetá;Vale do Paraíba/Litoral Norte;Etec Professor Alfredo de Barros Santos;026;Técnico;Controle e Processos Industriais;Indústria;Mecânica;Noite;127;40;3,17;
São José dos Campos;Guaratinguetá;Guaratinguetá;Vale do Paraíba/Litoral Norte;Etec Professor Alfredo de Barros Santos;026;Técnico;Segurança;Saúde;Segurança do Trabalho;Noite;76;40;1,90;
São José dos Campos;Guaratinguetá;Guaratinguetá;Vale do Paraíba/Litoral Norte;Etec Professor Alfredo de Barros Santos;026;Integrado;Gestão e Negócios;Gestão;Administração - MTec-PI;Manhã e Tarde;296;40;7,40;
São José dos Campos;Guaratinguetá;Guaratinguetá;Vale do Paraíba/Litoral Norte;Etec Professor Alfredo de Barros Santos;026;Integrado;Informação e Comunicação;Informática;Desenvolvimento de Sistemas - MTec-PI ;Manhã e Tarde;292;40;7,30;
São José dos Campos;Guaratinguetá;Guaratinguetá;Vale do Paraíba/Litoral Norte;Etec Professor Alfredo de Barros Santos;026;Integrado;Produção Cultural e Design;Design;Design Gráfico - MTec;Tarde;259;40;6,47;
São José dos Campos;Guaratinguetá;Guaratinguetá;Vale do Paraíba/Litoral Norte;Etec Professor Alfredo de Barros Santos;026;Integrado;Controle e Processos Industriais;Indústria;Eletromecânica - MTec;Tarde;168;40;4,20;
São José dos Campos;Guaratinguetá;Guaratinguetá;Vale do Paraíba/Litoral Norte;Etec Professor Alfredo de Barros Santos;026;Integrado;Controle e Processos Industriais;Indústria;Mecânica - MTec-PI ;Manhã e Tarde;220;40;5,50;
São José dos Campos;Guaratinguetá;Guaratinguetá;Vale do Paraíba/Litoral Norte;Etec Professor Alfredo de Barros Santos;026;Integrado;Segurança;Saúde;Segurança do Trabalho - MTec;Manhã;180;40;4,50;
São José dos Campos;Guaratinguetá;Guaratinguetá;Vale do Paraíba/Litoral Norte;Etec Professor Alfredo de Barros Santos / Faculdade de Tecnologia João Mod);026/106 - Etec/Fatec;Integrado;Gestão e Negócios;Gestão;Administração - MTec-AMS;Tarde;144;40;3,60;
São José dos Campos;Guaratinguetá;Lorena;Vale do Paraíba/Litoral Norte;Etec Padre Carlos Leôncio da Silva;240;Técnico;Gestão e Negócios;Gestão;Administração;Noite;90;40;2,25;
São José dos Campos;Guaratinguetá;Lorena;Vale do Paraíba/Litoral Norte;Etec Padre Carlos Leôncio da Silva;240;Técnico;Gestão e Negócios;Gestão;Qualidade;Noite;76;40;1,90;
São José dos Campos;Guaratinguetá;Lorena;Vale do Paraíba/Litoral Norte;Etec Padre Carlos Leôncio da Silva;240;Técnico;Gestão e Negócios;Gestão;Recursos Humanos;Noite;75;40;1,87;
São José dos Campos;Guaratinguetá;Lorena;Vale do Paraíba/Litoral Norte;Etec Padre Carlos Leôncio da Silva;240;Integrado;Gestão e Negócios;Gestão;Administração - MTec-PI;Manhã e Tarde;118;40;2,95;
São José dos Campos;Guaratinguetá;Lorena;Vale do Paraíba/Litoral Norte;Etec Padre Carlos Leôncio da Silva;240;Integrado;Informação e Comunicação;Informática;Informática para Internet - MTec;Tarde;145;40;3,62;
São José dos Campos;Guaratinguetá;Lorena;Vale do Paraíba/Litoral Norte;Etec Padre Carlos Leôncio da Silva;240;Integrado;Gestão e Negócios;Gestão;Logística - MTec;Manhã;118;40;2,95;
São José dos Campos;Guaratinguetá;Lorena;Vale do Paraíba/Litoral Norte;Etec Padre Carlos Leôncio da Silva;240;Integrado;Gestão e Negócios;Gestão;Marketing - MTec-PI;Manhã e Tarde;122;40;3,05;
São José dos Campos;Guaratinguetá;Lorena;Vale do Paraíba/Litoral Norte;Etec Padre Carlos Leôncio da Silva;240;Integrado;Gestão e Negócios;Gestão;Recursos Humanos - MTec;Tarde;58;40;1,45;
São José dos Campos;Guaratinguetá;Lorena;Vale do Paraíba/Litoral Norte;Etec Padre Carlos Leôncio da Silva;240;Integrado;Gestão e Negócios;Gestão;Serviços Jurídicos - MTec-PI;Manhã e Tarde;83;40;2,07;
São José dos Campos;Guaratinguetá;Lorena;Vale do Paraíba/Litoral Norte;Etec Padre Carlos Leôncio da Silva;240;Especialização;Segurança;Saúde;Higiene Ocupacional ;Noite;62;40;1,55;
São José dos Campos;Guaratinguetá;Piquete;Vale do Paraíba/Litoral Norte;Etec Professor Marcos Uchôas dos Santos Penchel (Escola Municipal Antonio João - Piquete);044.3 - Cd_Cps;Técnico;Gestão e Negócios;Gestão;Serviços Públicos;Noite;65;40;1,62;
São José dos Campos;São José dos Campos;Caçapava;Vale do Paraíba/Litoral Norte;Etec Machado de Assis;082;Técnico;Gestão e Negócios;Gestão;Administração;Noite;98;40;2,45;
São José dos Campos;São José dos Campos;Caçapava;Vale do Paraíba/Litoral Norte;Etec Machado de Assis;082;Técnico;Informação e Comunicação;Informática;Desenvolvimento de Sistemas;Noite;54;40;1,35;
São José dos Campos;São José dos Campos;Caçapava;Vale do Paraíba/Litoral Norte;Etec Machado de Assis;082;Técnico;Controle e Processos Industriais;Indústria;Mecânica;Noite;81;40;2,02;
São José dos Campos;São José dos Campos;Caçapava;Vale do Paraíba/Litoral Norte;Etec Machado de Assis;082;Integrado;Gestão e Negócios;Gestão;Administração - MTec-PI;Manhã e Tarde;213;40;5,32;
São José dos Campos;São José dos Campos;Caçapava;Vale do Paraíba/Litoral Norte;Etec Machado de Assis;082;Integrado;Informação e Comunicação;Informática;Desenvolvimento de Sistemas - MTec-PI ;Manhã e Tarde;208;40;5,20;
São José dos Campos;São José dos Campos;Caçapava;Vale do Paraíba/Litoral Norte;Etec Machado de Assis;082;Integrado;Gestão e Negócios;Gestão;Logística - Mtec-N;Noite;42;40;1,05;
São José dos Campos;São José dos Campos;Caçapava;Vale do Paraíba/Litoral Norte;Etec Machado de Assis;082;Integrado;Controle e Processos Industriais;Indústria;Mecânica - MTec-PI ;Manhã e Tarde;102;40;2,54;
São José dos Campos;São José dos Campos;Jacareí;Vale do Paraíba/Litoral Norte;Etec Cônego José Bento;048;Técnico;Recursos Naturais;Agropecuária;Agroecologia;Noite;49;40;1,22;
São José dos Campos;São José dos Campos;Jacareí;Vale do Paraíba/Litoral Norte;Etec Cônego José Bento;048;Técnico;Gestão e Negócios;Gestão;Logística;Noite;72;40;1,80;
São José dos Campos;São José dos Campos;Jacareí;Vale do Paraíba/Litoral Norte;Etec Cônego José Bento;048;Técnico;Informação e Comunicação;Informática;Redes de Computadores;Noite;52;40;1,30;
São José dos Campos;São José dos Campos;Jacareí;Vale do Paraíba/Litoral Norte;Etec Cônego José Bento;048;Integrado;Gestão e Negócios;Gestão;Administração - MTec-PI;Manhã e Tarde;436;40;10,90;
São José dos Campos;São José dos Campos;Jacareí;Vale do Paraíba/Litoral Norte;Etec Cônego José Bento;048;Integrado;Recursos Naturais;Agropecuária;Agropecuária - MTec-PI;Manhã e Tarde;218;40;5,45;
São José dos Campos;São José dos Campos;Jacareí;Vale do Paraíba/Litoral Norte;Etec Cônego José Bento;048;Integrado;Ambiente e Saúde;Meio Ambiente;Meio Ambiente - MTec-PI;Manhã e Tarde;164;40;4,09;
São José dos Campos;São José dos Campos;Jacareí;Vale do Paraíba/Litoral Norte;Etec Cônego José Bento;048;Integrado;Produção Industrial;Química;Química - MTec-PI;Manhã e Tarde;217;40;5,42;
São José dos Campos;São José dos Campos;Paraibuna;Vale do Paraíba/Litoral Norte;Etec Professora Ilza Nascimento Pintus (EMEF Irmã Irene Alves Lopes (Irmã Zoé) - Paraibuna;195.1 - Cd_Cps;Técnico;Gestão e Negócios;Gestão;Administração;Noite;88;40;2,20;
São José dos Campos;São José dos Campos;São José dos Campos;Vale do Paraíba/Litoral Norte;Etec Professora Ilza Nascimento Pintus;195;Técnico;Informação e Comunicação;Informática;Desenvolvimento de Sistemas;Noite;128;40;3,20;
São José dos Campos;São José dos Campos;São José dos Campos;Vale do Paraíba/Litoral Norte;Etec Professora Ilza Nascimento Pintus;195;Integrado;Gestão e Negócios;Gestão;Administração - MTec-PI;Manhã e Tarde;562;40;14,05;
São José dos Campos;São José dos Campos;São José dos Campos;Vale do Paraíba/Litoral Norte;Etec Professora Ilza Nascimento Pintus;195;Integrado;Controle e Processos Industriais;Indústria;Automação Industrial - MTec-PI;Manhã e Tarde;314;40;7,85;
São José dos Campos;São José dos Campos;São José dos Campos;Vale do Paraíba/Litoral Norte;Etec Professora Ilza Nascimento Pintus;195;Integrado;Informação e Comunicação;Informática;Desenvolvimento de Sistemas - MTec-PI ;Manhã e Tarde;618;40;15,45;
São José dos Campos;São José dos Campos;São José dos Campos;Vale do Paraíba/Litoral Norte;Etec Professora Ilza Nascimento Pintus (EE Prof. Alceu Maynard Araújo);195.08 - Ext/Etec;Técnico;Gestão e Negócios;Gestão;Administração;Noite;54;40;1,35;
São José dos Campos;São José dos Campos;São José dos Campos;Vale do Paraíba/Litoral Norte;Etec Professora Ilza Nascimento Pintus (EE Prof. José Vieira Macedo);195.01 - Ext/Etec;Técnico;Gestão e Negócios;Gestão;Logística;Noite;64;40;1,60;
São José dos Campos;Taubaté;Pindamonhangaba;Vale do Paraíba/Litoral Norte;Etec João Gomes de Araújo;068;Técnico;Gestão e Negócios;Gestão;Administração;Noite;81;40;2,02;
São José dos Campos;Taubaté;Pindamonhangaba;Vale do Paraíba/Litoral Norte;Etec João Gomes de Araújo;068;Técnico;Informação e Comunicação;Informática;Desenvolvimento de Sistemas;Noite;71;40;1,77;
São José dos Campos;Taubaté;Pindamonhangaba;Vale do Paraíba/Litoral Norte;Etec João Gomes de Araújo;068;Técnico;Turismo, Hospitalidade e Lazer;Turismo e Hospitalidade;Gastronomia;Noite;78;40;1,95;
São José dos Campos;Taubaté;Pindamonhangaba;Vale do Paraíba/Litoral Norte;Etec João Gomes de Araújo;068;Técnico;Controle e Processos Industriais;Indústria;Mecânica;Noite;155;80;1,93;
São José dos Campos;Taubaté;Pindamonhangaba;Vale do Paraíba/Litoral Norte;Etec João Gomes de Araújo;068;Integrado;Gestão e Negócios;Gestão;Administração - MTec-PI;Manhã e Tarde;162;40;4,05;
São José dos Campos;Taubaté;Pindamonhangaba;Vale do Paraíba/Litoral Norte;Etec João Gomes de Araújo;068;Integrado;Informação e Comunicação;Informática;Desenvolvimento de Sistemas - MTec-PI ;Manhã e Tarde;219;40;5,47;
São José dos Campos;Taubaté;Pindamonhangaba;Vale do Paraíba/Litoral Norte;Etec João Gomes de Araújo;068;Integrado;Controle e Processos Industriais;Indústria;Mecânica - MTec-PI ;Manhã e Tarde;141;40;3,52;
São José dos Campos;Taubaté;Pindamonhangaba;Vale do Paraíba/Litoral Norte;Etec João Gomes de Araújo;068;Integrado;Ambiente e Saúde;Saúde;Nutrição e Dietética - MTec-PI;Manhã e Tarde;137;40;3,42;
São José dos Campos;Taubaté;Pindamonhangaba;Vale do Paraíba/Litoral Norte;Etec João Gomes de Araújo;068;Integrado;Gestão e Negócios;Gestão;Serviços Jurídicos - MTec-PI;Manhã e Tarde;121;40;3,02;
São José dos Campos;Taubaté;Pindamonhangaba;Vale do Paraíba/Litoral Norte;Etec João Gomes de Araújo;068;Especialização;Gestão e Negócios;Gestão;Cálculos Trabalhistas;Noite;25;25;1,00;
São José dos Campos;Taubaté;Pindamonhangaba;Vale do Paraíba/Litoral Norte;Etec João Gomes de Araújo;068;Especialização;Ambiente e Saúde;Saúde;Gestão de Unidades de Alimentação e Nutrição;Noite;39;25;1,56;
São José dos Campos;Taubaté;Pindamonhangaba;Vale do Paraíba/Litoral Norte;Etec João Gomes de Araújo (EE Prof. Rubens Zamith);068.02 - Ext/Etec;Técnico;Gestão e Negócios;Gestão;Logística;Noite;50;35;1,42;
São José dos Campos;Taubaté;São Luiz do Paraitinga;Vale do Paraíba/Litoral Norte;Etec Doutor Geraldo José Rodrigues Alckmin (EMEF Coronel Domingues de Castro - São Luís do Paraitinga);125.5 - Cd_Cps;Técnico;Gestão e Negócios;Gestão;Recursos Humanos;Noite;45;40;1,12;
São José dos Campos;Taubaté;Taubaté;Vale do Paraíba/Litoral Norte;Etec Doutor Geraldo José Rodrigues Alckmin;125;Técnico;Gestão e Negócios;Gestão;Administração (MNP);Noite;50;35;1,42;
São José dos Campos;Taubaté;Taubaté;Vale do Paraíba/Litoral Norte;Etec Doutor Geraldo José Rodrigues Alckmin;125;Integrado;Gestão e Negócios;Gestão;Administração - MTec-N;Noite;68;35;1,94;
São José dos Campos;Taubaté;Taubaté;Vale do Paraíba/Litoral Norte;Etec Doutor Geraldo José Rodrigues Alckmin;125;Integrado;Gestão e Negócios;Gestão;Administração - MTec-PI;Manhã e Tarde;198;35;5,65;
São José dos Campos;Taubaté;Taubaté;Vale do Paraíba/Litoral Norte;Etec Doutor Geraldo José Rodrigues Alckmin;125;Integrado;Informação e Comunicação;Informática;Informática para Internet - MTec-PI;Manhã e Tarde;195;35;5,57;
São José dos Campos;Taubaté;Taubaté;Vale do Paraíba/Litoral Norte;Etec Doutor Geraldo José Rodrigues Alckmin;125;Integrado;Gestão e Negócios;Gestão;Marketing - MTec-PI;Manhã e Tarde;175;35;5,00;
São José dos Campos;Taubaté;Taubaté;Vale do Paraíba/Litoral Norte;Etec Doutor Geraldo José Rodrigues Alckmin;125;Integrado;Gestão e Negócios;Gestão;Recursos Humanos - MTec-N;Noite;38;35;1,08;
São José dos Campos;Taubaté;Taubaté;Vale do Paraíba/Litoral Norte;Etec Doutor Geraldo José Rodrigues Alckmin;125;Integrado;Segurança;Saúde;Segurança do Trabalho - MTec-N;Noite;42;35;1,20;
São José dos Campos;Taubaté;Taubaté;Vale do Paraíba/Litoral Norte;Etec Doutor Geraldo José Rodrigues Alckmin;125;Integrado;Segurança;Saúde;Segurança do Trabalho - MTec-PI;Manhã e Tarde;89;35;2,54;
São José dos Campos;Taubaté;Taubaté;Vale do Paraíba/Litoral Norte;Etec Doutor Geraldo José Rodrigues Alckmin / Fatec de Taubaté;125/251 - Etec/Fatec;Integrado;Informação e Comunicação;Informática;Desenvolvimento de Sistemas - MTec;Manhã;282;40;7,05;
São José dos Campos;Taubaté;Taubaté;Vale do Paraíba/Litoral Norte;Etec Doutor Geraldo José Rodrigues Alckmin / Fatec de Taubaté;125/251 - Etec/Fatec;Integrado;Informação e Comunicação;Informática;Desenvolvimento de Sistemas - MTec-AMS;Tarde;138;40;3,45;
São José dos Campos;Taubaté;Taubaté;Vale do Paraíba/Litoral Norte;Etec Doutor Geraldo José Rodrigues Alckmin / Fatec de Taubaté;125/251 - Etec/Fatec;Integrado;Gestão e Negócios;Gestão;Logística - MTec;Tarde;72;40;1,80;
Sorocaba;Avaré;Avaré;Sorocaba;Etec Professor Fausto Mazzola;145;Técnico;Gestão e Negócios;Gestão;Contabilidade;Noite;49;35;1,40;
Sorocaba;Avaré;Avaré;Sorocaba;Etec Professor Fausto Mazzola;145;Integrado;Gestão e Negócios;Gestão;Administração - MTec-PI;Manhã e Tarde;165;35;4,71;
Sorocaba;Avaré;Avaré;Sorocaba;Etec Professor Fausto Mazzola;145;Integrado;Ambiente e Saúde;Saúde;Nutrição e Dietética - MTec;Manhã;135;35;3,85;
Sorocaba;Avaré;Avaré;Sorocaba;Etec Professor Fausto Mazzola;145;Integrado;Informação e Comunicação;Informática;Programação de Jogos Digitais - MTec-PI;Manhã e Tarde;143;35;4,08;
Sorocaba;Avaré;Cerqueira Cesar;Sorocaba;Etec Prefeito José Esteves;072;Técnico;Produção Alimentícia;Química;Alimentos;Noite;56;35;1,60;
Sorocaba;Avaré;Cerqueira Cesar;Sorocaba;Etec Prefeito José Esteves;072;Técnico;Ambiente e Saúde;Saúde;Veterinária;Noite;67;35;1,91;
Sorocaba;Avaré;Cerqueira Cesar;Sorocaba;Etec Prefeito José Esteves;072;Integrado;Recursos Naturais;Agropecuária;Agronegócio - MTec-PI;Manhã e Tarde;43;35;1,22;
Sorocaba;Avaré;Cerqueira Cesar;Sorocaba;Etec Prefeito José Esteves;072;Integrado;Recursos Naturais;Agropecuária;Agropecuária - MTec-PI;Manhã e Tarde;87;35;2,48;
Sorocaba;Botucatu;Botucatu;Sorocaba;Etec Doutor Domingos Minicucci Filho;051;Técnico;Ambiente e Saúde;Saúde;Enfermagem;Tarde;58;30;1,93;
Sorocaba;Botucatu;Botucatu;Sorocaba;Etec Doutor Domingos Minicucci Filho;051;Integrado;Gestão e Negócios;Gestão;Administração - MTec;Manhã;198;40;4,95;
Sorocaba;Botucatu;Botucatu;Sorocaba;Etec Doutor Domingos Minicucci Filho;051;Integrado;Gestão e Negócios;Gestão;Administração - MTec;Tarde;52;40;1,30;
Sorocaba;Botucatu;Botucatu;Sorocaba;Etec Doutor Domingos Minicucci Filho;051;Integrado;Informação e Comunicação;Informática;Desenvolvimento de Sistemas - MTec;Manhã;249;40;6,22;
Sorocaba;Botucatu;Botucatu;Sorocaba;Etec Doutor Domingos Minicucci Filho;051;Integrado;Informação e Comunicação;Informática;Desenvolvimento de Sistemas - Mtec-N;Noite;60;40;1,50;
Sorocaba;Botucatu;Botucatu;Sorocaba;Etec Doutor Domingos Minicucci Filho;051;Integrado;Controle e Processos Industriais;Indústria;Eletrotécnica - MTec-N;Noite;53;40;1,32;
Sorocaba;Botucatu;Botucatu;Sorocaba;Etec Doutor Domingos Minicucci Filho;051;Integrado;Controle e Processos Industriais;Indústria;Eletrônica - MTec;Manhã;111;40;2,77;
Sorocaba;Botucatu;Botucatu;Sorocaba;Etec Doutor Domingos Minicucci Filho;051;Integrado;Controle e Processos Industriais;Indústria;Mecatrônica - MTec;Tarde;82;40;2,04;
Sorocaba;Botucatu;Botucatu;Sorocaba;Etec Doutor Domingos Minicucci Filho;051;Integrado;Controle e Processos Industriais;Indústria;Mecânica - Mtec-N;Noite;62;40;1,55;
Sorocaba;Botucatu;Botucatu;Sorocaba;Etec Doutor Domingos Minicucci Filho;051;Integrado;Controle e Processos Industriais;Indústria;Mecânica - MTec-PI ;Manhã e Tarde;107;40;2,67;
Sorocaba;Botucatu;Botucatu;Sorocaba;Etec Doutor Domingos Minicucci Filho;051;Integrado;Ambiente e Saúde;Saúde;Nutrição e Dietética - MTec;Manhã;231;40;5,77;
Sorocaba;Botucatu;Botucatu;Sorocaba;Etec Doutor Domingos Minicucci Filho;051;Integrado;Ambiente e Saúde;Saúde;Nutrição e Dietética - Mtec-N;Noite;48;40;1,20;
Sorocaba;Botucatu;Porangaba;Sorocaba;Etec Sales Gomes (EMEF Joaquim Francisco de Miranda - Porangaba);101.9 - Cd_Cps;Técnico;Gestão e Negócios;Gestão;Administração;Noite;42;40;1,05;
Sorocaba;Botucatu;São Manuel;Sorocaba;Etec Dona Sebastiana de Barros;102;Técnico;Recursos Naturais;Agropecuária;Florestas;Noite;54;40;1,35;
Sorocaba;Botucatu;São Manuel;Sorocaba;Etec Dona Sebastiana de Barros;102;Técnico;Produção Industrial;Química;Química;Noite;64;40;1,60;
Sorocaba;Botucatu;São Manuel;Sorocaba;Etec Dona Sebastiana de Barros;102;Integrado;Gestão e Negócios;Gestão;Administração - MTec-N;Noite;36;40;0,90;
Sorocaba;Botucatu;São Manuel;Sorocaba;Etec Dona Sebastiana de Barros;102;Integrado;Recursos Naturais;Agropecuária;Agropecuária - MTec;Manhã;155;40;3,87;
Sorocaba;Botucatu;São Manuel;Sorocaba;Etec Dona Sebastiana de Barros;102;Integrado;Recursos Naturais;Agropecuária;Agropecuária - MTec;Tarde;57;40;1,42;
Sorocaba;Botucatu;São Manuel;Sorocaba;Etec Dona Sebastiana de Barros;102;Integrado;Ambiente e Saúde;Meio Ambiente;Meio Ambiente - MTec;Manhã;62;40;1,55;
Sorocaba;Itapetininga;Boituva;Sorocaba;Etec Salles Gomes (EMEF Prof.ª Esmeralda Bertolli Labronici - Boituva);101.5 - Cd_Cps;Técnico;Gestão e Negócios;Gestão;Administração;Noite;41;40;1,02;
Sorocaba;Itapetininga;Cerquilho;Sorocaba;Etec de Cerquilho;248;Integrado;Gestão e Negócios;Gestão;Administração - MTec-N;Noite;24;40;0,60;
Sorocaba;Itapetininga;Cerquilho;Sorocaba;Etec de Cerquilho;248;Integrado;Gestão e Negócios;Gestão;Administração - MTec-PI;Manhã e Tarde;243;80;3,03;
Sorocaba;Itapetininga;Itapetininga;Sorocaba;Etec Darcy Pereira de Moraes;261;Técnico;Gestão e Negócios;Gestão;Administração;Noite;91;40;2,27;
Sorocaba;Itapetininga;Itapetininga;Sorocaba;Etec Darcy Pereira de Moraes;261;Técnico;Ambiente e Saúde;Saúde;Enfermagem;Manhã;105;30;3,50;
Sorocaba;Itapetininga;Itapetininga;Sorocaba;Etec Darcy Pereira de Moraes;261;Integrado;Gestão e Negócios;Gestão;Administração - MTec-PI;Manhã e Tarde;177;40;4,42;
Sorocaba;Itapetininga;Itapetininga;Sorocaba;Etec Darcy Pereira de Moraes;261;Integrado;Gestão e Negócios;Gestão;Comércio Exterior - MTec;Tarde;27;40;0,67;
Sorocaba;Itapetininga;Itapetininga;Sorocaba;Etec Darcy Pereira de Moraes;261;Integrado;Informação e Comunicação;Informática;Informática para Internet - MTec;Tarde;141;40;3,52;
Sorocaba;Itapetininga;Itapetininga;Sorocaba;Etec Darcy Pereira de Moraes;261;Integrado;Gestão e Negócios;Comércio;Marketing - MTec;Manhã;143;40;3,57;
Sorocaba;Itapetininga;Itapetininga;Sorocaba;Etec Darcy Pereira de Moraes;261;Integrado;Gestão e Negócios;Gestão;Recursos Humanos - MTec;Manhã;134;40;3,35;
Sorocaba;Itapetininga;Itapetininga;Sorocaba;Etec Darcy Pereira de Moraes;261;Integrado;Segurança;Saúde;Segurança do Trabalho - MTec-N;Noite;34;40;0,85;
Sorocaba;Itapetininga;Itapetininga;Sorocaba;Etec Darcy Pereira de Moraes;261;Integrado;Gestão e Negócios;Gestão;Serviços Jurídicos - MTec-N;Noite;79;40;1,97;
Sorocaba;Itapetininga;Itapetininga;Sorocaba;Etec Professor Edson Galvão;053;Técnico;Ambiente e Saúde;Saúde;Farmácia;Noite;38;35;1,08;
Sorocaba;Itapetininga;Itapetininga;Sorocaba;Etec Professor Edson Galvão;053;Integrado;Recursos Naturais;Agropecuária;Agronegócio - MTec-AMS;Manhã;68;40;1,70;
Sorocaba;Itapetininga;Itapetininga;Sorocaba;Etec Professor Edson Galvão;053;Integrado;Recursos Naturais;Agropecuária;Agropecuária - MTec;Manhã;78;40;1,95;
Sorocaba;Itapetininga;Itapetininga;Sorocaba;Etec Professor Edson Galvão;053;Integrado;Recursos Naturais;Agropecuária;Agropecuária - MTec-PI;Manhã e Tarde;203;40;5,07;
Sorocaba;Itapetininga;Itapetininga;Sorocaba;Etec Professor Edson Galvão;053;Integrado;Informação e Comunicação;Informática;Desenvolvimento de Sistemas - MTec-AMS;Manhã;103;40;2,57;
Sorocaba;Itapetininga;Itapetininga;Sorocaba;Etec Professor Edson Galvão;053;Integrado;Ambiente e Saúde;Saúde;Meio Ambiente - MTec-AMS;Manhã;35;40;0,87;
Sorocaba;Itapetininga;Itapetininga;Sorocaba;Etec Professor Edson Galvão;053;Integrado;Ambiente e Saúde;Saúde;Nutrição e Dietética - MTec;Manhã;56;40;1,40;
Sorocaba;Itapetininga;Itapetininga;Sorocaba;Etec Professor Edson Galvão;053;Integrado;Produção Industrial;Química;Química - MTec;Manhã;93;40;2,32;
Sorocaba;Itapetininga;Tatuí;Sorocaba;Etec Sales Gomes;101;Técnico;Gestão e Negócios;Gestão;Administração;Noite;154;40;3,85;
Sorocaba;Itapetininga;Tatuí;Sorocaba;Etec Sales Gomes;101;Técnico;Infraestrutura;Construção Civil;Edificações;Noite;70;40;1,75;
Sorocaba;Itapetininga;Tatuí;Sorocaba;Etec Sales Gomes;101;Técnico;Controle e Processos Industriais;Indústria;Eletrotécnica;Noite;143;40;3,57;
Sorocaba;Itapetininga;Tatuí;Sorocaba;Etec Sales Gomes;101;Técnico;Ambiente e Saúde;Saúde;Farmácia;Tarde;59;40;1,47;
Sorocaba;Itapetininga;Tatuí;Sorocaba;Etec Sales Gomes;101;Técnico;Ambiente e Saúde;Saúde;Nutrição e Dietética;Noite;102;40;2,54;
Sorocaba;Itapetininga;Tatuí;Sorocaba;Etec Sales Gomes;101;Técnico;Produção Industrial;Química;Química;Noite;68;40;1,70;
Sorocaba;Itapetininga;Tatuí;Sorocaba;Etec Sales Gomes;101;Integrado;Gestão e Negócios;Gestão;Administração - MTec;Manhã;226;40;5,65;
Sorocaba;Itapetininga;Tatuí;Sorocaba;Etec Sales Gomes;101;Integrado;Gestão e Negócios;Gestão;Administração - MTec-N;Noite;25;40;0,62;
Sorocaba;Itapetininga;Tatuí;Sorocaba;Etec Sales Gomes;101;Integrado;Informação e Comunicação;Informática;Desenvolvimento de Sistemas - MTec;Manhã;276;40;6,90;
Sorocaba;Itapetininga;Tatuí;Sorocaba;Etec Sales Gomes;101;Integrado;Controle e Processos Industriais;Indústria;Mecatrônica - MTec;Tarde;104;40;2,60;
Sorocaba;Itapetininga;Tatuí;Sorocaba;Etec Sales Gomes;101;Integrado;Controle e Processos Industriais;Indústria;Mecânica - MTec;Manhã;113;40;2,82;
Sorocaba;Itapetininga;Tatuí;Sorocaba;Etec Sales Gomes;101;Integrado;Controle e Processos Industriais;Indústria;Mecânica - Mtec-N;Noite;27;40;0,67;
Sorocaba;Itapetininga;Tatuí;Sorocaba;Etec Sales Gomes;101;Integrado;Ambiente e Saúde;Meio Ambiente;Meio Ambiente - MTec;Tarde;77;40;1,92;
Sorocaba;Itapetininga;Tatuí;Sorocaba;Etec Sales Gomes;101;Integrado;Ambiente e Saúde;Saúde;Nutrição e Dietética - MTec;Manhã;235;40;5,87;
Sorocaba;Itapetininga;Tatuí;Sorocaba;Etec Sales Gomes;101;Integrado;Produção Industrial;Química;Química - MTec;Manhã;158;40;3,95;
Sorocaba;Itapetininga;Tatuí;Sorocaba;Etec Sales Gomes / Fatec Professor Wilson Roberto Ribeiro de Camargo;101/132 - Etec/Fatec;Integrado;Gestão e Negócios;Gestão;Administração - MTec-AMS;Tarde;111;40;2,77;
Sorocaba;Itapetininga;Tatuí;Sorocaba;Etec Sales Gomes / Fatec Professor Wilson Roberto Ribeiro de Camargo;101/132 - Etec/Fatec;Integrado;Informação e Comunicação;Informática;Desenvolvimento de Sistemas - MTec-AMS;Tarde;114;40;2,85;
Sorocaba;Sorocaba;Ibiúna;Sorocaba;Etec de Mairinque (EE Maria Angerami Scalamandré);235.05 - Ext/Etec;Técnico;Gestão e Negócios;Gestão;Recursos Humanos;Noite;52;35;1,48;
Sorocaba;Sorocaba;Iperó;Sorocaba;Etec Salles Gomes (EM Henory de Campos Goes - Iperó);101.7 - Cd_Cps;Técnico;Gestão e Negócios;Gestão;Contabilidade;Noite;72;40;1,80;
Sorocaba;Sorocaba;Iperó;Sorocaba;Etec Salles Gomes (EM Henory de Campos Goes - Iperó);101.7 - Cd_Cps;Técnico;Gestão e Negócios;Gestão;Logística;Noite;58;40;1,45;
Sorocaba;Sorocaba;Itu;Sorocaba;Etec Martinho Di Ciero;086;Técnico;Informação e Comunicação;Informática;Desenvolvimento de Sistemas;Noite;51;35;1,45;
Sorocaba;Sorocaba;Itu;Sorocaba;Etec Martinho Di Ciero;086;Integrado;Gestão e Negócios;Gestão;Administração - MTec-N;Noite;59;35;1,68;
Sorocaba;Sorocaba;Itu;Sorocaba;Etec Martinho Di Ciero;086;Integrado;Produção Cultural e Design;Design;Design de Interiores - MTec;Tarde;68;35;1,94;
Sorocaba;Sorocaba;Itu;Sorocaba;Etec Martinho Di Ciero;086;Integrado;Ambiente e Saúde;Meio Ambiente;Meio Ambiente - MTec;Tarde;72;35;2,05;
Sorocaba;Sorocaba;Itu;Sorocaba;Etec Martinho Di Ciero;086;Integrado;Gestão e Negócios;Gestão;Secretariado - MTec;Manhã;68;35;1,94;
Sorocaba;Sorocaba;Itu;Sorocaba;Etec Martinho Di Ciero / Fatec Dom Amauri Castanho;086/178 - Etec/Fatec;Integrado;Gestão e Negócios;Gestão;Administração - MTec-AMS;Tarde;90;40;2,25;
Sorocaba;Sorocaba;Itu;Sorocaba;Etec Martinho Di Ciero / Fatec Dom Amauri Castanho;086/178 - Etec/Fatec;Integrado;Informação e Comunicação;Informática;Desenvolvimento de Sistemas - MTec-AMS;Tarde;188;40;4,70;
Sorocaba;Sorocaba;Mairinque;Sorocaba;Etec de Mairinque;235;Técnico;Gestão e Negócios;Gestão;Logística;Noite;86;35;2,45;
Sorocaba;Sorocaba;Mairinque;Sorocaba;Etec de Mairinque;235;Técnico;Produção Industrial;Química;Química;Noite;87;35;2,48;
Sorocaba;Sorocaba;Mairinque;Sorocaba;Etec de Mairinque;235;Integrado;Gestão e Negócios;Gestão;Administração - MTec;Tarde;156;35;4,45;
Sorocaba;Sorocaba;Mairinque;Sorocaba;Etec de Mairinque;235;Integrado;Turismo, Hospitalidade e Lazer;Turismo e Hospitalidade;Gastronomia - MTec-PI;Manhã e Tarde;128;35;3,65;
Sorocaba;Sorocaba;Mairinque;Sorocaba;Etec de Mairinque;235;Integrado;Gestão e Negócios;Comércio;Marketing - MTec;Manhã;204;35;5,82;
Sorocaba;Sorocaba;Piedade;Sorocaba;Etec de Piedade;203;Integrado;Gestão e Negócios;Gestão;Administração - MTec-PI;Manhã e Tarde;140;40;3,50;
Sorocaba;Sorocaba;Piedade;Sorocaba;Etec de Piedade;203;Integrado;Recursos Naturais;Agropecuária;Agronegócio - MTec-N;Noite;49;40;1,22;
Sorocaba;Sorocaba;Piedade;Sorocaba;Etec de Piedade;203;Integrado;Produção Alimentícia;Química;Alimentos - MTec-PI;Manhã e Tarde;110;40;2,75;
Sorocaba;Sorocaba;Piedade;Sorocaba;Etec de Piedade;203;Integrado;Ambiente e Saúde;Meio Ambiente;Meio Ambiente - MTec-PI;Manhã e Tarde;113;40;2,82;
Sorocaba;Sorocaba;Porto Feliz;Sorocaba;Etec de Porto Feliz;289;Técnico;Gestão e Negócios;Gestão;Qualidade;Noite;67;35;1,91;
Sorocaba;Sorocaba;Porto Feliz;Sorocaba;Etec de Porto Feliz;289;Integrado;Gestão e Negócios;Gestão;Administração - MTec-N;Noite;35;35;1,00;
Sorocaba;Sorocaba;Porto Feliz;Sorocaba;Etec de Porto Feliz;289;Integrado;Gestão e Negócios;Gestão;Administração - MTec-PI;Manhã e Tarde;189;35;5,40;
Sorocaba;Sorocaba;Porto Feliz;Sorocaba;Etec de Porto Feliz;289;Integrado;Gestão e Negócios;Gestão;Logística - MTec-PI;Manhã e Tarde;87;35;2,48;
Sorocaba;Sorocaba;Salto de Pirapora;Sorocaba;Etec Armando Pannunzio (EMEF Vereadora Célia Dias Batista dos Santos - Salto de Pirapora);264.1 - Cd_Cps;Técnico;Gestão e Negócios;Gestão;Logística;Noite;60;40;1,50;
Sorocaba;Sorocaba;Salto de Pirapora;Sorocaba;Etec Armando Pannunzio (EMEF Vereadora Célia Dias Batista dos Santos - Salto de Pirapora);264.1 - Cd_Cps;Técnico;Gestão e Negócios;Gestão;Recursos Humanos;Noite;59;40;1,47;
Sorocaba;Sorocaba;São Roque;Sorocaba;Etec de São Roque;116;Técnico;Ambiente e Saúde;Saúde;Enfermagem;Tarde;111;30;3,70;
Sorocaba;Sorocaba;São Roque;Sorocaba;Etec de São Roque;116;Técnico;Gestão e Negócios;Gestão;Logística;Noite;52;35;1,48;
Sorocaba;Sorocaba;São Roque;Sorocaba;Etec de São Roque;116;Integrado;Gestão e Negócios;Gestão;Administração - MTec-N;Noite;116;35;3,31;
Sorocaba;Sorocaba;São Roque;Sorocaba;Etec de São Roque;116;Integrado;Informação e Comunicação;Informática;Informática - MTec;Manhã;429;35;12,25;
Sorocaba;Sorocaba;Sorocaba;Sorocaba;Etec Armando Pannunzio;264;Técnico;Controle e Processos Industriais;Indústria;Automação Industrial;Noite;49;40;1,22;
Sorocaba;Sorocaba;Sorocaba;Sorocaba;Etec Armando Pannunzio;264;Técnico;Gestão e Negócios;Gestão;Recursos Humanos;Noite;43;40;1,07;
Sorocaba;Sorocaba;Sorocaba;Sorocaba;Etec Armando Pannunzio;264;Integrado;Gestão e Negócios;Gestão;Administração - MTec-PI;Manhã e Tarde;173;40;4,32;
Sorocaba;Sorocaba;Sorocaba;Sorocaba;Etec Armando Pannunzio;264;Integrado;Controle e Processos Industriais;Indústria;Automação Industrial - MTec-PI;Manhã e Tarde;104;40;2,60;
Sorocaba;Sorocaba;Sorocaba;Sorocaba;Etec Armando Pannunzio;264;Integrado;Gestão e Negócios;Gestão;Comércio Exterior - MTec-N;Noite;44;40;1,10;
Sorocaba;Sorocaba;Sorocaba;Sorocaba;Etec Armando Pannunzio;264;Integrado;Controle e Processos Industriais;Indústria;Eletroeletrônica - MTec-N;Noite;33;40;0,82;
Sorocaba;Sorocaba;Sorocaba;Sorocaba;Etec Fernando Prestes;016;Técnico;Gestão e Negócios;Gestão;Administração;Tarde;63;40;1,57;
Sorocaba;Sorocaba;Sorocaba;Sorocaba;Etec Fernando Prestes;016;Técnico;Gestão e Negócios;Gestão;Administração;Noite;94;40;2,35;
Sorocaba;Sorocaba;Sorocaba;Sorocaba;Etec Fernando Prestes;016;Técnico;Gestão e Negócios;Gestão;Contabilidade;Noite;67;40;1,67;
Sorocaba;Sorocaba;Sorocaba;Sorocaba;Etec Fernando Prestes;016;Técnico;Informação e Comunicação;Informática;Desenvolvimento de Sistemas;Noite;143;40;3,57;
Sorocaba;Sorocaba;Sorocaba;Sorocaba;Etec Fernando Prestes;016;Técnico;Produção Cultural e Design;Design;Design de Interiores;Noite;78;40;1,95;
Sorocaba;Sorocaba;Sorocaba;Sorocaba;Etec Fernando Prestes;016;Técnico;Infraestrutura;Construção Civil;Edificações (MNP);Noite;62;40;1,55;
Sorocaba;Sorocaba;Sorocaba;Sorocaba;Etec Fernando Prestes;016;Técnico;Gestão e Negócios;Gestão;Logística;Noite;63;40;1,57;
Sorocaba;Sorocaba;Sorocaba;Sorocaba;Etec Fernando Prestes;016;Técnico;Segurança;Saúde;Segurança do Trabalho (MNP);Noite;108;40;2,70;
Sorocaba;Sorocaba;Sorocaba;Sorocaba;Etec Fernando Prestes;016;Integrado;Gestão e Negócios;Gestão;Administração - MTec;Manhã;461;40;11,52;
Sorocaba;Sorocaba;Sorocaba;Sorocaba;Etec Fernando Prestes;016;Integrado;Turismo, Hospitalidade e Lazer;Turismo e Hospitalidade;Agenciamento de Viagem - MTec;Manhã;58;40;1,45;
Sorocaba;Sorocaba;Sorocaba;Sorocaba;Etec Fernando Prestes;016;Integrado;Gestão e Negócios;Gestão;Contabilidade - MTec;Tarde;100;40;2,50;
Sorocaba;Sorocaba;Sorocaba;Sorocaba;Etec Fernando Prestes;016;Integrado;Informação e Comunicação;Informática;Desenvolvimento de Sistemas - MTec;Manhã;486;40;12,15;
Sorocaba;Sorocaba;Sorocaba;Sorocaba;Etec Fernando Prestes;016;Integrado;Infraestrutura;Construção Civil;Edificações - MTec;Manhã;129;40;3,22;
Sorocaba;Sorocaba;Sorocaba;Sorocaba;Etec Fernando Prestes;016;Integrado;Turismo, Hospitalidade e Lazer;Lazer e Desenvolvimento Social;Eventos - MTec;Manhã;147;40;3,67;
Sorocaba;Sorocaba;Sorocaba;Sorocaba;Etec Fernando Prestes;016;Integrado;Turismo, Hospitalidade e Lazer;Lazer e Desenvolvimento Social;Eventos - MTec;Tarde;89;40;2,22;
Sorocaba;Sorocaba;Sorocaba;Sorocaba;Etec Fernando Prestes;016;Integrado;Informação e Comunicação;Informática;Informática para Internet - MTec;Manhã;225;40;5,62;
Sorocaba;Sorocaba;Sorocaba;Sorocaba;Etec Fernando Prestes;016;Integrado;Gestão e Negócios;Comércio;Marketing - MTec;Tarde;167;40;4,17;
Sorocaba;Sorocaba;Sorocaba;Sorocaba;Etec Fernando Prestes;016;Integrado;Gestão e Negócios;Gestão;Recursos Humanos - MTec;Tarde;111;40;2,77;
Sorocaba;Sorocaba;Sorocaba;Sorocaba;Etec Fernando Prestes;016;Integrado;Gestão e Negócios;Gestão;Secretariado - MTec;Tarde;25;40;0,62;
Sorocaba;Sorocaba;Sorocaba;Sorocaba;Etec Fernando Prestes (EE João Clímaco de Camargo Pires);016.05 - Ext/Etec;Técnico;Gestão e Negócios;Gestão;Administração;Noite;51;35;1,45;
Sorocaba;Sorocaba;Sorocaba;Sorocaba;Etec Fernando Prestes (EE João Clímaco de Camargo Pires);016.05 - Ext/Etec;Técnico;Gestão e Negócios;Gestão;Logística;Noite;51;35;1,45;
Sorocaba;Sorocaba;Sorocaba;Sorocaba;Etec Fernando Prestes / Fatec José Crespo Gonzales;016/003 - Etec/Fatec;Integrado;Informação e Comunicação;Informática;Desenvolvimento de Sistemas - MTec-AMS;Tarde;257;40;6,42;
Sorocaba;Sorocaba;Sorocaba;Sorocaba;Etec Fernando Prestes / Fatec José Crespo Gonzales;016/003 - Etec/Fatec;Integrado;Gestão e Negócios;Gestão;Logística - MTec-AMS;Tarde;75;40;1,87;
Sorocaba;Sorocaba;Sorocaba;Sorocaba;Etec Rubens de Faria e Souza;017;Técnico;Produção Alimentícia;Química;Alimentos;Noite;74;40;1,85;
Sorocaba;Sorocaba;Sorocaba;Sorocaba;Etec Rubens de Faria e Souza;017;Técnico;Controle e Processos Industriais;Indústria;Eletrotécnica;Noite;117;40;2,92;
Sorocaba;Sorocaba;Sorocaba;Sorocaba;Etec Rubens de Faria e Souza;017;Técnico;Controle e Processos Industriais;Indústria;Eletrônica;Noite;70;40;1,75;
Sorocaba;Sorocaba;Sorocaba;Sorocaba;Etec Rubens de Faria e Souza;017;Técnico;Ambiente e Saúde;Saúde;Enfermagem;Tarde;163;30;5,43;
Sorocaba;Sorocaba;Sorocaba;Sorocaba;Etec Rubens de Faria e Souza;017;Técnico;Controle e Processos Industriais;Indústria;Mecatrônica;Noite;132;40;3,30;
Sorocaba;Sorocaba;Sorocaba;Sorocaba;Etec Rubens de Faria e Souza;017;Técnico;Controle e Processos Industriais;Indústria;Mecânica;Noite;123;80;1,53;
Sorocaba;Sorocaba;Sorocaba;Sorocaba;Etec Rubens de Faria e Souza;017;Técnico;Ambiente e Saúde;Saúde;Nutrição e Dietética;Noite;121;40;3,02;
Sorocaba;Sorocaba;Sorocaba;Sorocaba;Etec Rubens de Faria e Souza;017;Técnico;Produção Industrial;Química;Química;Tarde;67;40;1,67;
Sorocaba;Sorocaba;Sorocaba;Sorocaba;Etec Rubens de Faria e Souza;017;Integrado;Produção Alimentícia;Química;Alimentos - MTec ;Manhã;260;40;6,50;
Sorocaba;Sorocaba;Sorocaba;Sorocaba;Etec Rubens de Faria e Souza;017;Integrado;Controle e Processos Industriais;Indústria;Eletromecânica - MTec;Tarde;68;40;1,70;
Sorocaba;Sorocaba;Sorocaba;Sorocaba;Etec Rubens de Faria e Souza;017;Integrado;Controle e Processos Industriais;Indústria;Eletrotécnica - MTec;Tarde;50;40;1,25;
Sorocaba;Sorocaba;Sorocaba;Sorocaba;Etec Rubens de Faria e Souza;017;Integrado;Controle e Processos Industriais;Indústria;Eletrônica - MTec;Manhã;157;40;3,92;
Sorocaba;Sorocaba;Sorocaba;Sorocaba;Etec Rubens de Faria e Souza;017;Integrado;Controle e Processos Industriais;Indústria;Mecatrônica - MTec;Manhã;376;40;9,40;
Sorocaba;Sorocaba;Sorocaba;Sorocaba;Etec Rubens de Faria e Souza;017;Integrado;Controle e Processos Industriais;Indústria;Mecânica - MTec;Manhã;175;40;4,37;
Sorocaba;Sorocaba;Sorocaba;Sorocaba;Etec Rubens de Faria e Souza;017;Integrado;Ambiente e Saúde;Saúde;Nutrição e Dietética - MTec;Tarde;315;40;7,87;
Sorocaba;Sorocaba;Sorocaba;Sorocaba;Etec Rubens de Faria e Souza;017;Integrado;Produção Industrial;Química;Química - MTec;Manhã;285;40;7,12;
Sorocaba;Sorocaba;Sorocaba;Sorocaba;Etec Rubens de Faria e Souza;017;Integrado;Gestão e Negócios;Gestão;Serviços Jurídicos - MTec;Manhã;398;40;9,94;
Sorocaba;Sorocaba;Tietê;Sorocaba;Etec Doutor Nelson Alves Vianna;246;Técnico;Produção Industrial;Química;Química;Noite;74;40;1,85;
Sorocaba;Sorocaba;Tietê;Sorocaba;Etec Doutor Nelson Alves Vianna;246;Integrado;Gestão e Negócios;Gestão;Administração - MTec;Manhã;135;40;3,37;
Sorocaba;Sorocaba;Tietê;Sorocaba;Etec Doutor Nelson Alves Vianna;246;Integrado;Informação e Comunicação;Informática;Desenvolvimento de Sistemas - MTec;Manhã;140;40;3,50;
Sorocaba;Sorocaba;Tietê;Sorocaba;Etec Doutor Nelson Alves Vianna;246;Integrado;Produção Industrial;Química;Química - MTec;Tarde;60;35;1,71;
Sorocaba;Sorocaba;Tietê;Sorocaba;Etec Doutor Nelson Alves Vianna;246;Especialização;Gestão e Negócios;Gestão;Cálculos Trabalhistas;Noite;42;35;1,20;
Sorocaba;Sorocaba;Votorantim;Sorocaba;Etec Professor Elias Miguel Júnior;197;Técnico;Gestão e Negócios;Gestão;Contabilidade;Noite;43;40;1,07;
Sorocaba;Sorocaba;Votorantim;Sorocaba;Etec Professor Elias Miguel Júnior;197;Integrado;Gestão e Negócios;Gestão;Administração - MTec;Manhã;169;35;4,82;
Sorocaba;Sorocaba;Votorantim;Sorocaba;Etec Professor Elias Miguel Júnior;197;Integrado;Gestão e Negócios;Gestão;Administração - MTec;Tarde;28;35;0,80;
Sorocaba;Sorocaba;Votorantim;Sorocaba;Etec Professor Elias Miguel Júnior;197;Integrado;Gestão e Negócios;Gestão;Administração - MTec-N;Noite;37;35;1,05;
Sorocaba;Sorocaba;Votorantim;Sorocaba;Etec Professor Elias Miguel Júnior;197;Integrado;Informação e Comunicação;Informática;Informática para Internet - MTec;Manhã;129;35;3,68;
Sorocaba;Sorocaba;Votorantim;Sorocaba;Etec Professor Elias Miguel Júnior;197;Integrado;Gestão e Negócios;Gestão;Logística - Mtec-N;Noite;51;35;1,45;
Sorocaba;Sorocaba;Votorantim;Sorocaba;Etec Professor Elias Miguel Júnior;197;Integrado;Gestão e Negócios;Gestão;Recursos Humanos - MTec;Manhã;82;35;2,34;
