Região Administrativa;Região de Governo;Município;Núcleo Regional;Unidades do CEETEPS;Código;Tipo de Ensino;Eixo Tecnológico/Educação Básica;Área Profissional;Curso/Habilitação;Período;Inscritos;Vagas;Demanda
Araçatuba;Andradina;Andradina;Bauru/Araçatuba;Etec Sebastiana Augusta de Moraes;028;Técnico;Recursos Naturais;Agropecuária;Agronegócio;Noite;59;40;1,47;
Araçatuba;Andradina;Andradina;Bauru/Araçatuba;Etec Sebastiana Augusta de Moraes (EE Alice Marques da Silva Rocha);028.01 - Ext/Etec;Técnico;Informação e Comunicação;Informática;Informática para Internet;Noite;41;40;1,02;
Araçatuba;Andradina;Andradina;Bauru/Araçatuba;Etec Sebastiana Augusta de Moraes (EE Alice Marques da Silva Rocha);028.01 - Ext/Etec;Técnico;Gestão e Negócios;Gestão;Recursos Humanos;Noite;46;40;1,14;
Araçatuba;Andradina;Ilha Solteira;Bauru/Araçatuba;Etec de Ilha Solteira;065;Técnico;Controle e Processos Industriais;Indústria;Eletrotécnica;Noite;134;40;3,35;
Araçatuba;Andradina;Ilha Solteira;Bauru/Araçatuba;Etec de Ilha Solteira;065;Técnico;Ambiente e Saúde;Saúde;Enfermagem;Noite;108;40;2,70;
Araçatuba;Andradina;Ilha Solteira;Bauru/Araçatuba;Etec de Ilha Solteira (EE Urubupungá);065.02 - Ext/Etec;Técnico;Gestão e Negócios;Gestão;Serviços Jurídicos;Noite;55;40;1,37;
Araçatuba;Andradina;Itapura;Bauru/Araçatuba;Etec de Ilha Solteira (Núcleo de Serviços Municipais - Itapura);065.3 - Cd_Cps;Técnico;Gestão e Negócios;Gestão;Administração;Noite;76;40;1,90;
Araçatuba;Andradina;Mirandópolis;Bauru/Araçatuba;Etec Sebastiana Augusta de Moraes (EE Dona Noemia Dias Perotti);028.02 - Ext/Etec;Técnico;Gestão e Negócios;Gestão;Recursos Humanos;Noite;44;40;1,10;
Araçatuba;Andradina;Pereira Barreto;Bauru/Araçatuba;Etec de Ilha Solteira (EE Cel. Francisco Schmidt);065.01 - Ext/Etec;Técnico;Gestão e Negócios;Gestão;Recursos Humanos;Noite;66;40;1,65;
Araçatuba;Andradina;Sud Mennucci;Bauru/Araçatuba;Etec de Ilha Solteira (EMEF Victor Padilha - Sud Mennucci);065.2 - Cd_Cps;Técnico;Gestão e Negócios;Gestão;Administração;Noite;63;40;1,57;
Araçatuba;Araçatuba;Araçatuba;Bauru/Araçatuba;Etec de Araçatuba;165;Técnico;Ambiente e Saúde;Saúde;Farmácia;Noite;93;40;2,32;
Araçatuba;Araçatuba;Araçatuba;Bauru/Araçatuba;Etec de Araçatuba;165;Técnico;Segurança;Saúde;Segurança do Trabalho (MNP);Noite;64;40;1,60;
Araçatuba;Araçatuba;Araçatuba;Bauru/Araçatuba;Etec de Araçatuba (EE Manoel Bento da Cruz);165.01 - Ext/Etec;Técnico;Gestão e Negócios;Gestão;Administração (MNP);Noite;55;40;1,37;
Araçatuba;Araçatuba;Araçatuba;Bauru/Araçatuba;Etec de Araçatuba (EE Manoel Bento da Cruz);165.01 - Ext/Etec;Técnico;Informação e Comunicação;Informática;Desenvolvimento de Sistemas (MNP);Noite;67;40;1,67;
Araçatuba;Araçatuba;Barbosa;Bauru/Araçatuba;Etec João Jorge Geraissate (EMEF Gabriel José Martins - Barbosa);069.4 - Cd_Cps;Técnico;Gestão e Negócios;Gestão;Recursos Humanos;Noite;34;35;0,97;
Araçatuba;Araçatuba;Birigui;Bauru/Araçatuba;Etec Doutor Renato Cordeiro;123;Técnico;Ambiente e Saúde;Saúde;Enfermagem;Noite;211;40;5,27;
Araçatuba;Araçatuba;Birigui;Bauru/Araçatuba;Etec Doutor Renato Cordeiro;123;Técnico;Gestão e Negócios;Gestão;Recursos Humanos;Noite;87;40;2,17;
Araçatuba;Araçatuba;Valparaíso;Bauru/Araçatuba;Etec Doutor Renato Cordeiro (Valparaíso);123.1 - Cd_Cps;Técnico;Ambiente e Saúde;Saúde;Enfermagem;Noite;85;40;2,12;
Araçatuba;Araçatuba;Valparaíso;Bauru/Araçatuba;Etec Sebastiana Augusta de Moraes (EE Vicente Barbosa);028.03 - Ext/Etec;Técnico;Gestão e Negócios;Gestão;Administração;Noite;78;40;1,95;
Barretos;Barretos;Barretos;Ribeirão Preto/Franca/Barretos;Etec Coronel Raphael Brandão;108;Técnico;Produção Industrial;Química;Açúcar e Álcool;Noite;61;40;1,52;
Barretos;Barretos;Barretos;Ribeirão Preto/Franca/Barretos;Etec Coronel Raphael Brandão;108;Técnico;Controle e Processos Industriais;Indústria;Eletrotécnica;Noite;75;40;1,87;
Barretos;Barretos;Barretos;Ribeirão Preto/Franca/Barretos;Etec Coronel Raphael Brandão;108;Técnico;Segurança;Saúde;Segurança do Trabalho;Noite;58;40;1,45;
Barretos;Barretos;Barretos;Ribeirão Preto/Franca/Barretos;Etec Coronel Raphael Brandão;108;Especialização;Turismo, Hospitalidade e Lazer;Turismo e Hospitalidade;Panificação e Confeitaria;Noite;43;40;1,07;
Barretos;Barretos;Barretos;Ribeirão Preto/Franca/Barretos;Etec Coronel Raphael Brandão (EE Doutor Antonio Olympio);108.01 - Ext/Etec;Técnico;Gestão e Negócios;Gestão;Contabilidade;Noite;47;40;1,17;
Barretos;Barretos;Barretos;Ribeirão Preto/Franca/Barretos;Etec Coronel Raphael Brandão (EE Doutor Antonio Olympio);108.01 - Ext/Etec;Técnico;Gestão e Negócios;Gestão;Serviços Jurídicos;Noite;68;40;1,70;
Barretos;Barretos;Bebedouro;Ribeirão Preto/Franca/Barretos;Etec Professor Ídio Zucchi;151;Técnico;Gestão e Negócios;Gestão;Contabilidade;Noite;43;40;1,07;
Barretos;Barretos;Bebedouro;Ribeirão Preto/Franca/Barretos;Etec Professor Ídio Zucchi;151;Técnico;Controle e Processos Industriais;Indústria;Mecânica;Noite;52;40;1,30;
Barretos;Barretos;Bebedouro;Ribeirão Preto/Franca/Barretos;Etec Professor Ídio Zucchi (Fundação Coopercitrus/Credicitrus - Bebedouro);151.8 - Cd_Cps;Técnico;Recursos Naturais;Agropecuária;Agronegócio;Noite;54;40;1,35;
Barretos;Barretos;Guaíra;Ribeirão Preto/Franca/Barretos;Etec de Guaíra;304;Técnico;Segurança;Saúde;Segurança do Trabalho;Noite;65;40;1,62;
Barretos;Barretos;Guaíra;Ribeirão Preto/Franca/Barretos;Etec de Guaíra;304;Técnico;Gestão e Negócios;Gestão;Seguros;Noite;41;40;1,02;
Barretos;Barretos;Olímpia;Ribeirão Preto/Franca/Barretos;Etec Professor José Carlos Seno Junior;232;Técnico;Gestão e Negócios;Gestão;Administração;Noite;72;40;1,80;
Bauru;Bauru;Bauru;Bauru/Araçatuba;Etec Astor de Mattos Carvalho (EE Prof. Christino Cabral);038.01 - Ext/Etec;Técnico;Gestão e Negócios;Gestão;Administração;Noite;84;40;2,10;
Bauru;Bauru;Bauru;Bauru/Araçatuba;Etec Rodrigues de Abreu;135;Técnico;Informação e Comunicação;Informática;Desenvolvimento de Sistemas;Noite;118;40;2,95;
Bauru;Bauru;Bauru;Bauru/Araçatuba;Etec Rodrigues de Abreu;135;Técnico;Ambiente e Saúde;Saúde;Enfermagem;Manhã;154;40;3,85;
Bauru;Bauru;Bauru;Bauru/Araçatuba;Etec Rodrigues de Abreu;135;Técnico;Gestão e Negócios;Gestão;Recursos Humanos;Noite;84;40;2,10;
Bauru;Bauru;Bauru;Bauru/Araçatuba;Etec Rodrigues de Abreu;135;Técnico;Segurança;Saúde;Segurança do Trabalho (MNP);Noite;78;40;1,95;
Bauru;Bauru;Bauru;Bauru/Araçatuba;Etec Rodrigues de Abreu (Faculdade de Odontologia de Bauru da USP - Bauru);135.3 - Cd_Cps;Técnico;Ambiente e Saúde;Saúde;Saúde Bucal;Noite;45;40;1,12;
Bauru;Bauru;Cabrália Paulista;Bauru/Araçatuba;Etec Astor de Mattos Carvalho;038;Técnico;Informação e Comunicação;Informática;Informática;Noite;54;35;1,54;
Bauru;Bauru;Lençóis Paulista;Bauru/Araçatuba;Etec Cidade do Livro;244;Técnico;Gestão e Negócios;Gestão;Logística;Noite;57;40;1,42;
Bauru;Bauru;Lençóis Paulista;Bauru/Araçatuba;Etec Cidade do Livro;244;Técnico;Produção Industrial;Química;Química;Noite;105;40;2,62;
Bauru;Bauru;Lençóis Paulista;Bauru/Araçatuba;Etec Cidade do Livro (EE Virgilio Capoani);244.01 - Ext/Etec;Técnico;Gestão e Negócios;Gestão;Administração;Noite;64;35;1,82;
Bauru;Bauru;Pederneiras;Bauru/Araçatuba;Etec Professor Urias Ferreira (EE Anchieta);090.01 - Ext/Etec;Técnico;Gestão e Negócios;Gestão;Administração;Noite;45;40;1,12;
Bauru;Jaú;Barra Bonita;Bauru/Araçatuba;Etec Comendador João Rays;040;Técnico;Gestão e Negócios;Gestão;Administração;Noite;66;40;1,65;
Bauru;Jaú;Barra Bonita;Bauru/Araçatuba;Etec Comendador João Rays;040;Técnico;Informação e Comunicação;Informática;Informática;Noite;71;40;1,77;
Bauru;Jaú;Barra Bonita;Bauru/Araçatuba;Etec Comendador João Rays;040;Técnico;Gestão e Negócios;Gestão;Recursos Humanos;Noite;67;40;1,67;
Bauru;Jaú;Itapuí;Bauru/Araçatuba;Etec Joaquim Ferreira do Amaral (EMEF Manuel Rodrigues Ferreira - Itapuí);070.4 - Cd_Cps;Técnico;Gestão e Negócios;Gestão;Logística;Noite;63;40;1,57;
Bauru;Jaú;Jaú;Bauru/Araçatuba;Etec Joaquim Ferreira do Amaral;070;Técnico;Gestão e Negócios;Gestão;Administração;Noite;84;40;2,10;
Bauru;Jaú;Jaú;Bauru/Araçatuba;Etec Joaquim Ferreira do Amaral;070;Técnico;Informação e Comunicação;Informática;Desenvolvimento de Sistemas;Noite;109;40;2,72;
Bauru;Jaú;Jaú;Bauru/Araçatuba;Etec Joaquim Ferreira do Amaral;070;Técnico;Controle e Processos Industriais;Indústria;Eletrotécnica;Noite;68;40;1,70;
Bauru;Jaú;Jaú;Bauru/Araçatuba;Etec Joaquim Ferreira do Amaral;070;Técnico;Ambiente e Saúde;Saúde;Enfermagem;Noite;119;40;2,97;
Bauru;Jaú;Jaú;Bauru/Araçatuba;Etec Joaquim Ferreira do Amaral;070;Técnico;Controle e Processos Industriais;Indústria;Soldagem;Noite;63;40;1,57;
Bauru;Lins;Cafelândia;Bauru/Araçatuba;Etec Professora Helcy Moreira Martins Aguiar;062;Técnico;Gestão e Negócios;Gestão;Qualidade;Noite;59;40;1,47;
Bauru;Lins;Cafelândia;Bauru/Araçatuba;Etec Professora Helcy Moreira Martins Aguiar;062;Técnico;Recursos Naturais;Agropecuária;Zootecnia;Noite;45;40;1,12;
Bauru;Lins;Guaiçara;Bauru/Araçatuba;Etec de Lins (EM Henrique Unger - Guaiçara);148.1 - Cd_Cps;Técnico;Segurança;Saúde;Segurança do Trabalho;Noite;56;40;1,40;
Bauru;Lins;Lins;Bauru/Araçatuba;Etec de Lins;148;Técnico;Gestão e Negócios;Gestão;Administração;Noite;87;40;2,17;
Bauru;Lins;Lins;Bauru/Araçatuba;Etec de Lins;148;Técnico;Infraestrutura;Construção Civil;Edificações;Noite;60;40;1,50;
Bauru;Lins;Lins;Bauru/Araçatuba;Etec de Lins;148;Técnico;Ambiente e Saúde;Saúde;Enfermagem;Tarde;63;40;1,57;
Bauru;Lins;Lins;Bauru/Araçatuba;Etec de Lins;148;Técnico;Produção Industrial;Química;Química;Noite;62;40;1,55;
Bauru;Lins;Lins;Bauru/Araçatuba;Etec de Lins (EE Fernando Costa);148.01 - Ext/Etec;Técnico;Gestão e Negócios;Gestão;Recursos Humanos;Noite;70;40;1,75;
Bauru;Lins;Lins;Bauru/Araçatuba;Etec de Lins (Unilins - Lins);148.5 - Cd_Cps;Técnico;Controle e Processos Industriais;Indústria;Mecatrônica;Noite;140;40;3,50;
Central;Araraquara;Araraquara;São José do Rio Preto/Central;Etec Professora Anna de Oliveira Ferraz;029;Técnico;Gestão e Negócios;Gestão;Administração;Noite;110;40;2,75;
Central;Araraquara;Araraquara;São José do Rio Preto/Central;Etec Professora Anna de Oliveira Ferraz;029;Técnico;Gestão e Negócios;Gestão;Comércio Exterior;Noite;57;40;1,42;
Central;Araraquara;Araraquara;São José do Rio Preto/Central;Etec Professora Anna de Oliveira Ferraz;029;Técnico;Informação e Comunicação;Informática;Desenvolvimento de Sistemas;Noite;117;40;2,92;
Central;Araraquara;Araraquara;São José do Rio Preto/Central;Etec Professora Anna de Oliveira Ferraz;029;Técnico;Controle e Processos Industriais;Indústria;Eletromecânica;Noite;96;40;2,40;
Central;Araraquara;Araraquara;São José do Rio Preto/Central;Etec Professora Anna de Oliveira Ferraz;029;Técnico;Ambiente e Saúde;Saúde;Enfermagem;Noite;136;40;3,40;
Central;Araraquara;Araraquara;São José do Rio Preto/Central;Etec Professora Anna de Oliveira Ferraz;029;Técnico;Gestão e Negócios;Gestão;Recursos Humanos;Noite;51;40;1,27;
Central;Araraquara;Borborema;São José do Rio Preto/Central;Etec Professora Marinês Teodoro de Freitas Almeida (EMEIF Profª Ana Rosa - Borborema);212.3 - Cd_Cps;Técnico;Gestão e Negócios;Gestão;Administração;Noite;59;40;1,47;
Central;Araraquara;Ibitinga;São José do Rio Preto/Central;Etec Vereador e Vice Prefeito Sérgio da Fonseca;161;Técnico;Gestão e Negócios;Gestão;Administração;Noite;76;40;1,90;
Central;Araraquara;Matão;São José do Rio Preto/Central;Etec Sylvio de Mattos Carvalho;103;;;;;Noite;70;30;2,33;
Central;Araraquara;Matão;São José do Rio Preto/Central;Etec Sylvio de Mattos Carvalho;103;Técnico;Gestão e Negócios;Gestão;Administração;Noite;119;40;2,97;
Central;Araraquara;Matão;São José do Rio Preto/Central;Etec Sylvio de Mattos Carvalho;103;Técnico;Informação e Comunicação;Informática;Desenvolvimento de Sistemas (MNP);Noite;68;40;1,70;
Central;Araraquara;Matão;São José do Rio Preto/Central;Etec Sylvio de Mattos Carvalho;103;Técnico;Controle e Processos Industriais;Indústria;Eletrotécnica;Noite;96;40;2,40;
Central;Araraquara;Matão;São José do Rio Preto/Central;Etec Sylvio de Mattos Carvalho;103;Técnico;Controle e Processos Industriais;Indústria;Mecânica;Noite;66;40;1,65;
Central;Araraquara;Taquaritinga;São José do Rio Preto/Central;Etec Doutor Adail Nunes da Silva;019;Técnico;Gestão e Negócios;Gestão;Administração;Noite;82;40;2,04;
Central;Araraquara;Taquaritinga;São José do Rio Preto/Central;Etec Doutor Adail Nunes da Silva;019;Técnico;Produção Alimentícia;Química;Alimentos;Noite;74;40;1,85;
Central;Araraquara;Taquaritinga;São José do Rio Preto/Central;Etec Doutor Adail Nunes da Silva;019;Técnico;Informação e Comunicação;Informática;Desenvolvimento de Sistemas;Noite;92;40;2,29;
Central;Araraquara;Taquaritinga;São José do Rio Preto/Central;Etec Doutor Adail Nunes da Silva;019;Técnico;Ambiente e Saúde;Saúde;Enfermagem;Tarde;76;40;1,90;
Central;Araraquara;Taquaritinga;São José do Rio Preto/Central;Etec Doutor Adail Nunes da Silva;019;Técnico;Produção Industrial;Química;Química;Noite;66;40;1,65;
Central;Araraquara;Taquaritinga;São José do Rio Preto/Central;Etec Doutor Adail Nunes da Silva;019;Técnico;Gestão e Negócios;Gestão;Recursos Humanos;Noite;64;40;1,60;
Central;São Carlos;Descalvado;Campinas Norte;Etec Professor Jadyr Salles (EM Professora Antônia Tenan Schlittler - Descalvado);202.1 - Cd_Cps;Técnico;Segurança;Saúde;Segurança do Trabalho;Noite;90;40;2,25;
Central;São Carlos;Ibaté;São José do Rio Preto/Central;Etec de Ibaté;263;Técnico;Gestão e Negócios;Gestão;Serviços Jurídicos;Noite;62;40;1,55;
Central;São Carlos;Santa Rita do Passa Quatro;Ribeirão Preto/Franca/Barretos;Etec Manoel dos Reis Araújo;083;Técnico;Ambiente e Saúde;Saúde;Enfermagem;Noite;81;40;2,02;
Central;São Carlos;São Carlos;São José do Rio Preto/Central;Etec Paulino Botelho;091;Técnico;Gestão e Negócios;Gestão;Administração;Noite;67;40;1,67;
Central;São Carlos;São Carlos;São José do Rio Preto/Central;Etec Paulino Botelho;091;Técnico;Controle e Processos Industriais;Indústria;Eletromecânica;Noite;56;40;1,40;
Central;São Carlos;São Carlos;São José do Rio Preto/Central;Etec Paulino Botelho;091;Técnico;Ambiente e Saúde;Saúde;Enfermagem;Noite;97;40;2,42;
Central;São Carlos;São Carlos;São José do Rio Preto/Central;Etec Paulino Botelho;091;Técnico;Controle e Processos Industriais;Indústria;Mecatrônica;Noite;101;40;2,52;
Central;São Carlos;São Carlos;São José do Rio Preto/Central;Etec Paulino Botelho (EE Attilia Prado Margarido);091.07 - Ext/Etec;Técnico;Gestão e Negócios;Gestão;Administração;Noite;32;40;0,80;
Franca;Franca;Batatais;Ribeirão Preto/Franca/Barretos;Etec Antonio de Pádua Cardoso;030;Técnico;Gestão e Negócios;Gestão;Administração;Noite;58;40;1,45;
Franca;Franca;Batatais;Ribeirão Preto/Franca/Barretos;Etec Antonio de Pádua Cardoso;030;Técnico;Ambiente e Saúde;Saúde;Enfermagem;Tarde;96;40;2,40;
Franca;Franca;Batatais;Ribeirão Preto/Franca/Barretos;Etec Antonio de Pádua Cardoso;030;Técnico;Turismo, Hospitalidade e Lazer;Turismo e Hospitalidade;Eventos;Noite;62;40;1,55;
Franca;Franca;Batatais;Ribeirão Preto/Franca/Barretos;Etec Antonio de Pádua Cardoso;030;Técnico;Ambiente e Saúde;Saúde;Farmácia;Noite;52;40;1,30;
Franca;Franca;Batatais;Ribeirão Preto/Franca/Barretos;Etec Antonio de Pádua Cardoso;030;Técnico;Informação e Comunicação;Informática;Informática;Noite;47;40;1,17;
Franca;Franca;Batatais;Ribeirão Preto/Franca/Barretos;Etec Antonio de Pádua Cardoso;030;Técnico;Controle e Processos Industriais;Indústria;Mecânica;Noite;55;40;1,37;
Franca;Franca;Franca;Ribeirão Preto/Franca/Barretos;Etec Doutor Júlio Cardoso;078;Técnico;Gestão e Negócios;Gestão;Contabilidade;Noite;53;40;1,32;
Franca;Franca;Franca;Ribeirão Preto/Franca/Barretos;Etec Doutor Júlio Cardoso;078;Técnico;Controle e Processos Industriais;Indústria;Eletrotécnica;Noite;79;40;1,97;
Franca;Franca;Franca;Ribeirão Preto/Franca/Barretos;Etec Doutor Júlio Cardoso;078;Técnico;Gestão e Negócios;Gestão;Recursos Humanos (MNP);Noite;56;40;1,40;
Franca;Franca;Franca;Ribeirão Preto/Franca/Barretos;Etec Professor Carmelino Correa Júnior;046;Técnico;Recursos Naturais;Agropecuária;Agronegócio;Noite;61;40;1,52;
Franca;Franca;Guará;Ribeirão Preto/Franca/Barretos;Etec Pedro Badran (EM Dr. Naufal Antonio Mourani - Guará);094.1 - Cd_Cps;Técnico;Gestão e Negócios;Gestão;Logística;Noite;45;30;1,50;
Franca;Franca;Ituverava;Ribeirão Preto/Franca/Barretos;Etec Professor José Ignácio Azevedo Filho;233;Técnico;Produção Industrial;Química;Química;Noite;53;40;1,32;
Franca;Franca;Ituverava;Ribeirão Preto/Franca/Barretos;Etec Professor José Ignácio Azevedo Filho;233;Técnico;Gestão e Negócios;Gestão;Transações Imobiliárias;Noite;50;40;1,25;
Franca;Franca;Miguelópolis;Ribeirão Preto/Franca/Barretos;Etec Laurindo Alves de Queiroz;079;Técnico;Gestão e Negócios;Gestão;Administração;Noite;55;40;1,37;
Franca;São Joaquim da Barra;Morro Agudo;Ribeirão Preto/Franca/Barretos;Etec Professor Alcídio de Souza Prado (EM Professora Maria Amália Volpon de Figueiredo - Morro Agudo);025.1 - Cd_Cps;Técnico;Gestão e Negócios;Gestão;Administração (MNP);Noite;38;40;0,95;
Franca;São Joaquim da Barra;Orlândia;Ribeirão Preto/Franca/Barretos;Etec Professor Alcídio de Souza Prado;025;Técnico;Gestão e Negócios;Gestão;Logística (MNP);Noite;71;40;1,77;
Franca;São Joaquim da Barra;Orlândia;Ribeirão Preto/Franca/Barretos;Etec Professor Alcídio de Souza Prado;025;Técnico;Gestão e Negócios;Gestão;Recursos Humanos (MNP);Noite;85;40;2,12;
Franca;São Joaquim da Barra;São Joaquim da Barra;Ribeirão Preto/Franca/Barretos;Etec Pedro Badran;094;Técnico;Gestão e Negócios;Gestão;Administração;Noite;101;40;2,52;
Franca;São Joaquim da Barra;São Joaquim da Barra;Ribeirão Preto/Franca/Barretos;Etec Pedro Badran;094;Técnico;Controle e Processos Industriais;Indústria;Eletrotécnica;Noite;76;40;1,90;
Franca;São Joaquim da Barra;São Joaquim da Barra;Ribeirão Preto/Franca/Barretos;Etec Pedro Badran;094;Técnico;Informação e Comunicação;Informática;Informática;Noite;69;40;1,72;
Franca;São Joaquim da Barra;São Joaquim da Barra;Ribeirão Preto/Franca/Barretos;Etec Pedro Badran;094;Técnico;Produção Industrial;Química;Química;Noite;69;40;1,72;
Itapeva;Itapeva;Angatuba;Sorocaba;Etec Professor Edson Galvão (EMEF Dr. Fortunato de Camargo - Angatuba);053.15 - Cd_Cps;Técnico;Recursos Naturais;Agropecuária;Agronegócio;Noite;47;35;1,34;
Itapeva;Itapeva;Fartura;Itapeva/Registro;Etec Professora Terezinha Monteiro dos Santos (EMEF João Batista de Oliveira - Fartura);140.3 - Cd_Cps;Técnico;Gestão e Negócios;Gestão;Administração;Noite;39;35;1,11;
Itapeva;Itapeva;Itapeva;Itapeva/Registro;Etec Doutor Demétrio Azevedo Júnior;050;Técnico;Informação e Comunicação;Informática;Desenvolvimento de Sistemas (MNP);Noite;94;40;2,35;
Itapeva;Itapeva;Itapeva;Itapeva/Registro;Etec Doutor Demétrio Azevedo Júnior;050;Técnico;Controle e Processos Industriais;Indústria;Eletrotécnica;Noite;115;40;2,87;
Itapeva;Itapeva;Itapeva;Itapeva/Registro;Etec Doutor Demétrio Azevedo Júnior;050;Técnico;Controle e Processos Industriais;Indústria;Eletrônica - Ead;Manhã;65;40;1,62;
Itapeva;Itapeva;Itapeva;Itapeva/Registro;Etec Doutor Demétrio Azevedo Júnior;050;Técnico;Produção Industrial;Química;Química (MNP);Noite;70;40;1,75;
Itapeva;Itapeva;Itararé;Itapeva/Registro;Etec de Itararé;243;Técnico;Gestão e Negócios;Gestão;Administração;Noite;62;40;1,55;
Itapeva;Itapeva;Piraju;Itapeva/Registro;Etec Waldyr Duron Junior;162;Técnico;Controle e Processos Industriais;Indústria;Eletrotécnica;Noite;78;40;1,95;
Itapeva;Itapeva;Piraju;Itapeva/Registro;Etec Waldyr Duron Junior;162;Técnico;Informação e Comunicação;Informática;Manutenção e Suporte em Informática;Noite;41;40;1,02;
Itapeva;Itapeva;Piraju;Itapeva/Registro;Etec Waldyr Duron Junior;162;Especialização;Controle e Processos Industriais;Indústria;Gestão de Energia;Noite;25;40;0,62;
Marília;Assis;Assis;Marília/Presidente Prudente;Etec Pedro D'Arcádia Neto;095;Técnico;Gestão e Negócios;Gestão;Administração;Noite;112;40;2,80;
Marília;Assis;Assis;Marília/Presidente Prudente;Etec Pedro D'Arcádia Neto;095;Técnico;Ambiente e Saúde;Saúde;Enfermagem;Manhã;83;40;2,07;
Marília;Assis;Assis;Marília/Presidente Prudente;Etec Pedro D'Arcádia Neto;095;Técnico;Gestão e Negócios;Comércio;Marketing;Noite;88;40;2,20;
Marília;Assis;Assis;Marília/Presidente Prudente;Etec Pedro D'Arcádia Neto;095;Técnico;Controle e Processos Industriais;Indústria;Mecânica;Noite;83;40;2,07;
Marília;Assis;Assis;Marília/Presidente Prudente;Etec Pedro D'Arcádia Neto;095;Técnico;Produção Industrial;Química;Química;Noite;64;40;1,60;
Marília;Assis;Cândido Mota;Marília/Presidente Prudente;Etec Professor Luiz Pires Barbosa;081;Técnico;Gestão e Negócios;Gestão;Administração;Noite;53;40;1,32;
Marília;Assis;Cândido Mota;Marília/Presidente Prudente;Etec Professor Luiz Pires Barbosa;081;Técnico;Produção Alimentícia;Química;Alimentos;Noite;61;40;1,52;
Marília;Assis;Palmital;Marília/Presidente Prudente;Etec Professor Mário Antônio Verza;164;Técnico;Gestão e Negócios;Gestão;Contabilidade;Noite;73;40;1,82;
Marília;Assis;Paraguaçu Paulista;Marília/Presidente Prudente;Etec Augusto Tortolero Araújo;039;Técnico;Produção Industrial;Química;Açúcar e Álcool;Noite;108;40;2,70;
Marília;Assis;Paraguaçu Paulista;Marília/Presidente Prudente;Etec Augusto Tortolero Araújo;039;Técnico;Gestão e Negócios;Gestão;Administração;Noite;81;40;2,02;
Marília;Assis;Paraguaçu Paulista;Marília/Presidente Prudente;Etec Augusto Tortolero Araújo;039;Técnico;Infraestrutura;Geomática;Agrimensura;Noite;71;40;1,77;
Marília;Marilia;Garça;Marília/Presidente Prudente;Etec Monsenhor Antônio Magliano;088;Técnico;Gestão e Negócios;Gestão;Administração;Noite;51;40;1,27;
Marília;Marilia;Garça;Marília/Presidente Prudente;Etec Monsenhor Antônio Magliano;088;Técnico;Controle e Processos Industriais;Indústria;Eletrônica;Noite;67;40;1,67;
Marília;Marilia;Garça;Marília/Presidente Prudente;Etec Monsenhor Antônio Magliano;088;Técnico;Ambiente e Saúde;Saúde;Enfermagem;Noite;101;40;2,52;
Marília;Marilia;Garça;Marília/Presidente Prudente;Etec Monsenhor Antônio Magliano;088;Técnico;Informação e Comunicação;Informática;Informática;Noite;66;40;1,65;
Marília;Marilia;Garça;Marília/Presidente Prudente;Etec Monsenhor Antônio Magliano;088;Técnico;Controle e Processos Industriais;Indústria;Mecânica;Noite;65;40;1,62;
Marília;Marilia;Garça;Marília/Presidente Prudente;Etec Monsenhor Antônio Magliano;088;Técnico;Segurança;Saúde;Segurança do Trabalho;Noite;65;40;1,62;
Marília;Marilia;Marília;Marília/Presidente Prudente;Etec Antonio Devisate;031;Técnico;Gestão e Negócios;Gestão;Administração;Noite;50;40;1,25;
Marília;Marilia;Marília;Marília/Presidente Prudente;Etec Antonio Devisate;031;Técnico;Gestão e Negócios;Gestão;Contabilidade;Noite;48;40;1,20;
Marília;Marilia;Marília;Marília/Presidente Prudente;Etec Antonio Devisate;031;Técnico;Ambiente e Saúde;Saúde;Enfermagem;Tarde;72;40;1,80;
Marília;Marilia;Marília;Marília/Presidente Prudente;Etec Antonio Devisate;031;Técnico;Segurança;Saúde;Segurança do Trabalho;Noite;56;40;1,40;
Marília;Marilia;Marília;Marília/Presidente Prudente;Etec Antonio Devisate (EE Monsenhor Bicudo);031.01 - Ext/Etec;Técnico;Gestão e Negócios;Gestão;Logística;Noite;62;40;1,55;
Marília;Ourinhos;Canitar;Marília/Presidente Prudente;Etec Professor Pedro Leme Brisolla Sobrinho (EMEF Luiz Gimenez - Canitar);097.2 - Cd_Cps;Técnico;Gestão e Negócios;Gestão;Contabilidade;Noite;49;30;1,63;
Marília;Ourinhos;Espírito Santo do Turvo;Bauru/Araçatuba;Etec Astor de Mattos Carvalho (EMEF Antonio Gonçalves das Neves - Espírito Santo do Turvo);038.5 - Cd_cps;Técnico;Gestão e Negócios;Gestão;Recursos Humanos;Noite;50;40;1,25;
Marília;Ourinhos;Ipaussu;Marília/Presidente Prudente;Etec Professor Pedro Leme Brisolla Sobrinho;097;Técnico;Gestão e Negócios;Gestão;Logística;Noite;48;40;1,20;
Marília;Ourinhos;Ourinhos;Marília/Presidente Prudente;Etec Jacinto Ferreira de Sá;066;Técnico;Informação e Comunicação;Informática;Desenvolvimento de Sistemas;Noite;70;40;1,75;
Marília;Ourinhos;Ourinhos;Marília/Presidente Prudente;Etec Jacinto Ferreira de Sá;066;Técnico;Infraestrutura;Construção Civil;Edificações;Noite;54;40;1,35;
Marília;Ourinhos;Ourinhos;Marília/Presidente Prudente;Etec Jacinto Ferreira de Sá;066;Técnico;Controle e Processos Industriais;Indústria;Eletromecânica;Noite;56;40;1,40;
Marília;Ourinhos;Ourinhos;Marília/Presidente Prudente;Etec Jacinto Ferreira de Sá;066;Técnico;Controle e Processos Industriais;Indústria;Eletrotécnica;Noite;68;40;1,70;
Marília;Ourinhos;Ourinhos;Marília/Presidente Prudente;Etec Jacinto Ferreira de Sá;066;Técnico;Ambiente e Saúde;Saúde;Enfermagem;Tarde;54;30;1,80;
Marília;Ourinhos;Ourinhos;Marília/Presidente Prudente;Etec Jacinto Ferreira de Sá;066;Técnico;Controle e Processos Industriais;Indústria;Mecânica;Noite;60;40;1,50;
Marília;Ourinhos;Ourinhos;Marília/Presidente Prudente;Etec Jacinto Ferreira de Sá;066;Técnico;Produção Industrial;Química;Química;Noite;46;40;1,14;
Marília;Ourinhos;Ourinhos;Marília/Presidente Prudente;Etec Jacinto Ferreira de Sá;066;Técnico;Segurança;Saúde;Segurança do Trabalho;Noite;62;40;1,55;
Marília;Ourinhos;Ourinhos;Marília/Presidente Prudente;Etec Jacinto Ferreira de Sá (EE Virginia Ramalho);066.01 - Ext/Etec;Técnico;Gestão e Negócios;Gestão;Administração;Noite;66;40;1,65;
Marília;Ourinhos;Ourinhos;Marília/Presidente Prudente;Etec Jacinto Ferreira de Sá (EE Virginia Ramalho);066.01 - Ext/Etec;Técnico;Gestão e Negócios;Gestão;Contabilidade;Noite;63;40;1,57;
Marília;Ourinhos;Ribeirão do Sul;Marília/Presidente Prudente;Etec Jacinto Ferreira de Sá (EMEF Samuel Pereira de Lima - Ribeirão do Sul);066.6 - Cd_Cps;Técnico;Gestão e Negócios;Gestão;Serviços Públicos;Noite;61;40;1,52;
Marília;Ourinhos;Santa Cruz do Rio Pardo;Marília/Presidente Prudente;Etec Orlando Quagliato;084;Técnico;Gestão e Negócios;Gestão;Administração;Noite;85;40;2,12;
Marília;Ourinhos;Santa Cruz do Rio Pardo;Marília/Presidente Prudente;Etec Orlando Quagliato;084;Técnico;Produção Alimentícia;Química;Alimentos;Noite;93;40;2,32;
Marília;Ourinhos;Santa Cruz do Rio Pardo;Marília/Presidente Prudente;Etec Orlando Quagliato;084;Técnico;Ambiente e Saúde;Saúde;Enfermagem;Tarde;55;30;1,83;
Marília;Tupã;Bastos;Marília/Presidente Prudente;Etec Engenheiro Herval Bellusci (EE Águia de Haia);063.01 - Ext/Etec;Técnico;Gestão e Negócios;Gestão;Recursos Humanos;Noite;61;40;1,52;
Marília;Tupã;João Ramalho;Marília/Presidente Prudente;Etec Doutor Luiz Cesar Couto (EMEF Prof. Geraldino de Moraes - João Ramalho);080.2 - Cd_Cps;Técnico;Gestão e Negócios;Gestão;Recursos Humanos;Noite;48;40;1,20;
Marília;Tupã;Quatá;Marília/Presidente Prudente;Etec Doutor Luiz Cesar Couto;080;Técnico;Gestão e Negócios;Gestão;Administração;Noite;59;40;1,47;
Marília;Tupã;Tupã;Marília/Presidente Prudente;Etec Professor Massuyuki Kawano;136;Técnico;Gestão e Negócios;Gestão;Administração;Noite;61;40;1,52;
Marília;Tupã;Tupã;Marília/Presidente Prudente;Etec Professor Massuyuki Kawano;136;Técnico;Ambiente e Saúde;Saúde;Farmácia;Noite;97;40;2,42;
Marília;Tupã;Tupã;Marília/Presidente Prudente;Etec Professor Massuyuki Kawano;136;Técnico;Informação e Comunicação;Informática;Informática para Internet;Noite;78;40;1,95;
Marília;Tupã;Tupã;Marília/Presidente Prudente;Etec Professor Massuyuki Kawano;136;Técnico;Gestão e Negócios;Gestão;Recursos Humanos;Noite;41;40;1,02;
Metropolitana da Baixada Santista;Metropolitana da Baixada Santista;Bertioga;Grande São Paulo Sul/Baixada Santista;Etec Alberto Santos Dumont (EM José de Oliveira Santos - Bertioga);152.1 - Cd_Cps;Técnico;Gestão e Negócios;Gestão;Administração;Noite;39;40;0,97;
Metropolitana da Baixada Santista;Metropolitana da Baixada Santista;Cubatão;Grande São Paulo Sul/Baixada Santista;Etec de Cubatão;181;Técnico;Informação e Comunicação;Informática;Informática;Noite;91;40;2,27;
Metropolitana da Baixada Santista;Metropolitana da Baixada Santista;Cubatão;Grande São Paulo Sul/Baixada Santista;Etec de Cubatão;181;Técnico;Gestão e Negócios;Gestão;Logística;Noite;144;40;3,60;
Metropolitana da Baixada Santista;Metropolitana da Baixada Santista;Cubatão;Grande São Paulo Sul/Baixada Santista;Etec de Cubatão;181;Técnico;Ambiente e Saúde;Meio Ambiente;Meio Ambiente;Noite;42;40;1,05;
Metropolitana da Baixada Santista;Metropolitana da Baixada Santista;Cubatão;Grande São Paulo Sul/Baixada Santista;Etec de Cubatão (EE Afonso Schimidt);181.01 - Ext/Etec;Técnico;Gestão e Negócios;Gestão;Administração;Noite;96;40;2,40;
Metropolitana da Baixada Santista;Metropolitana da Baixada Santista;Cubatão;Grande São Paulo Sul/Baixada Santista;Etec de Cubatão (EE Afonso Schimidt);181.01 - Ext/Etec;Técnico;Gestão e Negócios;Gestão;Contabilidade;Noite;39;40;0,97;
Metropolitana da Baixada Santista;Metropolitana da Baixada Santista;Guarujá;Grande São Paulo Sul/Baixada Santista;Etec Alberto Santos Dumont;152;Técnico;Turismo, Hospitalidade e Lazer;Turismo e Hospitalidade;Gastronomia;Noite;57;40;1,42;
Metropolitana da Baixada Santista;Metropolitana da Baixada Santista;Guarujá;Grande São Paulo Sul/Baixada Santista;Etec Alberto Santos Dumont;152;Técnico;Informação e Comunicação;Informática;Informática;Noite;73;40;1,82;
Metropolitana da Baixada Santista;Metropolitana da Baixada Santista;Guarujá;Grande São Paulo Sul/Baixada Santista;Etec Alberto Santos Dumont;152;Técnico;Gestão e Negócios;Gestão;Logística;Noite;102;40;2,54;
Metropolitana da Baixada Santista;Metropolitana da Baixada Santista;Itanhaém;Grande São Paulo Sul/Baixada Santista;Etec de Itanhaém;158;Técnico;Gestão e Negócios;Gestão;Administração;Noite;70;40;1,75;
Metropolitana da Baixada Santista;Metropolitana da Baixada Santista;Itanhaém;Grande São Paulo Sul/Baixada Santista;Etec de Itanhaém;158;Técnico;Informação e Comunicação;Informática;Desenvolvimento de Sistemas;Noite;97;40;2,42;
Metropolitana da Baixada Santista;Metropolitana da Baixada Santista;Itanhaém;Grande São Paulo Sul/Baixada Santista;Etec de Itanhaém;158;Técnico;Ambiente e Saúde;Saúde;Farmácia;Noite;159;40;3,97;
Metropolitana da Baixada Santista;Metropolitana da Baixada Santista;Mongaguá;Grande São Paulo Sul/Baixada Santista;Etec Adolpho Berezin;107;Técnico;Gestão e Negócios;Gestão;Administração;Noite;76;40;1,90;
Metropolitana da Baixada Santista;Metropolitana da Baixada Santista;Mongaguá;Grande São Paulo Sul/Baixada Santista;Etec Adolpho Berezin;107;Técnico;Infraestrutura;Construção Civil;Edificações;Noite;45;40;1,12;
Metropolitana da Baixada Santista;Metropolitana da Baixada Santista;Mongaguá;Grande São Paulo Sul/Baixada Santista;Etec Adolpho Berezin;107;Técnico;Ambiente e Saúde;Saúde;Enfermagem;Tarde;160;40;4,00;
Metropolitana da Baixada Santista;Metropolitana da Baixada Santista;Mongaguá;Grande São Paulo Sul/Baixada Santista;Etec Adolpho Berezin;107;Técnico;Informação e Comunicação;Informática;Informática;Noite;95;40;2,37;
Metropolitana da Baixada Santista;Metropolitana da Baixada Santista;Mongaguá;Grande São Paulo Sul/Baixada Santista;Etec Adolpho Berezin;107;Técnico;Turismo, Hospitalidade e Lazer;Turismo e Hospitalidade;Turismo Receptivo;Noite;67;40;1,67;
Metropolitana da Baixada Santista;Metropolitana da Baixada Santista;Mongaguá;Grande São Paulo Sul/Baixada Santista;Etec Adolpho Berezin;107;Especialização;Ambiente e Saúde;Saúde;Centro Cirúrgico e Instrumentação Cirúrgica;Manhã;71;30;2,36;
Metropolitana da Baixada Santista;Metropolitana da Baixada Santista;Peruíbe;Grande São Paulo Sul/Baixada Santista;Etec de Peruíbe;266;Técnico;Gestão e Negócios;Gestão;Administração;Noite;62;40;1,55;
Metropolitana da Baixada Santista;Metropolitana da Baixada Santista;Peruíbe;Grande São Paulo Sul/Baixada Santista;Etec de Peruíbe;266;Técnico;Infraestrutura;Construção Civil;Edificações;Noite;47;40;1,17;
Metropolitana da Baixada Santista;Metropolitana da Baixada Santista;Praia Grande;Grande São Paulo Sul/Baixada Santista;Etec de Praia Grande;153;Técnico;Ambiente e Saúde;Saúde;Farmácia;Manhã;78;40;1,95;
Metropolitana da Baixada Santista;Metropolitana da Baixada Santista;Praia Grande;Grande São Paulo Sul/Baixada Santista;Etec de Praia Grande;153;Técnico;Ambiente e Saúde;Saúde;Farmácia;Noite;102;40;2,54;
Metropolitana da Baixada Santista;Metropolitana da Baixada Santista;Praia Grande;Grande São Paulo Sul/Baixada Santista;Etec de Praia Grande;153;Técnico;Informação e Comunicação;Informática;Informática;Noite;97;40;2,42;
Metropolitana da Baixada Santista;Metropolitana da Baixada Santista;Praia Grande;Grande São Paulo Sul/Baixada Santista;Etec de Praia Grande;153;Técnico;Gestão e Negócios;Gestão;Logística;Noite;71;40;1,77;
Metropolitana da Baixada Santista;Metropolitana da Baixada Santista;Praia Grande;Grande São Paulo Sul/Baixada Santista;Etec de Praia Grande;153;Técnico;Gestão e Negócios;Gestão;Recursos Humanos;Noite;60;40;1,50;
Metropolitana da Baixada Santista;Metropolitana da Baixada Santista;Praia Grande;Grande São Paulo Sul/Baixada Santista;Etec de Praia Grande (Escola Min. Paulo Renato Costa Souza - Balneário Maracanã - Praia Grande);153.3 - Cd_Cps;Técnico;Gestão e Negócios;Gestão;Administração;Noite;80;40;2,00;
Metropolitana da Baixada Santista;Metropolitana da Baixada Santista;Praia Grande;Grande São Paulo Sul/Baixada Santista;Etec de Praia Grande (Escola Min. Paulo Renato Costa Souza - Balneário Maracanã - Praia Grande);153.3 - Cd_Cps;Técnico;Informação e Comunicação;Informática;Informática para Internet;Noite;95;40;2,37;
Metropolitana da Baixada Santista;Metropolitana da Baixada Santista;Santos;Grande São Paulo Sul/Baixada Santista;Etec Aristóteles Ferreira;035;Técnico;Turismo, Hospitalidade e Lazer;Turismo e Hospitalidade;Agenciamento de Viagem;Noite;43;40;1,07;
Metropolitana da Baixada Santista;Metropolitana da Baixada Santista;Santos;Grande São Paulo Sul/Baixada Santista;Etec Aristóteles Ferreira;035;Técnico;Infraestrutura;Construção Civil;Desenho de Construção Civil;Noite;44;40;1,10;
Metropolitana da Baixada Santista;Metropolitana da Baixada Santista;Santos;Grande São Paulo Sul/Baixada Santista;Etec Aristóteles Ferreira;035;Técnico;Infraestrutura;Construção Civil;Edificações;Noite;62;40;1,55;
Metropolitana da Baixada Santista;Metropolitana da Baixada Santista;Santos;Grande São Paulo Sul/Baixada Santista;Etec Aristóteles Ferreira;035;Técnico;Controle e Processos Industriais;Indústria;Eletrotécnica;Noite;101;40;2,52;
Metropolitana da Baixada Santista;Metropolitana da Baixada Santista;Santos;Grande São Paulo Sul/Baixada Santista;Etec Aristóteles Ferreira;035;Técnico;Controle e Processos Industriais;Indústria;Eletrônica;Noite;34;40;0,85;
Metropolitana da Baixada Santista;Metropolitana da Baixada Santista;Santos;Grande São Paulo Sul/Baixada Santista;Etec Aristóteles Ferreira;035;Técnico;Informação e Comunicação;Informática;Informática;Tarde;80;40;2,00;
Metropolitana da Baixada Santista;Metropolitana da Baixada Santista;Santos;Grande São Paulo Sul/Baixada Santista;Etec Aristóteles Ferreira;035;Técnico;Controle e Processos Industriais;Indústria;Mecânica;Noite;137;80;1,71;
Metropolitana da Baixada Santista;Metropolitana da Baixada Santista;Santos;Grande São Paulo Sul/Baixada Santista;Etec Aristóteles Ferreira;035;Técnico;Controle e Processos Industriais;Indústria;Soldagem;Noite;68;40;1,70;
Metropolitana da Baixada Santista;Metropolitana da Baixada Santista;Santos;Grande São Paulo Sul/Baixada Santista;Etec Dona Escolástica Rosa;122;Técnico;Gestão e Negócios;Gestão;Administração;Noite;98;40;2,45;
Metropolitana da Baixada Santista;Metropolitana da Baixada Santista;Santos;Grande São Paulo Sul/Baixada Santista;Etec Dona Escolástica Rosa;122;Técnico;Gestão e Negócios;Gestão;Administração;Tarde;53;40;1,32;
Metropolitana da Baixada Santista;Metropolitana da Baixada Santista;Santos;Grande São Paulo Sul/Baixada Santista;Etec Dona Escolástica Rosa;122;Técnico;Gestão e Negócios;Gestão;Comércio Exterior;Noite;131;40;3,27;
Metropolitana da Baixada Santista;Metropolitana da Baixada Santista;Santos;Grande São Paulo Sul/Baixada Santista;Etec Dona Escolástica Rosa;122;Técnico;Gestão e Negócios;Gestão;Logística;Tarde;66;40;1,65;
Metropolitana da Baixada Santista;Metropolitana da Baixada Santista;Santos;Grande São Paulo Sul/Baixada Santista;Etec Dona Escolástica Rosa;122;Técnico;Ambiente e Saúde;Saúde;Nutrição e Dietética;Noite;83;40;2,07;
Metropolitana da Baixada Santista;Metropolitana da Baixada Santista;Santos;Grande São Paulo Sul/Baixada Santista;Etec Dona Escolástica Rosa;122;Técnico;Segurança;Saúde;Segurança do Trabalho;Noite;122;40;3,05;
Metropolitana da Baixada Santista;Metropolitana da Baixada Santista;Santos;Grande São Paulo Sul/Baixada Santista;Etec Dona Escolástica Rosa (EE Prof.ª Zulmira Campos);122.01 - Ext/Etec;Técnico;Gestão e Negócios;Gestão;Administração;Noite;58;40;1,45;
Metropolitana da Baixada Santista;Metropolitana da Baixada Santista;Santos;Grande São Paulo Sul/Baixada Santista;Etec Dona Escolástica Rosa (EE Prof.ª Zulmira Campos);122.01 - Ext/Etec;Técnico;Gestão e Negócios;Gestão;Logística;Noite;59;40;1,47;
Metropolitana da Baixada Santista;Metropolitana da Baixada Santista;Santos;Grande São Paulo Sul/Baixada Santista;Etec Dona Escolástica Rosa (EE Prof.ª Zulmira Campos);122.01 - Ext/Etec;Técnico;Infraestrutura;Indústria;Portos;Noite;51;40;1,27;
Metropolitana da Baixada Santista;Metropolitana da Baixada Santista;Santos;Grande São Paulo Sul/Baixada Santista;Etec Dona Escolástica Rosa (Unidade Municipal de Educação Vinte e Oito de Fevereiro - Santos);122.8 - Cd_Cps;Técnico;Gestão e Negócios;Gestão;Administração;Noite;36;40;0,90;
Metropolitana da Baixada Santista;Metropolitana da Baixada Santista;São Vicente;Grande São Paulo Sul/Baixada Santista;Etec Doutora Ruth Cardoso;194;Técnico;Informação e Comunicação;Informática;Desenvolvimento de Sistemas;Noite;153;40;3,82;
Metropolitana da Baixada Santista;Metropolitana da Baixada Santista;São Vicente;Grande São Paulo Sul/Baixada Santista;Etec Doutora Ruth Cardoso;194;Técnico;Informação e Comunicação;Informática;Desenvolvimento de Sistemas;Tarde;179;40;4,47;
Metropolitana da Baixada Santista;Metropolitana da Baixada Santista;São Vicente;Grande São Paulo Sul/Baixada Santista;Etec Doutora Ruth Cardoso;194;Técnico;Infraestrutura;Construção Civil;Edificações;Noite;75;40;1,87;
Metropolitana da Baixada Santista;Metropolitana da Baixada Santista;São Vicente;Grande São Paulo Sul/Baixada Santista;Etec Doutora Ruth Cardoso;194;Técnico;Ambiente e Saúde;Saúde;Enfermagem;Tarde;143;40;3,57;
Metropolitana da Baixada Santista;Metropolitana da Baixada Santista;São Vicente;Grande São Paulo Sul/Baixada Santista;Etec Doutora Ruth Cardoso (EE Prof.ª Zulmira de Almeida Lambert);194.02 - Ext/Etec;Técnico;Gestão e Negócios;Gestão;Administração;Noite;54;40;1,35;
Metropolitana da Baixada Santista;Metropolitana da Baixada Santista;São Vicente;Grande São Paulo Sul/Baixada Santista;Etec Doutora Ruth Cardoso (EE Prof.ª Zulmira de Almeida Lambert);194.02 - Ext/Etec;Técnico;Gestão e Negócios;Gestão;Logística;Noite;56;40;1,40;
Metropolitana da Baixada Santista;Metropolitana da Baixada Santista;São Vicente;Grande São Paulo Sul/Baixada Santista;Etec Doutora Ruth Cardoso (EMEF Francisco Martins dos Santos - São Vicente );194.1 - Cd_Cps;Técnico;Gestão e Negócios;Gestão;Recursos Humanos;Noite;61;40;1,52;
Metropolitana da Grande São Paulo;Metropolitana da Grande São Paulo;Arujá;Vale do Paraíba/Litoral Norte;Etec Professora Luzia Maria Machado;274;Técnico;Gestão e Negócios;Gestão;Administração;Tarde;73;40;1,82;
Metropolitana da Grande São Paulo;Metropolitana da Grande São Paulo;Arujá;Vale do Paraíba/Litoral Norte;Etec Professora Luzia Maria Machado;274;Técnico;Gestão e Negócios;Gestão;Administração;Noite;68;40;1,70;
Metropolitana da Grande São Paulo;Metropolitana da Grande São Paulo;Arujá;Vale do Paraíba/Litoral Norte;Etec Professora Luzia Maria Machado;274;Técnico;Gestão e Negócios;Gestão;Recursos Humanos;Manhã;54;40;1,35;
Metropolitana da Grande São Paulo;Metropolitana da Grande São Paulo;Arujá;Vale do Paraíba/Litoral Norte;Etec Professora Luzia Maria Machado;274;Técnico;Gestão e Negócios;Gestão;Recursos Humanos;Noite;42;40;1,05;
Metropolitana da Grande São Paulo;Metropolitana da Grande São Paulo;Barueri;Grande São Paulo Noroeste;Etec Antônio Furlan;245;Técnico;Informação e Comunicação;Informática;Desenvolvimento de Sistemas;Noite;149;40;3,72;
Metropolitana da Grande São Paulo;Metropolitana da Grande São Paulo;Barueri;Grande São Paulo Noroeste;Etec Antônio Furlan;245;Técnico;Ambiente e Saúde;Saúde;Enfermagem;Tarde;160;40;4,00;
Metropolitana da Grande São Paulo;Metropolitana da Grande São Paulo;Barueri;Grande São Paulo Noroeste;Etec Antônio Furlan;245;Técnico;Gestão e Negócios;Gestão;Recursos Humanos;Noite;73;40;1,82;
Metropolitana da Grande São Paulo;Metropolitana da Grande São Paulo;Caieiras;Grande São Paulo Noroeste;Etec Paulo do Carmo Monteiro;279;Técnico;Gestão e Negócios;Gestão;Administração;Noite;63;40;1,57;
Metropolitana da Grande São Paulo;Metropolitana da Grande São Paulo;Caieiras;Grande São Paulo Noroeste;Etec Paulo do Carmo Monteiro;279;Técnico;Segurança;Saúde;Segurança do Trabalho;Noite;77;40;1,92;
Metropolitana da Grande São Paulo;Metropolitana da Grande São Paulo;Cajamar;Grande São Paulo Noroeste;Etec Gino Rezaghi;191;Técnico;Gestão e Negócios;Gestão;Administração;Noite;84;40;2,10;
Metropolitana da Grande São Paulo;Metropolitana da Grande São Paulo;Carapicuíba;Grande São Paulo Noroeste;Etec de Carapicuíba;144;Técnico;Gestão e Negócios;Gestão;Administração (MNP);Noite;102;40;2,54;
Metropolitana da Grande São Paulo;Metropolitana da Grande São Paulo;Carapicuíba;Grande São Paulo Noroeste;Etec de Carapicuíba;144;Técnico;Produção Cultural e Design;Design;Design Gráfico;Noite;88;40;2,20;
Metropolitana da Grande São Paulo;Metropolitana da Grande São Paulo;Carapicuíba;Grande São Paulo Noroeste;Etec de Carapicuíba;144;Técnico;Produção Cultural e Design;Design;Processos Fotográficos;Noite;52;40;1,30;
Metropolitana da Grande São Paulo;Metropolitana da Grande São Paulo;Carapicuíba;Grande São Paulo Noroeste;Etec de Carapicuíba;144;Técnico;Gestão e Negócios;Gestão;Recursos Humanos;Noite;36;40;0,90;
Metropolitana da Grande São Paulo;Metropolitana da Grande São Paulo;Cotia;Grande São Paulo Sul/Baixada Santista;Etec de Cotia;222;Técnico;Gestão e Negócios;Gestão;Administração;Noite;115;40;2,87;
Metropolitana da Grande São Paulo;Metropolitana da Grande São Paulo;Diadema;Grande São Paulo Sul/Baixada Santista;Etec Juscelino Kubitschek de Oliveira;166;Técnico;Gestão e Negócios;Gestão;Administração;Noite;103;40;2,57;
Metropolitana da Grande São Paulo;Metropolitana da Grande São Paulo;Diadema;Grande São Paulo Sul/Baixada Santista;Etec Juscelino Kubitschek de Oliveira;166;Técnico;Gestão e Negócios;Gestão;Administração;Tarde;101;40;2,52;
Metropolitana da Grande São Paulo;Metropolitana da Grande São Paulo;Diadema;Grande São Paulo Sul/Baixada Santista;Etec Juscelino Kubitschek de Oliveira;166;Técnico;Informação e Comunicação;Informática;Desenvolvimento de Sistemas;Tarde;82;40;2,04;
Metropolitana da Grande São Paulo;Metropolitana da Grande São Paulo;Diadema;Grande São Paulo Sul/Baixada Santista;Etec Juscelino Kubitschek de Oliveira;166;Técnico;Informação e Comunicação;Informática;Desenvolvimento de Sistemas;Noite;130;40;3,25;
Metropolitana da Grande São Paulo;Metropolitana da Grande São Paulo;Diadema;Grande São Paulo Sul/Baixada Santista;Etec Juscelino Kubitschek de Oliveira;166;Técnico;Gestão e Negócios;Gestão;Logística;Noite;73;40;1,82;
Metropolitana da Grande São Paulo;Metropolitana da Grande São Paulo;Embu das Artes;Grande São Paulo Sul/Baixada Santista;Etec de Embu;241;Técnico;Gestão e Negócios;Gestão;Administração;Noite;111;40;2,77;
Metropolitana da Grande São Paulo;Metropolitana da Grande São Paulo;Embu das Artes;Grande São Paulo Sul/Baixada Santista;Etec de Embu;241;Técnico;Gestão e Negócios;Gestão;Contabilidade;Noite;57;40;1,42;
Metropolitana da Grande São Paulo;Metropolitana da Grande São Paulo;Embu das Artes;Grande São Paulo Sul/Baixada Santista;Etec de Embu;241;Técnico;Informação e Comunicação;Informática;Desenvolvimento de Sistemas;Noite;131;40;3,27;
Metropolitana da Grande São Paulo;Metropolitana da Grande São Paulo;Embu das Artes;Grande São Paulo Sul/Baixada Santista;Etec de Embu;241;Técnico;Controle e Processos Industriais;Indústria;Eletroeletrônica;Noite;83;40;2,07;
Metropolitana da Grande São Paulo;Metropolitana da Grande São Paulo;Embu das Artes;Grande São Paulo Sul/Baixada Santista;Etec de Embu;241;Técnico;Gestão e Negócios;Gestão;Logística;Noite;40;40;1,00;
Metropolitana da Grande São Paulo;Metropolitana da Grande São Paulo;Embu das Artes;Grande São Paulo Sul/Baixada Santista;Etec de Embu;241;Técnico;Gestão e Negócios;Gestão;Recursos Humanos;Tarde;37;40;0,92;
Metropolitana da Grande São Paulo;Metropolitana da Grande São Paulo;Embu das Artes;Grande São Paulo Sul/Baixada Santista;Etec de Embu;241;Técnico;Informação e Comunicação;Informática;Redes de Computadores;Tarde;63;40;1,57;
Metropolitana da Grande São Paulo;Metropolitana da Grande São Paulo;Ferraz de Vasconcelos;Grande São Paulo Leste;Etec de Ferraz de Vasconcelos;170;Técnico;Gestão e Negócios;Gestão;Administração;Noite;92;40;2,29;
Metropolitana da Grande São Paulo;Metropolitana da Grande São Paulo;Ferraz de Vasconcelos;Grande São Paulo Leste;Etec de Ferraz de Vasconcelos;170;Técnico;Gestão e Negócios;Gestão;Logística (MNP);Noite;32;40;0,80;
Metropolitana da Grande São Paulo;Metropolitana da Grande São Paulo;Ferraz de Vasconcelos;Grande São Paulo Leste;Etec de Ferraz de Vasconcelos;170;Técnico;Segurança;Saúde;Segurança do Trabalho;Noite;56;40;1,40;
Metropolitana da Grande São Paulo;Metropolitana da Grande São Paulo;Francisco Morato;Grande São Paulo Noroeste;Etec de Francisco Morato;231;Técnico;Gestão e Negócios;Gestão;Administração;Noite;90;40;2,25;
Metropolitana da Grande São Paulo;Metropolitana da Grande São Paulo;Francisco Morato;Grande São Paulo Noroeste;Etec de Francisco Morato;231;Especialização;Gestão e Negócios;Gestão;Logística Reversa;Noite;66;40;1,65;
Metropolitana da Grande São Paulo;Metropolitana da Grande São Paulo;Franco da Rocha;Grande São Paulo Noroeste;Etec Doutor Emílio Hernandez Aguilar;142;Técnico;Gestão e Negócios;Gestão;Administração;Tarde;107;40;2,67;
Metropolitana da Grande São Paulo;Metropolitana da Grande São Paulo;Franco da Rocha;Grande São Paulo Noroeste;Etec Doutor Emílio Hernandez Aguilar;142;Técnico;Gestão e Negócios;Gestão;Administração;Noite;61;40;1,52;
Metropolitana da Grande São Paulo;Metropolitana da Grande São Paulo;Franco da Rocha;Grande São Paulo Noroeste;Etec Doutor Emílio Hernandez Aguilar;142;Técnico;Informação e Comunicação;Informática;Desenvolvimento de Sistemas;Tarde;136;40;3,40;
Metropolitana da Grande São Paulo;Metropolitana da Grande São Paulo;Franco da Rocha;Grande São Paulo Noroeste;Etec Doutor Emílio Hernandez Aguilar;142;Técnico;Informação e Comunicação;Informática;Desenvolvimento de Sistemas;Noite;104;40;2,60;
Metropolitana da Grande São Paulo;Metropolitana da Grande São Paulo;Franco da Rocha;Grande São Paulo Noroeste;Etec Doutor Emílio Hernandez Aguilar;142;Técnico;Gestão e Negócios;Gestão;Logística;Noite;49;40;1,22;
Metropolitana da Grande São Paulo;Metropolitana da Grande São Paulo;Guarulhos;Grande São Paulo Leste;Etec de Guarulhos;295;Técnico;Gestão e Negócios;Gestão;Administração (MNP);Noite;149;40;3,72;
Metropolitana da Grande São Paulo;Metropolitana da Grande São Paulo;Guarulhos;Grande São Paulo Leste;Etec de Guarulhos;295;Técnico;Informação e Comunicação;Informática;Desenvolvimento de Sistemas (MNP);Noite;209;40;5,22;
Metropolitana da Grande São Paulo;Metropolitana da Grande São Paulo;Guarulhos;Grande São Paulo Leste;Etec Professor Aprígio Gonzaga (EE Coronel Ary Gomes);034.02 - Ext/Etec;Técnico;Gestão e Negócios;Gestão;Comércio Exterior;Noite;44;40;1,10;
Metropolitana da Grande São Paulo;Metropolitana da Grande São Paulo;Guarulhos;Grande São Paulo Leste;Etec Professor Aprígio Gonzaga (EE Coronel Ary Gomes);034.02 - Ext/Etec;Técnico;Gestão e Negócios;Gestão;Qualidade;Noite;45;40;1,12;
Metropolitana da Grande São Paulo;Metropolitana da Grande São Paulo;Itapecerica da Serra;Grande São Paulo Sul/Baixada Santista;Etec de Embu (EM Belchior de Pontes - Itapecerica da Serra);241.4 - Cd_Cps;Técnico;Gestão e Negócios;Gestão;Administração;Noite;40;40;1,00;
Metropolitana da Grande São Paulo;Metropolitana da Grande São Paulo;Itapevi;Grande São Paulo Noroeste;Etec José Miguel Soares;300;Técnico;Gestão e Negócios;Gestão;Administração;Noite;97;40;2,42;
Metropolitana da Grande São Paulo;Metropolitana da Grande São Paulo;Itapevi;Grande São Paulo Noroeste;Etec José Miguel Soares;300;Técnico;Informação e Comunicação;Informática;Desenvolvimento de Sistemas;Noite;118;40;2,95;
Metropolitana da Grande São Paulo;Metropolitana da Grande São Paulo;Itaquaquecetuba;Grande São Paulo Leste;Etec de Itaquaquecetuba;249;Técnico;Informação e Comunicação;Informática;Informática;Noite;90;40;2,25;
Metropolitana da Grande São Paulo;Metropolitana da Grande São Paulo;Itaquaquecetuba;Grande São Paulo Leste;Etec de Itaquaquecetuba;249;Técnico;Segurança;Saúde;Segurança do Trabalho;Noite;65;40;1,62;
Metropolitana da Grande São Paulo;Metropolitana da Grande São Paulo;Jandira;Grande São Paulo Noroeste;Etec Prefeito Braz Paschoalin;268;Técnico;Gestão e Negócios;Gestão;Administração;Noite;64;40;1,60;
Metropolitana da Grande São Paulo;Metropolitana da Grande São Paulo;Jandira;Grande São Paulo Noroeste;Etec Prefeito Braz Paschoalin;268;Técnico;Gestão e Negócios;Gestão;Finanças;Noite;43;40;1,07;
Metropolitana da Grande São Paulo;Metropolitana da Grande São Paulo;Jandira;Grande São Paulo Noroeste;Etec Prefeito Braz Paschoalin;268;Técnico;Gestão e Negócios;Gestão;Serviços Jurídicos;Noite;39;40;0,97;
Metropolitana da Grande São Paulo;Metropolitana da Grande São Paulo;Juquitiba;Grande São Paulo Sul/Baixada Santista;Etec de Embu (EM Raízes do Pau Brasil - Juquitiba);241.2 - Cd_Cps;Técnico;Gestão e Negócios;Gestão;Administração;Noite;54;40;1,35;
Metropolitana da Grande São Paulo;Metropolitana da Grande São Paulo;Mairiporã;Grande São Paulo Leste;Etec de Mairiporã;271;Técnico;Gestão e Negócios;Gestão;Administração;Noite;63;40;1,57;
Metropolitana da Grande São Paulo;Metropolitana da Grande São Paulo;Mairiporã;Grande São Paulo Leste;Etec de Mairiporã;271;Técnico;Gestão e Negócios;Gestão;Recursos Humanos;Noite;60;40;1,50;
Metropolitana da Grande São Paulo;Metropolitana da Grande São Paulo;Mauá;Grande São Paulo Sul/Baixada Santista;Etec de Mauá;128;Técnico;Gestão e Negócios;Gestão;Administração;Noite;107;40;2,67;
Metropolitana da Grande São Paulo;Metropolitana da Grande São Paulo;Mauá;Grande São Paulo Sul/Baixada Santista;Etec de Mauá;128;Técnico;Ambiente e Saúde;Saúde;Enfermagem;Manhã;109;40;2,72;
Metropolitana da Grande São Paulo;Metropolitana da Grande São Paulo;Mauá;Grande São Paulo Sul/Baixada Santista;Etec de Mauá;128;Técnico;Ambiente e Saúde;Saúde;Farmácia;Noite;149;40;3,72;
Metropolitana da Grande São Paulo;Metropolitana da Grande São Paulo;Mauá;Grande São Paulo Sul/Baixada Santista;Etec de Mauá;128;Técnico;Informação e Comunicação;Informática;Informática;Noite;128;40;3,20;
Metropolitana da Grande São Paulo;Metropolitana da Grande São Paulo;Mauá;Grande São Paulo Sul/Baixada Santista;Etec de Mauá (EE João Paulo II);128.02 - Ext/Etec;Técnico;Gestão e Negócios;Gestão;Administração;Noite;69;40;1,72;
Metropolitana da Grande São Paulo;Metropolitana da Grande São Paulo;Mauá;Grande São Paulo Sul/Baixada Santista;Etec de Mauá (EE João Paulo II);128.02 - Ext/Etec;Técnico;Gestão e Negócios;Gestão;Logística;Noite;72;40;1,80;
Metropolitana da Grande São Paulo;Metropolitana da Grande São Paulo;Mogi das Cruzes;Vale do Paraíba/Litoral Norte;Etec Presidente Vargas;015;Técnico;Gestão e Negócios;Gestão;Administração;Noite;177;40;4,42;
Metropolitana da Grande São Paulo;Metropolitana da Grande São Paulo;Mogi das Cruzes;Vale do Paraíba/Litoral Norte;Etec Presidente Vargas;015;Técnico;Controle e Processos Industriais;Indústria;Automação Industrial;Noite;111;40;2,77;
Metropolitana da Grande São Paulo;Metropolitana da Grande São Paulo;Mogi das Cruzes;Vale do Paraíba/Litoral Norte;Etec Presidente Vargas;015;Técnico;Infraestrutura;Construção Civil;Edificações;Noite;93;40;2,32;
Metropolitana da Grande São Paulo;Metropolitana da Grande São Paulo;Mogi das Cruzes;Vale do Paraíba/Litoral Norte;Etec Presidente Vargas;015;Técnico;Controle e Processos Industriais;Indústria;Eletrotécnica;Noite;149;40;3,72;
Metropolitana da Grande São Paulo;Metropolitana da Grande São Paulo;Mogi das Cruzes;Vale do Paraíba/Litoral Norte;Etec Presidente Vargas;015;Técnico;Gestão e Negócios;Gestão;Logística;Noite;82;40;2,04;
Metropolitana da Grande São Paulo;Metropolitana da Grande São Paulo;Mogi das Cruzes;Vale do Paraíba/Litoral Norte;Etec Presidente Vargas;015;Técnico;Controle e Processos Industriais;Indústria;Mecânica;Noite;134;40;3,35;
Metropolitana da Grande São Paulo;Metropolitana da Grande São Paulo;Mogi das Cruzes;Vale do Paraíba/Litoral Norte;Etec Presidente Vargas;015;Técnico;Ambiente e Saúde;Saúde;Nutrição e Dietética;Noite;201;40;5,02;
Metropolitana da Grande São Paulo;Metropolitana da Grande São Paulo;Mogi das Cruzes;Vale do Paraíba/Litoral Norte;Etec Presidente Vargas;015;Técnico;Segurança;Saúde;Segurança do Trabalho;Noite;91;40;2,27;
Metropolitana da Grande São Paulo;Metropolitana da Grande São Paulo;Osasco;Grande São Paulo Noroeste;Etec Dr. Celso Giglio;242;Técnico;Ambiente e Saúde;Saúde;Nutrição e Dietética;Noite;70;40;1,75;
Metropolitana da Grande São Paulo;Metropolitana da Grande São Paulo;Osasco;Grande São Paulo Noroeste;Etec Dr. Celso Giglio;242;Técnico;Produção Industrial;Química;Química;Noite;72;40;1,80;
Metropolitana da Grande São Paulo;Metropolitana da Grande São Paulo;Osasco;Grande São Paulo Noroeste;Etec Professor André Bogasian;149;Técnico;Gestão e Negócios;Gestão;Administração;Noite;105;40;2,62;
Metropolitana da Grande São Paulo;Metropolitana da Grande São Paulo;Osasco;Grande São Paulo Noroeste;Etec Professor André Bogasian;149;Técnico;Gestão e Negócios;Gestão;Logística;Noite;45;40;1,12;
Metropolitana da Grande São Paulo;Metropolitana da Grande São Paulo;Osasco;Grande São Paulo Noroeste;Etec Professor André Bogasian;149;Técnico;Gestão e Negócios;Comércio;Marketing;Noite;68;40;1,70;
Metropolitana da Grande São Paulo;Metropolitana da Grande São Paulo;Osasco;Grande São Paulo Noroeste;Etec Professor André Bogasian;149;Técnico;Gestão e Negócios;Gestão;Recursos Humanos;Noite;45;40;1,12;
Metropolitana da Grande São Paulo;Metropolitana da Grande São Paulo;Poá;Grande São Paulo Leste;Etec de Poá;210;Técnico;Gestão e Negócios;Gestão;Administração;Noite;82;40;2,04;
Metropolitana da Grande São Paulo;Metropolitana da Grande São Paulo;Ribeirão Pires;Grande São Paulo Sul/Baixada Santista;Etec Professora Maria Cristina Medeiros;141;Técnico;Gestão e Negócios;Gestão;Administração;Noite;95;40;2,37;
Metropolitana da Grande São Paulo;Metropolitana da Grande São Paulo;Ribeirão Pires;Grande São Paulo Sul/Baixada Santista;Etec Professora Maria Cristina Medeiros;141;Técnico;Gestão e Negócios;Gestão;Contabilidade;Noite;54;40;1,35;
Metropolitana da Grande São Paulo;Metropolitana da Grande São Paulo;Ribeirão Pires;Grande São Paulo Sul/Baixada Santista;Etec Professora Maria Cristina Medeiros;141;Técnico;Gestão e Negócios;Gestão;Logística;Noite;48;40;1,20;
Metropolitana da Grande São Paulo;Metropolitana da Grande São Paulo;Ribeirão Pires;Grande São Paulo Sul/Baixada Santista;Etec Professora Maria Cristina Medeiros;141;Técnico;Produção Industrial;Química;Química;Noite;92;40;2,29;
Metropolitana da Grande São Paulo;Metropolitana da Grande São Paulo;Rio Grande da Serra;Grande São Paulo Sul/Baixada Santista;Etec de Rio Grande da Serra;282;Técnico;Gestão e Negócios;Gestão;Recursos Humanos;Noite;38;40;0,95;
Metropolitana da Grande São Paulo;Metropolitana da Grande São Paulo;Santa Isabel;Vale do Paraíba/Litoral Norte;Etec de Santa Isabel;219;Técnico;Gestão e Negócios;Gestão;Administração;Noite;59;35;1,68;
Metropolitana da Grande São Paulo;Metropolitana da Grande São Paulo;Santana de Parnaíba;Grande São Paulo Noroeste;Etec Bartolomeu Bueno da Silva - Anhanguera;262;Técnico;Gestão e Negócios;Gestão;Contabilidade;Noite;78;40;1,95;
Metropolitana da Grande São Paulo;Metropolitana da Grande São Paulo;Santana de Parnaíba;Grande São Paulo Noroeste;Etec Professora Ermelinda Giannini Teixeira;187;Técnico;Gestão e Negócios;Gestão;Administração (MNP);Noite;70;40;1,75;
Metropolitana da Grande São Paulo;Metropolitana da Grande São Paulo;Santana de Parnaíba;Grande São Paulo Noroeste;Etec Professora Ermelinda Giannini Teixeira;187;Técnico;Informação e Comunicação;Informática;Desenvolvimento de Sistemas (MNP);Noite;103;40;2,57;
Metropolitana da Grande São Paulo;Metropolitana da Grande São Paulo;Santo André;Grande São Paulo Sul/Baixada Santista;Etec Júlio de Mesquita;014;Técnico;Controle e Processos Industriais;Indústria;Automação Industrial;Noite;66;40;1,65;
Metropolitana da Grande São Paulo;Metropolitana da Grande São Paulo;Santo André;Grande São Paulo Sul/Baixada Santista;Etec Júlio de Mesquita;014;Técnico;Infraestrutura;Construção Civil;Edificações;Noite;86;40;2,15;
Metropolitana da Grande São Paulo;Metropolitana da Grande São Paulo;Santo André;Grande São Paulo Sul/Baixada Santista;Etec Júlio de Mesquita;014;Técnico;Controle e Processos Industriais;Indústria;Eletrônica;Noite;81;40;2,02;
Metropolitana da Grande São Paulo;Metropolitana da Grande São Paulo;Santo André;Grande São Paulo Sul/Baixada Santista;Etec Júlio de Mesquita;014;Técnico;Controle e Processos Industriais;Indústria;Eletrônica;Tarde;69;40;1,72;
Metropolitana da Grande São Paulo;Metropolitana da Grande São Paulo;Santo André;Grande São Paulo Sul/Baixada Santista;Etec Júlio de Mesquita;014;Técnico;Turismo, Hospitalidade e Lazer;Turismo e Hospitalidade;Gastronomia;Noite;79;40;1,97;
Metropolitana da Grande São Paulo;Metropolitana da Grande São Paulo;Santo André;Grande São Paulo Sul/Baixada Santista;Etec Júlio de Mesquita;014;Técnico;Controle e Processos Industriais;Indústria;Mecatrônica;Noite;102;40;2,54;
Metropolitana da Grande São Paulo;Metropolitana da Grande São Paulo;Santo André;Grande São Paulo Sul/Baixada Santista;Etec Júlio de Mesquita;014;Técnico;Controle e Processos Industriais;Indústria;Mecânica;Noite;97;40;2,42;
Metropolitana da Grande São Paulo;Metropolitana da Grande São Paulo;Santo André;Grande São Paulo Sul/Baixada Santista;Etec Júlio de Mesquita;014;Técnico;Ambiente e Saúde;Meio Ambiente;Meio Ambiente;Noite;56;40;1,40;
Metropolitana da Grande São Paulo;Metropolitana da Grande São Paulo;Santo André;Grande São Paulo Sul/Baixada Santista;Etec Júlio de Mesquita;014;Técnico;Ambiente e Saúde;Saúde;Nutrição e Dietética;Tarde;103;40;2,57;
Metropolitana da Grande São Paulo;Metropolitana da Grande São Paulo;Santo André;Grande São Paulo Sul/Baixada Santista;Etec Júlio de Mesquita;014;Técnico;Ambiente e Saúde;Saúde;Nutrição e Dietética (MNP);Noite;102;40;2,54;
Metropolitana da Grande São Paulo;Metropolitana da Grande São Paulo;Santo André;Grande São Paulo Sul/Baixada Santista;Etec Júlio de Mesquita;014;Técnico;Produção Industrial;Química;Química;Noite;88;40;2,20;
Metropolitana da Grande São Paulo;Metropolitana da Grande São Paulo;Santo André;Grande São Paulo Sul/Baixada Santista;Etec Júlio de Mesquita (EE Américo Brasiliense);014.05 - Ext/Etec;Técnico;Gestão e Negócios;Gestão;Administração;Noite;107;40;2,67;
Metropolitana da Grande São Paulo;Metropolitana da Grande São Paulo;Santo André;Grande São Paulo Sul/Baixada Santista;Etec Júlio de Mesquita (EE Américo Brasiliense);014.05 - Ext/Etec;Técnico;Gestão e Negócios;Gestão;Finanças;Noite;60;40;1,50;
Metropolitana da Grande São Paulo;Metropolitana da Grande São Paulo;Santo André;Grande São Paulo Sul/Baixada Santista;Etec Júlio de Mesquita (EE Américo Brasiliense);014.05 - Ext/Etec;Técnico;Gestão e Negócios;Gestão;Recursos Humanos;Noite;62;40;1,55;
Metropolitana da Grande São Paulo;Metropolitana da Grande São Paulo;São Bernardo do Campo;Grande São Paulo Sul/Baixada Santista;Etec Juscelino Kubitschek de Oliveira (EE Senador Robert Kennedy);166.01 - Ext/Etec;Técnico;Gestão e Negócios;Gestão;Administração;Noite;43;40;1,07;
Metropolitana da Grande São Paulo;Metropolitana da Grande São Paulo;São Bernardo do Campo;Grande São Paulo Sul/Baixada Santista;Etec Juscelino Kubitschek de Oliveira (EE Senador Robert Kennedy);166.01 - Ext/Etec;Técnico;Gestão e Negócios;Gestão;Recursos Humanos;Noite;44;40;1,10;
Metropolitana da Grande São Paulo;Metropolitana da Grande São Paulo;São Bernardo do Campo;Grande São Paulo Sul/Baixada Santista;Etec Lauro Gomes;010;Técnico;Gestão e Negócios;Gestão;Administração;Noite;163;80;2,03;
Metropolitana da Grande São Paulo;Metropolitana da Grande São Paulo;São Bernardo do Campo;Grande São Paulo Sul/Baixada Santista;Etec Lauro Gomes;010;Técnico;Controle e Processos Industriais;Indústria;Automação Industrial;Noite;95;40;2,37;
Metropolitana da Grande São Paulo;Metropolitana da Grande São Paulo;São Bernardo do Campo;Grande São Paulo Sul/Baixada Santista;Etec Lauro Gomes;010;Técnico;Gestão e Negócios;Gestão;Contabilidade;Noite;74;40;1,85;
Metropolitana da Grande São Paulo;Metropolitana da Grande São Paulo;São Bernardo do Campo;Grande São Paulo Sul/Baixada Santista;Etec Lauro Gomes;010;Técnico;Informação e Comunicação;Informática;Desenvolvimento de Sistemas;Tarde;222;40;5,55;
Metropolitana da Grande São Paulo;Metropolitana da Grande São Paulo;São Bernardo do Campo;Grande São Paulo Sul/Baixada Santista;Etec Lauro Gomes;010;Técnico;Controle e Processos Industriais;Indústria;Eletroeletrônica;Noite;64;40;1,60;
Metropolitana da Grande São Paulo;Metropolitana da Grande São Paulo;São Bernardo do Campo;Grande São Paulo Sul/Baixada Santista;Etec Lauro Gomes;010;Técnico;Controle e Processos Industriais;Indústria;Eletrônica;Noite;43;40;1,07;
Metropolitana da Grande São Paulo;Metropolitana da Grande São Paulo;São Bernardo do Campo;Grande São Paulo Sul/Baixada Santista;Etec Lauro Gomes;010;Técnico;Informação e Comunicação;Informática;Informática para Internet;Noite;70;40;1,75;
Metropolitana da Grande São Paulo;Metropolitana da Grande São Paulo;São Bernardo do Campo;Grande São Paulo Sul/Baixada Santista;Etec Lauro Gomes;010;Técnico;Gestão e Negócios;Gestão;Logística;Tarde;76;40;1,90;
Metropolitana da Grande São Paulo;Metropolitana da Grande São Paulo;São Bernardo do Campo;Grande São Paulo Sul/Baixada Santista;Etec Lauro Gomes;010;Técnico;Gestão e Negócios;Gestão;Logística;Noite;95;40;2,37;
Metropolitana da Grande São Paulo;Metropolitana da Grande São Paulo;São Bernardo do Campo;Grande São Paulo Sul/Baixada Santista;Etec Lauro Gomes;010;Técnico;Controle e Processos Industriais;Indústria;Mecatrônica;Noite;194;80;2,42;
Metropolitana da Grande São Paulo;Metropolitana da Grande São Paulo;São Bernardo do Campo;Grande São Paulo Sul/Baixada Santista;Etec Lauro Gomes;010;Técnico;Informação e Comunicação;Informática;Programação de Jogos Digitais ;Noite;65;40;1,62;
Metropolitana da Grande São Paulo;Metropolitana da Grande São Paulo;São Bernardo do Campo;Grande São Paulo Sul/Baixada Santista;Etec Lauro Gomes;010;Técnico;Produção Industrial;Química;Química;Noite;91;40;2,27;
Metropolitana da Grande São Paulo;Metropolitana da Grande São Paulo;São Bernardo do Campo;Grande São Paulo Sul/Baixada Santista;Etec Lauro Gomes (EE Prof. Carlos Pezzolo);010.03 - Ext/Etec;Técnico;Gestão e Negócios;Gestão;Administração;Noite;62;40;1,55;
Metropolitana da Grande São Paulo;Metropolitana da Grande São Paulo;São Bernardo do Campo;Grande São Paulo Sul/Baixada Santista;Etec Lauro Gomes (EE Prof.ª Cynira Pires dos Santos);010.02 - Ext/Etec;Técnico;Gestão e Negócios;Gestão;Logística;Noite;47;40;1,17;
Metropolitana da Grande São Paulo;Metropolitana da Grande São Paulo;São Caetano do Sul;Grande São Paulo Sul/Baixada Santista;Etec Jorge Street;011;Técnico;Controle e Processos Industriais;Indústria;Eletromecânica;Noite;50;40;1,25;
Metropolitana da Grande São Paulo;Metropolitana da Grande São Paulo;São Caetano do Sul;Grande São Paulo Sul/Baixada Santista;Etec Jorge Street;011;Técnico;Controle e Processos Industriais;Indústria;Eletrotécnica;Noite;74;40;1,85;
Metropolitana da Grande São Paulo;Metropolitana da Grande São Paulo;São Caetano do Sul;Grande São Paulo Sul/Baixada Santista;Etec Jorge Street;011;Técnico;Controle e Processos Industriais;Indústria;Manutenção Automotiva;Noite;45;40;1,12;
Metropolitana da Grande São Paulo;Metropolitana da Grande São Paulo;São Caetano do Sul;Grande São Paulo Sul/Baixada Santista;Etec Jorge Street;011;Técnico;Controle e Processos Industriais;Indústria;Mecatrônica;Noite;53;40;1,32;
Metropolitana da Grande São Paulo;Metropolitana da Grande São Paulo;São Caetano do Sul;Grande São Paulo Sul/Baixada Santista;Etec Jorge Street;011;Técnico;Controle e Processos Industriais;Indústria;Mecânica;Noite;48;40;1,20;
Metropolitana da Grande São Paulo;Metropolitana da Grande São Paulo;São Paulo;Grande São Paulo Noroeste;Etec Abdias do Nascimento;224;Técnico;Gestão e Negócios;Gestão;Administração (MNP);Noite;67;40;1,67;
Metropolitana da Grande São Paulo;Metropolitana da Grande São Paulo;São Paulo;Grande São Paulo Noroeste;Etec Abdias do Nascimento (CEU Casa Blanca);224.02 - Etec/Ceu;Técnico;Gestão e Negócios;Gestão;Administração;Noite;52;30;1,73;
Metropolitana da Grande São Paulo;Metropolitana da Grande São Paulo;São Paulo;Grande São Paulo Noroeste;Etec Albert Einstein;023;Técnico;Gestão e Negócios;Gestão;Administração;Noite;98;40;2,45;
Metropolitana da Grande São Paulo;Metropolitana da Grande São Paulo;São Paulo;Grande São Paulo Noroeste;Etec Albert Einstein;023;Técnico;Gestão e Negócios;Gestão;Comércio Exterior;Noite;50;40;1,25;
Metropolitana da Grande São Paulo;Metropolitana da Grande São Paulo;São Paulo;Grande São Paulo Noroeste;Etec Albert Einstein;023;Técnico;Informação e Comunicação;Informática;Desenvolvimento de Sistemas;Noite;174;40;4,34;
Metropolitana da Grande São Paulo;Metropolitana da Grande São Paulo;São Paulo;Grande São Paulo Noroeste;Etec Albert Einstein;023;Técnico;Controle e Processos Industriais;Indústria;Eletrônica;Noite;60;40;1,50;
Metropolitana da Grande São Paulo;Metropolitana da Grande São Paulo;São Paulo;Grande São Paulo Noroeste;Etec Albert Einstein;023;Técnico;Gestão e Negócios;Gestão;Serviços Jurídicos;Noite;69;40;1,72;
Metropolitana da Grande São Paulo;Metropolitana da Grande São Paulo;São Paulo;Grande São Paulo Leste;Etec Carlos de Campos;045;Técnico;Produção Cultural e Design;Design;Design de Interiores;Tarde;59;40;1,47;
Metropolitana da Grande São Paulo;Metropolitana da Grande São Paulo;São Paulo;Grande São Paulo Leste;Etec Carlos de Campos;045;Técnico;Produção Cultural e Design;Design;Design Gráfico;Tarde;76;40;1,90;
Metropolitana da Grande São Paulo;Metropolitana da Grande São Paulo;São Paulo;Grande São Paulo Leste;Etec Carlos de Campos;045;Técnico;Produção Cultural e Design;Design;Design Gráfico;Noite;69;40;1,72;
Metropolitana da Grande São Paulo;Metropolitana da Grande São Paulo;São Paulo;Grande São Paulo Leste;Etec Carlos de Campos;045;Técnico;Ambiente e Saúde;Saúde;Enfermagem;Manhã;292;40;7,30;
Metropolitana da Grande São Paulo;Metropolitana da Grande São Paulo;São Paulo;Grande São Paulo Leste;Etec Carlos de Campos;045;Técnico;Turismo, Hospitalidade e Lazer;Turismo e Hospitalidade;Gastronomia;Noite;62;40;1,55;
Metropolitana da Grande São Paulo;Metropolitana da Grande São Paulo;São Paulo;Grande São Paulo Leste;Etec Carlos de Campos;045;Técnico;Produção Cultural e Design;Design;Modelagem do Vestuário;Tarde;84;40;2,10;
Metropolitana da Grande São Paulo;Metropolitana da Grande São Paulo;São Paulo;Grande São Paulo Leste;Etec Carlos de Campos;045;Técnico;Produção Cultural e Design;Design;Modelagem do Vestuário;Noite;110;40;2,75;
Metropolitana da Grande São Paulo;Metropolitana da Grande São Paulo;São Paulo;Grande São Paulo Leste;Etec Carlos de Campos;045;Técnico;Ambiente e Saúde;Saúde;Nutrição e Dietética;Noite;68;40;1,70;
Metropolitana da Grande São Paulo;Metropolitana da Grande São Paulo;São Paulo;Grande São Paulo Leste;Etec Carlos de Campos (EE Presidente Roosevelt);045.01 - Ext/Etec;Técnico;Turismo, Hospitalidade e Lazer;Turismo e Hospitalidade;Agenciamento de Viagem;Noite;58;35;1,65;
Metropolitana da Grande São Paulo;Metropolitana da Grande São Paulo;São Paulo;Grande São Paulo Leste;Etec Carlos de Campos (EE Presidente Roosevelt);045.01 - Ext/Etec;Técnico;Gestão e Negócios;Comércio;Marketing;Noite;31;35;0,88;
Metropolitana da Grande São Paulo;Metropolitana da Grande São Paulo;São Paulo;Grande São Paulo Sul/Baixada Santista;Etec Carolina Carinhato Sampaio;134;Técnico;Gestão e Negócios;Gestão;Administração;Tarde;72;40;1,80;
Metropolitana da Grande São Paulo;Metropolitana da Grande São Paulo;São Paulo;Grande São Paulo Sul/Baixada Santista;Etec Carolina Carinhato Sampaio;134;Técnico;Gestão e Negócios;Gestão;Administração;Noite;74;40;1,85;
Metropolitana da Grande São Paulo;Metropolitana da Grande São Paulo;São Paulo;Grande São Paulo Sul/Baixada Santista;Etec Carolina Carinhato Sampaio;134;Técnico;Controle e Processos Industriais;Indústria;Eletrônica;Noite;49;40;1,22;
Metropolitana da Grande São Paulo;Metropolitana da Grande São Paulo;São Paulo;Grande São Paulo Sul/Baixada Santista;Etec Carolina Carinhato Sampaio;134;Técnico;Ambiente e Saúde;Saúde;Enfermagem;Noite;262;40;6,55;
Metropolitana da Grande São Paulo;Metropolitana da Grande São Paulo;São Paulo;Grande São Paulo Sul/Baixada Santista;Etec Carolina Carinhato Sampaio (CEU Campo Limpo);134.09 - Etec/Ceu;Técnico;Gestão e Negócios;Gestão;Recursos Humanos;Noite;58;30;1,93;
Metropolitana da Grande São Paulo;Metropolitana da Grande São Paulo;São Paulo;Grande São Paulo Sul/Baixada Santista;Etec Carolina Carinhato Sampaio (CEU Cantos do Amanhecer);134.04 - Etec/Ceu;Técnico;Gestão e Negócios;Gestão;Administração;Noite;64;30;2,13;
Metropolitana da Grande São Paulo;Metropolitana da Grande São Paulo;São Paulo;Grande São Paulo Sul/Baixada Santista;Etec Carolina Carinhato Sampaio (CEU Capão Redondo);134.01 - Etec/Ceu;Técnico;Gestão e Negócios;Gestão;Administração;Noite;85;60;1,41;
Metropolitana da Grande São Paulo;Metropolitana da Grande São Paulo;São Paulo;Grande São Paulo Sul/Baixada Santista;Etec Carolina Carinhato Sampaio (CEU Três Lagos);134.05 - Etec/Ceu;Técnico;Gestão e Negócios;Gestão;Administração;Noite;61;30;2,03;
Metropolitana da Grande São Paulo;Metropolitana da Grande São Paulo;São Paulo;Grande São Paulo Noroeste;Etec de Artes;180;Técnico;Produção Cultural e Design;Artes;Canto;Tarde;71;30;2,36;
Metropolitana da Grande São Paulo;Metropolitana da Grande São Paulo;São Paulo;Grande São Paulo Noroeste;Etec de Artes;180;Técnico;Produção Cultural e Design;Artes;Canto;Noite;140;30;4,66;
Metropolitana da Grande São Paulo;Metropolitana da Grande São Paulo;São Paulo;Grande São Paulo Noroeste;Etec de Artes;180;Técnico;Produção Cultural e Design;Artes;Dança;Noite;110;30;3,66;
Metropolitana da Grande São Paulo;Metropolitana da Grande São Paulo;São Paulo;Grande São Paulo Noroeste;Etec de Artes;180;Técnico;Produção Cultural e Design;Artes;Dança;Tarde;67;30;2,23;
Metropolitana da Grande São Paulo;Metropolitana da Grande São Paulo;São Paulo;Grande São Paulo Noroeste;Etec de Artes;180;Técnico;Produção Cultural e Design;Design;Paisagismo;Manhã;43;30;1,43;
Metropolitana da Grande São Paulo;Metropolitana da Grande São Paulo;São Paulo;Grande São Paulo Noroeste;Etec de Artes;180;Técnico;Produção Cultural e Design;Design;Processos Fotográficos;Noite;128;30;4,26;
Metropolitana da Grande São Paulo;Metropolitana da Grande São Paulo;São Paulo;Grande São Paulo Noroeste;Etec de Artes;180;Técnico;Produção Cultural e Design;Artes;Regência;Noite;40;30;1,33;
Metropolitana da Grande São Paulo;Metropolitana da Grande São Paulo;São Paulo;Grande São Paulo Noroeste;Etec de Artes;180;Técnico;Produção Cultural e Design;Artes;Teatro;Tarde;91;30;3,03;
Metropolitana da Grande São Paulo;Metropolitana da Grande São Paulo;São Paulo;Grande São Paulo Noroeste;Etec de Artes;180;Técnico;Produção Cultural e Design;Artes;Teatro;Manhã;140;30;4,66;
Metropolitana da Grande São Paulo;Metropolitana da Grande São Paulo;São Paulo;Grande São Paulo Leste;Etec de Cidade Tiradentes;199;Técnico;Gestão e Negócios;Gestão;Administração;Tarde;72;40;1,80;
Metropolitana da Grande São Paulo;Metropolitana da Grande São Paulo;São Paulo;Grande São Paulo Leste;Etec de Cidade Tiradentes;199;Técnico;Gestão e Negócios;Gestão;Administração;Noite;82;40;2,04;
Metropolitana da Grande São Paulo;Metropolitana da Grande São Paulo;São Paulo;Grande São Paulo Leste;Etec de Cidade Tiradentes;199;Técnico;Ambiente e Saúde;Saúde;Farmácia;Noite;189;40;4,72;
Metropolitana da Grande São Paulo;Metropolitana da Grande São Paulo;São Paulo;Grande São Paulo Leste;Etec de Cidade Tiradentes;199;Técnico;Ambiente e Saúde;Saúde;Nutrição e Dietética;Manhã;100;40;2,50;
Metropolitana da Grande São Paulo;Metropolitana da Grande São Paulo;São Paulo;Grande São Paulo Leste;Etec de Cidade Tiradentes;199;Técnico;Produção Industrial;Química;Química;Noite;57;40;1,42;
Metropolitana da Grande São Paulo;Metropolitana da Grande São Paulo;São Paulo;Grande São Paulo Leste;Etec de Cidade Tiradentes;199;Técnico;Segurança;Saúde;Segurança do Trabalho;Noite;109;40;2,72;
Metropolitana da Grande São Paulo;Metropolitana da Grande São Paulo;São Paulo;Grande São Paulo Leste;Etec de Cidade Tiradentes (CEU Alto Alegre);199.01 - Etec/Ceu;Técnico;Gestão e Negócios;Gestão;Administração;Noite;45;30;1,50;
Metropolitana da Grande São Paulo;Metropolitana da Grande São Paulo;São Paulo;Grande São Paulo Leste;Etec de Cidade Tiradentes (CEU Alto Alegre);199.01 - Etec/Ceu;Técnico;Gestão e Negócios;Gestão;Logística;Noite;46;30;1,53;
Metropolitana da Grande São Paulo;Metropolitana da Grande São Paulo;São Paulo;Grande São Paulo Leste;Etec de Cidade Tiradentes (CEU Alto Alegre);199.01 - Etec/Ceu;Técnico;Gestão e Negócios;Gestão;Recursos Humanos;Noite;42;30;1,40;
Metropolitana da Grande São Paulo;Metropolitana da Grande São Paulo;São Paulo;Grande São Paulo Leste;Etec de Esportes Curt Walter Otto Baumgart;267;Técnico;Turismo, Hospitalidade e Lazer;Turismo e Hospitalidade;Organização Esportiva;Manhã;53;40;1,32;
Metropolitana da Grande São Paulo;Metropolitana da Grande São Paulo;São Paulo;Grande São Paulo Leste;Etec de Esportes Curt Walter Otto Baumgart;267;Técnico;Turismo, Hospitalidade e Lazer;Turismo e Hospitalidade;Organização Esportiva;Tarde;57;40;1,42;
Metropolitana da Grande São Paulo;Metropolitana da Grande São Paulo;São Paulo;Grande São Paulo Leste;Etec de Guaianazes;118;Técnico;Gestão e Negócios;Gestão;Administração;Tarde;54;40;1,35;
Metropolitana da Grande São Paulo;Metropolitana da Grande São Paulo;São Paulo;Grande São Paulo Leste;Etec de Guaianazes;118;Técnico;Gestão e Negócios;Gestão;Administração;Noite;43;40;1,07;
Metropolitana da Grande São Paulo;Metropolitana da Grande São Paulo;São Paulo;Grande São Paulo Leste;Etec de Guaianazes;118;Técnico;Informação e Comunicação;Informática;Desenvolvimento de Sistemas;Tarde;152;40;3,80;
Metropolitana da Grande São Paulo;Metropolitana da Grande São Paulo;São Paulo;Grande São Paulo Leste;Etec de Guaianazes;118;Técnico;Infraestrutura;Construção Civil;Edificações;Noite;56;40;1,40;
Metropolitana da Grande São Paulo;Metropolitana da Grande São Paulo;São Paulo;Grande São Paulo Leste;Etec de Guaianazes;118;Técnico;Controle e Processos Industriais;Indústria;Eletrotécnica;Noite;98;40;2,45;
Metropolitana da Grande São Paulo;Metropolitana da Grande São Paulo;São Paulo;Grande São Paulo Leste;Etec de Guaianazes;118;Técnico;Ambiente e Saúde;Saúde;Nutrição e Dietética;Tarde;81;40;2,02;
Metropolitana da Grande São Paulo;Metropolitana da Grande São Paulo;São Paulo;Grande São Paulo Leste;Etec de Guaianazes (CEU Jambeiro);118.02 - Etec/Ceu;Técnico;Gestão e Negócios;Gestão;Serviços Jurídicos;Noite;46;35;1,31;
Metropolitana da Grande São Paulo;Metropolitana da Grande São Paulo;São Paulo;Grande São Paulo Leste;Etec de Guaianazes (CEU Lajeado);118.01 - Etec/Ceu;Técnico;Gestão e Negócios;Gestão;Administração;Noite;35;35;1,00;
Metropolitana da Grande São Paulo;Metropolitana da Grande São Paulo;São Paulo;Grande São Paulo Leste;Etec de Guaianazes (CEU Lajeado);118.01 - Etec/Ceu;Técnico;Gestão e Negócios;Gestão;Recursos Humanos;Noite;42;35;1,20;
Metropolitana da Grande São Paulo;Metropolitana da Grande São Paulo;São Paulo;Grande São Paulo Sul/Baixada Santista;ETEC de Heliópolis - Arquiteto Ruy Ohtake;205;Técnico;Gestão e Negócios;Gestão;Administração;Noite;116;40;2,90;
Metropolitana da Grande São Paulo;Metropolitana da Grande São Paulo;São Paulo;Grande São Paulo Sul/Baixada Santista;ETEC de Heliópolis - Arquiteto Ruy Ohtake;205;Técnico;Infraestrutura;Construção Civil;Edificações;Noite;50;40;1,25;
Metropolitana da Grande São Paulo;Metropolitana da Grande São Paulo;São Paulo;Grande São Paulo Sul/Baixada Santista;ETEC de Heliópolis - Arquiteto Ruy Ohtake;205;Especialização;Ambiente e Saúde;Saúde;Gastronomia Hospitalar;Noite;31;40;0,77;
Metropolitana da Grande São Paulo;Metropolitana da Grande São Paulo;São Paulo;Grande São Paulo Leste;Etec de Itaquera;169;Técnico;Gestão e Negócios;Gestão;Administração;Noite;59;40;1,47;
Metropolitana da Grande São Paulo;Metropolitana da Grande São Paulo;São Paulo;Grande São Paulo Leste;Etec de Itaquera;169;Técnico;Gestão e Negócios;Gestão;Administração;Tarde;103;40;2,57;
Metropolitana da Grande São Paulo;Metropolitana da Grande São Paulo;São Paulo;Grande São Paulo Leste;Etec de Itaquera;169;Técnico;Gestão e Negócios;Gestão;Contabilidade;Noite;67;40;1,67;
Metropolitana da Grande São Paulo;Metropolitana da Grande São Paulo;São Paulo;Grande São Paulo Leste;Etec de Itaquera;169;Técnico;Informação e Comunicação;Informática;Desenvolvimento de Sistemas;Tarde;186;40;4,65;
Metropolitana da Grande São Paulo;Metropolitana da Grande São Paulo;São Paulo;Grande São Paulo Leste;Etec de Itaquera;169;Técnico;Informação e Comunicação;Informática;Desenvolvimento de Sistemas;Noite;183;40;4,57;
Metropolitana da Grande São Paulo;Metropolitana da Grande São Paulo;São Paulo;Grande São Paulo Leste;Etec de Itaquera (CEU Parque Veredas);169.02 - Etec/Ceu;Técnico;Gestão e Negócios;Gestão;Recursos Humanos;Noite;40;30;1,33;
Metropolitana da Grande São Paulo;Metropolitana da Grande São Paulo;São Paulo;Grande São Paulo Leste;Etec de Itaquera (CEU Vila Curuçá);169.05 - Etec/Ceu;Técnico;Gestão e Negócios;Gestão;Administração;Noite;53;30;1,76;
Metropolitana da Grande São Paulo;Metropolitana da Grande São Paulo;São Paulo;Grande São Paulo Leste;Etec de Sapopemba;172;Técnico;Gestão e Negócios;Gestão;Administração;Noite;89;40;2,22;
Metropolitana da Grande São Paulo;Metropolitana da Grande São Paulo;São Paulo;Grande São Paulo Leste;Etec de Sapopemba;172;Técnico;Produção Alimentícia;Química;Alimentos;Noite;40;40;1,00;
Metropolitana da Grande São Paulo;Metropolitana da Grande São Paulo;São Paulo;Grande São Paulo Leste;Etec de Sapopemba;172;Técnico;Informação e Comunicação;Informática;Desenvolvimento de Sistemas;Tarde;99;40;2,47;
Metropolitana da Grande São Paulo;Metropolitana da Grande São Paulo;São Paulo;Grande São Paulo Leste;Etec de Sapopemba;172;Técnico;Gestão e Negócios;Comércio;Marketing;Noite;55;40;1,37;
Metropolitana da Grande São Paulo;Metropolitana da Grande São Paulo;São Paulo;Grande São Paulo Leste;Etec de Sapopemba (CEU Sapopemba);172.02 - Etec/Ceu;Técnico;Gestão e Negócios;Gestão;Contabilidade;Noite;42;30;1,40;
Metropolitana da Grande São Paulo;Metropolitana da Grande São Paulo;São Paulo;Grande São Paulo Leste;Etec de Sapopemba (CEU Sapopemba);172.02 - Etec/Ceu;Técnico;Gestão e Negócios;Gestão;Serviços Jurídicos;Noite;40;30;1,33;
Metropolitana da Grande São Paulo;Metropolitana da Grande São Paulo;São Paulo;Grande São Paulo Leste;Etec de Sapopemba (CEU São Rafael);172.011 - Etec/Ceu;Técnico;Gestão e Negócios;Gestão;Recursos Humanos;Noite;59;30;1,96;
Metropolitana da Grande São Paulo;Metropolitana da Grande São Paulo;São Paulo;Grande São Paulo Noroeste;Etec de São Paulo;018;Técnico;Gestão e Negócios;Gestão;Administração (MNP);Noite;89;40;2,22;
Metropolitana da Grande São Paulo;Metropolitana da Grande São Paulo;São Paulo;Grande São Paulo Noroeste;Etec de São Paulo;018;Técnico;Turismo, Hospitalidade e Lazer;Turismo e Hospitalidade;Guia de Turismo;Noite;51;40;1,27;
Metropolitana da Grande São Paulo;Metropolitana da Grande São Paulo;São Paulo;Grande São Paulo Noroeste;Etec de São Paulo (CEU Butantã);018.02 - Etec/Ceu;Técnico;Gestão e Negócios;Gestão;Administração;Noite;74;30;2,46;
Metropolitana da Grande São Paulo;Metropolitana da Grande São Paulo;São Paulo;Grande São Paulo Noroeste;Etec de São Paulo (CEU Butantã);018.02 - Etec/Ceu;Técnico;Gestão e Negócios;Gestão;Recursos Humanos;Noite;46;30;1,53;
Metropolitana da Grande São Paulo;Metropolitana da Grande São Paulo;São Paulo;Grande São Paulo Leste;Etec de Tiquatira;208;Técnico;Produção Cultural e Design;Design;Design Gráfico;Noite;72;40;1,80;
Metropolitana da Grande São Paulo;Metropolitana da Grande São Paulo;São Paulo;Grande São Paulo Leste;Etec de Tiquatira;208;Técnico;Produção Cultural e Design;Design;Design Gráfico;Tarde;59;40;1,47;
Metropolitana da Grande São Paulo;Metropolitana da Grande São Paulo;São Paulo;Grande São Paulo Leste;Etec de Tiquatira;208;Técnico;Produção Cultural e Design;Design;Modelagem do Vestuário;Noite;85;40;2,12;
Metropolitana da Grande São Paulo;Metropolitana da Grande São Paulo;São Paulo;Grande São Paulo Leste;Etec de Tiquatira;208;Técnico;Produção Industrial;Química;Química;Tarde;50;40;1,25;
Metropolitana da Grande São Paulo;Metropolitana da Grande São Paulo;São Paulo;Grande São Paulo Leste;Etec de Tiquatira;208;Técnico;Produção Industrial;Química;Química;Noite;43;40;1,07;
Metropolitana da Grande São Paulo;Metropolitana da Grande São Paulo;São Paulo;Grande São Paulo Leste;Etec de Vila Formosa (CEU Aricanduva);185.03 - Etec/Ceu;Técnico;Turismo, Hospitalidade e Lazer;Turismo e Hospitalidade;Guia de Turismo;Noite;32;30;1,06;
Metropolitana da Grande São Paulo;Metropolitana da Grande São Paulo;São Paulo;Grande São Paulo Noroeste;Etec Doutora Maria Augusta Saraiva;154;Técnico;Produção Cultural e Design;Design;Design Gráfico;Noite;50;40;1,25;
Metropolitana da Grande São Paulo;Metropolitana da Grande São Paulo;São Paulo;Grande São Paulo Sul/Baixada Santista;Etec Getúlio Vargas;013;Técnico;Controle e Processos Industriais;Indústria;Automação Industrial;Noite;41;40;1,02;
Metropolitana da Grande São Paulo;Metropolitana da Grande São Paulo;São Paulo;Grande São Paulo Sul/Baixada Santista;Etec Getúlio Vargas;013;Técnico;Produção Cultural e Design;Design;Design de Interiores;Noite;67;40;1,67;
Metropolitana da Grande São Paulo;Metropolitana da Grande São Paulo;São Paulo;Grande São Paulo Sul/Baixada Santista;Etec Getúlio Vargas;013;Técnico;Infraestrutura;Construção Civil;Edificações;Noite;61;40;1,52;
Metropolitana da Grande São Paulo;Metropolitana da Grande São Paulo;São Paulo;Grande São Paulo Sul/Baixada Santista;Etec Getúlio Vargas;013;Técnico;Controle e Processos Industriais;Indústria;Eletrotécnica;Noite;63;40;1,57;
Metropolitana da Grande São Paulo;Metropolitana da Grande São Paulo;São Paulo;Grande São Paulo Sul/Baixada Santista;Etec Getúlio Vargas;013;Técnico;Controle e Processos Industriais;Indústria;Eletrônica;Noite;46;40;1,14;
Metropolitana da Grande São Paulo;Metropolitana da Grande São Paulo;São Paulo;Grande São Paulo Sul/Baixada Santista;Etec Getúlio Vargas;013;Técnico;Controle e Processos Industriais;Indústria;Mecatrônica;Noite;43;40;1,07;
Metropolitana da Grande São Paulo;Metropolitana da Grande São Paulo;São Paulo;Grande São Paulo Sul/Baixada Santista;Etec Getúlio Vargas;013;Técnico;Controle e Processos Industriais;Indústria;Mecânica;Noite;55;40;1,37;
Metropolitana da Grande São Paulo;Metropolitana da Grande São Paulo;São Paulo;Grande São Paulo Sul/Baixada Santista;Etec Getúlio Vargas;013;Técnico;Ambiente e Saúde;Saúde;Nutrição e Dietética;Noite;55;40;1,37;
Metropolitana da Grande São Paulo;Metropolitana da Grande São Paulo;São Paulo;Grande São Paulo Sul/Baixada Santista;Etec Getúlio Vargas;013;Técnico;Produção Industrial;Química;Química;Noite;53;40;1,32;
Metropolitana da Grande São Paulo;Metropolitana da Grande São Paulo;São Paulo;Grande São Paulo Sul/Baixada Santista;Etec Getúlio Vargas;013;Técnico;Controle e Processos Industriais;Indústria;Sistemas de Energia Renovável - Ead;Manhã;87;40;2,17;
Metropolitana da Grande São Paulo;Metropolitana da Grande São Paulo;São Paulo;Grande São Paulo Sul/Baixada Santista;Etec Getúlio Vargas;013;Especialização;Ambiente e Saúde;Saúde;Gestão de Unidades de Alimentação e Nutrição;Noite;56;25;2,24;
Metropolitana da Grande São Paulo;Metropolitana da Grande São Paulo;São Paulo;Grande São Paulo Sul/Baixada Santista;Etec Getúlio Vargas (EE Professor Roldão Lopes de Barros);013.05 - Ext/Etec;Técnico;Gestão e Negócios;Gestão;Administração;Noite;50;40;1,25;
Metropolitana da Grande São Paulo;Metropolitana da Grande São Paulo;São Paulo;Grande São Paulo Sul/Baixada Santista;Etec Getúlio Vargas (EE Professor Roldão Lopes de Barros);013.05 - Ext/Etec;Técnico;Gestão e Negócios;Gestão;Serviços Jurídicos;Noite;48;40;1,20;
Metropolitana da Grande São Paulo;Metropolitana da Grande São Paulo;São Paulo;Grande São Paulo Noroeste;Etec Gildo Marçal Bezerra Brandão;226;Técnico;Gestão e Negócios;Gestão;Administração;Noite;62;40;1,55;
Metropolitana da Grande São Paulo;Metropolitana da Grande São Paulo;São Paulo;Grande São Paulo Noroeste;Etec Gildo Marçal Bezerra Brandão;226;Técnico;Controle e Processos Industriais;Indústria;Automação Industrial;Noite;43;40;1,07;
Metropolitana da Grande São Paulo;Metropolitana da Grande São Paulo;São Paulo;Grande São Paulo Noroeste;Etec Gildo Marçal Bezerra Brandão (CEU Perus);226.02 - Etec/Ceu;Técnico;Gestão e Negócios;Gestão;Recursos Humanos;Noite;41;30;1,36;
Metropolitana da Grande São Paulo;Metropolitana da Grande São Paulo;São Paulo;Grande São Paulo Noroeste;Etec Guaracy Silveira;061;Técnico;Gestão e Negócios;Gestão;Administração;Noite;54;40;1,35;
Metropolitana da Grande São Paulo;Metropolitana da Grande São Paulo;São Paulo;Grande São Paulo Noroeste;Etec Guaracy Silveira;061;Técnico;Produção Cultural e Design;Design;Design de Interiores;Noite;79;40;1,97;
Metropolitana da Grande São Paulo;Metropolitana da Grande São Paulo;São Paulo;Grande São Paulo Noroeste;Etec Guaracy Silveira;061;Técnico;Infraestrutura;Construção Civil;Edificações;Noite;72;40;1,80;
Metropolitana da Grande São Paulo;Metropolitana da Grande São Paulo;São Paulo;Grande São Paulo Noroeste;Etec Guaracy Silveira;061;Técnico;Controle e Processos Industriais;Indústria;Eletroeletrônica;Noite;46;40;1,14;
Metropolitana da Grande São Paulo;Metropolitana da Grande São Paulo;São Paulo;Grande São Paulo Noroeste;Etec Guaracy Silveira;061;Técnico;Gestão e Negócios;Comércio;Marketing;Noite;41;40;1,02;
Metropolitana da Grande São Paulo;Metropolitana da Grande São Paulo;São Paulo;Grande São Paulo Noroeste;Etec Guaracy Silveira;061;Técnico;Ambiente e Saúde;Meio Ambiente;Meio Ambiente;Noite;65;40;1,62;
Metropolitana da Grande São Paulo;Metropolitana da Grande São Paulo;São Paulo;Grande São Paulo Sul/Baixada Santista;Etec Irmã Agostina;238;Técnico;Gestão e Negócios;Gestão;Administração;Noite;65;40;1,62;
Metropolitana da Grande São Paulo;Metropolitana da Grande São Paulo;São Paulo;Grande São Paulo Sul/Baixada Santista;Etec Irmã Agostina;238;Técnico;Informação e Comunicação;Informática;Desenvolvimento de Sistemas (MNP);Noite;156;40;3,90;
Metropolitana da Grande São Paulo;Metropolitana da Grande São Paulo;São Paulo;Grande São Paulo Sul/Baixada Santista;Etec Irmã Agostina;238;Técnico;Ambiente e Saúde;Saúde;Nutrição e Dietética;Noite;85;40;2,12;
Metropolitana da Grande São Paulo;Metropolitana da Grande São Paulo;São Paulo;Grande São Paulo Sul/Baixada Santista;Etec Irmã Agostina;238;Técnico;Produção Industrial;Química;Química;Noite;72;40;1,80;
Metropolitana da Grande São Paulo;Metropolitana da Grande São Paulo;São Paulo;Grande São Paulo Sul/Baixada Santista;Etec Irmã Agostina (CEU Cidade Dutra);238.04 - Etec/Ceu;Técnico;Gestão e Negócios;Gestão;Administração;Noite;61;30;2,03;
Metropolitana da Grande São Paulo;Metropolitana da Grande São Paulo;São Paulo;Grande São Paulo Sul/Baixada Santista;Etec Irmã Agostina (CEU Cidade Dutra);238.04 - Etec/Ceu;Técnico;Gestão e Negócios;Gestão;Recursos Humanos;Noite;55;30;1,83;
Metropolitana da Grande São Paulo;Metropolitana da Grande São Paulo;São Paulo;Grande São Paulo Sul/Baixada Santista;Etec Irmã Agostina (CEU Vila Rubi - Jornalista Alexandre Kadunc);238.01 - Etec/Ceu;Técnico;Gestão e Negócios;Gestão;Administração;Noite;60;30;2,00;
Metropolitana da Grande São Paulo;Metropolitana da Grande São Paulo;São Paulo;Grande São Paulo Sul/Baixada Santista;Etec Irmã Agostina (CEU Vila Rubi - Jornalista Alexandre Kadunc);238.01 - Etec/Ceu;Técnico;Gestão e Negócios;Comércio;Marketing;Noite;67;30;2,23;
Metropolitana da Grande São Paulo;Metropolitana da Grande São Paulo;São Paulo;Grande São Paulo Sul/Baixada Santista;Etec Irmã Agostina (CEU Vila Rubi - Jornalista Alexandre Kadunc);238.01 - Etec/Ceu;Técnico;Gestão e Negócios;Gestão;Recursos Humanos;Noite;42;30;1,40;
Metropolitana da Grande São Paulo;Metropolitana da Grande São Paulo;São Paulo;Grande São Paulo Leste;Etec Itaquera II;285;Técnico;Gestão e Negócios;Gestão;Administração;Noite;60;40;1,50;
Metropolitana da Grande São Paulo;Metropolitana da Grande São Paulo;São Paulo;Grande São Paulo Leste;Etec Itaquera II;285;Técnico;Produção Cultural e Design;Design;Design de Interiores;Noite;83;40;2,07;
Metropolitana da Grande São Paulo;Metropolitana da Grande São Paulo;São Paulo;Grande São Paulo Leste;Etec Itaquera II;285;Técnico;Infraestrutura;Construção Civil;Edificações;Noite;102;40;2,54;
Metropolitana da Grande São Paulo;Metropolitana da Grande São Paulo;São Paulo;Grande São Paulo Noroeste;Etec Jaraguá;228;Técnico;Gestão e Negócios;Gestão;Administração;Tarde;84;40;2,10;
Metropolitana da Grande São Paulo;Metropolitana da Grande São Paulo;São Paulo;Grande São Paulo Noroeste;Etec Jaraguá;228;Técnico;Gestão e Negócios;Gestão;Administração;Noite;72;40;1,80;
Metropolitana da Grande São Paulo;Metropolitana da Grande São Paulo;São Paulo;Grande São Paulo Noroeste;Etec Jaraguá;228;Técnico;Controle e Processos Industriais;Indústria;Eletrotécnica;Noite;79;40;1,97;
Metropolitana da Grande São Paulo;Metropolitana da Grande São Paulo;São Paulo;Grande São Paulo Noroeste;Etec Jaraguá;228;Técnico;Gestão e Negócios;Gestão;Logística;Noite;50;40;1,25;
Metropolitana da Grande São Paulo;Metropolitana da Grande São Paulo;São Paulo;Grande São Paulo Noroeste;Etec Jaraguá;228;Técnico;Informação e Comunicação;Informática;Manutenção e Suporte em Informática;Noite;63;40;1,57;
Metropolitana da Grande São Paulo;Metropolitana da Grande São Paulo;São Paulo;Grande São Paulo Sul/Baixada Santista;Etec Jardim Ângela;221;Técnico;Gestão e Negócios;Gestão;Contabilidade;Noite;53;40;1,32;
Metropolitana da Grande São Paulo;Metropolitana da Grande São Paulo;São Paulo;Grande São Paulo Sul/Baixada Santista;Etec Jardim Ângela;221;Técnico;Informação e Comunicação;Informática;Desenvolvimento de Sistemas;Noite;130;40;3,25;
Metropolitana da Grande São Paulo;Metropolitana da Grande São Paulo;São Paulo;Grande São Paulo Sul/Baixada Santista;Etec Jardim Ângela;221;Técnico;Gestão e Negócios;Gestão;Recursos Humanos;Noite;53;40;1,32;
Metropolitana da Grande São Paulo;Metropolitana da Grande São Paulo;São Paulo;Grande São Paulo Sul/Baixada Santista;Etec Jardim Ângela;221;Técnico;Segurança;Saúde;Segurança do Trabalho;Noite;76;40;1,90;
Metropolitana da Grande São Paulo;Metropolitana da Grande São Paulo;São Paulo;Grande São Paulo Sul/Baixada Santista;Etec Jardim Ângela (CEU Feitiço da Vila);221.04 - Etec/Ceu;Técnico;Gestão e Negócios;Gestão;Administração;Noite;49;30;1,63;
Metropolitana da Grande São Paulo;Metropolitana da Grande São Paulo;São Paulo;Grande São Paulo Sul/Baixada Santista;Etec Jardim Ângela (CEU Guarapiranga);221.05 - Etec/Ceu;Técnico;Gestão e Negócios;Gestão;Serviços Jurídicos;Noite;49;30;1,63;
Metropolitana da Grande São Paulo;Metropolitana da Grande São Paulo;São Paulo;Grande São Paulo Sul/Baixada Santista;Etec Jardim Ângela (CEU Vila do Sol);221.01 - Etec/Ceu;Técnico;Gestão e Negócios;Gestão;Administração;Noite;59;60;0,98;
Metropolitana da Grande São Paulo;Metropolitana da Grande São Paulo;São Paulo;Grande São Paulo Sul/Baixada Santista;Etec Jornalista Roberto Marinho;253;Técnico;Produção Cultural e Design;Design;Produção de Áudio e Vídeo;Noite;180;40;4,50;
Metropolitana da Grande São Paulo;Metropolitana da Grande São Paulo;São Paulo;Grande São Paulo Leste;Etec José Rocha Mendes;076;Técnico;Gestão e Negócios;Gestão;Administração;Noite;53;40;1,32;
Metropolitana da Grande São Paulo;Metropolitana da Grande São Paulo;São Paulo;Grande São Paulo Leste;Etec José Rocha Mendes;076;Técnico;Produção Cultural e Design;Design;Design Gráfico;Noite;135;40;3,37;
Metropolitana da Grande São Paulo;Metropolitana da Grande São Paulo;São Paulo;Grande São Paulo Leste;Etec José Rocha Mendes;076;Técnico;Controle e Processos Industriais;Indústria;Eletrotécnica;Noite;50;40;1,25;
Metropolitana da Grande São Paulo;Metropolitana da Grande São Paulo;São Paulo;Grande São Paulo Leste;Etec José Rocha Mendes;076;Técnico;Segurança;Saúde;Segurança do Trabalho;Noite;60;40;1,50;
Metropolitana da Grande São Paulo;Metropolitana da Grande São Paulo;São Paulo;Grande São Paulo Leste;Etec José Rocha Mendes (EE Amadeu Amaral);076.03 - Ext/Etec;Técnico;Gestão e Negócios;Gestão;Contabilidade;Noite;57;40;1,42;
Metropolitana da Grande São Paulo;Metropolitana da Grande São Paulo;São Paulo;Grande São Paulo Leste;Etec José Rocha Mendes (EE Brasílio Machado);076.01 - Ext/Etec;Técnico;Gestão e Negócios;Gestão;Comércio Exterior;Noite;46;40;1,14;
Metropolitana da Grande São Paulo;Metropolitana da Grande São Paulo;São Paulo;Grande São Paulo Sul/Baixada Santista;Etec Juscelino Kubitschek de Oliveira (Associação Despertar - São Paulo);166.1 - Cd_Cps;Técnico;Gestão e Negócios;Gestão;Administração;Manhã;36;30;1,20;
Metropolitana da Grande São Paulo;Metropolitana da Grande São Paulo;São Paulo;Grande São Paulo Sul/Baixada Santista;Etec Juscelino Kubitschek de Oliveira (CEU Caminho do Mar);166.02 - Etec/Ceu;Técnico;Gestão e Negócios;Gestão;Administração;Noite;57;30;1,90;
Metropolitana da Grande São Paulo;Metropolitana da Grande São Paulo;São Paulo;Grande São Paulo Sul/Baixada Santista;Etec Juscelino Kubitschek de Oliveira (CEU Caminho do Mar);166.02 - Etec/Ceu;Técnico;Gestão e Negócios;Gestão;Finanças;Noite;35;30;1,16;
Metropolitana da Grande São Paulo;Metropolitana da Grande São Paulo;São Paulo;Grande São Paulo Sul/Baixada Santista;Etec Juscelino Kubitschek de Oliveira (CEU Caminho do Mar);166.02 - Etec/Ceu;Técnico;Gestão e Negócios;Gestão;Recursos Humanos;Noite;44;30;1,46;
Metropolitana da Grande São Paulo;Metropolitana da Grande São Paulo;São Paulo;Grande São Paulo Noroeste;Etec Mandaqui;247;Técnico;Infraestrutura;Construção Civil;Edificações;Noite;66;40;1,65;
Metropolitana da Grande São Paulo;Metropolitana da Grande São Paulo;São Paulo;Grande São Paulo Noroeste;Etec Mandaqui;247;Técnico;Ambiente e Saúde;Saúde;Enfermagem;Manhã;176;40;4,40;
Metropolitana da Grande São Paulo;Metropolitana da Grande São Paulo;São Paulo;Grande São Paulo Noroeste;Etec Mandaqui;247;Técnico;Ambiente e Saúde;Saúde;Nutrição e Dietética;Tarde;65;40;1,62;
Metropolitana da Grande São Paulo;Metropolitana da Grande São Paulo;São Paulo;Grande São Paulo Noroeste;Etec Mandaqui;247;Técnico;Ambiente e Saúde;Saúde;Nutrição e Dietética;Noite;71;40;1,77;
Metropolitana da Grande São Paulo;Metropolitana da Grande São Paulo;São Paulo;Grande São Paulo Leste;Etec Martin Luther King;085;Técnico;Gestão e Negócios;Gestão;Administração;Noite;77;40;1,92;
Metropolitana da Grande São Paulo;Metropolitana da Grande São Paulo;São Paulo;Grande São Paulo Leste;Etec Martin Luther King;085;Técnico;Controle e Processos Industriais;Indústria;Automação Industrial;Noite;52;40;1,30;
Metropolitana da Grande São Paulo;Metropolitana da Grande São Paulo;São Paulo;Grande São Paulo Leste;Etec Martin Luther King;085;Técnico;Controle e Processos Industriais;Indústria;Manutenção Automotiva;Noite;93;40;2,32;
Metropolitana da Grande São Paulo;Metropolitana da Grande São Paulo;São Paulo;Grande São Paulo Leste;Etec Martin Luther King;085;Técnico;Gestão e Negócios;Comércio;Marketing;Noite;80;40;2,00;
Metropolitana da Grande São Paulo;Metropolitana da Grande São Paulo;São Paulo;Grande São Paulo Leste;Etec Martin Luther King;085;Técnico;Controle e Processos Industriais;Indústria;Mecatrônica;Noite;92;40;2,29;
Metropolitana da Grande São Paulo;Metropolitana da Grande São Paulo;São Paulo;Grande São Paulo Leste;Etec Martin Luther King;085;Técnico;Controle e Processos Industriais;Indústria;Mecânica;Noite;59;40;1,47;
Metropolitana da Grande São Paulo;Metropolitana da Grande São Paulo;São Paulo;Grande São Paulo Leste;Etec Martin Luther King;085;Técnico;Gestão e Negócios;Gestão;Serviços Jurídicos;Noite;73;40;1,82;
Metropolitana da Grande São Paulo;Metropolitana da Grande São Paulo;São Paulo;Grande São Paulo Leste;Etec Parque Belém;220;Técnico;Informação e Comunicação;Informática;Informática para Internet;Tarde;47;40;1,17;
Metropolitana da Grande São Paulo;Metropolitana da Grande São Paulo;São Paulo;Grande São Paulo Leste;Etec Parque Belém;220;Técnico;Ambiente e Saúde;Saúde;Nutrição e Dietética (MNP);Noite;71;40;1,77;
Metropolitana da Grande São Paulo;Metropolitana da Grande São Paulo;São Paulo;Grande São Paulo Leste;Etec Parque Belém;220;Técnico;Segurança;Saúde;Segurança do Trabalho (MNP);Noite;52;40;1,30;
Metropolitana da Grande São Paulo;Metropolitana da Grande São Paulo;São Paulo;Grande São Paulo Noroeste;Etec Parque da Juventude;159;Técnico;Gestão e Negócios;Gestão;Administração;Noite;82;40;2,04;
Metropolitana da Grande São Paulo;Metropolitana da Grande São Paulo;São Paulo;Grande São Paulo Noroeste;Etec Parque da Juventude;159;Técnico;Desenvolvimento Educacional e Social;Lazer e Desenvolvimento Social;Biblioteconomia;Noite;75;40;1,87;
Metropolitana da Grande São Paulo;Metropolitana da Grande São Paulo;São Paulo;Grande São Paulo Noroeste;Etec Parque da Juventude;159;Técnico;Ambiente e Saúde;Saúde;Enfermagem;Tarde;138;40;3,45;
Metropolitana da Grande São Paulo;Metropolitana da Grande São Paulo;São Paulo;Grande São Paulo Noroeste;Etec Parque da Juventude;159;Técnico;Gestão e Negócios;Comércio;Marketing;Noite;63;40;1,57;
Metropolitana da Grande São Paulo;Metropolitana da Grande São Paulo;São Paulo;Grande São Paulo Noroeste;Etec Parque da Juventude;159;Técnico;Produção Cultural e Design;Design;Museologia;Noite;150;40;3,75;
Metropolitana da Grande São Paulo;Metropolitana da Grande São Paulo;São Paulo;Grande São Paulo Noroeste;Etec Parque da Juventude (CEU Jaçanã);159.02 - Etec/Ceu;Técnico;Gestão e Negócios;Gestão;Administração;Noite;47;30;1,56;
Metropolitana da Grande São Paulo;Metropolitana da Grande São Paulo;São Paulo;Grande São Paulo Noroeste;Etec Parque da Juventude (EMEFM Prof. Derville Allegretti);159.04 - Ext/Etec;Técnico;Gestão e Negócios;Gestão;Serviços Jurídicos;Noite;45;30;1,50;
Metropolitana da Grande São Paulo;Metropolitana da Grande São Paulo;São Paulo;Grande São Paulo Noroeste;Etec Paulistano;229;Técnico;Gestão e Negócios;Gestão;Administração;Noite;56;40;1,40;
Metropolitana da Grande São Paulo;Metropolitana da Grande São Paulo;São Paulo;Grande São Paulo Noroeste;Etec Paulistano;229;Técnico;Informação e Comunicação;Informática;Desenvolvimento de Sistemas;Noite;86;40;2,15;
Metropolitana da Grande São Paulo;Metropolitana da Grande São Paulo;São Paulo;Grande São Paulo Leste;Etec Professor Adhemar Batista Heméritas;207;Técnico;Informação e Comunicação;Informática;Desenvolvimento de Sistemas;Noite;61;40;1,52;
Metropolitana da Grande São Paulo;Metropolitana da Grande São Paulo;São Paulo;Grande São Paulo Leste;Etec Professor Adhemar Batista Heméritas;207;Técnico;Controle e Processos Industriais;Indústria;Eletrotécnica;Noite;46;40;1,14;
Metropolitana da Grande São Paulo;Metropolitana da Grande São Paulo;São Paulo;Grande São Paulo Leste;Etec Professor Adhemar Batista Heméritas;207;Técnico;Ambiente e Saúde;Saúde;Farmácia;Noite;100;40;2,50;
Metropolitana da Grande São Paulo;Metropolitana da Grande São Paulo;São Paulo;Grande São Paulo Leste;Etec Professor Adhemar Batista Heméritas;207;Técnico;Ambiente e Saúde;Saúde;Farmácia;Tarde;55;40;1,37;
Metropolitana da Grande São Paulo;Metropolitana da Grande São Paulo;São Paulo;Grande São Paulo Leste;Etec Professor Aprígio Gonzaga;034;Técnico;Gestão e Negócios;Gestão;Administração;Noite;67;40;1,67;
Metropolitana da Grande São Paulo;Metropolitana da Grande São Paulo;São Paulo;Grande São Paulo Leste;Etec Professor Aprígio Gonzaga;034;Técnico;Controle e Processos Industriais;Indústria;Eletrônica;Noite;48;40;1,20;
Metropolitana da Grande São Paulo;Metropolitana da Grande São Paulo;São Paulo;Grande São Paulo Leste;Etec Professor Aprígio Gonzaga;034;Técnico;Segurança;Saúde;Segurança do Trabalho;Noite;66;40;1,65;
Metropolitana da Grande São Paulo;Metropolitana da Grande São Paulo;São Paulo;Grande São Paulo Leste;Etec Professor Aprígio Gonzaga;034;Especialização;Turismo, Hospitalidade e Lazer;Turismo e Hospitalidade;Guia de Turismo Internacional ;Noite;31;40;0,77;
Metropolitana da Grande São Paulo;Metropolitana da Grande São Paulo;São Paulo;Grande São Paulo Leste;Etec Professor Aprígio Gonzaga (CEU Quinta do Sol);034.03 - Etec/Ceu;Técnico;Gestão e Negócios;Gestão;Administração;Noite;61;35;1,74;
Metropolitana da Grande São Paulo;Metropolitana da Grande São Paulo;São Paulo;Grande São Paulo Leste;Etec Professor Aprígio Gonzaga (CEU Quinta do Sol);034.03 - Etec/Ceu;Técnico;Informação e Comunicação;Informática;Informática;Noite;72;35;2,05;
Metropolitana da Grande São Paulo;Metropolitana da Grande São Paulo;São Paulo;Grande São Paulo Leste;Etec Professor Aprígio Gonzaga (EE Esther Frankel Sampaio);034.05 - Ext/Etec;Técnico;Informação e Comunicação;Informática;Desenvolvimento de Sistemas;Noite;62;40;1,55;
Metropolitana da Grande São Paulo;Metropolitana da Grande São Paulo;São Paulo;Grande São Paulo Noroeste;Etec Professor Basílides de Godoy;041;Técnico;Gestão e Negócios;Gestão;Administração;Noite;44;40;1,10;
Metropolitana da Grande São Paulo;Metropolitana da Grande São Paulo;São Paulo;Grande São Paulo Noroeste;Etec Professor Basílides de Godoy;041;Técnico;Informação e Comunicação;Informática;Desenvolvimento de Sistemas;Tarde;101;40;2,52;
Metropolitana da Grande São Paulo;Metropolitana da Grande São Paulo;São Paulo;Grande São Paulo Noroeste;Etec Professor Basílides de Godoy;041;Técnico;Informação e Comunicação;Informática;Desenvolvimento de Sistemas;Noite;57;40;1,42;
Metropolitana da Grande São Paulo;Metropolitana da Grande São Paulo;São Paulo;Grande São Paulo Noroeste;Etec Professor Basílides de Godoy;041;Técnico;Controle e Processos Industriais;Indústria;Eletrotécnica;Noite;92;40;2,29;
Metropolitana da Grande São Paulo;Metropolitana da Grande São Paulo;São Paulo;Grande São Paulo Noroeste;Etec Professor Basílides de Godoy;041;Técnico;Controle e Processos Industriais;Indústria;Mecatrônica;Noite;70;40;1,75;
Metropolitana da Grande São Paulo;Metropolitana da Grande São Paulo;São Paulo;Grande São Paulo Noroeste;Etec Professor Basílides de Godoy;041;Técnico;Controle e Processos Industriais;Indústria;Mecânica;Noite;66;40;1,65;
Metropolitana da Grande São Paulo;Metropolitana da Grande São Paulo;São Paulo;Grande São Paulo Noroeste;Etec Professor Basílides de Godoy (CEU Parque Anhanguera);041.03 - Etec/Ceu;Técnico;Gestão e Negócios;Gestão;Administração;Noite;85;35;2,42;
Metropolitana da Grande São Paulo;Metropolitana da Grande São Paulo;São Paulo;Grande São Paulo Noroeste;Etec Professor Basílides de Godoy (CEU Parque Anhanguera);041.03 - Etec/Ceu;Técnico;Gestão e Negócios;Comércio;Marketing;Noite;59;35;1,68;
Metropolitana da Grande São Paulo;Metropolitana da Grande São Paulo;São Paulo;Grande São Paulo Noroeste;Etec Professor Basílides de Godoy (CEU Parque Anhanguera);041.03 - Etec/Ceu;Técnico;Gestão e Negócios;Gestão;Qualidade;Noite;55;35;1,57;
Metropolitana da Grande São Paulo;Metropolitana da Grande São Paulo;São Paulo;Grande São Paulo Leste;Etec Professor Camargo Aranha;012;Técnico;Gestão e Negócios;Gestão;Administração;Noite;34;40;0,85;
Metropolitana da Grande São Paulo;Metropolitana da Grande São Paulo;São Paulo;Grande São Paulo Leste;Etec Professor Camargo Aranha;012;Técnico;Informação e Comunicação;Informática;Desenvolvimento de Sistemas;Noite;118;40;2,95;
Metropolitana da Grande São Paulo;Metropolitana da Grande São Paulo;São Paulo;Grande São Paulo Leste;Etec Professor Camargo Aranha;012;Técnico;Gestão e Negócios;Gestão;Finanças;Noite;37;40;0,92;
Metropolitana da Grande São Paulo;Metropolitana da Grande São Paulo;São Paulo;Grande São Paulo Leste;Etec Professor Camargo Aranha;012;Técnico;Turismo, Hospitalidade e Lazer;Turismo e Hospitalidade;Gastronomia;Noite;71;40;1,77;
Metropolitana da Grande São Paulo;Metropolitana da Grande São Paulo;São Paulo;Grande São Paulo Leste;Etec Professor Camargo Aranha;012;Técnico;Gestão e Negócios;Comércio;Marketing;Noite;55;40;1,37;
Metropolitana da Grande São Paulo;Metropolitana da Grande São Paulo;São Paulo;Grande São Paulo Leste;Etec Professor Horácio Augusto da Silveira;064;Técnico;Gestão e Negócios;Gestão;Administração;Noite;69;40;1,72;
Metropolitana da Grande São Paulo;Metropolitana da Grande São Paulo;São Paulo;Grande São Paulo Leste;Etec Professor Horácio Augusto da Silveira;064;Técnico;Gestão e Negócios;Gestão;Contabilidade;Noite;52;40;1,30;
Metropolitana da Grande São Paulo;Metropolitana da Grande São Paulo;São Paulo;Grande São Paulo Leste;Etec Professor Horácio Augusto da Silveira;064;Técnico;Informação e Comunicação;Informática;Desenvolvimento de Sistemas;Noite;127;40;3,17;
Metropolitana da Grande São Paulo;Metropolitana da Grande São Paulo;São Paulo;Grande São Paulo Leste;Etec Professor Horácio Augusto da Silveira;064;Técnico;Controle e Processos Industriais;Indústria;Eletrotécnica;Noite;82;40;2,04;
Metropolitana da Grande São Paulo;Metropolitana da Grande São Paulo;São Paulo;Grande São Paulo Leste;Etec Professor Horácio Augusto da Silveira;064;Técnico;Controle e Processos Industriais;Indústria;Eletrônica (MNP);Noite;44;40;1,10;
Metropolitana da Grande São Paulo;Metropolitana da Grande São Paulo;São Paulo;Grande São Paulo Leste;Etec Professor Horácio Augusto da Silveira;064;Técnico;Controle e Processos Industriais;Indústria;Mecatrônica;Tarde;41;40;1,02;
Metropolitana da Grande São Paulo;Metropolitana da Grande São Paulo;São Paulo;Grande São Paulo Leste;Etec Professor Horácio Augusto da Silveira;064;Técnico;Controle e Processos Industriais;Indústria;Mecânica;Noite;43;40;1,07;
Metropolitana da Grande São Paulo;Metropolitana da Grande São Paulo;São Paulo;Grande São Paulo Leste;Etec Professor Horácio Augusto da Silveira;064;Técnico;Gestão e Negócios;Gestão;Recursos Humanos;Noite;47;40;1,17;
Metropolitana da Grande São Paulo;Metropolitana da Grande São Paulo;São Paulo;Grande São Paulo Leste;Etec Professor Horácio Augusto da Silveira;064;Técnico;Controle e Processos Industriais;Indústria;Sistemas de Energia Renovável - Ead;Manhã;43;40;1,07;
Metropolitana da Grande São Paulo;Metropolitana da Grande São Paulo;São Paulo;Grande São Paulo Leste;Etec Professor Horácio Augusto da Silveira (EE Albino César);064.05 - Ext/Etec;Técnico;Gestão e Negócios;Gestão;Administração;Noite;44;35;1,25;
Metropolitana da Grande São Paulo;Metropolitana da Grande São Paulo;São Paulo;Grande São Paulo Noroeste;Etec Professora Doutora Doroti Quiomi Kanashiro Toyohara;254;Técnico;Gestão e Negócios;Gestão;Contabilidade;Noite;67;40;1,67;
Metropolitana da Grande São Paulo;Metropolitana da Grande São Paulo;São Paulo;Grande São Paulo Noroeste;Etec Professora Doutora Doroti Quiomi Kanashiro Toyohara;254;Técnico;Controle e Processos Industriais;Indústria;Eletroeletrônica;Noite;64;40;1,60;
Metropolitana da Grande São Paulo;Metropolitana da Grande São Paulo;São Paulo;Grande São Paulo Noroeste;Etec Professora Doutora Doroti Quiomi Kanashiro Toyohara;254;Técnico;Segurança;Saúde;Segurança do Trabalho;Noite;86;40;2,15;
Metropolitana da Grande São Paulo;Metropolitana da Grande São Paulo;São Paulo;Grande São Paulo Noroeste;Etec Raposo Tavares;225;Técnico;Gestão e Negócios;Gestão;Administração;Noite;86;40;2,15;
Metropolitana da Grande São Paulo;Metropolitana da Grande São Paulo;São Paulo;Grande São Paulo Noroeste;Etec Raposo Tavares;225;Técnico;Produção Industrial;Química;Química;Noite;79;40;1,97;
Metropolitana da Grande São Paulo;Metropolitana da Grande São Paulo;São Paulo;Grande São Paulo Noroeste;Etec Raposo Tavares;225;Técnico;Gestão e Negócios;Gestão;Recursos Humanos;Noite;55;40;1,37;
Metropolitana da Grande São Paulo;Metropolitana da Grande São Paulo;São Paulo;Grande São Paulo Noroeste;Etec Santa Ifigênia;260;Técnico;Turismo, Hospitalidade e Lazer;Turismo e Hospitalidade;Gastronomia;Noite;132;40;3,30;
Metropolitana da Grande São Paulo;Metropolitana da Grande São Paulo;São Paulo;Grande São Paulo Leste;Etec São Mateus;227;Técnico;Gestão e Negócios;Gestão;Administração;Noite;64;40;1,60;
Metropolitana da Grande São Paulo;Metropolitana da Grande São Paulo;São Paulo;Grande São Paulo Leste;Etec São Mateus;227;Técnico;Controle e Processos Industriais;Indústria;Eletrônica (MNP);Noite;47;40;1,17;
Metropolitana da Grande São Paulo;Metropolitana da Grande São Paulo;São Paulo;Grande São Paulo Leste;Etec São Mateus;227;Técnico;Ambiente e Saúde;Saúde;Nutrição e Dietética;Noite;58;40;1,45;
Metropolitana da Grande São Paulo;Metropolitana da Grande São Paulo;São Paulo;Grande São Paulo Leste;Etec São Mateus;227;Técnico;Segurança;Saúde;Segurança do Trabalho;Noite;54;40;1,35;
Metropolitana da Grande São Paulo;Metropolitana da Grande São Paulo;São Paulo;Grande São Paulo Noroeste;Etec Sebrae;273;Técnico;Informação e Comunicação;Informática;Informática para Internet;Noite;44;35;1,25;
Metropolitana da Grande São Paulo;Metropolitana da Grande São Paulo;São Paulo;Grande São Paulo Noroeste;Etec Sebrae;273;Especialização;Informação e Comunicação;Informática;Desenvolvimento de Aplicativos para Smartphones;Noite;29;35;0,82;
Metropolitana da Grande São Paulo;Metropolitana da Grande São Paulo;São Paulo;Grande São Paulo Noroeste;Etec Takashi Morita;200;Técnico;Gestão e Negócios;Gestão;Administração;Noite;99;40;2,47;
Metropolitana da Grande São Paulo;Metropolitana da Grande São Paulo;São Paulo;Grande São Paulo Noroeste;Etec Takashi Morita;200;Técnico;Controle e Processos Industriais;Indústria;Eletrotécnica;Noite;158;40;3,95;
Metropolitana da Grande São Paulo;Metropolitana da Grande São Paulo;São Paulo;Grande São Paulo Noroeste;Etec Takashi Morita;200;Técnico;Segurança;Saúde;Segurança do Trabalho;Noite;91;40;2,27;
Metropolitana da Grande São Paulo;Metropolitana da Grande São Paulo;São Paulo;Grande São Paulo Noroeste;Etec Takashi Morita (CEU Alvarenga);200.02 - Etec/Ceu;Técnico;Gestão e Negócios;Gestão;Administração;Noite;75;30;2,50;
Metropolitana da Grande São Paulo;Metropolitana da Grande São Paulo;São Paulo;Grande São Paulo Noroeste;Etec Takashi Morita (CEU Parelheiros);200.04 - Etec/Ceu;Técnico;Gestão e Negócios;Gestão;Administração;Noite;56;30;1,86;
Metropolitana da Grande São Paulo;Metropolitana da Grande São Paulo;São Paulo;Grande São Paulo Leste;Etec Tereza Aparecida Cardoso Nunes de Oliveira;186;Técnico;Gestão e Negócios;Gestão;Administração;Noite;53;40;1,32;
Metropolitana da Grande São Paulo;Metropolitana da Grande São Paulo;São Paulo;Grande São Paulo Leste;Etec Tereza Aparecida Cardoso Nunes de Oliveira;186;Técnico;Controle e Processos Industriais;Indústria;Automação Industrial;Noite;43;40;1,07;
Metropolitana da Grande São Paulo;Metropolitana da Grande São Paulo;São Paulo;Grande São Paulo Leste;Etec Tereza Aparecida Cardoso Nunes de Oliveira;186;Técnico;Controle e Processos Industriais;Indústria;Eletrotécnica;Noite;78;40;1,95;
Metropolitana da Grande São Paulo;Metropolitana da Grande São Paulo;São Paulo;Grande São Paulo Leste;Etec Tereza Aparecida Cardoso Nunes de Oliveira;186;Técnico;Gestão e Negócios;Gestão;Serviços Jurídicos;Noite;48;40;1,20;
Metropolitana da Grande São Paulo;Metropolitana da Grande São Paulo;São Paulo;Grande São Paulo Noroeste;Etec Uirapuru;230;Técnico;Informação e Comunicação;Informática;Desenvolvimento de Sistemas;Noite;106;40;2,65;
Metropolitana da Grande São Paulo;Metropolitana da Grande São Paulo;São Paulo;Grande São Paulo Noroeste;Etec Uirapuru;230;Técnico;Ambiente e Saúde;Saúde;Enfermagem;Manhã;139;40;3,47;
Metropolitana da Grande São Paulo;Metropolitana da Grande São Paulo;São Paulo;Grande São Paulo Noroeste;Etec Uirapuru;230;Técnico;Turismo, Hospitalidade e Lazer;Turismo e Hospitalidade;Gastronomia;Noite;58;40;1,45;
Metropolitana da Grande São Paulo;Metropolitana da Grande São Paulo;São Paulo;Grande São Paulo Leste;Etec Zona Leste;211;Técnico;Gestão e Negócios;Gestão;Administração (MNP);Manhã;119;35;3,40;
Metropolitana da Grande São Paulo;Metropolitana da Grande São Paulo;São Paulo;Grande São Paulo Leste;Etec Zona Leste;211;Técnico;Gestão e Negócios;Gestão;Administração (MNP);Noite;93;70;1,32;
Metropolitana da Grande São Paulo;Metropolitana da Grande São Paulo;São Paulo;Grande São Paulo Leste;Etec Zona Leste;211;Técnico;Gestão e Negócios;Gestão;Contabilidade;Noite;67;35;1,91;
Metropolitana da Grande São Paulo;Metropolitana da Grande São Paulo;São Paulo;Grande São Paulo Leste;Etec Zona Leste;211;Técnico;Informação e Comunicação;Informática;Desenvolvimento de Sistemas (MNP);Noite;189;35;5,40;
Metropolitana da Grande São Paulo;Metropolitana da Grande São Paulo;São Paulo;Grande São Paulo Leste;Etec Zona Leste;211;Técnico;Gestão e Negócios;Gestão;Logística (MNP);Noite;43;35;1,22;
Metropolitana da Grande São Paulo;Metropolitana da Grande São Paulo;São Paulo;Grande São Paulo Leste;Etec Zona Leste;211;Técnico;Gestão e Negócios;Gestão;Serviços Jurídicos (MNP);Noite;58;35;1,65;
Metropolitana da Grande São Paulo;Metropolitana da Grande São Paulo;São Paulo;Grande São Paulo Leste;Etec Zona Leste (CEU Parque São Carlos);211.02 - Etec/Ceu;Técnico;Gestão e Negócios;Gestão;Recursos Humanos;Noite;53;30;1,76;
Metropolitana da Grande São Paulo;Metropolitana da Grande São Paulo;São Paulo;Grande São Paulo Leste;Etec Zona Leste (CEU São Miguel - Luiz Melodia);211.04 - Etec/Ceu;Técnico;Gestão e Negócios;Gestão;Finanças;Noite;43;30;1,43;
Metropolitana da Grande São Paulo;Metropolitana da Grande São Paulo;Suzano;Grande São Paulo Leste;Etec de Suzano;190;Técnico;Gestão e Negócios;Gestão;Administração;Noite;191;40;4,77;
Metropolitana da Grande São Paulo;Metropolitana da Grande São Paulo;Suzano;Grande São Paulo Leste;Etec de Suzano;190;Técnico;Ambiente e Saúde;Saúde;Enfermagem;Tarde;73;40;1,82;
Metropolitana da Grande São Paulo;Metropolitana da Grande São Paulo;Suzano;Grande São Paulo Leste;Etec de Suzano;190;Técnico;Ambiente e Saúde;Saúde;Enfermagem;Manhã;113;40;2,82;
Metropolitana da Grande São Paulo;Metropolitana da Grande São Paulo;Suzano;Grande São Paulo Leste;Etec de Suzano;190;Técnico;Produção Industrial;Química;Química;Noite;171;80;2,13;
Metropolitana da Grande São Paulo;Metropolitana da Grande São Paulo;Taboão da Serra;Grande São Paulo Sul/Baixada Santista;Etec de Taboão da Serra;293;Técnico;Informação e Comunicação;Informática;Desenvolvimento de Sistemas (MNP);Noite;143;40;3,57;
Metropolitana da Grande São Paulo;Metropolitana da Grande São Paulo;Vargem Grande Paulista;Sorocaba;Etec de Mairinque (UNIVESP - Vargem Grande Paulista);235.1 - Cd_Cps;Técnico;Gestão e Negócios;Gestão;Recursos Humanos;Noite;38;40;0,95;
Metropolitana de Campinas;Bragança Paulista;Amparo;Campinas Sul;Etec João Belarmino;067;Técnico;Gestão e Negócios;Gestão;Administração;Noite;118;40;2,95;
Metropolitana de Campinas;Bragança Paulista;Amparo;Campinas Sul;Etec João Belarmino;067;Técnico;Gestão e Negócios;Gestão;Contabilidade;Noite;40;40;1,00;
Metropolitana de Campinas;Bragança Paulista;Amparo;Campinas Sul;Etec João Belarmino;067;Técnico;Controle e Processos Industriais;Indústria;Eletrotécnica;Noite;104;40;2,60;
Metropolitana de Campinas;Bragança Paulista;Amparo;Campinas Sul;Etec João Belarmino;067;Técnico;Gestão e Negócios;Gestão;Logística;Noite;55;40;1,37;
Metropolitana de Campinas;Bragança Paulista;Amparo;Campinas Sul;Etec João Belarmino;067;Técnico;Controle e Processos Industriais;Indústria;Mecânica;Noite;96;40;2,40;
Metropolitana de Campinas;Bragança Paulista;Amparo;Campinas Sul;Etec João Belarmino;067;Técnico;Produção Industrial;Química;Química;Noite;48;40;1,20;
Metropolitana de Campinas;Bragança Paulista;Amparo;Campinas Sul;Etec João Belarmino;067;Técnico;Segurança;Saúde;Segurança do Trabalho;Noite;72;40;1,80;
Metropolitana de Campinas;Bragança Paulista;Atibaia;Campinas Sul;Etec Professor Carmine Biagio Tundisi;147;Técnico;Gestão e Negócios;Gestão;Administração;Noite;65;40;1,62;
Metropolitana de Campinas;Bragança Paulista;Atibaia;Campinas Sul;Etec Professor Carmine Biagio Tundisi;147;Técnico;Ambiente e Saúde;Saúde;Enfermagem;Noite;164;40;4,09;
Metropolitana de Campinas;Jundiaí;Campo Limpo Paulista;Campinas Sul;Etec de Campo Limpo Paulista;201;;;;;Tarde;46;25;1,84;
Metropolitana de Campinas;Jundiaí;Campo Limpo Paulista;Campinas Sul;Etec de Campo Limpo Paulista;201;Técnico;Controle e Processos Industriais;Indústria;Automação Industrial;Noite;95;40;2,37;
Metropolitana de Campinas;Jundiaí;Campo Limpo Paulista;Campinas Sul;Etec de Campo Limpo Paulista;201;Técnico;Ambiente e Saúde;Saúde;Enfermagem;Tarde;123;40;3,07;
Metropolitana de Campinas;Jundiaí;Itatiba;Campinas Sul;Etec Rosa Perrone Scavone;100;Técnico;Gestão e Negócios;Gestão;Administração;Noite;64;40;1,60;
Metropolitana de Campinas;Jundiaí;Itatiba;Campinas Sul;Etec Rosa Perrone Scavone;100;Técnico;Controle e Processos Industriais;Indústria;Eletromecânica;Noite;58;40;1,45;
Metropolitana de Campinas;Jundiaí;Itatiba;Campinas Sul;Etec Rosa Perrone Scavone;100;Técnico;Controle e Processos Industriais;Indústria;Eletrotécnica;Noite;62;40;1,55;
Metropolitana de Campinas;Jundiaí;Itatiba;Campinas Sul;Etec Rosa Perrone Scavone;100;Técnico;Informação e Comunicação;Informática;Informática;Noite;79;40;1,97;
Metropolitana de Campinas;Jundiaí;Itatiba;Campinas Sul;Etec Rosa Perrone Scavone;100;Técnico;Gestão e Negócios;Gestão;Logística;Noite;45;40;1,12;
Metropolitana de Campinas;Jundiaí;Itatiba;Campinas Sul;Etec Rosa Perrone Scavone;100;Técnico;Controle e Processos Industriais;Indústria;Mecânica;Noite;47;40;1,17;
Metropolitana de Campinas;Jundiaí;Jarinu;Campinas Sul;Etec de Campo Limpo Paulista (Centro de Formação Profissionalizante Prefeito Julio Zanoni - Jarinu);201.3 - Cd_Cps;Técnico;Gestão e Negócios;Gestão;Administração;Noite;81;40;2,02;
Metropolitana de Campinas;Jundiaí;Jundiaí;Campinas Sul;Etec Benedito Storani;042;Técnico;Produção Industrial;Química;Química;Noite;128;40;3,20;
Metropolitana de Campinas;Jundiaí;Jundiaí;Campinas Sul;Etec Vasco Antonio Venchiarutti;008;Técnico;Gestão e Negócios;Gestão;Administração;Noite;84;40;2,10;
Metropolitana de Campinas;Jundiaí;Jundiaí;Campinas Sul;Etec Vasco Antonio Venchiarutti;008;Técnico;Infraestrutura;Geomática;Agrimensura;Noite;66;40;1,65;
Metropolitana de Campinas;Jundiaí;Jundiaí;Campinas Sul;Etec Vasco Antonio Venchiarutti;008;Técnico;Informação e Comunicação;Informática;Desenvolvimento de Sistemas;Noite;112;40;2,80;
Metropolitana de Campinas;Jundiaí;Jundiaí;Campinas Sul;Etec Vasco Antonio Venchiarutti;008;Técnico;Produção Cultural e Design;Design;Design de Interiores;Noite;48;40;1,20;
Metropolitana de Campinas;Jundiaí;Jundiaí;Campinas Sul;Etec Vasco Antonio Venchiarutti;008;Técnico;Infraestrutura;Construção Civil;Edificações;Noite;72;40;1,80;
Metropolitana de Campinas;Jundiaí;Jundiaí;Campinas Sul;Etec Vasco Antonio Venchiarutti;008;Técnico;Ambiente e Saúde;Meio Ambiente;Meio Ambiente;Noite;56;40;1,40;
Metropolitana de Campinas;Jundiaí;Jundiaí;Campinas Sul;Etec Vasco Antonio Venchiarutti;008;Técnico;Segurança;Saúde;Segurança do Trabalho;Noite;88;40;2,20;
Metropolitana de Campinas;Limeira;Araras;Campinas Norte;Etec Prefeito Alberto Feres;024;Técnico;Controle e Processos Industriais;Indústria;Eletromecânica;Noite;48;40;1,20;
Metropolitana de Campinas;Limeira;Araras;Campinas Norte;Etec Prefeito Alberto Feres;024;Técnico;Controle e Processos Industriais;Indústria;Eletrotécnica;Noite;51;40;1,27;
Metropolitana de Campinas;Limeira;Araras;Campinas Norte;Etec Prefeito Alberto Feres;024;Técnico;Ambiente e Saúde;Saúde;Enfermagem;Noite;124;40;3,10;
Metropolitana de Campinas;Limeira;Araras;Campinas Norte;Etec Prefeito Alberto Feres;024;Técnico;Controle e Processos Industriais;Indústria;Mecânica;Noite;47;40;1,17;
Metropolitana de Campinas;Limeira;Araras;Campinas Norte;Etec Prefeito Alberto Feres;024;Técnico;Ambiente e Saúde;Saúde;Nutrição e Dietética;Noite;47;40;1,17;
Metropolitana de Campinas;Limeira;Araras;Campinas Norte;Etec Prefeito Alberto Feres;024;Técnico;Produção Industrial;Química;Química;Noite;68;40;1,70;
Metropolitana de Campinas;Limeira;Araras;Campinas Norte;Etec Prefeito Alberto Feres (EE Dr. Cesário Coimbra);024.01 - Ext/Etec;Técnico;Gestão e Negócios;Gestão;Administração;Noite;68;40;1,70;
Metropolitana de Campinas;Limeira;Araras;Campinas Norte;Etec Prefeito Alberto Feres (EE Dr. Cesário Coimbra);024.01 - Ext/Etec;Técnico;Informação e Comunicação;Informática;Desenvolvimento de Sistemas;Noite;70;40;1,75;
Metropolitana de Campinas;Limeira;Araras;Campinas Norte;Etec Prefeito Alberto Feres (EE Dr. Cesário Coimbra);024.01 - Ext/Etec;Técnico;Gestão e Negócios;Gestão;Recursos Humanos;Noite;67;40;1,67;
Metropolitana de Campinas;Limeira;Leme;Campinas Norte;Etec Deputado Salim Sedeh;110;Técnico;Gestão e Negócios;Gestão;Administração;Noite;123;40;3,07;
Metropolitana de Campinas;Limeira;Leme;Campinas Norte;Etec Deputado Salim Sedeh;110;Técnico;Informação e Comunicação;Informática;Desenvolvimento de Sistemas;Noite;93;40;2,32;
Metropolitana de Campinas;Limeira;Leme;Campinas Norte;Etec Deputado Salim Sedeh;110;Técnico;Ambiente e Saúde;Saúde;Farmácia;Noite;76;40;1,90;
Metropolitana de Campinas;Limeira;Limeira;Campinas Norte;Etec Trajano Camargo;104;Técnico;Controle e Processos Industriais;Indústria;Eletroeletrônica;Noite;63;40;1,57;
Metropolitana de Campinas;Limeira;Pirassununga;Campinas Norte;Etec Tenente Aviador Gustavo Klug;139;Técnico;Gestão e Negócios;Gestão;Administração;Noite;59;40;1,47;
Metropolitana de Campinas;Limeira;Pirassununga;Campinas Norte;Etec Tenente Aviador Gustavo Klug;139;Técnico;Controle e Processos Industriais;Indústria;Eletroeletrônica;Noite;48;40;1,20;
Metropolitana de Campinas;Limeira;Pirassununga;Campinas Norte;Etec Tenente Aviador Gustavo Klug;139;Técnico;Ambiente e Saúde;Saúde;Enfermagem;Manhã;124;40;3,10;
Metropolitana de Campinas;Limeira;Pirassununga;Campinas Norte;Etec Tenente Aviador Gustavo Klug;139;Técnico;Turismo, Hospitalidade e Lazer;Turismo e Hospitalidade;Turismo Receptivo;Noite;47;40;1,17;
Metropolitana de Campinas;Metropolitana de Campinas;Americana;Campinas Sul;Etec Polivalente de Americana;006;Técnico;Gestão e Negócios;Gestão;Administração;Noite;82;40;2,04;
Metropolitana de Campinas;Metropolitana de Campinas;Americana;Campinas Sul;Etec Polivalente de Americana;006;Técnico;Produção Cultural e Design;Design;Design de Interiores;Noite;48;40;1,20;
Metropolitana de Campinas;Metropolitana de Campinas;Americana;Campinas Sul;Etec Polivalente de Americana;006;Técnico;Controle e Processos Industriais;Indústria;Mecânica;Noite;81;40;2,02;
Metropolitana de Campinas;Metropolitana de Campinas;Americana;Campinas Sul;Etec Polivalente de Americana;006;Técnico;Segurança;Saúde;Segurança do Trabalho;Noite;60;40;1,50;
Metropolitana de Campinas;Metropolitana de Campinas;Campinas;Campinas Sul;Etec Bento Quirino;043;Técnico;Gestão e Negócios;Gestão;Administração;Noite;37;35;1,05;
Metropolitana de Campinas;Metropolitana de Campinas;Campinas;Campinas Sul;Etec Bento Quirino;043;Técnico;Informação e Comunicação;Informática;Desenvolvimento de Sistemas;Manhã;144;35;4,11;
Metropolitana de Campinas;Metropolitana de Campinas;Campinas;Campinas Sul;Etec Bento Quirino;043;Técnico;Controle e Processos Industriais;Indústria;Eletrotécnica;Noite;83;35;2,37;
Metropolitana de Campinas;Metropolitana de Campinas;Campinas;Campinas Sul;Etec Bento Quirino;043;Técnico;Controle e Processos Industriais;Indústria;Eletrônica;Noite;52;35;1,48;
Metropolitana de Campinas;Metropolitana de Campinas;Campinas;Campinas Sul;Etec Bento Quirino;043;Técnico;Controle e Processos Industriais;Indústria;Mecânica;Noite;67;35;1,91;
Metropolitana de Campinas;Metropolitana de Campinas;Campinas;Campinas Sul;Etec Bento Quirino (EE Francisco Glicério);043.04 - Ext/Etec;Técnico;Gestão e Negócios;Gestão;Administração;Noite;86;35;2,45;
Metropolitana de Campinas;Metropolitana de Campinas;Campinas;Campinas Sul;Etec Bento Quirino (EE Francisco Glicério);043.04 - Ext/Etec;Técnico;Gestão e Negócios;Gestão;Contabilidade;Noite;32;35;0,91;
Metropolitana de Campinas;Metropolitana de Campinas;Campinas;Campinas Sul;Etec Bento Quirino (EE Francisco Glicério);043.04 - Ext/Etec;Técnico;Gestão e Negócios;Gestão;Recursos Humanos;Noite;41;35;1,17;
Metropolitana de Campinas;Metropolitana de Campinas;Campinas;Campinas Sul;Etec Bento Quirino (EE Hercy Moraes);043.01 - Ext/Etec;Técnico;Gestão e Negócios;Gestão;Administração;Noite;44;35;1,25;
Metropolitana de Campinas;Metropolitana de Campinas;Campinas;Campinas Sul;Etec Conselheiro Antonio Prado;007;Técnico;Produção Industrial;Meio Ambiente;Biotecnologia;Noite;107;40;2,67;
Metropolitana de Campinas;Metropolitana de Campinas;Campinas;Campinas Sul;Etec Conselheiro Antonio Prado;007;Técnico;Ambiente e Saúde;Saúde;Farmácia;Noite;87;40;2,17;
Metropolitana de Campinas;Metropolitana de Campinas;Campinas;Campinas Sul;Etec Conselheiro Antonio Prado;007;Técnico;Produção Industrial;Química;Química;Noite;122;40;3,05;
Metropolitana de Campinas;Metropolitana de Campinas;Cosmópolis;Campinas Norte;Etec Trajano Camargo (EMEB Paulo Freire - Cosmópolis);104.4 - Cd_Cps;Técnico;Gestão e Negócios;Gestão;Logística;Noite;149;40;3,72;
Metropolitana de Campinas;Metropolitana de Campinas;Hortolândia;Campinas Sul;Etec de Hortolândia;115;Técnico;Gestão e Negócios;Gestão;Administração;Noite;157;40;3,92;
Metropolitana de Campinas;Metropolitana de Campinas;Hortolândia;Campinas Sul;Etec de Hortolândia;115;Técnico;Informação e Comunicação;Informática;Informática para Internet;Noite;122;40;3,05;
Metropolitana de Campinas;Metropolitana de Campinas;Hortolândia;Campinas Sul;Etec de Hortolândia;115;Técnico;Ambiente e Saúde;Saúde;Nutrição e Dietética;Noite;80;40;2,00;
Metropolitana de Campinas;Metropolitana de Campinas;Itapira;Campinas Norte;Etec João Maria Stevanatto;218;Técnico;Ambiente e Saúde;Saúde;Enfermagem;Noite;119;40;2,97;
Metropolitana de Campinas;Metropolitana de Campinas;Itapira;Campinas Norte;Etec João Maria Stevanatto;218;Técnico;Gestão e Negócios;Comércio;Marketing;Noite;44;40;1,10;
Metropolitana de Campinas;Metropolitana de Campinas;Itapira;Campinas Norte;Etec João Maria Stevanatto;218;Técnico;Produção Industrial;Química;Química;Noite;44;40;1,10;
Metropolitana de Campinas;Metropolitana de Campinas;Jaguariúna;Campinas Norte;Etec Euro Albino de Souza (EM Professor José Roberto Chiavegato - Bita - Jaguariúna);206.1 - Cd_Cps;Técnico;Gestão e Negócios;Gestão;Administração;Noite;64;40;1,60;
Metropolitana de Campinas;Metropolitana de Campinas;Mogi Guaçu;Campinas Norte;Etec Euro Albino de Souza;206;Técnico;Controle e Processos Industriais;Indústria;Automação Industrial;Noite;69;40;1,72;
Metropolitana de Campinas;Metropolitana de Campinas;Mogi Mirim;Campinas Norte;Etec Pedro Ferreira Alves;096;Técnico;Gestão e Negócios;Gestão;Administração;Noite;91;40;2,27;
Metropolitana de Campinas;Metropolitana de Campinas;Mogi Mirim;Campinas Norte;Etec Pedro Ferreira Alves;096;Técnico;Ambiente e Saúde;Saúde;Enfermagem;Noite;83;40;2,07;
Metropolitana de Campinas;Metropolitana de Campinas;Mogi Mirim;Campinas Norte;Etec Pedro Ferreira Alves;096;Técnico;Informação e Comunicação;Informática;Informática;Noite;66;40;1,65;
Metropolitana de Campinas;Metropolitana de Campinas;Monte Mor;Campinas Sul;Etec de Monte Mor;198;Técnico;Informação e Comunicação;Informática;Informática;Noite;32;35;0,91;
Metropolitana de Campinas;Metropolitana de Campinas;Monte Mor;Campinas Sul;Etec de Monte Mor;198;Técnico;Gestão e Negócios;Gestão;Recursos Humanos;Noite;58;35;1,65;
Metropolitana de Campinas;Metropolitana de Campinas;Nova Odessa;Campinas Sul;Etec Ferrucio Humberto Gazzetta;234;Técnico;Gestão e Negócios;Gestão;Administração;Noite;67;40;1,67;
Metropolitana de Campinas;Metropolitana de Campinas;Nova Odessa;Campinas Sul;Etec Ferrucio Humberto Gazzetta;234;Técnico;Informação e Comunicação;Informática;Desenvolvimento de Sistemas;Noite;80;40;2,00;
Metropolitana de Campinas;Metropolitana de Campinas;Nova Odessa;Campinas Sul;Etec Ferrucio Humberto Gazzetta;234;Técnico;Segurança;Saúde;Segurança do Trabalho;Noite;53;40;1,32;
Metropolitana de Campinas;Metropolitana de Campinas;Santa Bárbara d'Oeste;Campinas Sul;Etec Professor Doutor José Dagnoni;117;Técnico;Gestão e Negócios;Gestão;Administração;Noite;83;40;2,07;
Metropolitana de Campinas;Metropolitana de Campinas;Santa Bárbara d'Oeste;Campinas Sul;Etec Professor Doutor José Dagnoni;117;Técnico;Ambiente e Saúde;Saúde;Enfermagem;Tarde;76;40;1,90;
Metropolitana de Campinas;Metropolitana de Campinas;Santa Bárbara d'Oeste;Campinas Sul;Etec Professor Doutor José Dagnoni;117;Técnico;Produção Industrial;Química;Química;Noite;90;40;2,25;
Metropolitana de Campinas;Metropolitana de Campinas;Santa Bárbara d'Oeste;Campinas Sul;Etec Professor Doutor José Dagnoni;117;Técnico;Gestão e Negócios;Gestão;Recursos Humanos;Noite;38;40;0,95;
Metropolitana de Campinas;Metropolitana de Campinas;Santo Antonio de Posse;Campinas Norte;Etec Pedro Ferreira Alves (EMEF Mario Bianchi - Santo Antonio de Posse);096.3 - Cd_Cps;Técnico;Gestão e Negócios;Gestão;Contabilidade;Noite;38;40;0,95;
Metropolitana de Campinas;Metropolitana de Campinas;Sumaré;Campinas Sul;Etec Sumaré Cidade Orquídea;302;Técnico;Gestão e Negócios;Gestão;Administração (MNP);Noite;73;40;1,82;
Metropolitana de Campinas;Metropolitana de Campinas;Valinhos;Campinas Sul;Etec Benedito Storani (EE Prof. Cyro de Barros Rezende);042.05 - Ext/Etec;Técnico;Gestão e Negócios;Gestão;Administração;Noite;58;30;1,93;
Metropolitana de Campinas;Piracicaba;Capivari;Campinas Sul;Etec Deputado Ary de Camargo Pedroso (EE Prof. Eduir Benedicto Scarpari);193.05 - Ext/Etec;Técnico;Gestão e Negócios;Gestão;Administração;Noite;37;40;0,92;
Metropolitana de Campinas;Piracicaba;Piracicaba;Campinas Sul;Etec Coronel Fernando Febeliano da Costa;056;Técnico;Gestão e Negócios;Gestão;Administração;Noite;91;36;2,52;
Metropolitana de Campinas;Piracicaba;Piracicaba;Campinas Sul;Etec Coronel Fernando Febeliano da Costa;056;Técnico;Controle e Processos Industriais;Indústria;Mecânica;Noite;92;36;2,55;
Metropolitana de Campinas;Piracicaba;Piracicaba;Campinas Sul;Etec Coronel Fernando Febeliano da Costa;056;Técnico;Produção Industrial;Química;Química;Noite;67;36;1,86;
Metropolitana de Campinas;Piracicaba;Piracicaba;Campinas Sul;Etec Coronel Fernando Febeliano da Costa;056;Técnico;Segurança;Saúde;Segurança do Trabalho;Noite;84;36;2,33;
Metropolitana de Campinas;Piracicaba;Piracicaba;Campinas Sul;Etec Coronel Fernando Febeliano da Costa (Piracicaba/Santa Casa - Piracicaba);056.3 - Cd_Cps;Técnico;Ambiente e Saúde;Saúde;Enfermagem;Noite;155;40;3,87;
Metropolitana de Campinas;Piracicaba;Piracicaba;Campinas Sul;Etec Deputado Ary de Camargo Pedroso;193;Técnico;Gestão e Negócios;Gestão;Administração;Noite;81;40;2,02;
Metropolitana de Campinas;Piracicaba;Piracicaba;Campinas Sul;Etec Deputado Ary de Camargo Pedroso;193;Técnico;Gestão e Negócios;Gestão;Qualidade;Noite;85;40;2,12;
Metropolitana de Campinas;Rio Claro;Rio Claro;Campinas Norte;Etec Professor Armando Bayeux da Silva;036;Técnico;Gestão e Negócios;Gestão;Administração;Noite;100;40;2,50;
Metropolitana de Campinas;Rio Claro;Rio Claro;Campinas Norte;Etec Professor Armando Bayeux da Silva;036;Técnico;Controle e Processos Industriais;Indústria;Eletroeletrônica;Noite;61;40;1,52;
Metropolitana de Campinas;Rio Claro;Rio Claro;Campinas Norte;Etec Professor Armando Bayeux da Silva;036;Técnico;Controle e Processos Industriais;Indústria;Eletromecânica;Noite;111;40;2,77;
Metropolitana de Campinas;Rio Claro;Santa Gertrudes;Campinas Norte;Etec Professor Armando Bayeux da Silva (EMEF João Rufino - Santa Gertrudes);036.2 - Cd_Cps;Técnico;Gestão e Negócios;Gestão;Administração;Noite;36;40;0,90;
Metropolitana de Campinas;São João da Boa Vista;Aguaí;Campinas Norte;Etec Arnaldo Pereira Cheregatti;215;Técnico;Gestão e Negócios;Gestão;Logística;Noite;65;40;1,62;
Metropolitana de Campinas;São João da Boa Vista;Casa Branca;Campinas Norte;Etec Doutor Francisco Nogueira de Lima;059;Técnico;Ambiente e Saúde;Saúde;Enfermagem;Noite;127;30;4,23;
Metropolitana de Campinas;São João da Boa Vista;Casa Branca;Campinas Norte;Etec Doutor Francisco Nogueira de Lima;059;Técnico;Turismo, Hospitalidade e Lazer;Turismo e Hospitalidade;Gastronomia;Noite;46;40;1,14;
Metropolitana de Campinas;São João da Boa Vista;Casa Branca;Campinas Norte;Etec Doutor Francisco Nogueira de Lima;059;Técnico;Informação e Comunicação;Informática;Informática;Noite;46;40;1,14;
Metropolitana de Campinas;São João da Boa Vista;Espírito Santo do Pinhal;Campinas Norte;Etec Doutor Carolino da Motta e Silva;047;Técnico;Gestão e Negócios;Gestão;Administração;Noite;69;40;1,72;
Metropolitana de Campinas;São João da Boa Vista;Espírito Santo do Pinhal;Campinas Norte;Etec Doutor Carolino da Motta e Silva;047;Técnico;Gestão e Negócios;Gestão;Contabilidade;Noite;64;40;1,60;
Metropolitana de Campinas;São João da Boa Vista;Espírito Santo do Pinhal;Campinas Norte;Etec Doutor Carolino da Motta e Silva;047;Técnico;Informação e Comunicação;Informática;Informática;Noite;63;40;1,57;
Metropolitana de Campinas;São João da Boa Vista;Espírito Santo do Pinhal;Campinas Norte;Etec Doutor Carolino da Motta e Silva;047;Técnico;Controle e Processos Industriais;Indústria;Mecânica;Noite;67;40;1,67;
Metropolitana de Campinas;São João da Boa Vista;Mococa;Ribeirão Preto/Franca/Barretos;Etec Francisco Garcia;060;Técnico;Gestão e Negócios;Gestão;Administração;Noite;82;40;2,04;
Metropolitana de Campinas;São João da Boa Vista;Mococa;Ribeirão Preto/Franca/Barretos;Etec Francisco Garcia;060;Técnico;Produção Alimentícia;Química;Alimentos;Noite;65;40;1,62;
Metropolitana de Campinas;São João da Boa Vista;Mococa;Ribeirão Preto/Franca/Barretos;Etec Francisco Garcia;060;Técnico;Ambiente e Saúde;Saúde;Enfermagem;Tarde;80;40;2,00;
Metropolitana de Campinas;São João da Boa Vista;Mococa;Ribeirão Preto/Franca/Barretos;Etec Francisco Garcia;060;Técnico;Ambiente e Saúde;Saúde;Farmácia;Tarde;52;40;1,30;
Metropolitana de Campinas;São João da Boa Vista;Mococa;Ribeirão Preto/Franca/Barretos;Etec Francisco Garcia;060;Técnico;Informação e Comunicação;Informática;Informática;Noite;73;40;1,82;
Metropolitana de Campinas;São João da Boa Vista;Mococa;Ribeirão Preto/Franca/Barretos;Etec Francisco Garcia;060;Técnico;Gestão e Negócios;Comércio;Marketing;Noite;47;40;1,17;
Metropolitana de Campinas;São João da Boa Vista;Mococa;Ribeirão Preto/Franca/Barretos;Etec Francisco Garcia;060;Técnico;Controle e Processos Industriais;Indústria;Mecânica;Noite;66;40;1,65;
Metropolitana de Campinas;São João da Boa Vista;Mococa;Ribeirão Preto/Franca/Barretos;Etec Francisco Garcia;060;Técnico;Produção Industrial;Química;Química;Noite;64;40;1,60;
Metropolitana de Campinas;São João da Boa Vista;Mococa;Ribeirão Preto/Franca/Barretos;Etec Francisco Garcia;060;Técnico;Segurança;Saúde;Segurança do Trabalho;Noite;84;40;2,10;
Metropolitana de Campinas;São João da Boa Vista;Mococa;Ribeirão Preto/Franca/Barretos;Etec João Baptista de Lima Figueiredo;009;Técnico;Controle e Processos Industriais;Indústria;Eletrotécnica;Noite;73;36;2,02;
Metropolitana de Campinas;São João da Boa Vista;Santa Cruz das Palmeiras;Campinas Norte;Etec João Elias Margutti;287;Técnico;Produção Industrial;Química;Açúcar e Álcool;Noite;81;35;2,31;
Metropolitana de Campinas;São João da Boa Vista;Santa Cruz das Palmeiras;Campinas Norte;Etec João Elias Margutti;287;Técnico;Ambiente e Saúde;Saúde;Farmácia;Noite;48;35;1,37;
Metropolitana de Campinas;São João da Boa Vista;São José do Rio Pardo;Campinas Norte;Etec Professor Rodolpho José Del Guerra;150;Técnico;Gestão e Negócios;Gestão;Administração;Noite;65;40;1,62;
Metropolitana de Campinas;São João da Boa Vista;São José do Rio Pardo;Campinas Norte;Etec Professor Rodolpho José Del Guerra;150;Técnico;Produção Industrial;Química;Química;Noite;62;40;1,55;
Metropolitana de Campinas;São João da Boa Vista;Tambaú;Campinas Norte;Etec Doutor Francisco Nogueira de Lima (EMEB Dr. Alfredo Guedes - Tambaú);059.3 - Cd_Cps;Técnico;Gestão e Negócios;Gestão;Administração;Noite;55;35;1,57;
Metropolitana de Campinas;São João da Boa Vista;Vargem Grande do Sul;Campinas Norte;Etec de Vargem Grande do Sul;179;Técnico;Gestão e Negócios;Gestão;Administração;Noite;72;40;1,80;
Presidente Prudente;Adamantina;Adamantina;Marília/Presidente Prudente;Etec Engenheiro Herval Bellusci;063;Técnico;Recursos Naturais;Agropecuária;Agronegócio;Noite;62;40;1,55;
Presidente Prudente;Adamantina;Adamantina;Marília/Presidente Prudente;Etec Professor Eudécio Luiz Vicente;055;Técnico;Produção Industrial;Química;Açúcar e Álcool;Noite;70;40;1,75;
Presidente Prudente;Adamantina;Adamantina;Marília/Presidente Prudente;Etec Professor Eudécio Luiz Vicente;055;Técnico;Ambiente e Saúde;Saúde;Enfermagem;Noite;126;30;4,20;
Presidente Prudente;Adamantina;Adamantina;Marília/Presidente Prudente;Etec Professor Eudécio Luiz Vicente;055;Técnico;Controle e Processos Industriais;Indústria;Mecânica;Noite;69;40;1,72;
Presidente Prudente;Adamantina;Osvaldo Cruz;Marília/Presidente Prudente;Etec Amim Jundi;027;Técnico;Gestão e Negócios;Gestão;Administração;Noite;91;40;2,27;
Presidente Prudente;Adamantina;Osvaldo Cruz;Marília/Presidente Prudente;Etec Amim Jundi;027;Técnico;Gestão e Negócios;Gestão;Contabilidade;Noite;67;40;1,67;
Presidente Prudente;Adamantina;Osvaldo Cruz;Marília/Presidente Prudente;Etec Amim Jundi;027;Técnico;Informação e Comunicação;Informática;Desenvolvimento de Sistemas;Noite;77;40;1,92;
Presidente Prudente;Adamantina;Osvaldo Cruz;Marília/Presidente Prudente;Etec Amim Jundi;027;Técnico;Ambiente e Saúde;Saúde;Enfermagem;Noite;78;40;1,95;
Presidente Prudente;Adamantina;Osvaldo Cruz;Marília/Presidente Prudente;Etec Amim Jundi;027;Técnico;Ambiente e Saúde;Saúde;Farmácia;Tarde;67;40;1,67;
Presidente Prudente;Adamantina;Osvaldo Cruz;Marília/Presidente Prudente;Etec Amim Jundi;027;Técnico;Produção Industrial;Química;Química;Noite;69;40;1,72;
Presidente Prudente;Dracena;Dracena;Marília/Presidente Prudente;Etec Professora Carmelina Barbosa;052;Técnico;Produção Industrial;Química;Química;Noite;60;40;1,50;
Presidente Prudente;Dracena;Dracena;Marília/Presidente Prudente;Etec Profª Carmelina Barbosa - (EMETF Prof.ª Izaura Sampaio - Dracena);052.7 - Cd_Cps;Técnico;Gestão e Negócios;Gestão;Recursos Humanos;Noite;59;40;1,47;
Presidente Prudente;Dracena;Panorama;Marília/Presidente Prudente;Etec Professora Carmelina Barbosa (EM Profª Ophélia Schipa de Oliveira - Panorama);052.5 - Cd_Cps;Técnico;Gestão e Negócios;Gestão;Administração;Noite;59;40;1,47;
Presidente Prudente;Presidente Prudente;Iepê;Marília/Presidente Prudente;Etec Deputado Francisco Franco (EMEF João Antonio Rodrigues - Iepê);058.2 - Cd_Cps;Técnico;Recursos Naturais;Agropecuária;Agronegócio;Noite;61;40;1,52;
Presidente Prudente;Presidente Prudente;Mirante do Paranapanema;Marília/Presidente Prudente;Etec Professora Nair Luccas Ribeiro (EM Prof.ª Zenóbia Gregório Campelo Cabral - Mirante do Paranapanema);156.9 - Cd_Cps;Técnico;Gestão e Negócios;Gestão;Administração;Noite;43;40;1,07;
Presidente Prudente;Presidente Prudente;Narandiba;Marília/Presidente Prudente;Etec Professor Doutor Antonio Eufrásio Toledo (EMEF Professora Ineura Rodrigues de Lima - Narandiba);032.7 - Cd_Cps;Técnico;Produção Industrial;Química;Açúcar e Álcool;Noite;65;40;1,62;
Presidente Prudente;Presidente Prudente;Presidente Prudente;Marília/Presidente Prudente;Etec Professor Adolpho Arruda Mello;252;Técnico;Gestão e Negócios;Gestão;Recursos Humanos;Noite;74;35;2,11;
Presidente Prudente;Presidente Prudente;Presidente Prudente;Marília/Presidente Prudente;Etec Professor Adolpho Arruda Mello;252;Técnico;Informação e Comunicação;Informática;Redes de Computadores;Noite;71;35;2,02;
Presidente Prudente;Presidente Prudente;Presidente Prudente;Marília/Presidente Prudente;Etec Professor Adolpho Arruda Mello;252;Técnico;Gestão e Negócios;Gestão;Transações Imobiliárias;Noite;57;35;1,62;
Presidente Prudente;Presidente Prudente;Presidente Venceslau;Marília/Presidente Prudente;Etec Professor Milton Gazzetti;099;Técnico;Infraestrutura;Geomática;Agrimensura;Noite;43;35;1,22;
Presidente Prudente;Presidente Prudente;Presidente Venceslau;Marília/Presidente Prudente;Etec Professor Milton Gazzetti;099;Técnico;Ambiente e Saúde;Saúde;Enfermagem;Noite;122;35;3,48;
Presidente Prudente;Presidente Prudente;Presidente Venceslau;Marília/Presidente Prudente;Etec Professor Milton Gazzetti;099;Técnico;Gestão e Negócios;Gestão;Finanças;Noite;57;35;1,62;
Presidente Prudente;Presidente Prudente;Presidente Venceslau;Marília/Presidente Prudente;Etec Professor Milton Gazzetti;099;Técnico;Informação e Comunicação;Informática;Informática;Noite;53;35;1,51;
Presidente Prudente;Presidente Prudente;Rancharia;Marília/Presidente Prudente;Etec Deputado Francisco Franco;058;Técnico;Produção Industrial;Química;Química;Noite;68;40;1,70;
Presidente Prudente;Presidente Prudente;Sandovalina;Marília/Presidente Prudente;Etec Professora Nair Luccas Ribeiro (EMEIF e Suplência de PG Monteiro Lobato - Sandovalina);156.5 - Cd_Cps;Técnico;Recursos Naturais;Agropecuária;Agronegócio;Noite;58;40;1,45;
Presidente Prudente;Presidente Prudente;Santo Anastácio;Marília/Presidente Prudente;Etec Professor Milton Gazzetti (EMEF Enrico Bertoni - Santo Anastácio);099.2 - Cd_Cps;Técnico;Gestão e Negócios;Gestão;Administração;Noite;66;40;1,65;
Presidente Prudente;Presidente Prudente;Teodoro Sampaio;Marília/Presidente Prudente;Etec Professora Nair Luccas Ribeiro;156;Técnico;Produção Alimentícia;Agropecuária;Agroindústria;Noite;61;35;1,74;
Presidente Prudente;Presidente Prudente;Teodoro Sampaio;Marília/Presidente Prudente;Etec Professora Nair Luccas Ribeiro;156;Técnico;Gestão e Negócios;Gestão;Serviços Jurídicos;Noite;59;35;1,68;
Ribeirão Preto;Ribeirão Preto;Dumont;Ribeirão Preto/Franca/Barretos;Etec José Martimiano da Silva (EMEF Prof. Altino Jacinto Tovo - Dumont);074.7 - Cd_Cps;Técnico;Gestão e Negócios;Gestão;Contabilidade;Noite;62;40;1,55;
Ribeirão Preto;Ribeirão Preto;Guariba;Ribeirão Preto/Franca/Barretos;Etec Bento Carlos Botelho do Amaral;256;Técnico;Produção Industrial;Química;Açúcar e Álcool;Noite;61;35;1,74;
Ribeirão Preto;Ribeirão Preto;Guariba;Ribeirão Preto/Franca/Barretos;Etec Bento Carlos Botelho do Amaral;256;Técnico;Segurança;Saúde;Segurança do Trabalho;Noite;72;35;2,05;
Ribeirão Preto;Ribeirão Preto;Monte Alto;Ribeirão Preto/Franca/Barretos;Etec Alcides Cestari;255;Técnico;Gestão e Negócios;Gestão;Administração;Noite;64;40;1,60;
Ribeirão Preto;Ribeirão Preto;Pontal;Ribeirão Preto/Franca/Barretos;Etec José Martimiano da Silva (EMEF Prof.ª Josepha Castro - Pontal);074.11 - Cd_Cps;Técnico;Gestão e Negócios;Gestão;Administração;Noite;64;40;1,60;
Ribeirão Preto;Ribeirão Preto;Pradópolis;Ribeirão Preto/Franca/Barretos;Etec José Martimiano da Silva (EMEF Sergio Rossetti - Pradópolis);074.10 - Cd_Cps;Técnico;Gestão e Negócios;Gestão;Administração;Noite;50;40;1,25;
Ribeirão Preto;Ribeirão Preto;Ribeirão Preto;Ribeirão Preto/Franca/Barretos;Etec José Martimiano da Silva;074;Técnico;Gestão e Negócios;Gestão;Administração;Tarde;71;40;1,77;
Ribeirão Preto;Ribeirão Preto;Ribeirão Preto;Ribeirão Preto/Franca/Barretos;Etec José Martimiano da Silva;074;Técnico;Produção Cultural e Design;Design;Design de Interiores;Noite;64;40;1,60;
Ribeirão Preto;Ribeirão Preto;Ribeirão Preto;Ribeirão Preto/Franca/Barretos;Etec José Martimiano da Silva;074;Técnico;Infraestrutura;Construção Civil;Edificações;Noite;64;40;1,60;
Ribeirão Preto;Ribeirão Preto;Ribeirão Preto;Ribeirão Preto/Franca/Barretos;Etec José Martimiano da Silva;074;Técnico;Controle e Processos Industriais;Indústria;Eletrotécnica;Noite;145;40;3,62;
Ribeirão Preto;Ribeirão Preto;Ribeirão Preto;Ribeirão Preto/Franca/Barretos;Etec José Martimiano da Silva;074;Técnico;Controle e Processos Industriais;Indústria;Eletrônica;Noite;67;40;1,67;
Ribeirão Preto;Ribeirão Preto;Ribeirão Preto;Ribeirão Preto/Franca/Barretos;Etec José Martimiano da Silva;074;Técnico;Turismo, Hospitalidade e Lazer;Turismo e Hospitalidade;Gastronomia;Noite;84;40;2,10;
Ribeirão Preto;Ribeirão Preto;Ribeirão Preto;Ribeirão Preto/Franca/Barretos;Etec José Martimiano da Silva;074;Técnico;Controle e Processos Industriais;Indústria;Mecânica;Noite;76;40;1,90;
Ribeirão Preto;Ribeirão Preto;Ribeirão Preto;Ribeirão Preto/Franca/Barretos;Etec José Martimiano da Silva;074;Técnico;Ambiente e Saúde;Saúde;Nutrição e Dietética;Noite;80;40;2,00;
Ribeirão Preto;Ribeirão Preto;Ribeirão Preto;Ribeirão Preto/Franca/Barretos;Etec José Martimiano da Silva;074;Técnico;Gestão e Negócios;Gestão;Recursos Humanos;Noite;91;40;2,27;
Ribeirão Preto;Ribeirão Preto;Ribeirão Preto;Ribeirão Preto/Franca/Barretos;Etec José Martimiano da Silva (EE Prof.ª Amélia dos Santos Musa);074.04 - Ext/Etec;Técnico;Gestão e Negócios;Gestão;Administração;Noite;54;40;1,35;
Ribeirão Preto;Ribeirão Preto;Ribeirão Preto;Ribeirão Preto/Franca/Barretos;Etec José Martimiano da Silva (EE Prof.ª Amélia dos Santos Musa);074.04 - Ext/Etec;Técnico;Informação e Comunicação;Informática;Desenvolvimento de Sistemas;Noite;69;40;1,72;
Ribeirão Preto;Ribeirão Preto;Ribeirão Preto;Ribeirão Preto/Franca/Barretos;Etec José Martimiano da Silva (EE Prof.ª Amélia dos Santos Musa);074.04 - Ext/Etec;Técnico;Gestão e Negócios;Gestão;Serviços Jurídicos;Noite;73;40;1,82;
Ribeirão Preto;Ribeirão Preto;Santa Rosa de Viterbo;Ribeirão Preto/Franca/Barretos;Etec de Santa Rosa de Viterbo;237;Técnico;Gestão e Negócios;Gestão;Administração;Noite;42;40;1,05;
Ribeirão Preto;Ribeirão Preto;Santa Rosa de Viterbo;Ribeirão Preto/Franca/Barretos;Etec de Santa Rosa de Viterbo;237;Técnico;Ambiente e Saúde;Saúde;Enfermagem;Tarde;109;40;2,72;
Ribeirão Preto;Ribeirão Preto;Santa Rosa de Viterbo;Ribeirão Preto/Franca/Barretos;Etec de Santa Rosa de Viterbo;237;Técnico;Ambiente e Saúde;Saúde;Farmácia;Noite;42;40;1,05;
Ribeirão Preto;Ribeirão Preto;Santo Antonio da Alegria;Ribeirão Preto/Franca/Barretos;Etec Antonio de Pádua Cardoso (EMEF Manoel Augusto Rodrigues Alecrim - Santo Antonio da Alegria);030.3 - Cd_Cps;Técnico;Recursos Naturais;Agropecuária;Agronegócio;Noite;51;40;1,27;
Ribeirão Preto;Ribeirão Preto;São Simão;Ribeirão Preto/Franca/Barretos;Etec Professor Francisco dos Santos;057;Técnico;Gestão e Negócios;Gestão;Serviços Jurídicos;Noite;51;40;1,27;
Ribeirão Preto;Ribeirão Preto;Sertãozinho;Ribeirão Preto/Franca/Barretos;Etec José Martimiano da Silva (EE Winston Churchill);074.02 - Ext/Etec;Técnico;Gestão e Negócios;Gestão;Contabilidade;Noite;66;40;1,65;
Ribeirão Preto;Ribeirão Preto;Sertãozinho;Ribeirão Preto/Franca/Barretos;Etec José Martimiano da Silva (EE Winston Churchill);074.02 - Ext/Etec;Técnico;Gestão e Negócios;Gestão;Finanças;Noite;59;40;1,47;
Ribeirão Preto;Ribeirão Preto;Sertãozinho;Ribeirão Preto/Franca/Barretos;Etec José Martimiano da Silva (EE Winston Churchill);074.02 - Ext/Etec;Técnico;Gestão e Negócios;Gestão;Logística;Noite;62;40;1,55;
São José do Rio Preto;Catanduva;Catanduva;São José do Rio Preto/Central;Etec Elias Nechar;054;Técnico;Gestão e Negócios;Gestão;Administração;Noite;80;40;2,00;
São José do Rio Preto;Catanduva;Catanduva;São José do Rio Preto/Central;Etec Elias Nechar;054;Técnico;Informação e Comunicação;Informática;Desenvolvimento de Sistemas (MNP);Noite;55;40;1,37;
São José do Rio Preto;Catanduva;Catanduva;São José do Rio Preto/Central;Etec Elias Nechar;054;Técnico;Controle e Processos Industriais;Indústria;Eletromecânica;Noite;49;40;1,22;
São José do Rio Preto;Catanduva;Catanduva;São José do Rio Preto/Central;Etec Elias Nechar;054;Técnico;Ambiente e Saúde;Saúde;Enfermagem;Manhã;65;40;1,62;
São José do Rio Preto;Catanduva;Novo Horizonte;São José do Rio Preto/Central;Etec Professora Marinês Teodoro de Freitas Almeida;212;Técnico;Segurança;Saúde;Segurança do Trabalho;Noite;77;40;1,92;
São José do Rio Preto;Catanduva;Palmares Paulista;São José do Rio Preto/Central;Etec Elias Nechar (EMEF Vereador Raul de Carvalho);054.11 - Cd_Cps;Técnico;Gestão e Negócios;Gestão;Recursos Humanos;Noite;57;40;1,42;
São José do Rio Preto;Catanduva;Urupês;São José do Rio Preto/Central;Etec Professora Marinês Teodoro de Freitas (Fundação de Ensino Chafik Saab - Urupês);212.6 - Cd_Cps;Técnico;Gestão e Negócios;Gestão;Contabilidade;Noite;56;40;1,40;
São José do Rio Preto;Fernandópolis;Fernandópolis;São José do Rio Preto/Central;Etec Professor Armando José Farinazzo;138;Técnico;Produção Industrial;Química;Açúcar e Álcool;Noite;67;40;1,67;
São José do Rio Preto;Fernandópolis;Fernandópolis;São José do Rio Preto/Central;Etec Professor Armando José Farinazzo;138;Técnico;Gestão e Negócios;Gestão;Administração;Noite;63;40;1,57;
São José do Rio Preto;Fernandópolis;Fernandópolis;São José do Rio Preto/Central;Etec Professor Armando José Farinazzo;138;Técnico;Controle e Processos Industriais;Indústria;Eletrotécnica;Noite;62;40;1,55;
São José do Rio Preto;Fernandópolis;Fernandópolis;São José do Rio Preto/Central;Etec Professor Armando José Farinazzo;138;Técnico;Informação e Comunicação;Informática;Informática;Noite;64;40;1,60;
São José do Rio Preto;Jales;Jales;São José do Rio Preto/Central;Etec Doutor José Luiz Viana Coutinho;073;Técnico;Ambiente e Saúde;Saúde;Enfermagem;Noite;71;40;1,77;
São José do Rio Preto;Jales;Jales;São José do Rio Preto/Central;Etec Doutor José Luiz Viana Coutinho;073;Técnico;Gestão e Negócios;Gestão;Recursos Humanos;Noite;49;40;1,22;
São José do Rio Preto;Jales;Santa Fé do Sul;São José do Rio Preto/Central;Etec de Santa Fé do Sul;277;Técnico;Gestão e Negócios;Gestão;Contabilidade;Noite;84;40;2,10;
São José do Rio Preto;Jales;Santa Fé do Sul;São José do Rio Preto/Central;Etec de Santa Fé do Sul;277;Técnico;Informação e Comunicação;Informática;Manutenção e Suporte em Informática;Noite;44;40;1,10;
São José do Rio Preto;São José do Rio Preto;Mirassol;São José do Rio Preto/Central;Etec Professor Matheus Leite de Abreu;087;Técnico;Gestão e Negócios;Gestão;Administração;Noite;44;40;1,10;
São José do Rio Preto;São José do Rio Preto;Monte Aprazível;São José do Rio Preto/Central;Etec Padre José Nunes Dias;075;Técnico;Produção Alimentícia;Agropecuária;Agroindústria;Noite;44;40;1,10;
São José do Rio Preto;São José do Rio Preto;Monte Aprazível;São José do Rio Preto/Central;Etec Padre José Nunes Dias;075;Técnico;Ambiente e Saúde;Saúde;Enfermagem;Noite;128;40;3,20;
São José do Rio Preto;São José do Rio Preto;São José do Rio Preto;São José do Rio Preto/Central;Etec Philadelpho Gouvea Netto;098;Técnico;Gestão e Negócios;Gestão;Administração;Noite;103;40;2,57;
São José do Rio Preto;São José do Rio Preto;São José do Rio Preto;São José do Rio Preto/Central;Etec Philadelpho Gouvea Netto;098;Técnico;Gestão e Negócios;Gestão;Contabilidade;Noite;70;40;1,75;
São José do Rio Preto;São José do Rio Preto;São José do Rio Preto;São José do Rio Preto/Central;Etec Philadelpho Gouvea Netto;098;Técnico;Informação e Comunicação;Informática;Desenvolvimento de Sistemas;Noite;116;40;2,90;
São José do Rio Preto;São José do Rio Preto;São José do Rio Preto;São José do Rio Preto/Central;Etec Philadelpho Gouvea Netto;098;Técnico;Infraestrutura;Construção Civil;Edificações;Noite;51;40;1,27;
São José do Rio Preto;São José do Rio Preto;São José do Rio Preto;São José do Rio Preto/Central;Etec Philadelpho Gouvea Netto;098;Técnico;Controle e Processos Industriais;Indústria;Eletrotécnica;Noite;133;40;3,32;
São José do Rio Preto;São José do Rio Preto;São José do Rio Preto;São José do Rio Preto/Central;Etec Philadelpho Gouvea Netto;098;Técnico;Ambiente e Saúde;Saúde;Enfermagem;Tarde;78;40;1,95;
São José do Rio Preto;São José do Rio Preto;São José do Rio Preto;São José do Rio Preto/Central;Etec Philadelpho Gouvea Netto;098;Técnico;Controle e Processos Industriais;Indústria;Mecânica;Noite;39;40;0,97;
São José do Rio Preto;São José do Rio Preto;São José do Rio Preto;São José do Rio Preto/Central;Etec Philadelpho Gouvea Netto;098;Técnico;Gestão e Negócios;Gestão;Recursos Humanos;Noite;53;40;1,32;
São José do Rio Preto;São José do Rio Preto;São José do Rio Preto;São José do Rio Preto/Central;Etec Philadelpho Gouvea Netto;098;Especialização;Ambiente e Saúde;Saúde;Prótese sobre Implante;Noite;49;30;1,63;
São José do Rio Preto;São José do Rio Preto;Tanabi;São José do Rio Preto/Central;Etec Padre José Nunes Dias (EMEF Ganot Chateaubriand - Tanabi);075.3 - Cd_Cps;Técnico;Gestão e Negócios;Gestão;Administração (MNP);Noite;44;40;1,10;
São José do Rio Preto;Votuporanga;Votuporanga;São José do Rio Preto/Central;Etec Frei Arnaldo Maria de Itaporanga;037;Técnico;Recursos Naturais;Agropecuária;Zootecnia;Noite;59;40;1,47;
São José dos Campos;Caraguatatuba;Caraguatatuba;Vale do Paraíba/Litoral Norte;Etec de Caraguatatuba;213;Técnico;Ambiente e Saúde;Saúde;Nutrição e Dietética;Noite;70;40;1,75;
São José dos Campos;Caraguatatuba;Caraguatatuba;Vale do Paraíba/Litoral Norte;Etec de Caraguatatuba;213;Técnico;Gestão e Negócios;Gestão;Recursos Humanos;Noite;69;40;1,72;
São José dos Campos;Caraguatatuba;Ubatuba;Vale do Paraíba/Litoral Norte;Etec de Caraguatatuba (EM Padre José de Anchieta - Ubatuba);213.1 - Cd_Cps;Técnico;Gestão e Negócios;Gestão;Transações Imobiliárias;Noite;46;35;1,31;
São José dos Campos;Cruzeiro;Cruzeiro;Vale do Paraíba/Litoral Norte;Etec Professor José Sant'Ana de Castro;077;Técnico;Gestão e Negócios;Gestão;Administração (MNP);Noite;85;40;2,12;
São José dos Campos;Cruzeiro;Cruzeiro;Vale do Paraíba/Litoral Norte;Etec Professor José Sant'Ana de Castro;077;Técnico;Infraestrutura;Construção Civil;Desenho de Construção Civil;Noite;44;40;1,10;
São José dos Campos;Cruzeiro;Cruzeiro;Vale do Paraíba/Litoral Norte;Etec Professor José Sant'Ana de Castro;077;Técnico;Ambiente e Saúde;Saúde;Enfermagem;Noite;233;40;5,82;
São José dos Campos;Cruzeiro;Cruzeiro;Vale do Paraíba/Litoral Norte;Etec Professor José Sant'Ana de Castro;077;Técnico;Informação e Comunicação;Informática;Informática para Internet;Noite;48;40;1,20;
São José dos Campos;Cruzeiro;Cruzeiro;Vale do Paraíba/Litoral Norte;Etec Professor José Sant'Ana de Castro;077;Técnico;Gestão e Negócios;Comércio;Marketing;Noite;43;40;1,07;
São José dos Campos;Cruzeiro;Cruzeiro;Vale do Paraíba/Litoral Norte;Etec Professor José Sant'Ana de Castro;077;Técnico;Controle e Processos Industriais;Indústria;Mecânica;Noite;87;40;2,17;
São José dos Campos;Cruzeiro;Cruzeiro;Vale do Paraíba/Litoral Norte;Etec Professor José Sant'Ana de Castro;077;Técnico;Ambiente e Saúde;Saúde;Nutrição e Dietética (MNP);Noite;52;40;1,30;
São José dos Campos;Guaratinguetá;Cachoeira Paulista;Vale do Paraíba/Litoral Norte;Etec Professor Marcos Uchôas dos Santos Penchel;044;Técnico;Ambiente e Saúde;Saúde;Enfermagem;Noite;138;40;3,45;
São José dos Campos;Guaratinguetá;Cachoeira Paulista;Vale do Paraíba/Litoral Norte;Etec Professor Marcos Uchôas dos Santos Penchel;044;Técnico;Gestão e Negócios;Comércio;Marketing;Noite;77;40;1,92;
São José dos Campos;Guaratinguetá;Cunha;Vale do Paraíba/Litoral Norte;Etec Professor Alfredo de Barros Santos (EMEF Prof. Benedito Aguiar Santana - Cunha);026.1 - Cd_Cps;Técnico;Turismo, Hospitalidade e Lazer;Turismo e Hospitalidade;Guia de Turismo;Noite;48;30;1,60;
São José dos Campos;Guaratinguetá;Guaratinguetá;Vale do Paraíba/Litoral Norte;Etec Professor Alfredo de Barros Santos;026;Técnico;Gestão e Negócios;Gestão;Administração;Noite;87;40;2,17;
São José dos Campos;Guaratinguetá;Guaratinguetá;Vale do Paraíba/Litoral Norte;Etec Professor Alfredo de Barros Santos;026;Técnico;Produção Cultural e Design;Design;Design Gráfico;Noite;72;40;1,80;
São José dos Campos;Guaratinguetá;Guaratinguetá;Vale do Paraíba/Litoral Norte;Etec Professor Alfredo de Barros Santos;026;Técnico;Controle e Processos Industriais;Indústria;Eletromecânica;Noite;122;40;3,05;
São José dos Campos;Guaratinguetá;Guaratinguetá;Vale do Paraíba/Litoral Norte;Etec Professor Alfredo de Barros Santos;026;Técnico;Informação e Comunicação;Informática;Informática;Noite;44;40;1,10;
São José dos Campos;Guaratinguetá;Guaratinguetá;Vale do Paraíba/Litoral Norte;Etec Professor Alfredo de Barros Santos;026;Técnico;Controle e Processos Industriais;Indústria;Mecânica;Noite;110;40;2,75;
São José dos Campos;Guaratinguetá;Guaratinguetá;Vale do Paraíba/Litoral Norte;Etec Professor Alfredo de Barros Santos;026;Técnico;Segurança;Saúde;Segurança do Trabalho;Noite;56;40;1,40;
São José dos Campos;Guaratinguetá;Lorena;Vale do Paraíba/Litoral Norte;Etec Padre Carlos Leôncio da Silva;240;Técnico;Gestão e Negócios;Gestão;Administração;Noite;78;40;1,95;
São José dos Campos;Guaratinguetá;Lorena;Vale do Paraíba/Litoral Norte;Etec Padre Carlos Leôncio da Silva;240;Técnico;Gestão e Negócios;Gestão;Logística;Noite;49;40;1,22;
São José dos Campos;Guaratinguetá;Lorena;Vale do Paraíba/Litoral Norte;Etec Padre Carlos Leôncio da Silva;240;Técnico;Segurança;Saúde;Segurança do Trabalho;Noite;35;40;0,87;
São José dos Campos;Guaratinguetá;Lorena;Vale do Paraíba/Litoral Norte;Etec Padre Carlos Leôncio da Silva;240;Técnico;Gestão e Negócios;Gestão;Serviços Jurídicos;Noite;44;40;1,10;
São José dos Campos;Guaratinguetá;Piquete;Vale do Paraíba/Litoral Norte;Etec Professor Marcos Uchôas dos Santos Penchel (Escola Municipal Antonio João - Piquete);044.3 - Cd_Cps;Técnico;Turismo, Hospitalidade e Lazer;Turismo e Hospitalidade;Agenciamento de Viagem;Noite;62;40;1,55;
São José dos Campos;Guaratinguetá;Roseira;Vale do Paraíba/Litoral Norte;Etec João Gomes de Araújo (EMEIEF Padre Geraldo de Almeida Sampaio - Roseira);068.3 - Cd_Cps;Técnico;Gestão e Negócios;Gestão;Logística;Noite;53;30;1,76;
São José dos Campos;São José dos Campos;Caçapava;Vale do Paraíba/Litoral Norte;Etec Machado de Assis;082;Técnico;Gestão e Negócios;Gestão;Administração;Noite;84;40;2,10;
São José dos Campos;São José dos Campos;Caçapava;Vale do Paraíba/Litoral Norte;Etec Machado de Assis;082;Técnico;Informação e Comunicação;Informática;Desenvolvimento de Sistemas;Noite;69;40;1,72;
São José dos Campos;São José dos Campos;Caçapava;Vale do Paraíba/Litoral Norte;Etec Machado de Assis;082;Técnico;Controle e Processos Industriais;Indústria;Mecânica;Noite;98;40;2,45;
São José dos Campos;São José dos Campos;Jacareí;Vale do Paraíba/Litoral Norte;Etec Cônego José Bento;048;Técnico;Gestão e Negócios;Gestão;Administração;Noite;101;40;2,52;
São José dos Campos;São José dos Campos;Jacareí;Vale do Paraíba/Litoral Norte;Etec Cônego José Bento;048;Técnico;Produção Industrial;Química;Química;Noite;82;40;2,04;
São José dos Campos;São José dos Campos;Jacareí;Vale do Paraíba/Litoral Norte;Etec Cônego José Bento;048;Técnico;Informação e Comunicação;Informática;Redes de Computadores;Noite;56;40;1,40;
São José dos Campos;São José dos Campos;São José dos Campos;Vale do Paraíba/Litoral Norte;Etec Professora Ilza Nascimento Pintus;195;Técnico;Gestão e Negócios;Gestão;Administração;Noite;70;40;1,75;
São José dos Campos;São José dos Campos;São José dos Campos;Vale do Paraíba/Litoral Norte;Etec Professora Ilza Nascimento Pintus;195;Técnico;Controle e Processos Industriais;Indústria;Automação Industrial;Noite;75;40;1,87;
São José dos Campos;São José dos Campos;São José dos Campos;Vale do Paraíba/Litoral Norte;Etec Professora Ilza Nascimento Pintus;195;Técnico;Informação e Comunicação;Informática;Desenvolvimento de Sistemas;Noite;128;40;3,20;
São José dos Campos;São José dos Campos;São José dos Campos;Vale do Paraíba/Litoral Norte;Etec Professora Ilza Nascimento Pintus (EE Prof. José Vieira Macedo);195.01 - Ext/Etec;Técnico;Gestão e Negócios;Gestão;Qualidade;Noite;110;40;2,75;
São José dos Campos;Taubaté;Lagoinha;Vale do Paraíba/Litoral Norte;Etec Professor Marcos Uchôas dos Santos (EMEF Prof. Alceu Coelho - Lagoinha);044.5 - Cd_Cps;Técnico;Turismo, Hospitalidade e Lazer;Turismo e Hospitalidade;Turismo Receptivo;Noite;64;40;1,60;
São José dos Campos;Taubaté;Pindamonhangaba;Vale do Paraíba/Litoral Norte;Etec João Gomes de Araújo;068;Técnico;Gestão e Negócios;Gestão;Administração;Noite;75;40;1,87;
São José dos Campos;Taubaté;Pindamonhangaba;Vale do Paraíba/Litoral Norte;Etec João Gomes de Araújo;068;Técnico;Informação e Comunicação;Informática;Desenvolvimento de Sistemas (MNP);Noite;64;40;1,60;
São José dos Campos;Taubaté;Pindamonhangaba;Vale do Paraíba/Litoral Norte;Etec João Gomes de Araújo;068;Técnico;Controle e Processos Industriais;Indústria;Mecânica;Noite;139;40;3,47;
São José dos Campos;Taubaté;Pindamonhangaba;Vale do Paraíba/Litoral Norte;Etec João Gomes de Araújo;068;Técnico;Ambiente e Saúde;Saúde;Nutrição e Dietética;Noite;55;40;1,37;
São José dos Campos;Taubaté;Pindamonhangaba;Vale do Paraíba/Litoral Norte;Etec João Gomes de Araújo (EE Prof. Rubens Zamith);068.02 - Ext/Etec;Técnico;Gestão e Negócios;Gestão;Qualidade;Noite;100;35;2,85;
São José dos Campos;Taubaté;Taubaté;Vale do Paraíba/Litoral Norte;Etec Doutor Geraldo José Rodrigues Alckmin;125;Técnico;Gestão e Negócios;Gestão;Administração (MNP);Noite;62;35;1,77;
Sorocaba;Avaré;Avaré;Sorocaba;Etec Professor Fausto Mazzola;145;Técnico;Gestão e Negócios;Gestão;Contabilidade;Noite;57;35;1,62;
Sorocaba;Avaré;Avaré;Sorocaba;Etec Professor Fausto Mazzola;145;Técnico;Turismo, Hospitalidade e Lazer;Turismo e Hospitalidade;Gastronomia (MNP);Noite;34;35;0,97;
Sorocaba;Avaré;Cerqueira Cesar;Sorocaba;Etec Prefeito José Esteves;072;Técnico;Recursos Naturais;Agropecuária;Zootecnia;Noite;38;35;1,08;
Sorocaba;Botucatu;Botucatu;Sorocaba;Etec Doutor Domingos Minicucci Filho;051;Técnico;Controle e Processos Industriais;Indústria;Automação Industrial;Noite;64;40;1,60;
Sorocaba;Botucatu;Botucatu;Sorocaba;Etec Doutor Domingos Minicucci Filho;051;Técnico;Controle e Processos Industriais;Indústria;Mecânica;Noite;109;40;2,72;
Sorocaba;Botucatu;Itatinga;Sorocaba;Etec Doutor Domingos Minicucci Filho (EMEI Prefeito Aristeu Pedroso de Almeida - Itatinga);051.2 - Cd_Cps;Técnico;Gestão e Negócios;Gestão;Logística;Noite;61;40;1,52;
Sorocaba;Botucatu;Laranjal Paulista;Sorocaba;Etec de Cerquilho (EM João Salto - Laranjal Paulista);248.4 - Cd_Cps;Técnico;Gestão e Negócios;Gestão;Administração;Noite;43;30;1,43;
Sorocaba;Botucatu;Pratânia;Sorocaba;Etec Doutor Domingos Minicucci Filho (Pratânia);051.7 - Cd_Cps;Técnico;Gestão e Negócios;Gestão;Logística;Noite;41;40;1,02;
Sorocaba;Botucatu;São Manuel;Sorocaba;Etec Dona Sebastiana de Barros;102;Técnico;Gestão e Negócios;Gestão;Administração;Noite;39;40;0,97;
Sorocaba;Itapetininga;Capela do Alto;Sorocaba;Etec Salles Gomes (EMEF Marcílio Leite de Almeida - Capela do Alto);101.10 - Cd_Cps;Técnico;Gestão e Negócios;Gestão;Administração;Noite;52;40;1,30;
Sorocaba;Itapetininga;Cerquilho;Sorocaba;Etec de Cerquilho;248;Técnico;Gestão e Negócios;Gestão;Recursos Humanos;Noite;54;40;1,35;
Sorocaba;Itapetininga;Cerquilho;Sorocaba;Etec de Cerquilho (Fundo Social de Solidariedade de Cerquilho - Cerquilho);248.3 - Cd_Cps;Técnico;Turismo, Hospitalidade e Lazer;Turismo e Hospitalidade;Gastronomia;Noite;52;40;1,30;
Sorocaba;Itapetininga;Cesário Lange;Sorocaba;Etec Sales Gomes (EMEF Prof. Francisco Mendes de Almeida - Cesário Lange);101.6 - Cd_Cps;Técnico;Gestão e Negócios;Gestão;Recursos Humanos;Noite;62;40;1,55;
Sorocaba;Itapetininga;Itapetininga;Sorocaba;Etec Darcy Pereira de Moraes;261;Técnico;Ambiente e Saúde;Saúde;Enfermagem;Tarde;96;30;3,20;
Sorocaba;Itapetininga;Itapetininga;Sorocaba;Etec Darcy Pereira de Moraes;261;Técnico;Gestão e Negócios;Gestão;Recursos Humanos;Noite;53;40;1,32;
Sorocaba;Itapetininga;Itapetininga;Sorocaba;Etec Darcy Pereira de Moraes;261;Técnico;Segurança;Saúde;Segurança do Trabalho;Noite;60;40;1,50;
Sorocaba;Itapetininga;Itapetininga;Sorocaba;Etec Professor Edson Galvão;053;Técnico;Recursos Naturais;Agropecuária;Zootecnia;Noite;38;35;1,08;
Sorocaba;Itapetininga;Tatuí;Sorocaba;Etec Sales Gomes;101;Técnico;Controle e Processos Industriais;Indústria;Eletrotécnica;Noite;81;40;2,02;
Sorocaba;Itapetininga;Tatuí;Sorocaba;Etec Sales Gomes;101;Técnico;Controle e Processos Industriais;Indústria;Mecatrônica;Noite;73;40;1,82;
Sorocaba;Itapetininga;Tatuí;Sorocaba;Etec Sales Gomes;101;Técnico;Produção Industrial;Química;Química;Noite;83;40;2,07;
Sorocaba;Itapetininga;Tatuí;Sorocaba;Etec Sales Gomes;101;Técnico;Segurança;Saúde;Segurança do Trabalho;Noite;125;40;3,12;
Sorocaba;Sorocaba;Alumínio;Sorocaba;Etec de São Roque (Univesp - Alumínio);116.3 - Cd_Cps;Técnico;Gestão e Negócios;Gestão;Administração;Noite;48;40;1,20;
Sorocaba;Sorocaba;Araçariguama;Sorocaba;Etec de São Roque (EMEF Alberto Fernandes de Araújo - Araçariguama);116.2 - Cd_Cps;Técnico;Gestão e Negócios;Gestão;Administração;Noite;48;40;1,20;
Sorocaba;Sorocaba;Araçoiaba da Serra;Sorocaba;Etec Fernando Prestes (EM CIE Profº Osmar Giacomelli - Araçoiaba da Serra);016.4 - Cd_Cps;Técnico;Gestão e Negócios;Gestão;Administração;Noite;57;40;1,42;
Sorocaba;Sorocaba;Ibiúna;Sorocaba;Etec de Mairinque (EE Maria Angerami Scalamandré);235.05 - Ext/Etec;Técnico;Gestão e Negócios;Gestão;Administração;Noite;52;35;1,48;
Sorocaba;Sorocaba;Itu;Sorocaba;Etec Martinho Di Ciero (EE Regente Feijó);086.01 - Ext/Etec;Técnico;Gestão e Negócios;Gestão;Administração (MNP);Noite;39;35;1,11;
Sorocaba;Sorocaba;Mairinque;Sorocaba;Etec de Mairinque;235;Técnico;Gestão e Negócios;Gestão;Administração;Noite;55;35;1,57;
Sorocaba;Sorocaba;Mairinque;Sorocaba;Etec de Mairinque;235;Técnico;Turismo, Hospitalidade e Lazer;Turismo e Hospitalidade;Gastronomia;Noite;46;35;1,31;
Sorocaba;Sorocaba;Mairinque;Sorocaba;Etec de Mairinque;235;Técnico;Gestão e Negócios;Gestão;Logística;Noite;51;35;1,45;
Sorocaba;Sorocaba;Piedade;Sorocaba;Etec de Piedade;203;Técnico;Segurança;Saúde;Segurança do Trabalho;Noite;66;40;1,65;
Sorocaba;Sorocaba;Piedade;Sorocaba;Etec de Piedade;203;Especialização;Turismo, Hospitalidade e Lazer;Turismo e Hospitalidade;Panificação e Confeitaria;Noite;41;40;1,02;
Sorocaba;Sorocaba;Porto Feliz;Sorocaba;Etec de Porto Feliz;289;Técnico;Segurança;Saúde;Segurança do Trabalho;Noite;66;35;1,88;
Sorocaba;Sorocaba;São Roque;Sorocaba;Etec de São Roque;116;Técnico;Informação e Comunicação;Informática;Desenvolvimento de Sistemas;Noite;70;35;2,00;
Sorocaba;Sorocaba;São Roque;Sorocaba;Etec de São Roque;116;Técnico;Ambiente e Saúde;Saúde;Enfermagem;Tarde;72;30;2,40;
Sorocaba;Sorocaba;Sorocaba;Sorocaba;Etec Armando Pannunzio;264;Técnico;Gestão e Negócios;Gestão;Administração;Noite;45;40;1,12;
Sorocaba;Sorocaba;Sorocaba;Sorocaba;Etec Armando Pannunzio;264;Técnico;Controle e Processos Industriais;Indústria;Automação Industrial;Noite;69;40;1,72;
Sorocaba;Sorocaba;Sorocaba;Sorocaba;Etec Armando Pannunzio;264;Técnico;Controle e Processos Industriais;Indústria;Eletroeletrônica;Noite;36;40;0,90;
Sorocaba;Sorocaba;Sorocaba;Sorocaba;Etec Fernando Prestes;016;Técnico;Gestão e Negócios;Gestão;Administração;Noite;109;40;2,72;
Sorocaba;Sorocaba;Sorocaba;Sorocaba;Etec Fernando Prestes;016;Técnico;Gestão e Negócios;Gestão;Contabilidade;Noite;41;40;1,02;
Sorocaba;Sorocaba;Sorocaba;Sorocaba;Etec Fernando Prestes;016;Técnico;Informação e Comunicação;Informática;Desenvolvimento de Sistemas;Noite;121;40;3,02;
Sorocaba;Sorocaba;Sorocaba;Sorocaba;Etec Fernando Prestes;016;Técnico;Produção Cultural e Design;Design;Design de Interiores;Noite;45;40;1,12;
Sorocaba;Sorocaba;Sorocaba;Sorocaba;Etec Fernando Prestes;016;Técnico;Infraestrutura;Construção Civil;Edificações (MNP);Noite;49;40;1,22;
Sorocaba;Sorocaba;Sorocaba;Sorocaba;Etec Fernando Prestes;016;Técnico;Gestão e Negócios;Gestão;Logística;Noite;45;40;1,12;
Sorocaba;Sorocaba;Sorocaba;Sorocaba;Etec Fernando Prestes;016;Técnico;Segurança;Saúde;Segurança do Trabalho (MNP);Noite;68;40;1,70;
Sorocaba;Sorocaba;Sorocaba;Sorocaba;Etec Fernando Prestes (EE João Clímaco de Camargo Pires);016.05 - Ext/Etec;Técnico;Gestão e Negócios;Gestão;Administração;Noite;46;35;1,31;
Sorocaba;Sorocaba;Sorocaba;Sorocaba;Etec Fernando Prestes (EE João Clímaco de Camargo Pires);016.05 - Ext/Etec;Técnico;Gestão e Negócios;Gestão;Logística;Noite;42;35;1,20;
Sorocaba;Sorocaba;Sorocaba;Sorocaba;Etec Fernando Prestes (EE João Clímaco de Camargo Pires);016.05 - Ext/Etec;Técnico;Gestão e Negócios;Gestão;Recursos Humanos;Noite;47;35;1,34;
Sorocaba;Sorocaba;Sorocaba;Sorocaba;Etec Rubens de Faria e Souza;017;Técnico;Controle e Processos Industriais;Indústria;Eletrotécnica;Noite;123;40;3,07;
Sorocaba;Sorocaba;Sorocaba;Sorocaba;Etec Rubens de Faria e Souza;017;Técnico;Controle e Processos Industriais;Indústria;Eletrônica;Noite;61;40;1,52;
Sorocaba;Sorocaba;Sorocaba;Sorocaba;Etec Rubens de Faria e Souza;017;Técnico;Ambiente e Saúde;Saúde;Enfermagem;Tarde;87;30;2,90;
Sorocaba;Sorocaba;Sorocaba;Sorocaba;Etec Rubens de Faria e Souza;017;Técnico;Controle e Processos Industriais;Indústria;Mecânica;Noite;145;40;3,62;
Sorocaba;Sorocaba;Sorocaba;Sorocaba;Etec Rubens de Faria e Souza;017;Técnico;Ambiente e Saúde;Saúde;Nutrição e Dietética;Noite;122;40;3,05;
Sorocaba;Sorocaba;Sorocaba;Sorocaba;Etec Rubens de Faria e Souza;017;Técnico;Produção Industrial;Química;Química;Tarde;62;40;1,55;
Sorocaba;Sorocaba;Sorocaba;Sorocaba;Etec Rubens de Faria e Souza;017;Técnico;Produção Industrial;Química;Química;Noite;70;40;1,75;
Sorocaba;Sorocaba;Tietê;Sorocaba;Etec Doutor Nelson Alves Vianna;246;Técnico;Gestão e Negócios;Gestão;Administração;Noite;58;40;1,45;
Sorocaba;Sorocaba;Tietê;Sorocaba;Etec Doutor Nelson Alves Vianna;246;Técnico;Gestão e Negócios;Gestão;Qualidade;Noite;71;40;1,77;
Sorocaba;Sorocaba;Tietê;Sorocaba;Etec Doutor Nelson Alves Vianna;246;Técnico;Produção Industrial;Química;Química;Noite;68;40;1,70;
Sorocaba;Sorocaba;Votorantim;Sorocaba;Etec Professor Elias Miguel Júnior (EE Comendador Pereira Inácio);197.04 - Ext/Etec;Técnico;Gestão e Negócios;Gestão;Administração;Noite;49;40;1,22;
